Workbook

Sheet ALGLIB_SSA_XAUUSD
A1: timestamp_h3 | B1: symbol_h3 | C1: timeframe_h3 | D1: close_h3 | E1: ssa_h3 | F1: ema_ssa_h3 | G1: ssa_high_h3 | H1: ssa_low_h3 | I1: SSA Crossing_h3 | K1: convert_to_readable_datetime_h3 | L1: round_to_nearest_datetime_h3 | M1: timestamp_adjusted_h3 | O1: timestamp_m15 | P1: symbol_m15 | Q1: timeframe_m15 | R1: close_m15 | S1: ssa_m15 | T1: ema_ssa_m15 | U1: ssa_high_m15 | V1: ssa_low_m15 | W1: SSA Crossing_m15 | Y1: convert_to_readable_datetime_m15 | Z1: round_to_nearest_datetime_15m | AA1: timestamp_adjusted_m15
A2: 1773802803 | B2: XAUUSD | C2: H3 | D2: 4997.77 | E2: 4945.2479 | F2: 4945.2479 | G2: 4985.407 | H2: 4941.7135 | I2: 0 | K2: =(A2/86400)+25569 | L2: =CEILING(INT(K2*1440)/1440*288,1)/288 | M2: =MROUND((L2-25569)*86400,300) | O2: 1775134802 | P2: XAUUSD | Q2: M15 | R2: 4587.61 | S2: 4587.0464 | T2: 4587.0464 | U2: 4599.9826 | V2: 4572.4429 | W2: 0 | Y2: =(O2/86400)+25569 | Z2: =CEILING(INT(Y2*1440)/1440*288,1)/288 | AA2: =MROUND((Z2-25569)*86400,300)
A3: 1773813603 | B3: XAUUSD | C3: H3 | D3: 4987.52 | E3: 4921.8946 | F3: 4933.5713 | G3: 4965.0176 | H3: 4912.8359 | I3: 1 | K3: =(A3/86400)+25569 | L3: =CEILING(INT(K3*1440)/1440*288,1)/288 | M3: =MROUND((L3-25569)*86400,300) | O3: 1775135702 | P3: XAUUSD | Q3: M15 | R3: 4597.48 | S3: 4601.537 | T3: 4594.2917 | U3: 4610.3844 | V3: 4582.0216 | W3: 1 | Y3: =(O3/86400)+25569 | Z3: =CEILING(INT(Y3*1440)/1440*288,1)/288 | AA3: =MROUND((Z3-25569)*86400,300)
A4: 1773824403 | B4: XAUUSD | C4: H3 | D4: 4930.17 | E4: 4905.8186 | F4: 4919.695 | G4: 4946.1305 | H4: 4888.39 | I4: 0 | K4: =(A4/86400)+25569 | L4: =CEILING(INT(K4*1440)/1440*288,1)/288 | M4: =MROUND((L4-25569)*86400,300) | O4: 1775136602 | P4: XAUUSD | Q4: M15 | R4: 4602.13 | S4: 4619.0836 | T4: 4606.6876 | U4: 4627.2687 | V4: 4596.2005 | W4: 0 | Y4: =(O4/86400)+25569 | Z4: =CEILING(INT(Y4*1440)/1440*288,1)/288 | AA4: =MROUND((Z4-25569)*86400,300)
A5: 1773835203 | B5: XAUUSD | C5: H3 | D5: 4869.56 | E5: 4899.657 | F5: 4909.676 | G5: 4933.8055 | H5: 4873.7965 | I5: 0 | K5: =(A5/86400)+25569 | L5: =CEILING(INT(K5*1440)/1440*288,1)/288 | M5: =MROUND((L5-25569)*86400,300) | O5: 1775137502 | P5: XAUUSD | Q5: M15 | R5: 4645.33 | S5: 4638.6621 | T5: 4622.6749 | U5: 4646.7384 | V5: 4613.1924 | W5: 0 | Y5: =(O5/86400)+25569 | Z5: =CEILING(INT(Y5*1440)/1440*288,1)/288 | AA5: =MROUND((Z5-25569)*86400,300)
A6: 1773846003 | B6: XAUUSD | C6: H3 | D6: 4890.22 | E6: 4897.3257 | F6: 4903.5008 | G6: 4927.9807 | H6: 4870.7734 | I6: 0 | K6: =(A6/86400)+25569 | L6: =CEILING(INT(K6*1440)/1440*288,1)/288 | M6: =MROUND((L6-25569)*86400,300) | O6: 1775138402 | P6: XAUUSD | Q6: M15 | R6: 4647.77 | S6: 4654.6839 | T6: 4638.6794 | U6: 4663.1351 | V6: 4630.4708 | W6: 0 | Y6: =(O6/86400)+25569 | Z6: =CEILING(INT(Y6*1440)/1440*288,1)/288 | AA6: =MROUND((Z6-25569)*86400,300)
A7: 1773856803 | B7: XAUUSD | C7: H3 | D7: 4818.77 | E7: 4885.5502 | F7: 4894.5255 | G7: 4921.2513 | H7: 4862.2747 | I7: 0 | K7: =(A7/86400)+25569 | L7: =CEILING(INT(K7*1440)/1440*288,1)/288 | M7: =MROUND((L7-25569)*86400,300) | O7: 1775139302 | P7: XAUUSD | Q7: M15 | R7: 4665.41 | S7: 4667.2635 | T7: 4652.9714 | U7: 4675.9958 | V7: 4644.8229 | W7: 0 | Y7: =(O7/86400)+25569 | Z7: =CEILING(INT(Y7*1440)/1440*288,1)/288 | AA7: =MROUND((Z7-25569)*86400,300)
A8: 1773867603 | B8: XAUUSD | C8: H3 | D8: 4836.88 | E8: 4862.5063 | F8: 4878.5159 | G8: 4904.4755 | H8: 4843.6713 | I8: 0 | K8: =(A8/86400)+25569 | L8: =CEILING(INT(K8*1440)/1440*288,1)/288 | M8: =MROUND((L8-25569)*86400,300) | O8: 1775140202 | P8: XAUUSD | Q8: M15 | R8: 4693.91 | S8: 4675.0847 | T8: 4664.028 | U8: 4684.1645 | V8: 4655.2958 | W8: 0 | Y8: =(O8/86400)+25569 | Z8: =CEILING(INT(Y8*1440)/1440*288,1)/288 | AA8: =MROUND((Z8-25569)*86400,300)
A9: 1773878403 | B9: XAUUSD | C9: H3 | D9: 4858.76 | E9: 4823.4021 | F9: 4850.959 | G9: 4875.5557 | H9: 4807.4425 | I9: 0 | K9: =(A9/86400)+25569 | L9: =CEILING(INT(K9*1440)/1440*288,1)/288 | M9: =MROUND((L9-25569)*86400,300) | O9: 1775141102 | P9: XAUUSD | Q9: M15 | R9: 4681.32 | S9: 4677.1831 | T9: 4670.6056 | U9: 4686.8626 | V9: 4661.4444 | W9: 0 | Y9: =(O9/86400)+25569 | Z9: =CEILING(INT(Y9*1440)/1440*288,1)/288 | AA9: =MROUND((Z9-25569)*86400,300)
A10: 1773889203 | B10: XAUUSD | C10: H3 | D10: 4827.59 | E10: 4769.048 | F10: 4810.0035 | G10: 4831.3971 | H10: 4751.9931 | I10: 0 | K10: =(A10/86400)+25569 | L10: =CEILING(INT(K10*1440)/1440*288,1)/288 | M10: =MROUND((L10-25569)*86400,300) | O10: 1775142002 | P10: XAUUSD | Q10: M15 | R10: 4672.36 | S10: 4675.7013 | T10: 4673.1534 | U10: 4685.6584 | V10: 4663.348 | W10: 0 | Y10: =(O10/86400)+25569 | Z10: =CEILING(INT(Y10*1440)/1440*288,1)/288 | AA10: =MROUND((Z10-25569)*86400,300)
A11: 1773900003 | B11: XAUUSD | C11: H3 | D11: 4708.97 | E11: 4709.0354 | F11: 4759.5194 | G11: 4776.5025 | H11: 4684.9126 | I11: 0 | K11: =(A11/86400)+25569 | L11: =CEILING(INT(K11*1440)/1440*288,1)/288 | M11: =MROUND((L11-25569)*86400,300) | O11: 1775142902 | P11: XAUUSD | Q11: M15 | R11: 4672.5 | S11: 4672.2946 | T11: 4672.724 | U11: 4682.3058 | V11: 4662.3509 | W11: 1 | Y11: =(O11/86400)+25569 | Z11: =CEILING(INT(Y11*1440)/1440*288,1)/288 | AA11: =MROUND((Z11-25569)*86400,300)
A12: 1773910803 | B12: XAUUSD | C12: H3 | D12: 4652.42 | E12: 4658.7662 | F12: 4709.1428 | G12: 4720.8329 | H12: 4624.9879 | I12: 0 | K12: =(A12/86400)+25569 | L12: =CEILING(INT(K12*1440)/1440*288,1)/288 | M12: =MROUND((L12-25569)*86400,300) | O12: 1775143802 | P12: XAUUSD | Q12: M15 | R12: 4666 | S12: 4667.9634 | T12: 4670.3437 | U12: 4677.9523 | V12: 4659.8997 | W12: 0 | Y12: =(O12/86400)+25569 | Z12: =CEILING(INT(Y12*1440)/1440*288,1)/288 | AA12: =MROUND((Z12-25569)*86400,300)
A13: 1773921603 | B13: XAUUSD | C13: H3 | D13: 4602.2 | E13: 4628.2226 | F13: 4668.6827 | G13: 4678.8141 | H13: 4583.4694 | I13: 0 | K13: =(A13/86400)+25569 | L13: =CEILING(INT(K13*1440)/1440*288,1)/288 | M13: =MROUND((L13-25569)*86400,300) | O13: 1775144702 | P13: XAUUSD | Q13: M15 | R13: 4661.06 | S13: 4663.6967 | T13: 4667.0202 | U13: 4673.5906 | V13: 4656.7687 | W13: 0 | Y13: =(O13/86400)+25569 | Z13: =CEILING(INT(Y13*1440)/1440*288,1)/288 | AA13: =MROUND((Z13-25569)*86400,300)
... A301: 1778500803 | B301: XAUUSD | C301: H3 | D301: 4728.94 | E301: 4688.5247 | F301: 4688.0941 | G301: 4708.8513 | H301: 4665.1287 | I301: 1 | K301: =(A301/86400)+25569 | L301: =CEILING(INT(K301*1440)/1440*288,1)/288 | M301: =MROUND((L301-25569)*86400,300) | O301: 1775673902 | P301: XAUUSD | Q301: M15 | R301: 4705.56 | S301: 4714.1757 | T301: 4718.5566 | U301: 4723.7843 | V301: 4707.2316 | W301: 0 | Y301: =(O301/86400)+25569 | Z301: =CEILING(INT(Y301*1440)/1440*288,1)/288 | AA301: =MROUND((Z301-25569)*86400,300)
O302: 1775674802 | P302: XAUUSD | Q302: M15 | R302: 4715.71 | S302: 4714.1215 | T302: 4716.339 | U302: 4721.7875 | V302: 4707.0571 | W302: 0 | Y302: =(O302/86400)+25569 | Z302: =CEILING(INT(Y302*1440)/1440*288,1)/288 | AA302: =MROUND((Z302-25569)*86400,300)
O303: 1775675702 | P303: XAUUSD | Q303: M15 | R303: 4708.81 | S303: 4715.827 | T303: 4716.083 | U303: 4721.8668 | V303: 4709.1111 | W303: 0 | Y303: =(O303/86400)+25569 | Z303: =CEILING(INT(Y303*1440)/1440*288,1)/288 | AA303: =MROUND((Z303-25569)*86400,300)
O304: 1775676602 | P304: XAUUSD | Q304: M15 | R304: 4722.03 | S304: 4718.6827 | T304: 4717.3829 | U304: 4723.4265 | V304: 4712.39 | W304: 1 | Y304: =(O304/86400)+25569 | Z304: =CEILING(INT(Y304*1440)/1440*288,1)/288 | AA304: =MROUND((Z304-25569)*86400,300)
O305: 1775677502 | P305: XAUUSD | Q305: M15 | R305: 4730.94 | S305: 4721.437 | T305: 4719.4099 | U305: 4725.5739 | V305: 4715.9362 | W305: 0 | Y305: =(O305/86400)+25569 | Z305: =CEILING(INT(Y305*1440)/1440*288,1)/288 | AA305: =MROUND((Z305-25569)*86400,300)
O306: 1775678402 | P306: XAUUSD | Q306: M15 | R306: 4728.02 | S306: 4723.1559 | T306: 4721.2829 | U306: 4727.4228 | V306: 4718.5502 | W306: 0 | Y306: =(O306/86400)+25569 | Z306: =CEILING(INT(Y306*1440)/1440*288,1)/288 | AA306: =MROUND((Z306-25569)*86400,300)
O307: 1775679302 | P307: XAUUSD | Q307: M15 | R307: 4723.3 | S307: 4723.5353 | T307: 4722.4091 | U307: 4728.4587 | V307: 4719.554 | W307: 0 | Y307: =(O307/86400)+25569 | Z307: =CEILING(INT(Y307*1440)/1440*288,1)/288 | AA307: =MROUND((Z307-25569)*86400,300)
O308: 1775680202 | P308: XAUUSD | Q308: M15 | R308: 4722.43 | S308: 4722.6802 | T308: 4722.5447 | U308: 4728.4844 | V308: 4718.9304 | W308: 0 | Y308: =(O308/86400)+25569 | Z308: =CEILING(INT(Y308*1440)/1440*288,1)/288 | AA308: =MROUND((Z308-25569)*86400,300)
O309: 1775681102 | P309: XAUUSD | Q309: M15 | R309: 4719.3 | S309: 4720.8558 | T309: 4721.7003 | U309: 4727.6487 | V309: 4716.9418 | W309: 1 | Y309: =(O309/86400)+25569 | Z309: =CEILING(INT(Y309*1440)/1440*288,1)/288 | AA309: =MROUND((Z309-25569)*86400,300)
O310: 1775685602 | P310: XAUUSD | Q310: M15 | R310: 4711.97 | S310: 4718.5014 | T310: 4720.1008 | U310: 4726.0856 | V310: 4714.1751 | W310: 0 | Y310: =(O310/86400)+25569 | Z310: =CEILING(INT(Y310*1440)/1440*288,1)/288 | AA310: =MROUND((Z310-25569)*86400,300)
O311: 1775686502 | P311: XAUUSD | Q311: M15 | R311: 4713.31 | S311: 4716.1892 | T311: 4718.145 | U311: 4723.8053 | V311: 4711.3849 | W311: 0 | Y311: =(O311/86400)+25569 | Z311: =CEILING(INT(Y311*1440)/1440*288,1)/288 | AA311: =MROUND((Z311-25569)*86400,300)
O312: 1775687402 | P312: XAUUSD | Q312: M15 | R312: 4712.92 | S312: 4714.1249 | T312: 4716.135 | U312: 4721.5161 | V312: 4709.1122 | W312: 0 | Y312: =(O312/86400)+25569 | Z312: =CEILING(INT(Y312*1440)/1440*288,1)/288 | AA312: =MROUND((Z312-25569)*86400,300)
O313: 1775688302 | P313: XAUUSD | Q313: M15 | R313: 4717.7 | S313: 4712.4147 | T313: 4714.2748 | U313: 4719.3713 | V313: 4707.5052 | W313: 0 | Y313: =(O313/86400)+25569 | Z313: =CEILING(INT(Y313*1440)/1440*288,1)/288 | AA313: =MROUND((Z313-25569)*86400,300)
... O2401: 1778510702 | P2401: XAUUSD | Q2401: M15 | R2401: 4729.58 | S2401: 4729.3332 | T2401: 4731.2178 | U2401: 4734.9105 | V2401: 4725.1106 | W2401: 0 | Y2401: =(O2401/86400)+25569 | Z2401: =CEILING(INT(Y2401*1440)/1440*288,1)/288 | AA2401: =MROUND((Z2401-25569)*86400,300)

Sheet Mapped_H3_M15_Interporate
A1: timestamp_m15 | B1: symbol_h3 | C1: timeframe_h3 | D1: block_index_h3 | E1: close_h3 | F1: ssa_h3 | G1: ema_ssa_h3 | H1: ssa_high_h3 | I1: ssa_low_h3 | J1: symbol_m15 | K1: timeframe_m15 | L1: close_m15 | M1: ssa_m15 | N1: ema_ssa_m15 | O1: ssa_high_m15 | P1: ssa_low_m15 | S1: timestamp | T1: symbol | U1: timeframe | V1: block_index_m15 | W1: close | X1: ssa_m15_interpolation | Y1: ema_ssa_m15_interpolation | Z1: ssa_m15 | AA1: ema_ssa_m15 | AB1: ssa_high_m15_interpolation | AC1: ssa_high_m15 | AD1: ssa_low_m15_interpolation | AE1: ssa_low_m15 | AH1: timestamp_forward | AI1: symbol_forward | AJ1: timeframe_forward | AK1: close | AL1: =X1 | AM1: =Y1 | AN1: ssa_emassa_m15_interpolation_diff | AO1: ssa_m15_interpolation_trend | AP1: ssa_m15_interpolation_trend_projection | AQ1: =AB1 | AR1: =AD1 | AS1: x_count_regression | AT1: slope_12_ssa_high_m15_interpolation | AU1: slope_12_ssa_low_m15_interpolation | AV1: ssa_high_m15_regression | AW1: ssa_low_m15_regression | AX1: ssa_high_m15_projection | AY1: ssa_low_m15_projection | BA1: ssa_high_error | BB1: ssa_low_error | BD1: =AH1 | BE1: =AI1 | BF1: =AJ1 | BG1: =L1 | BH1: =X1 | BI1: =Y1 | BJ1: =Z1 | BK1: =AA1 | BL1: =AX1 | BM1: =AY1
A2: =ALGLIB_SSA_XAUUSD!AA2 | B2: =IF($A2="","",INDEX(ALGLIB_SSA_XAUUSD!$B$2:$B$2401,MATCH($A2,ALGLIB_SSA_XAUUSD!$A$2:$A$2401,1))) | C2: =IF($A2="","",INDEX(ALGLIB_SSA_XAUUSD!$C$2:$C$2401,MATCH($A2,ALGLIB_SSA_XAUUSD!$A$2:$A$2401,1))) | D2: =IF($A2="","",INT((ROW()-2)/12)+1) | E2: =IF($A2="","",INDEX(ALGLIB_SSA_XAUUSD!$D$2:$D$2401,MATCH($A2,ALGLIB_SSA_XAUUSD!$A$2:$A$2401,1))) | F2: =IF($A2="","",INDEX(ALGLIB_SSA_XAUUSD!$E$2:$E$2401,MATCH($A2,ALGLIB_SSA_XAUUSD!$A$2:$A$2401,1))) | G2: =IF($A2="","",INDEX(ALGLIB_SSA_XAUUSD!$F$2:$F$2401,MATCH($A2,ALGLIB_SSA_XAUUSD!$A$2:$A$2401,1))) | H2: =IF($A2="","",INDEX(ALGLIB_SSA_XAUUSD!$G$2:$G$2401,MATCH($A2,ALGLIB_SSA_XAUUSD!$A$2:$A$2401,1))) | I2: =IF($A2="","",INDEX(ALGLIB_SSA_XAUUSD!$H$2:$H$2401,MATCH($A2,ALGLIB_SSA_XAUUSD!$A$2:$A$2401,1))) | J2: =_xlfn.XLOOKUP($A2,ALGLIB_SSA_XAUUSD!$AA$2:$AA$2401,ALGLIB_SSA_XAUUSD!$P$2:$P$2401,"",0) | K2: =_xlfn.XLOOKUP($A2,ALGLIB_SSA_XAUUSD!$AA$2:$AA$2401,ALGLIB_SSA_XAUUSD!$Q$2:$Q$2401,"",0) | L2: =_xlfn.XLOOKUP($A2,ALGLIB_SSA_XAUUSD!$AA$2:$AA$2401,ALGLIB_SSA_XAUUSD!$R$2:$R$2401,"",0) | M2: =_xlfn.XLOOKUP($A2,ALGLIB_SSA_XAUUSD!$AA$2:$AA$2401,ALGLIB_SSA_XAUUSD!$S$2:$S$2401,"",0) | N2: =_xlfn.XLOOKUP($A2,ALGLIB_SSA_XAUUSD!$AA$2:$AA$2401,ALGLIB_SSA_XAUUSD!$T$2:$T$2401,"",0) | O2: =_xlfn.XLOOKUP($A2,ALGLIB_SSA_XAUUSD!$AA$2:$AA$2401,ALGLIB_SSA_XAUUSD!$U$2:$U$2401,"",0) | P2: =_xlfn.XLOOKUP($A2,ALGLIB_SSA_XAUUSD!$AA$2:$AA$2401,ALGLIB_SSA_XAUUSD!$V$2:$V$2401,"",0) | S2: =A2 | T2: =J2 | U2: =K2 | V2: =IF($A2="","",MOD(ROW()-2,12)+1) | W2: =L2 | X2: =IF(F2="","",F2) | Y2: =IF(G2="","",G2) | Z2: =M2 | AA2: =N2 | AB2: =IF(H2="","",H2) | AC2: =O2 | AD2: =IF(I2="","",I2) | AE2: =P2 | AH2: =IF(S2<>"",S2,"") | AI2: =IF(T2<>"",T2,AI1) | AJ2: =IF(U2<>"",U2,AJ1) | AK2: =IF(W2<>"",W2,"") | AL2: =IF(X2<>"",X2,"") | AM2: =IF(Y2<>"",Y2,"") | AN2: =IF(OR(AL2="",AM2=""),"",AL2-AM2) | AO2: =IF(AN2="","",IF(AN2>0,"Bullish","Bearish")) | AP2: =AO2 | AQ2: =IF(AB2<>"",AB2,"") | AR2: =IF(AD2<>"",AD2,"") | AS2: =IF(C2="","",1) | BD2: =AH2 | BE2: =AI2 | BF2: =AJ2 | BG2: =L2 | BH2: =IF(X2="","",X2) | BI2: =IF(Y2="","",Y2) | BJ2: =Z2 | BK2: =AA2
A3: =ALGLIB_SSA_XAUUSD!AA3 | B3: =IF($A3="","",INDEX(ALGLIB_SSA_XAUUSD!$B$2:$B$2401,MATCH($A3,ALGLIB_SSA_XAUUSD!$A$2:$A$2401,1))) | C3: =IF($A3="","",INDEX(ALGLIB_SSA_XAUUSD!$C$2:$C$2401,MATCH($A3,ALGLIB_SSA_XAUUSD!$A$2:$A$2401,1))) | D3: =IF($A3="","",INT((ROW()-2)/12)+1) | E3: =IF(AND(E14<>"",D14=D2+1),E2+(E14-E2)*1/12,"") | F3: =IF(AND(F14<>"",D14=D2+1),F2+(F14-F2)*1/12,"") | G3: =IF(AND(G14<>"",D14=D2+1),G2+(G14-G2)*1/12,"") | H3: =IF(AND(H14<>"",D14=D2+1),H2+(H14-H2)*1/12,"") | I3: =IF(AND(L14<>"",D14=D2+1),I2+(I14-I2)*1/12,"") | J3: =_xlfn.XLOOKUP($A3,ALGLIB_SSA_XAUUSD!$AA$2:$AA$2401,ALGLIB_SSA_XAUUSD!$P$2:$P$2401,"",0) | K3: =_xlfn.XLOOKUP($A3,ALGLIB_SSA_XAUUSD!$AA$2:$AA$2401,ALGLIB_SSA_XAUUSD!$Q$2:$Q$2401,"",0) | L3: =_xlfn.XLOOKUP($A3,ALGLIB_SSA_XAUUSD!$AA$2:$AA$2401,ALGLIB_SSA_XAUUSD!$R$2:$R$2401,"",0) | M3: =_xlfn.XLOOKUP($A3,ALGLIB_SSA_XAUUSD!$AA$2:$AA$2401,ALGLIB_SSA_XAUUSD!$S$2:$S$2401,"",0) | N3: =_xlfn.XLOOKUP($A3,ALGLIB_SSA_XAUUSD!$AA$2:$AA$2401,ALGLIB_SSA_XAUUSD!$T$2:$T$2401,"",0) | O3: =_xlfn.XLOOKUP($A3,ALGLIB_SSA_XAUUSD!$AA$2:$AA$2401,ALGLIB_SSA_XAUUSD!$U$2:$U$2401,"",0) | P3: =_xlfn.XLOOKUP($A3,ALGLIB_SSA_XAUUSD!$AA$2:$AA$2401,ALGLIB_SSA_XAUUSD!$V$2:$V$2401,"",0) | S3: =A3 | T3: =J3 | U3: =K3 | V3: =IF($A3="","",MOD(ROW()-2,12)+1) | W3: =L3 | X3: =IF(F3="","",F3) | Y3: =IF(G3="","",G3) | Z3: =M3 | AA3: =N3 | AB3: =IF(H3="","",H3) | AC3: =O3 | AD3: =IF(I3="","",I3) | AE3: =P3 | AH3: =IF(S3<>"",S3,AH2+900) | AI3: =IF(T3<>"",T3,AI2) | AJ3: =IF(U3<>"",U3,AJ2) | AK3: =IF(W3<>"",W3,"") | AL3: =IF(X3<>"",X3,"") | AM3: =IF(Y3<>"",Y3,"") | AN3: =IF(OR(AL3="",AM3=""),"",AL3-AM3) | AO3: =IF(AN3="","",IF(AN3>0,"Bullish","Bearish")) | AP3: =IF(AO3="",AP2,AO3) | AQ3: =IF(AB3<>"",AB3,"") | AR3: =IF(AD3<>"",AD3,"") | AS3: =IF(AS2+1=13,1,AS2+1) | BD3: =AH3 | BE3: =AI3 | BF3: =AJ3 | BG3: =L3 | BH3: =IF(X3="","",X3) | BI3: =IF(Y3="","",Y3) | BJ3: =Z3 | BK3: =AA3
A4: =ALGLIB_SSA_XAUUSD!AA4 | B4: =IF($A4="","",INDEX(ALGLIB_SSA_XAUUSD!$B$2:$B$2401,MATCH($A4,ALGLIB_SSA_XAUUSD!$A$2:$A$2401,1))) | C4: =IF($A4="","",INDEX(ALGLIB_SSA_XAUUSD!$C$2:$C$2401,MATCH($A4,ALGLIB_SSA_XAUUSD!$A$2:$A$2401,1))) | D4: =IF($A4="","",INT((ROW()-2)/12)+1) | E4: =IF(AND(E14<>"",D14=D2+1),E2+(E14-E2)*2/12,"") | F4: =IF(AND(F14<>"",D14=D2+1),F2+(F14-F2)*2/12,"") | G4: =IF(AND(G14<>"",D14=D2+1),G2+(G14-G2)*2/12,"") | H4: =IF(AND(H14<>"",D14=D2+1),H2+(H14-H2)*2/12,"") | I4: =IF(AND(L14<>"",D14=D2+1),I2+(I14-I2)*2/12,"") | J4: =_xlfn.XLOOKUP($A4,ALGLIB_SSA_XAUUSD!$AA$2:$AA$2401,ALGLIB_SSA_XAUUSD!$P$2:$P$2401,"",0) | K4: =_xlfn.XLOOKUP($A4,ALGLIB_SSA_XAUUSD!$AA$2:$AA$2401,ALGLIB_SSA_XAUUSD!$Q$2:$Q$2401,"",0) | L4: =_xlfn.XLOOKUP($A4,ALGLIB_SSA_XAUUSD!$AA$2:$AA$2401,ALGLIB_SSA_XAUUSD!$R$2:$R$2401,"",0) | M4: =_xlfn.XLOOKUP($A4,ALGLIB_SSA_XAUUSD!$AA$2:$AA$2401,ALGLIB_SSA_XAUUSD!$S$2:$S$2401,"",0) | N4: =_xlfn.XLOOKUP($A4,ALGLIB_SSA_XAUUSD!$AA$2:$AA$2401,ALGLIB_SSA_XAUUSD!$T$2:$T$2401,"",0) | O4: =_xlfn.XLOOKUP($A4,ALGLIB_SSA_XAUUSD!$AA$2:$AA$2401,ALGLIB_SSA_XAUUSD!$U$2:$U$2401,"",0) | P4: =_xlfn.XLOOKUP($A4,ALGLIB_SSA_XAUUSD!$AA$2:$AA$2401,ALGLIB_SSA_XAUUSD!$V$2:$V$2401,"",0) | S4: =A4 | T4: =J4 | U4: =K4 | V4: =IF($A4="","",MOD(ROW()-2,12)+1) | W4: =L4 | X4: =IF(F4="","",F4) | Y4: =IF(G4="","",G4) | Z4: =M4 | AA4: =N4 | AB4: =IF(H4="","",H4) | AC4: =O4 | AD4: =IF(I4="","",I4) | AE4: =P4 | AH4: =IF(S4<>"",S4,AH3+900) | AI4: =IF(T4<>"",T4,AI3) | AJ4: =IF(U4<>"",U4,AJ3) | AK4: =IF(W4<>"",W4,"") | AL4: =IF(X4<>"",X4,"") | AM4: =IF(Y4<>"",Y4,"") | AN4: =IF(OR(AL4="",AM4=""),"",AL4-AM4) | AO4: =IF(AN4="","",IF(AN4>0,"Bullish","Bearish")) | AP4: =IF(AO4="",AP3,AO4) | AQ4: =IF(AB4<>"",AB4,"") | AR4: =IF(AD4<>"",AD4,"") | AS4: =IF(AS3+1=13,1,AS3+1) | BD4: =AH4 | BE4: =AI4 | BF4: =AJ4 | BG4: =L4 | BH4: =IF(X4="","",X4) | BI4: =IF(Y4="","",Y4) | BJ4: =Z4 | BK4: =AA4
A5: =ALGLIB_SSA_XAUUSD!AA5 | B5: =IF($A5="","",INDEX(ALGLIB_SSA_XAUUSD!$B$2:$B$2401,MATCH($A5,ALGLIB_SSA_XAUUSD!$A$2:$A$2401,1))) | C5: =IF($A5="","",INDEX(ALGLIB_SSA_XAUUSD!$C$2:$C$2401,MATCH($A5,ALGLIB_SSA_XAUUSD!$A$2:$A$2401,1))) | D5: =IF($A5="","",INT((ROW()-2)/12)+1) | E5: =IF(AND(E14<>"",D14=D2+1),E2+(E14-E2)*3/12,"") | F5: =IF(AND(F14<>"",D14=D2+1),F2+(F14-F2)*3/12,"") | G5: =IF(AND(G14<>"",D14=D2+1),G2+(G14-G2)*3/12,"") | H5: =IF(AND(H14<>"",D14=D2+1),H2+(H14-H2)*3/12,"") | I5: =IF(AND(L14<>"",D14=D2+1),I2+(I14-I2)*3/12,"") | J5: =_xlfn.XLOOKUP($A5,ALGLIB_SSA_XAUUSD!$AA$2:$AA$2401,ALGLIB_SSA_XAUUSD!$P$2:$P$2401,"",0) | K5: =_xlfn.XLOOKUP($A5,ALGLIB_SSA_XAUUSD!$AA$2:$AA$2401,ALGLIB_SSA_XAUUSD!$Q$2:$Q$2401,"",0) | L5: =_xlfn.XLOOKUP($A5,ALGLIB_SSA_XAUUSD!$AA$2:$AA$2401,ALGLIB_SSA_XAUUSD!$R$2:$R$2401,"",0) | M5: =_xlfn.XLOOKUP($A5,ALGLIB_SSA_XAUUSD!$AA$2:$AA$2401,ALGLIB_SSA_XAUUSD!$S$2:$S$2401,"",0) | N5: =_xlfn.XLOOKUP($A5,ALGLIB_SSA_XAUUSD!$AA$2:$AA$2401,ALGLIB_SSA_XAUUSD!$T$2:$T$2401,"",0) | O5: =_xlfn.XLOOKUP($A5,ALGLIB_SSA_XAUUSD!$AA$2:$AA$2401,ALGLIB_SSA_XAUUSD!$U$2:$U$2401,"",0) | P5: =_xlfn.XLOOKUP($A5,ALGLIB_SSA_XAUUSD!$AA$2:$AA$2401,ALGLIB_SSA_XAUUSD!$V$2:$V$2401,"",0) | S5: =A5 | T5: =J5 | U5: =K5 | V5: =IF($A5="","",MOD(ROW()-2,12)+1) | W5: =L5 | X5: =IF(F5="","",F5) | Y5: =IF(G5="","",G5) | Z5: =M5 | AA5: =N5 | AB5: =IF(H5="","",H5) | AC5: =O5 | AD5: =IF(I5="","",I5) | AE5: =P5 | AH5: =IF(S5<>"",S5,AH4+900) | AI5: =IF(T5<>"",T5,AI4) | AJ5: =IF(U5<>"",U5,AJ4) | AK5: =IF(W5<>"",W5,"") | AL5: =IF(X5<>"",X5,"") | AM5: =IF(Y5<>"",Y5,"") | AN5: =IF(OR(AL5="",AM5=""),"",AL5-AM5) | AO5: =IF(AN5="","",IF(AN5>0,"Bullish","Bearish")) | AP5: =IF(AO5="",AP4,AO5) | AQ5: =IF(AB5<>"",AB5,"") | AR5: =IF(AD5<>"",AD5,"") | AS5: =IF(AS4+1=13,1,AS4+1) | BD5: =AH5 | BE5: =AI5 | BF5: =AJ5 | BG5: =L5 | BH5: =IF(X5="","",X5) | BI5: =IF(Y5="","",Y5) | BJ5: =Z5 | BK5: =AA5
A6: =ALGLIB_SSA_XAUUSD!AA6 | B6: =IF($A6="","",INDEX(ALGLIB_SSA_XAUUSD!$B$2:$B$2401,MATCH($A6,ALGLIB_SSA_XAUUSD!$A$2:$A$2401,1))) | C6: =IF($A6="","",INDEX(ALGLIB_SSA_XAUUSD!$C$2:$C$2401,MATCH($A6,ALGLIB_SSA_XAUUSD!$A$2:$A$2401,1))) | D6: =IF($A6="","",INT((ROW()-2)/12)+1) | E6: =IF(AND(E14<>"",D14=D2+1),E2+(E14-E2)*4/12,"") | F6: =IF(AND(F14<>"",D14=D2+1),F2+(F14-F2)*4/12,"") | G6: =IF(AND(G14<>"",D14=D2+1),G2+(G14-G2)*4/12,"") | H6: =IF(AND(H14<>"",D14=D2+1),H2+(H14-H2)*4/12,"") | I6: =IF(AND(L14<>"",D14=D2+1),I2+(I14-I2)*4/12,"") | J6: =_xlfn.XLOOKUP($A6,ALGLIB_SSA_XAUUSD!$AA$2:$AA$2401,ALGLIB_SSA_XAUUSD!$P$2:$P$2401,"",0) | K6: =_xlfn.XLOOKUP($A6,ALGLIB_SSA_XAUUSD!$AA$2:$AA$2401,ALGLIB_SSA_XAUUSD!$Q$2:$Q$2401,"",0) | L6: =_xlfn.XLOOKUP($A6,ALGLIB_SSA_XAUUSD!$AA$2:$AA$2401,ALGLIB_SSA_XAUUSD!$R$2:$R$2401,"",0) | M6: =_xlfn.XLOOKUP($A6,ALGLIB_SSA_XAUUSD!$AA$2:$AA$2401,ALGLIB_SSA_XAUUSD!$S$2:$S$2401,"",0) | N6: =_xlfn.XLOOKUP($A6,ALGLIB_SSA_XAUUSD!$AA$2:$AA$2401,ALGLIB_SSA_XAUUSD!$T$2:$T$2401,"",0) | O6: =_xlfn.XLOOKUP($A6,ALGLIB_SSA_XAUUSD!$AA$2:$AA$2401,ALGLIB_SSA_XAUUSD!$U$2:$U$2401,"",0) | P6: =_xlfn.XLOOKUP($A6,ALGLIB_SSA_XAUUSD!$AA$2:$AA$2401,ALGLIB_SSA_XAUUSD!$V$2:$V$2401,"",0) | S6: =A6 | T6: =J6 | U6: =K6 | V6: =IF($A6="","",MOD(ROW()-2,12)+1) | W6: =L6 | X6: =IF(F6="","",F6) | Y6: =IF(G6="","",G6) | Z6: =M6 | AA6: =N6 | AB6: =IF(H6="","",H6) | AC6: =O6 | AD6: =IF(I6="","",I6) | AE6: =P6 | AH6: =IF(S6<>"",S6,AH5+900) | AI6: =IF(T6<>"",T6,AI5) | AJ6: =IF(U6<>"",U6,AJ5) | AK6: =IF(W6<>"",W6,"") | AL6: =IF(X6<>"",X6,"") | AM6: =IF(Y6<>"",Y6,"") | AN6: =IF(OR(AL6="",AM6=""),"",AL6-AM6) | AO6: =IF(AN6="","",IF(AN6>0,"Bullish","Bearish")) | AP6: =IF(AO6="",AP5,AO6) | AQ6: =IF(AB6<>"",AB6,"") | AR6: =IF(AD6<>"",AD6,"") | AS6: =IF(AS5+1=13,1,AS5+1) | BD6: =AH6 | BE6: =AI6 | BF6: =AJ6 | BG6: =L6 | BH6: =IF(X6="","",X6) | BI6: =IF(Y6="","",Y6) | BJ6: =Z6 | BK6: =AA6
A7: =ALGLIB_SSA_XAUUSD!AA7 | B7: =IF($A7="","",INDEX(ALGLIB_SSA_XAUUSD!$B$2:$B$2401,MATCH($A7,ALGLIB_SSA_XAUUSD!$A$2:$A$2401,1))) | C7: =IF($A7="","",INDEX(ALGLIB_SSA_XAUUSD!$C$2:$C$2401,MATCH($A7,ALGLIB_SSA_XAUUSD!$A$2:$A$2401,1))) | D7: =IF($A7="","",INT((ROW()-2)/12)+1) | E7: =IF(AND(E14<>"",D14=D2+1),E2+(E14-E2)*5/12,"") | F7: =IF(AND(F14<>"",D14=D2+1),F2+(F14-F2)*5/12,"") | G7: =IF(AND(G14<>"",D14=D2+1),G2+(G14-G2)*5/12,"") | H7: =IF(AND(H14<>"",D14=D2+1),H2+(H14-H2)*5/12,"") | I7: =IF(AND(L14<>"",D14=D2+1),I2+(I14-I2)*5/12,"") | J7: =_xlfn.XLOOKUP($A7,ALGLIB_SSA_XAUUSD!$AA$2:$AA$2401,ALGLIB_SSA_XAUUSD!$P$2:$P$2401,"",0) | K7: =_xlfn.XLOOKUP($A7,ALGLIB_SSA_XAUUSD!$AA$2:$AA$2401,ALGLIB_SSA_XAUUSD!$Q$2:$Q$2401,"",0) | L7: =_xlfn.XLOOKUP($A7,ALGLIB_SSA_XAUUSD!$AA$2:$AA$2401,ALGLIB_SSA_XAUUSD!$R$2:$R$2401,"",0) | M7: =_xlfn.XLOOKUP($A7,ALGLIB_SSA_XAUUSD!$AA$2:$AA$2401,ALGLIB_SSA_XAUUSD!$S$2:$S$2401,"",0) | N7: =_xlfn.XLOOKUP($A7,ALGLIB_SSA_XAUUSD!$AA$2:$AA$2401,ALGLIB_SSA_XAUUSD!$T$2:$T$2401,"",0) | O7: =_xlfn.XLOOKUP($A7,ALGLIB_SSA_XAUUSD!$AA$2:$AA$2401,ALGLIB_SSA_XAUUSD!$U$2:$U$2401,"",0) | P7: =_xlfn.XLOOKUP($A7,ALGLIB_SSA_XAUUSD!$AA$2:$AA$2401,ALGLIB_SSA_XAUUSD!$V$2:$V$2401,"",0) | S7: =A7 | T7: =J7 | U7: =K7 | V7: =IF($A7="","",MOD(ROW()-2,12)+1) | W7: =L7 | X7: =IF(F7="","",F7) | Y7: =IF(G7="","",G7) | Z7: =M7 | AA7: =N7 | AB7: =IF(H7="","",H7) | AC7: =O7 | AD7: =IF(I7="","",I7) | AE7: =P7 | AH7: =IF(S7<>"",S7,AH6+900) | AI7: =IF(T7<>"",T7,AI6) | AJ7: =IF(U7<>"",U7,AJ6) | AK7: =IF(W7<>"",W7,"") | AL7: =IF(X7<>"",X7,"") | AM7: =IF(Y7<>"",Y7,"") | AN7: =IF(OR(AL7="",AM7=""),"",AL7-AM7) | AO7: =IF(AN7="","",IF(AN7>0,"Bullish","Bearish")) | AP7: =IF(AO7="",AP6,AO7) | AQ7: =IF(AB7<>"",AB7,"") | AR7: =IF(AD7<>"",AD7,"") | AS7: =IF(AS6+1=13,1,AS6+1) | BD7: =AH7 | BE7: =AI7 | BF7: =AJ7 | BG7: =L7 | BH7: =IF(X7="","",X7) | BI7: =IF(Y7="","",Y7) | BJ7: =Z7 | BK7: =AA7
A8: =ALGLIB_SSA_XAUUSD!AA8 | B8: =IF($A8="","",INDEX(ALGLIB_SSA_XAUUSD!$B$2:$B$2401,MATCH($A8,ALGLIB_SSA_XAUUSD!$A$2:$A$2401,1))) | C8: =IF($A8="","",INDEX(ALGLIB_SSA_XAUUSD!$C$2:$C$2401,MATCH($A8,ALGLIB_SSA_XAUUSD!$A$2:$A$2401,1))) | D8: =IF($A8="","",INT((ROW()-2)/12)+1) | E8: =IF(AND(E14<>"",D14=D2+1),E2+(E14-E2)*6/12,"") | F8: =IF(AND(F14<>"",D14=D2+1),F2+(F14-F2)*6/12,"") | G8: =IF(AND(G14<>"",D14=D2+1),G2+(G14-G2)*6/12,"") | H8: =IF(AND(H14<>"",D14=D2+1),H2+(H14-H2)*6/12,"") | I8: =IF(AND(L14<>"",D14=D2+1),I2+(I14-I2)*6/12,"") | J8: =_xlfn.XLOOKUP($A8,ALGLIB_SSA_XAUUSD!$AA$2:$AA$2401,ALGLIB_SSA_XAUUSD!$P$2:$P$2401,"",0) | K8: =_xlfn.XLOOKUP($A8,ALGLIB_SSA_XAUUSD!$AA$2:$AA$2401,ALGLIB_SSA_XAUUSD!$Q$2:$Q$2401,"",0) | L8: =_xlfn.XLOOKUP($A8,ALGLIB_SSA_XAUUSD!$AA$2:$AA$2401,ALGLIB_SSA_XAUUSD!$R$2:$R$2401,"",0) | M8: =_xlfn.XLOOKUP($A8,ALGLIB_SSA_XAUUSD!$AA$2:$AA$2401,ALGLIB_SSA_XAUUSD!$S$2:$S$2401,"",0) | N8: =_xlfn.XLOOKUP($A8,ALGLIB_SSA_XAUUSD!$AA$2:$AA$2401,ALGLIB_SSA_XAUUSD!$T$2:$T$2401,"",0) | O8: =_xlfn.XLOOKUP($A8,ALGLIB_SSA_XAUUSD!$AA$2:$AA$2401,ALGLIB_SSA_XAUUSD!$U$2:$U$2401,"",0) | P8: =_xlfn.XLOOKUP($A8,ALGLIB_SSA_XAUUSD!$AA$2:$AA$2401,ALGLIB_SSA_XAUUSD!$V$2:$V$2401,"",0) | S8: =A8 | T8: =J8 | U8: =K8 | V8: =IF($A8="","",MOD(ROW()-2,12)+1) | W8: =L8 | X8: =IF(F8="","",F8) | Y8: =IF(G8="","",G8) | Z8: =M8 | AA8: =N8 | AB8: =IF(H8="","",H8) | AC8: =O8 | AD8: =IF(I8="","",I8) | AE8: =P8 | AH8: =IF(S8<>"",S8,AH7+900) | AI8: =IF(T8<>"",T8,AI7) | AJ8: =IF(U8<>"",U8,AJ7) | AK8: =IF(W8<>"",W8,"") | AL8: =IF(X8<>"",X8,"") | AM8: =IF(Y8<>"",Y8,"") | AN8: =IF(OR(AL8="",AM8=""),"",AL8-AM8) | AO8: =IF(AN8="","",IF(AN8>0,"Bullish","Bearish")) | AP8: =IF(AO8="",AP7,AO8) | AQ8: =IF(AB8<>"",AB8,"") | AR8: =IF(AD8<>"",AD8,"") | AS8: =IF(AS7+1=13,1,AS7+1) | BD8: =AH8 | BE8: =AI8 | BF8: =AJ8 | BG8: =L8 | BH8: =IF(X8="","",X8) | BI8: =IF(Y8="","",Y8) | BJ8: =Z8 | BK8: =AA8
A9: =ALGLIB_SSA_XAUUSD!AA9 | B9: =IF($A9="","",INDEX(ALGLIB_SSA_XAUUSD!$B$2:$B$2401,MATCH($A9,ALGLIB_SSA_XAUUSD!$A$2:$A$2401,1))) | C9: =IF($A9="","",INDEX(ALGLIB_SSA_XAUUSD!$C$2:$C$2401,MATCH($A9,ALGLIB_SSA_XAUUSD!$A$2:$A$2401,1))) | D9: =IF($A9="","",INT((ROW()-2)/12)+1) | E9: =IF(AND(E14<>"",D14=D2+1),E2+(E14-E2)*7/12,"") | F9: =IF(AND(F14<>"",D14=D2+1),F2+(F14-F2)*7/12,"") | G9: =IF(AND(G14<>"",D14=D2+1),G2+(G14-G2)*7/12,"") | H9: =IF(AND(H14<>"",D14=D2+1),H2+(H14-H2)*7/12,"") | I9: =IF(AND(L14<>"",D14=D2+1),I2+(I14-I2)*7/12,"") | J9: =_xlfn.XLOOKUP($A9,ALGLIB_SSA_XAUUSD!$AA$2:$AA$2401,ALGLIB_SSA_XAUUSD!$P$2:$P$2401,"",0) | K9: =_xlfn.XLOOKUP($A9,ALGLIB_SSA_XAUUSD!$AA$2:$AA$2401,ALGLIB_SSA_XAUUSD!$Q$2:$Q$2401,"",0) | L9: =_xlfn.XLOOKUP($A9,ALGLIB_SSA_XAUUSD!$AA$2:$AA$2401,ALGLIB_SSA_XAUUSD!$R$2:$R$2401,"",0) | M9: =_xlfn.XLOOKUP($A9,ALGLIB_SSA_XAUUSD!$AA$2:$AA$2401,ALGLIB_SSA_XAUUSD!$S$2:$S$2401,"",0) | N9: =_xlfn.XLOOKUP($A9,ALGLIB_SSA_XAUUSD!$AA$2:$AA$2401,ALGLIB_SSA_XAUUSD!$T$2:$T$2401,"",0) | O9: =_xlfn.XLOOKUP($A9,ALGLIB_SSA_XAUUSD!$AA$2:$AA$2401,ALGLIB_SSA_XAUUSD!$U$2:$U$2401,"",0) | P9: =_xlfn.XLOOKUP($A9,ALGLIB_SSA_XAUUSD!$AA$2:$AA$2401,ALGLIB_SSA_XAUUSD!$V$2:$V$2401,"",0) | S9: =A9 | T9: =J9 | U9: =K9 | V9: =IF($A9="","",MOD(ROW()-2,12)+1) | W9: =L9 | X9: =IF(F9="","",F9) | Y9: =IF(G9="","",G9) | Z9: =M9 | AA9: =N9 | AB9: =IF(H9="","",H9) | AC9: =O9 | AD9: =IF(I9="","",I9) | AE9: =P9 | AH9: =IF(S9<>"",S9,AH8+900) | AI9: =IF(T9<>"",T9,AI8) | AJ9: =IF(U9<>"",U9,AJ8) | AK9: =IF(W9<>"",W9,"") | AL9: =IF(X9<>"",X9,"") | AM9: =IF(Y9<>"",Y9,"") | AN9: =IF(OR(AL9="",AM9=""),"",AL9-AM9) | AO9: =IF(AN9="","",IF(AN9>0,"Bullish","Bearish")) | AP9: =IF(AO9="",AP8,AO9) | AQ9: =IF(AB9<>"",AB9,"") | AR9: =IF(AD9<>"",AD9,"") | AS9: =IF(AS8+1=13,1,AS8+1) | BD9: =AH9 | BE9: =AI9 | BF9: =AJ9 | BG9: =L9 | BH9: =IF(X9="","",X9) | BI9: =IF(Y9="","",Y9) | BJ9: =Z9 | BK9: =AA9
A10: =ALGLIB_SSA_XAUUSD!AA10 | B10: =IF($A10="","",INDEX(ALGLIB_SSA_XAUUSD!$B$2:$B$2401,MATCH($A10,ALGLIB_SSA_XAUUSD!$A$2:$A$2401,1))) | C10: =IF($A10="","",INDEX(ALGLIB_SSA_XAUUSD!$C$2:$C$2401,MATCH($A10,ALGLIB_SSA_XAUUSD!$A$2:$A$2401,1))) | D10: =IF($A10="","",INT((ROW()-2)/12)+1) | E10: =IF(AND(E14<>"",D14=D2+1),E2+(E14-E2)*8/12,"") | F10: =IF(AND(F14<>"",D14=D2+1),F2+(F14-F2)*8/12,"") | G10: =IF(AND(G14<>"",D14=D2+1),G2+(G14-G2)*8/12,"") | H10: =IF(AND(H14<>"",D14=D2+1),H2+(H14-H2)*8/12,"") | I10: =IF(AND(L14<>"",D14=D2+1),I2+(I14-I2)*8/12,"") | J10: =_xlfn.XLOOKUP($A10,ALGLIB_SSA_XAUUSD!$AA$2:$AA$2401,ALGLIB_SSA_XAUUSD!$P$2:$P$2401,"",0) | K10: =_xlfn.XLOOKUP($A10,ALGLIB_SSA_XAUUSD!$AA$2:$AA$2401,ALGLIB_SSA_XAUUSD!$Q$2:$Q$2401,"",0) | L10: =_xlfn.XLOOKUP($A10,ALGLIB_SSA_XAUUSD!$AA$2:$AA$2401,ALGLIB_SSA_XAUUSD!$R$2:$R$2401,"",0) | M10: =_xlfn.XLOOKUP($A10,ALGLIB_SSA_XAUUSD!$AA$2:$AA$2401,ALGLIB_SSA_XAUUSD!$S$2:$S$2401,"",0) | N10: =_xlfn.XLOOKUP($A10,ALGLIB_SSA_XAUUSD!$AA$2:$AA$2401,ALGLIB_SSA_XAUUSD!$T$2:$T$2401,"",0) | O10: =_xlfn.XLOOKUP($A10,ALGLIB_SSA_XAUUSD!$AA$2:$AA$2401,ALGLIB_SSA_XAUUSD!$U$2:$U$2401,"",0) | P10: =_xlfn.XLOOKUP($A10,ALGLIB_SSA_XAUUSD!$AA$2:$AA$2401,ALGLIB_SSA_XAUUSD!$V$2:$V$2401,"",0) | S10: =A10 | T10: =J10 | U10: =K10 | V10: =IF($A10="","",MOD(ROW()-2,12)+1) | W10: =L10 | X10: =IF(F10="","",F10) | Y10: =IF(G10="","",G10) | Z10: =M10 | AA10: =N10 | AB10: =IF(H10="","",H10) | AC10: =O10 | AD10: =IF(I10="","",I10) | AE10: =P10 | AH10: =IF(S10<>"",S10,AH9+900) | AI10: =IF(T10<>"",T10,AI9) | AJ10: =IF(U10<>"",U10,AJ9) | AK10: =IF(W10<>"",W10,"") | AL10: =IF(X10<>"",X10,"") | AM10: =IF(Y10<>"",Y10,"") | AN10: =IF(OR(AL10="",AM10=""),"",AL10-AM10) | AO10: =IF(AN10="","",IF(AN10>0,"Bullish","Bearish")) | AP10: =IF(AO10="",AP9,AO10) | AQ10: =IF(AB10<>"",AB10,"") | AR10: =IF(AD10<>"",AD10,"") | AS10: =IF(AS9+1=13,1,AS9+1) | BD10: =AH10 | BE10: =AI10 | BF10: =AJ10 | BG10: =L10 | BH10: =IF(X10="","",X10) | BI10: =IF(Y10="","",Y10) | BJ10: =Z10 | BK10: =AA10
A11: =ALGLIB_SSA_XAUUSD!AA11 | B11: =IF($A11="","",INDEX(ALGLIB_SSA_XAUUSD!$B$2:$B$2401,MATCH($A11,ALGLIB_SSA_XAUUSD!$A$2:$A$2401,1))) | C11: =IF($A11="","",INDEX(ALGLIB_SSA_XAUUSD!$C$2:$C$2401,MATCH($A11,ALGLIB_SSA_XAUUSD!$A$2:$A$2401,1))) | D11: =IF($A11="","",INT((ROW()-2)/12)+1) | E11: =IF(AND(E14<>"",D14=D2+1),E2+(E14-E2)*9/12,"") | F11: =IF(AND(F14<>"",D14=D2+1),F2+(F14-F2)*9/12,"") | G11: =IF(AND(G14<>"",D14=D2+1),G2+(G14-G2)*9/12,"") | H11: =IF(AND(H14<>"",D14=D2+1),H2+(H14-H2)*9/12,"") | I11: =IF(AND(L14<>"",D14=D2+1),I2+(I14-I2)*9/12,"") | J11: =_xlfn.XLOOKUP($A11,ALGLIB_SSA_XAUUSD!$AA$2:$AA$2401,ALGLIB_SSA_XAUUSD!$P$2:$P$2401,"",0) | K11: =_xlfn.XLOOKUP($A11,ALGLIB_SSA_XAUUSD!$AA$2:$AA$2401,ALGLIB_SSA_XAUUSD!$Q$2:$Q$2401,"",0) | L11: =_xlfn.XLOOKUP($A11,ALGLIB_SSA_XAUUSD!$AA$2:$AA$2401,ALGLIB_SSA_XAUUSD!$R$2:$R$2401,"",0) | M11: =_xlfn.XLOOKUP($A11,ALGLIB_SSA_XAUUSD!$AA$2:$AA$2401,ALGLIB_SSA_XAUUSD!$S$2:$S$2401,"",0) | N11: =_xlfn.XLOOKUP($A11,ALGLIB_SSA_XAUUSD!$AA$2:$AA$2401,ALGLIB_SSA_XAUUSD!$T$2:$T$2401,"",0) | O11: =_xlfn.XLOOKUP($A11,ALGLIB_SSA_XAUUSD!$AA$2:$AA$2401,ALGLIB_SSA_XAUUSD!$U$2:$U$2401,"",0) | P11: =_xlfn.XLOOKUP($A11,ALGLIB_SSA_XAUUSD!$AA$2:$AA$2401,ALGLIB_SSA_XAUUSD!$V$2:$V$2401,"",0) | S11: =A11 | T11: =J11 | U11: =K11 | V11: =IF($A11="","",MOD(ROW()-2,12)+1) | W11: =L11 | X11: =IF(F11="","",F11) | Y11: =IF(G11="","",G11) | Z11: =M11 | AA11: =N11 | AB11: =IF(H11="","",H11) | AC11: =O11 | AD11: =IF(I11="","",I11) | AE11: =P11 | AH11: =IF(S11<>"",S11,AH10+900) | AI11: =IF(T11<>"",T11,AI10) | AJ11: =IF(U11<>"",U11,AJ10) | AK11: =IF(W11<>"",W11,"") | AL11: =IF(X11<>"",X11,"") | AM11: =IF(Y11<>"",Y11,"") | AN11: =IF(OR(AL11="",AM11=""),"",AL11-AM11) | AO11: =IF(AN11="","",IF(AN11>0,"Bullish","Bearish")) | AP11: =IF(AO11="",AP10,AO11) | AQ11: =IF(AB11<>"",AB11,"") | AR11: =IF(AD11<>"",AD11,"") | AS11: =IF(AS10+1=13,1,AS10+1) | BD11: =AH11 | BE11: =AI11 | BF11: =AJ11 | BG11: =L11 | BH11: =IF(X11="","",X11) | BI11: =IF(Y11="","",Y11) | BJ11: =Z11 | BK11: =AA11
A12: =ALGLIB_SSA_XAUUSD!AA12 | B12: =IF($A12="","",INDEX(ALGLIB_SSA_XAUUSD!$B$2:$B$2401,MATCH($A12,ALGLIB_SSA_XAUUSD!$A$2:$A$2401,1))) | C12: =IF($A12="","",INDEX(ALGLIB_SSA_XAUUSD!$C$2:$C$2401,MATCH($A12,ALGLIB_SSA_XAUUSD!$A$2:$A$2401,1))) | D12: =IF($A12="","",INT((ROW()-2)/12)+1) | E12: =IF(AND(E14<>"",D14=D2+1),E2+(E14-E2)*10/12,"") | F12: =IF(AND(F14<>"",D14=D2+1),F2+(F14-F2)*10/12,"") | G12: =IF(AND(G14<>"",D14=D2+1),G2+(G14-G2)*10/12,"") | H12: =IF(AND(H14<>"",D14=D2+1),H2+(H14-H2)*10/12,"") | I12: =IF(AND(L14<>"",D14=D2+1),I2+(I14-I2)*10/12,"") | J12: =_xlfn.XLOOKUP($A12,ALGLIB_SSA_XAUUSD!$AA$2:$AA$2401,ALGLIB_SSA_XAUUSD!$P$2:$P$2401,"",0) | K12: =_xlfn.XLOOKUP($A12,ALGLIB_SSA_XAUUSD!$AA$2:$AA$2401,ALGLIB_SSA_XAUUSD!$Q$2:$Q$2401,"",0) | L12: =_xlfn.XLOOKUP($A12,ALGLIB_SSA_XAUUSD!$AA$2:$AA$2401,ALGLIB_SSA_XAUUSD!$R$2:$R$2401,"",0) | M12: =_xlfn.XLOOKUP($A12,ALGLIB_SSA_XAUUSD!$AA$2:$AA$2401,ALGLIB_SSA_XAUUSD!$S$2:$S$2401,"",0) | N12: =_xlfn.XLOOKUP($A12,ALGLIB_SSA_XAUUSD!$AA$2:$AA$2401,ALGLIB_SSA_XAUUSD!$T$2:$T$2401,"",0) | O12: =_xlfn.XLOOKUP($A12,ALGLIB_SSA_XAUUSD!$AA$2:$AA$2401,ALGLIB_SSA_XAUUSD!$U$2:$U$2401,"",0) | P12: =_xlfn.XLOOKUP($A12,ALGLIB_SSA_XAUUSD!$AA$2:$AA$2401,ALGLIB_SSA_XAUUSD!$V$2:$V$2401,"",0) | S12: =A12 | T12: =J12 | U12: =K12 | V12: =IF($A12="","",MOD(ROW()-2,12)+1) | W12: =L12 | X12: =IF(F12="","",F12) | Y12: =IF(G12="","",G12) | Z12: =M12 | AA12: =N12 | AB12: =IF(H12="","",H12) | AC12: =O12 | AD12: =IF(I12="","",I12) | AE12: =P12 | AH12: =IF(S12<>"",S12,AH11+900) | AI12: =IF(T12<>"",T12,AI11) | AJ12: =IF(U12<>"",U12,AJ11) | AK12: =IF(W12<>"",W12,"") | AL12: =IF(X12<>"",X12,"") | AM12: =IF(Y12<>"",Y12,"") | AN12: =IF(OR(AL12="",AM12=""),"",AL12-AM12) | AO12: =IF(AN12="","",IF(AN12>0,"Bullish","Bearish")) | AP12: =IF(AO12="",AP11,AO12) | AQ12: =IF(AB12<>"",AB12,"") | AR12: =IF(AD12<>"",AD12,"") | AS12: =IF(AS11+1=13,1,AS11+1) | BD12: =AH12 | BE12: =AI12 | BF12: =AJ12 | BG12: =L12 | BH12: =IF(X12="","",X12) | BI12: =IF(Y12="","",Y12) | BJ12: =Z12 | BK12: =AA12
A13: =ALGLIB_SSA_XAUUSD!AA13 | B13: =IF($A13="","",INDEX(ALGLIB_SSA_XAUUSD!$B$2:$B$2401,MATCH($A13,ALGLIB_SSA_XAUUSD!$A$2:$A$2401,1))) | C13: =IF($A13="","",INDEX(ALGLIB_SSA_XAUUSD!$C$2:$C$2401,MATCH($A13,ALGLIB_SSA_XAUUSD!$A$2:$A$2401,1))) | D13: =IF($A13="","",INT((ROW()-2)/12)+1) | E13: =IF(AND(E14<>"",D14=D2+1),E2+(E14-E2)*11/12,"") | F13: =IF(AND(F14<>"",D14=D2+1),F2+(F14-F2)*11/12,"") | G13: =IF(AND(G14<>"",D14=D2+1),G2+(G14-G2)*11/12,"") | H13: =IF(AND(H14<>"",D14=D2+1),H2+(H14-H2)*11/12,"") | I13: =IF(AND(L14<>"",D14=D2+1),I2+(I14-I2)*11/12,"") | J13: =_xlfn.XLOOKUP($A13,ALGLIB_SSA_XAUUSD!$AA$2:$AA$2401,ALGLIB_SSA_XAUUSD!$P$2:$P$2401,"",0) | K13: =_xlfn.XLOOKUP($A13,ALGLIB_SSA_XAUUSD!$AA$2:$AA$2401,ALGLIB_SSA_XAUUSD!$Q$2:$Q$2401,"",0) | L13: =_xlfn.XLOOKUP($A13,ALGLIB_SSA_XAUUSD!$AA$2:$AA$2401,ALGLIB_SSA_XAUUSD!$R$2:$R$2401,"",0) | M13: =_xlfn.XLOOKUP($A13,ALGLIB_SSA_XAUUSD!$AA$2:$AA$2401,ALGLIB_SSA_XAUUSD!$S$2:$S$2401,"",0) | N13: =_xlfn.XLOOKUP($A13,ALGLIB_SSA_XAUUSD!$AA$2:$AA$2401,ALGLIB_SSA_XAUUSD!$T$2:$T$2401,"",0) | O13: =_xlfn.XLOOKUP($A13,ALGLIB_SSA_XAUUSD!$AA$2:$AA$2401,ALGLIB_SSA_XAUUSD!$U$2:$U$2401,"",0) | P13: =_xlfn.XLOOKUP($A13,ALGLIB_SSA_XAUUSD!$AA$2:$AA$2401,ALGLIB_SSA_XAUUSD!$V$2:$V$2401,"",0) | S13: =A13 | T13: =J13 | U13: =K13 | V13: =IF($A13="","",MOD(ROW()-2,12)+1) | W13: =L13 | X13: =IF(F13="","",F13) | Y13: =IF(G13="","",G13) | Z13: =M13 | AA13: =N13 | AB13: =IF(H13="","",H13) | AC13: =O13 | AD13: =IF(I13="","",I13) | AE13: =P13 | AH13: =IF(S13<>"",S13,AH12+900) | AI13: =IF(T13<>"",T13,AI12) | AJ13: =IF(U13<>"",U13,AJ12) | AK13: =IF(W13<>"",W13,"") | AL13: =IF(X13<>"",X13,"") | AM13: =IF(Y13<>"",Y13,"") | AN13: =IF(OR(AL13="",AM13=""),"",AL13-AM13) | AO13: =IF(AN13="","",IF(AN13>0,"Bullish","Bearish")) | AP13: =IF(AO13="",AP12,AO13) | AQ13: =IF(AB13<>"",AB13,"") | AR13: =IF(AD13<>"",AD13,"") | AS13: =IF(AS12+1=13,1,AS12+1) | BD13: =AH13 | BE13: =AI13 | BF13: =AJ13 | BG13: =L13 | BH13: =IF(X13="","",X13) | BI13: =IF(Y13="","",Y13) | BJ13: =Z13 | BK13: =AA13
A14: =ALGLIB_SSA_XAUUSD!AA14 | B14: =IF($A14="","",INDEX(ALGLIB_SSA_XAUUSD!$B$2:$B$2401,MATCH($A14,ALGLIB_SSA_XAUUSD!$A$2:$A$2401,1))) | C14: =IF($A14="","",INDEX(ALGLIB_SSA_XAUUSD!$C$2:$C$2401,MATCH($A14,ALGLIB_SSA_XAUUSD!$A$2:$A$2401,1))) | D14: =IF($A14="","",INT((ROW()-2)/12)+1) | E14: =IF($A14="","",INDEX(ALGLIB_SSA_XAUUSD!$D$2:$D$2401,MATCH($A14,ALGLIB_SSA_XAUUSD!$A$2:$A$2401,1))) | F14: =IF($A14="","",INDEX(ALGLIB_SSA_XAUUSD!$E$2:$E$2401,MATCH($A14,ALGLIB_SSA_XAUUSD!$A$2:$A$2401,1))) | G14: =IF($A14="","",INDEX(ALGLIB_SSA_XAUUSD!$F$2:$F$2401,MATCH($A14,ALGLIB_SSA_XAUUSD!$A$2:$A$2401,1))) | H14: =IF($A14="","",INDEX(ALGLIB_SSA_XAUUSD!$G$2:$G$2401,MATCH($A14,ALGLIB_SSA_XAUUSD!$A$2:$A$2401,1))) | I14: =IF($A14="","",INDEX(ALGLIB_SSA_XAUUSD!$H$2:$H$2401,MATCH($A14,ALGLIB_SSA_XAUUSD!$A$2:$A$2401,1))) | J14: =_xlfn.XLOOKUP($A14,ALGLIB_SSA_XAUUSD!$AA$2:$AA$2401,ALGLIB_SSA_XAUUSD!$P$2:$P$2401,"",0) | K14: =_xlfn.XLOOKUP($A14,ALGLIB_SSA_XAUUSD!$AA$2:$AA$2401,ALGLIB_SSA_XAUUSD!$Q$2:$Q$2401,"",0) | L14: =_xlfn.XLOOKUP($A14,ALGLIB_SSA_XAUUSD!$AA$2:$AA$2401,ALGLIB_SSA_XAUUSD!$R$2:$R$2401,"",0) | M14: =_xlfn.XLOOKUP($A14,ALGLIB_SSA_XAUUSD!$AA$2:$AA$2401,ALGLIB_SSA_XAUUSD!$S$2:$S$2401,"",0) | N14: =_xlfn.XLOOKUP($A14,ALGLIB_SSA_XAUUSD!$AA$2:$AA$2401,ALGLIB_SSA_XAUUSD!$T$2:$T$2401,"",0) | O14: =_xlfn.XLOOKUP($A14,ALGLIB_SSA_XAUUSD!$AA$2:$AA$2401,ALGLIB_SSA_XAUUSD!$U$2:$U$2401,"",0) | P14: =_xlfn.XLOOKUP($A14,ALGLIB_SSA_XAUUSD!$AA$2:$AA$2401,ALGLIB_SSA_XAUUSD!$V$2:$V$2401,"",0) | S14: =A14 | T14: =J14 | U14: =K14 | V14: =IF($A14="","",MOD(ROW()-2,12)+1) | W14: =L14 | X14: =IF(F14="","",F14) | Y14: =IF(G14="","",G14) | Z14: =M14 | AA14: =N14 | AB14: =IF(H14="","",H14) | AC14: =O14 | AD14: =IF(I14="","",I14) | AE14: =P14 | AH14: =IF(S14<>"",S14,AH13+900) | AI14: =IF(T14<>"",T14,AI13) | AJ14: =IF(U14<>"",U14,AJ13) | AK14: =IF(W14<>"",W14,"") | AL14: =IF(X14<>"",X14,"") | AM14: =IF(Y14<>"",Y14,"") | AN14: =IF(OR(AL14="",AM14=""),"",AL14-AM14) | AO14: =IF(AN14="","",IF(AN14>0,"Bullish","Bearish")) | AP14: =IF(AO14="",AP13,AO14) | AQ14: =IF(AB14<>"",AB14,"") | AR14: =IF(AD14<>"",AD14,"") | AS14: =IF(AS13+1=13,1,AS13+1) | AT14: =IFERROR(IF(SLOPE($AQ$2:$AQ$13,$AS$2:$AS$13)>0,MIN(3,ABS(SLOPE($AQ$2:$AQ$13,$AS$2:$AS$13))),IF(SLOPE($AQ$2:$AQ$13,$AS$2:$AS$13)<-0.5,-0.5,0)),0) | AU14: =IFERROR(IF(SLOPE($AR$2:$AR$13,$AS$2:$AS$13)<0,MAX(-3,-ABS(SLOPE($AR$2:$AR$13,$AS$2:$AS$13))),IF(SLOPE($AR$2:$AR$13,$AS$2:$AS$13)>0.5,0.5,0)),0) | AV14: =($AQ$14+(AT14*(AS14-1))) | AW14: =($AR$14+(AU14*(AS14-1))) | AX14: =IF(AT14>0,AV14+AT14,AV14) | AY14: =IF(AU14<0,AW14+AU14,AW14) | BA14: =IFERROR(AX14-AQ14,"") | BB14: =IFERROR(AY14-AR14,"") | BD14: =AH14 | BE14: =AI14 | BF14: =AJ14 | BG14: =L14 | BH14: =IF(X14="","",X14) | BI14: =IF(Y14="","",Y14) | BJ14: =Z14 | BK14: =AA14 | BL14: =IFERROR(AX14,"") | BM14: =IFERROR(AY14,"")
A15: =ALGLIB_SSA_XAUUSD!AA15 | B15: =IF($A15="","",INDEX(ALGLIB_SSA_XAUUSD!$B$2:$B$2401,MATCH($A15,ALGLIB_SSA_XAUUSD!$A$2:$A$2401,1))) | C15: =IF($A15="","",INDEX(ALGLIB_SSA_XAUUSD!$C$2:$C$2401,MATCH($A15,ALGLIB_SSA_XAUUSD!$A$2:$A$2401,1))) | D15: =IF($A15="","",INT((ROW()-2)/12)+1) | E15: =IF(AND(E26<>"",D26=D14+1),E14+(E26-E14)*1/12,"") | F15: =IF(AND(F26<>"",D26=D14+1),F14+(F26-F14)*1/12,"") | G15: =IF(AND(G26<>"",D26=D14+1),G14+(G26-G14)*1/12,"") | H15: =IF(AND(H26<>"",D26=D14+1),H14+(H26-H14)*1/12,"") | I15: =IF(AND(L26<>"",D26=D14+1),I14+(I26-I14)*1/12,"") | J15: =_xlfn.XLOOKUP($A15,ALGLIB_SSA_XAUUSD!$AA$2:$AA$2401,ALGLIB_SSA_XAUUSD!$P$2:$P$2401,"",0) | K15: =_xlfn.XLOOKUP($A15,ALGLIB_SSA_XAUUSD!$AA$2:$AA$2401,ALGLIB_SSA_XAUUSD!$Q$2:$Q$2401,"",0) | L15: =_xlfn.XLOOKUP($A15,ALGLIB_SSA_XAUUSD!$AA$2:$AA$2401,ALGLIB_SSA_XAUUSD!$R$2:$R$2401,"",0) | M15: =_xlfn.XLOOKUP($A15,ALGLIB_SSA_XAUUSD!$AA$2:$AA$2401,ALGLIB_SSA_XAUUSD!$S$2:$S$2401,"",0) | N15: =_xlfn.XLOOKUP($A15,ALGLIB_SSA_XAUUSD!$AA$2:$AA$2401,ALGLIB_SSA_XAUUSD!$T$2:$T$2401,"",0) | O15: =_xlfn.XLOOKUP($A15,ALGLIB_SSA_XAUUSD!$AA$2:$AA$2401,ALGLIB_SSA_XAUUSD!$U$2:$U$2401,"",0) | P15: =_xlfn.XLOOKUP($A15,ALGLIB_SSA_XAUUSD!$AA$2:$AA$2401,ALGLIB_SSA_XAUUSD!$V$2:$V$2401,"",0) | S15: =A15 | T15: =J15 | U15: =K15 | V15: =IF($A15="","",MOD(ROW()-2,12)+1) | W15: =L15 | X15: =IF(F15="","",F15) | Y15: =IF(G15="","",G15) | Z15: =M15 | AA15: =N15 | AB15: =IF(H15="","",H15) | AC15: =O15 | AD15: =IF(I15="","",I15) | AE15: =P15 | AH15: =IF(S15<>"",S15,AH14+900) | AI15: =IF(T15<>"",T15,AI14) | AJ15: =IF(U15<>"",U15,AJ14) | AK15: =IF(W15<>"",W15,"") | AL15: =IF(X15<>"",X15,"") | AM15: =IF(Y15<>"",Y15,"") | AN15: =IF(OR(AL15="",AM15=""),"",AL15-AM15) | AO15: =IF(AN15="","",IF(AN15>0,"Bullish","Bearish")) | AP15: =IF(AO15="",AP14,AO15) | AQ15: =IF(AB15<>"",AB15,"") | AR15: =IF(AD15<>"",AD15,"") | AS15: =IF(AS14+1=13,1,AS14+1) | AT15: =IFERROR(IF(SLOPE($AQ$2:$AQ$13,$AS$2:$AS$13)>0,MIN(3,ABS(SLOPE($AQ$2:$AQ$13,$AS$2:$AS$13))),IF(SLOPE($AQ$2:$AQ$13,$AS$2:$AS$13)<-0.5,-0.5,0)),0) | AU15: =IFERROR(IF(SLOPE($AR$2:$AR$13,$AS$2:$AS$13)<0,MAX(-3,-ABS(SLOPE($AR$2:$AR$13,$AS$2:$AS$13))),IF(SLOPE($AR$2:$AR$13,$AS$2:$AS$13)>0.5,0.5,0)),0) | AV15: =($AQ$14+(AT15*(AS15-1))) | AW15: =($AR$14+(AU15*(AS15-1))) | AX15: =IF(AT15>0,AV15+AT15,AV15) | AY15: =IF(AU15<0,AW15+AU15,AW15) | BA15: =IFERROR(AX15-AQ15,"") | BB15: =IFERROR(AY15-AR15,"") | BD15: =AH15 | BE15: =AI15 | BF15: =AJ15 | BG15: =L15 | BH15: =IF(X15="","",X15) | BI15: =IF(Y15="","",Y15) | BJ15: =Z15 | BK15: =AA15 | BL15: =IFERROR(AX15,"") | BM15: =IFERROR(AY15,"")
A16: =ALGLIB_SSA_XAUUSD!AA16 | B16: =IF($A16="","",INDEX(ALGLIB_SSA_XAUUSD!$B$2:$B$2401,MATCH($A16,ALGLIB_SSA_XAUUSD!$A$2:$A$2401,1))) | C16: =IF($A16="","",INDEX(ALGLIB_SSA_XAUUSD!$C$2:$C$2401,MATCH($A16,ALGLIB_SSA_XAUUSD!$A$2:$A$2401,1))) | D16: =IF($A16="","",INT((ROW()-2)/12)+1) | E16: =IF(AND(E26<>"",D26=D14+1),E14+(E26-E14)*2/12,"") | F16: =IF(AND(F26<>"",D26=D14+1),F14+(F26-F14)*2/12,"") | G16: =IF(AND(G26<>"",D26=D14+1),G14+(G26-G14)*2/12,"") | H16: =IF(AND(H26<>"",D26=D14+1),H14+(H26-H14)*2/12,"") | I16: =IF(AND(L26<>"",D26=D14+1),I14+(I26-I14)*2/12,"") | J16: =_xlfn.XLOOKUP($A16,ALGLIB_SSA_XAUUSD!$AA$2:$AA$2401,ALGLIB_SSA_XAUUSD!$P$2:$P$2401,"",0) | K16: =_xlfn.XLOOKUP($A16,ALGLIB_SSA_XAUUSD!$AA$2:$AA$2401,ALGLIB_SSA_XAUUSD!$Q$2:$Q$2401,"",0) | L16: =_xlfn.XLOOKUP($A16,ALGLIB_SSA_XAUUSD!$AA$2:$AA$2401,ALGLIB_SSA_XAUUSD!$R$2:$R$2401,"",0) | M16: =_xlfn.XLOOKUP($A16,ALGLIB_SSA_XAUUSD!$AA$2:$AA$2401,ALGLIB_SSA_XAUUSD!$S$2:$S$2401,"",0) | N16: =_xlfn.XLOOKUP($A16,ALGLIB_SSA_XAUUSD!$AA$2:$AA$2401,ALGLIB_SSA_XAUUSD!$T$2:$T$2401,"",0) | O16: =_xlfn.XLOOKUP($A16,ALGLIB_SSA_XAUUSD!$AA$2:$AA$2401,ALGLIB_SSA_XAUUSD!$U$2:$U$2401,"",0) | P16: =_xlfn.XLOOKUP($A16,ALGLIB_SSA_XAUUSD!$AA$2:$AA$2401,ALGLIB_SSA_XAUUSD!$V$2:$V$2401,"",0) | S16: =A16 | T16: =J16 | U16: =K16 | V16: =IF($A16="","",MOD(ROW()-2,12)+1) | W16: =L16 | X16: =IF(F16="","",F16) | Y16: =IF(G16="","",G16) | Z16: =M16 | AA16: =N16 | AB16: =IF(H16="","",H16) | AC16: =O16 | AD16: =IF(I16="","",I16) | AE16: =P16 | AH16: =IF(S16<>"",S16,AH15+900) | AI16: =IF(T16<>"",T16,AI15) | AJ16: =IF(U16<>"",U16,AJ15) | AK16: =IF(W16<>"",W16,"") | AL16: =IF(X16<>"",X16,"") | AM16: =IF(Y16<>"",Y16,"") | AN16: =IF(OR(AL16="",AM16=""),"",AL16-AM16) | AO16: =IF(AN16="","",IF(AN16>0,"Bullish","Bearish")) | AP16: =IF(AO16="",AP15,AO16) | AQ16: =IF(AB16<>"",AB16,"") | AR16: =IF(AD16<>"",AD16,"") | AS16: =IF(AS15+1=13,1,AS15+1) | AT16: =IFERROR(IF(SLOPE($AQ$2:$AQ$13,$AS$2:$AS$13)>0,MIN(3,ABS(SLOPE($AQ$2:$AQ$13,$AS$2:$AS$13))),IF(SLOPE($AQ$2:$AQ$13,$AS$2:$AS$13)<-0.5,-0.5,0)),0) | AU16: =IFERROR(IF(SLOPE($AR$2:$AR$13,$AS$2:$AS$13)<0,MAX(-3,-ABS(SLOPE($AR$2:$AR$13,$AS$2:$AS$13))),IF(SLOPE($AR$2:$AR$13,$AS$2:$AS$13)>0.5,0.5,0)),0) | AV16: =($AQ$14+(AT16*(AS16-1))) | AW16: =($AR$14+(AU16*(AS16-1))) | AX16: =IF(AT16>0,AV16+AT16,AV16) | AY16: =IF(AU16<0,AW16+AU16,AW16) | BA16: =IFERROR(AX16-AQ16,"") | BB16: =IFERROR(AY16-AR16,"") | BD16: =AH16 | BE16: =AI16 | BF16: =AJ16 | BG16: =L16 | BH16: =IF(X16="","",X16) | BI16: =IF(Y16="","",Y16) | BJ16: =Z16 | BK16: =AA16 | BL16: =IFERROR(AX16,"") | BM16: =IFERROR(AY16,"")
A17: =ALGLIB_SSA_XAUUSD!AA17 | B17: =IF($A17="","",INDEX(ALGLIB_SSA_XAUUSD!$B$2:$B$2401,MATCH($A17,ALGLIB_SSA_XAUUSD!$A$2:$A$2401,1))) | C17: =IF($A17="","",INDEX(ALGLIB_SSA_XAUUSD!$C$2:$C$2401,MATCH($A17,ALGLIB_SSA_XAUUSD!$A$2:$A$2401,1))) | D17: =IF($A17="","",INT((ROW()-2)/12)+1) | E17: =IF(AND(E26<>"",D26=D14+1),E14+(E26-E14)*3/12,"") | F17: =IF(AND(F26<>"",D26=D14+1),F14+(F26-F14)*3/12,"") | G17: =IF(AND(G26<>"",D26=D14+1),G14+(G26-G14)*3/12,"") | H17: =IF(AND(H26<>"",D26=D14+1),H14+(H26-H14)*3/12,"") | I17: =IF(AND(L26<>"",D26=D14+1),I14+(I26-I14)*3/12,"") | J17: =_xlfn.XLOOKUP($A17,ALGLIB_SSA_XAUUSD!$AA$2:$AA$2401,ALGLIB_SSA_XAUUSD!$P$2:$P$2401,"",0) | K17: =_xlfn.XLOOKUP($A17,ALGLIB_SSA_XAUUSD!$AA$2:$AA$2401,ALGLIB_SSA_XAUUSD!$Q$2:$Q$2401,"",0) | L17: =_xlfn.XLOOKUP($A17,ALGLIB_SSA_XAUUSD!$AA$2:$AA$2401,ALGLIB_SSA_XAUUSD!$R$2:$R$2401,"",0) | M17: =_xlfn.XLOOKUP($A17,ALGLIB_SSA_XAUUSD!$AA$2:$AA$2401,ALGLIB_SSA_XAUUSD!$S$2:$S$2401,"",0) | N17: =_xlfn.XLOOKUP($A17,ALGLIB_SSA_XAUUSD!$AA$2:$AA$2401,ALGLIB_SSA_XAUUSD!$T$2:$T$2401,"",0) | O17: =_xlfn.XLOOKUP($A17,ALGLIB_SSA_XAUUSD!$AA$2:$AA$2401,ALGLIB_SSA_XAUUSD!$U$2:$U$2401,"",0) | P17: =_xlfn.XLOOKUP($A17,ALGLIB_SSA_XAUUSD!$AA$2:$AA$2401,ALGLIB_SSA_XAUUSD!$V$2:$V$2401,"",0) | S17: =A17 | T17: =J17 | U17: =K17 | V17: =IF($A17="","",MOD(ROW()-2,12)+1) | W17: =L17 | X17: =IF(F17="","",F17) | Y17: =IF(G17="","",G17) | Z17: =M17 | AA17: =N17 | AB17: =IF(H17="","",H17) | AC17: =O17 | AD17: =IF(I17="","",I17) | AE17: =P17 | AH17: =IF(S17<>"",S17,AH16+900) | AI17: =IF(T17<>"",T17,AI16) | AJ17: =IF(U17<>"",U17,AJ16) | AK17: =IF(W17<>"",W17,"") | AL17: =IF(X17<>"",X17,"") | AM17: =IF(Y17<>"",Y17,"") | AN17: =IF(OR(AL17="",AM17=""),"",AL17-AM17) | AO17: =IF(AN17="","",IF(AN17>0,"Bullish","Bearish")) | AP17: =IF(AO17="",AP16,AO17) | AQ17: =IF(AB17<>"",AB17,"") | AR17: =IF(AD17<>"",AD17,"") | AS17: =IF(AS16+1=13,1,AS16+1) | AT17: =IFERROR(IF(SLOPE($AQ$2:$AQ$13,$AS$2:$AS$13)>0,MIN(3,ABS(SLOPE($AQ$2:$AQ$13,$AS$2:$AS$13))),IF(SLOPE($AQ$2:$AQ$13,$AS$2:$AS$13)<-0.5,-0.5,0)),0) | AU17: =IFERROR(IF(SLOPE($AR$2:$AR$13,$AS$2:$AS$13)<0,MAX(-3,-ABS(SLOPE($AR$2:$AR$13,$AS$2:$AS$13))),IF(SLOPE($AR$2:$AR$13,$AS$2:$AS$13)>0.5,0.5,0)),0) | AV17: =($AQ$14+(AT17*(AS17-1))) | AW17: =($AR$14+(AU17*(AS17-1))) | AX17: =IF(AT17>0,AV17+AT17,AV17) | AY17: =IF(AU17<0,AW17+AU17,AW17) | BA17: =IFERROR(AX17-AQ17,"") | BB17: =IFERROR(AY17-AR17,"") | BD17: =AH17 | BE17: =AI17 | BF17: =AJ17 | BG17: =L17 | BH17: =IF(X17="","",X17) | BI17: =IF(Y17="","",Y17) | BJ17: =Z17 | BK17: =AA17 | BL17: =IFERROR(AX17,"") | BM17: =IFERROR(AY17,"")
A18: =ALGLIB_SSA_XAUUSD!AA18 | B18: =IF($A18="","",INDEX(ALGLIB_SSA_XAUUSD!$B$2:$B$2401,MATCH($A18,ALGLIB_SSA_XAUUSD!$A$2:$A$2401,1))) | C18: =IF($A18="","",INDEX(ALGLIB_SSA_XAUUSD!$C$2:$C$2401,MATCH($A18,ALGLIB_SSA_XAUUSD!$A$2:$A$2401,1))) | D18: =IF($A18="","",INT((ROW()-2)/12)+1) | E18: =IF(AND(E26<>"",D26=D14+1),E14+(E26-E14)*4/12,"") | F18: =IF(AND(F26<>"",D26=D14+1),F14+(F26-F14)*4/12,"") | G18: =IF(AND(G26<>"",D26=D14+1),G14+(G26-G14)*4/12,"") | H18: =IF(AND(H26<>"",D26=D14+1),H14+(H26-H14)*4/12,"") | I18: =IF(AND(L26<>"",D26=D14+1),I14+(I26-I14)*4/12,"") | J18: =_xlfn.XLOOKUP($A18,ALGLIB_SSA_XAUUSD!$AA$2:$AA$2401,ALGLIB_SSA_XAUUSD!$P$2:$P$2401,"",0) | K18: =_xlfn.XLOOKUP($A18,ALGLIB_SSA_XAUUSD!$AA$2:$AA$2401,ALGLIB_SSA_XAUUSD!$Q$2:$Q$2401,"",0) | L18: =_xlfn.XLOOKUP($A18,ALGLIB_SSA_XAUUSD!$AA$2:$AA$2401,ALGLIB_SSA_XAUUSD!$R$2:$R$2401,"",0) | M18: =_xlfn.XLOOKUP($A18,ALGLIB_SSA_XAUUSD!$AA$2:$AA$2401,ALGLIB_SSA_XAUUSD!$S$2:$S$2401,"",0) | N18: =_xlfn.XLOOKUP($A18,ALGLIB_SSA_XAUUSD!$AA$2:$AA$2401,ALGLIB_SSA_XAUUSD!$T$2:$T$2401,"",0) | O18: =_xlfn.XLOOKUP($A18,ALGLIB_SSA_XAUUSD!$AA$2:$AA$2401,ALGLIB_SSA_XAUUSD!$U$2:$U$2401,"",0) | P18: =_xlfn.XLOOKUP($A18,ALGLIB_SSA_XAUUSD!$AA$2:$AA$2401,ALGLIB_SSA_XAUUSD!$V$2:$V$2401,"",0) | S18: =A18 | T18: =J18 | U18: =K18 | V18: =IF($A18="","",MOD(ROW()-2,12)+1) | W18: =L18 | X18: =IF(F18="","",F18) | Y18: =IF(G18="","",G18) | Z18: =M18 | AA18: =N18 | AB18: =IF(H18="","",H18) | AC18: =O18 | AD18: =IF(I18="","",I18) | AE18: =P18 | AH18: =IF(S18<>"",S18,AH17+900) | AI18: =IF(T18<>"",T18,AI17) | AJ18: =IF(U18<>"",U18,AJ17) | AK18: =IF(W18<>"",W18,"") | AL18: =IF(X18<>"",X18,"") | AM18: =IF(Y18<>"",Y18,"") | AN18: =IF(OR(AL18="",AM18=""),"",AL18-AM18) | AO18: =IF(AN18="","",IF(AN18>0,"Bullish","Bearish")) | AP18: =IF(AO18="",AP17,AO18) | AQ18: =IF(AB18<>"",AB18,"") | AR18: =IF(AD18<>"",AD18,"") | AS18: =IF(AS17+1=13,1,AS17+1) | AT18: =IFERROR(IF(SLOPE($AQ$2:$AQ$13,$AS$2:$AS$13)>0,MIN(3,ABS(SLOPE($AQ$2:$AQ$13,$AS$2:$AS$13))),IF(SLOPE($AQ$2:$AQ$13,$AS$2:$AS$13)<-0.5,-0.5,0)),0) | AU18: =IFERROR(IF(SLOPE($AR$2:$AR$13,$AS$2:$AS$13)<0,MAX(-3,-ABS(SLOPE($AR$2:$AR$13,$AS$2:$AS$13))),IF(SLOPE($AR$2:$AR$13,$AS$2:$AS$13)>0.5,0.5,0)),0) | AV18: =($AQ$14+(AT18*(AS18-1))) | AW18: =($AR$14+(AU18*(AS18-1))) | AX18: =IF(AT18>0,AV18+AT18,AV18) | AY18: =IF(AU18<0,AW18+AU18,AW18) | BA18: =IFERROR(AX18-AQ18,"") | BB18: =IFERROR(AY18-AR18,"") | BD18: =AH18 | BE18: =AI18 | BF18: =AJ18 | BG18: =L18 | BH18: =IF(X18="","",X18) | BI18: =IF(Y18="","",Y18) | BJ18: =Z18 | BK18: =AA18 | BL18: =IFERROR(AX18,"") | BM18: =IFERROR(AY18,"")
A19: =ALGLIB_SSA_XAUUSD!AA19 | B19: =IF($A19="","",INDEX(ALGLIB_SSA_XAUUSD!$B$2:$B$2401,MATCH($A19,ALGLIB_SSA_XAUUSD!$A$2:$A$2401,1))) | C19: =IF($A19="","",INDEX(ALGLIB_SSA_XAUUSD!$C$2:$C$2401,MATCH($A19,ALGLIB_SSA_XAUUSD!$A$2:$A$2401,1))) | D19: =IF($A19="","",INT((ROW()-2)/12)+1) | E19: =IF(AND(E26<>"",D26=D14+1),E14+(E26-E14)*5/12,"") | F19: =IF(AND(F26<>"",D26=D14+1),F14+(F26-F14)*5/12,"") | G19: =IF(AND(G26<>"",D26=D14+1),G14+(G26-G14)*5/12,"") | H19: =IF(AND(H26<>"",D26=D14+1),H14+(H26-H14)*5/12,"") | I19: =IF(AND(L26<>"",D26=D14+1),I14+(I26-I14)*5/12,"") | J19: =_xlfn.XLOOKUP($A19,ALGLIB_SSA_XAUUSD!$AA$2:$AA$2401,ALGLIB_SSA_XAUUSD!$P$2:$P$2401,"",0) | K19: =_xlfn.XLOOKUP($A19,ALGLIB_SSA_XAUUSD!$AA$2:$AA$2401,ALGLIB_SSA_XAUUSD!$Q$2:$Q$2401,"",0) | L19: =_xlfn.XLOOKUP($A19,ALGLIB_SSA_XAUUSD!$AA$2:$AA$2401,ALGLIB_SSA_XAUUSD!$R$2:$R$2401,"",0) | M19: =_xlfn.XLOOKUP($A19,ALGLIB_SSA_XAUUSD!$AA$2:$AA$2401,ALGLIB_SSA_XAUUSD!$S$2:$S$2401,"",0) | N19: =_xlfn.XLOOKUP($A19,ALGLIB_SSA_XAUUSD!$AA$2:$AA$2401,ALGLIB_SSA_XAUUSD!$T$2:$T$2401,"",0) | O19: =_xlfn.XLOOKUP($A19,ALGLIB_SSA_XAUUSD!$AA$2:$AA$2401,ALGLIB_SSA_XAUUSD!$U$2:$U$2401,"",0) | P19: =_xlfn.XLOOKUP($A19,ALGLIB_SSA_XAUUSD!$AA$2:$AA$2401,ALGLIB_SSA_XAUUSD!$V$2:$V$2401,"",0) | S19: =A19 | T19: =J19 | U19: =K19 | V19: =IF($A19="","",MOD(ROW()-2,12)+1) | W19: =L19 | X19: =IF(F19="","",F19) | Y19: =IF(G19="","",G19) | Z19: =M19 | AA19: =N19 | AB19: =IF(H19="","",H19) | AC19: =O19 | AD19: =IF(I19="","",I19) | AE19: =P19 | AH19: =IF(S19<>"",S19,AH18+900) | AI19: =IF(T19<>"",T19,AI18) | AJ19: =IF(U19<>"",U19,AJ18) | AK19: =IF(W19<>"",W19,"") | AL19: =IF(X19<>"",X19,"") | AM19: =IF(Y19<>"",Y19,"") | AN19: =IF(OR(AL19="",AM19=""),"",AL19-AM19) | AO19: =IF(AN19="","",IF(AN19>0,"Bullish","Bearish")) | AP19: =IF(AO19="",AP18,AO19) | AQ19: =IF(AB19<>"",AB19,"") | AR19: =IF(AD19<>"",AD19,"") | AS19: =IF(AS18+1=13,1,AS18+1) | AT19: =IFERROR(IF(SLOPE($AQ$2:$AQ$13,$AS$2:$AS$13)>0,MIN(3,ABS(SLOPE($AQ$2:$AQ$13,$AS$2:$AS$13))),IF(SLOPE($AQ$2:$AQ$13,$AS$2:$AS$13)<-0.5,-0.5,0)),0) | AU19: =IFERROR(IF(SLOPE($AR$2:$AR$13,$AS$2:$AS$13)<0,MAX(-3,-ABS(SLOPE($AR$2:$AR$13,$AS$2:$AS$13))),IF(SLOPE($AR$2:$AR$13,$AS$2:$AS$13)>0.5,0.5,0)),0) | AV19: =($AQ$14+(AT19*(AS19-1))) | AW19: =($AR$14+(AU19*(AS19-1))) | AX19: =IF(AT19>0,AV19+AT19,AV19) | AY19: =IF(AU19<0,AW19+AU19,AW19) | BA19: =IFERROR(AX19-AQ19,"") | BB19: =IFERROR(AY19-AR19,"") | BD19: =AH19 | BE19: =AI19 | BF19: =AJ19 | BG19: =L19 | BH19: =IF(X19="","",X19) | BI19: =IF(Y19="","",Y19) | BJ19: =Z19 | BK19: =AA19 | BL19: =IFERROR(AX19,"") | BM19: =IFERROR(AY19,"")
A20: =ALGLIB_SSA_XAUUSD!AA20 | B20: =IF($A20="","",INDEX(ALGLIB_SSA_XAUUSD!$B$2:$B$2401,MATCH($A20,ALGLIB_SSA_XAUUSD!$A$2:$A$2401,1))) | C20: =IF($A20="","",INDEX(ALGLIB_SSA_XAUUSD!$C$2:$C$2401,MATCH($A20,ALGLIB_SSA_XAUUSD!$A$2:$A$2401,1))) | D20: =IF($A20="","",INT((ROW()-2)/12)+1) | E20: =IF(AND(E26<>"",D26=D14+1),E14+(E26-E14)*6/12,"") | F20: =IF(AND(F26<>"",D26=D14+1),F14+(F26-F14)*6/12,"") | G20: =IF(AND(G26<>"",D26=D14+1),G14+(G26-G14)*6/12,"") | H20: =IF(AND(H26<>"",D26=D14+1),H14+(H26-H14)*6/12,"") | I20: =IF(AND(L26<>"",D26=D14+1),I14+(I26-I14)*6/12,"") | J20: =_xlfn.XLOOKUP($A20,ALGLIB_SSA_XAUUSD!$AA$2:$AA$2401,ALGLIB_SSA_XAUUSD!$P$2:$P$2401,"",0) | K20: =_xlfn.XLOOKUP($A20,ALGLIB_SSA_XAUUSD!$AA$2:$AA$2401,ALGLIB_SSA_XAUUSD!$Q$2:$Q$2401,"",0) | L20: =_xlfn.XLOOKUP($A20,ALGLIB_SSA_XAUUSD!$AA$2:$AA$2401,ALGLIB_SSA_XAUUSD!$R$2:$R$2401,"",0) | M20: =_xlfn.XLOOKUP($A20,ALGLIB_SSA_XAUUSD!$AA$2:$AA$2401,ALGLIB_SSA_XAUUSD!$S$2:$S$2401,"",0) | N20: =_xlfn.XLOOKUP($A20,ALGLIB_SSA_XAUUSD!$AA$2:$AA$2401,ALGLIB_SSA_XAUUSD!$T$2:$T$2401,"",0) | O20: =_xlfn.XLOOKUP($A20,ALGLIB_SSA_XAUUSD!$AA$2:$AA$2401,ALGLIB_SSA_XAUUSD!$U$2:$U$2401,"",0) | P20: =_xlfn.XLOOKUP($A20,ALGLIB_SSA_XAUUSD!$AA$2:$AA$2401,ALGLIB_SSA_XAUUSD!$V$2:$V$2401,"",0) | S20: =A20 | T20: =J20 | U20: =K20 | V20: =IF($A20="","",MOD(ROW()-2,12)+1) | W20: =L20 | X20: =IF(F20="","",F20) | Y20: =IF(G20="","",G20) | Z20: =M20 | AA20: =N20 | AB20: =IF(H20="","",H20) | AC20: =O20 | AD20: =IF(I20="","",I20) | AE20: =P20 | AH20: =IF(S20<>"",S20,AH19+900) | AI20: =IF(T20<>"",T20,AI19) | AJ20: =IF(U20<>"",U20,AJ19) | AK20: =IF(W20<>"",W20,"") | AL20: =IF(X20<>"",X20,"") | AM20: =IF(Y20<>"",Y20,"") | AN20: =IF(OR(AL20="",AM20=""),"",AL20-AM20) | AO20: =IF(AN20="","",IF(AN20>0,"Bullish","Bearish")) | AP20: =IF(AO20="",AP19,AO20) | AQ20: =IF(AB20<>"",AB20,"") | AR20: =IF(AD20<>"",AD20,"") | AS20: =IF(AS19+1=13,1,AS19+1) | AT20: =IFERROR(IF(SLOPE($AQ$2:$AQ$13,$AS$2:$AS$13)>0,MIN(3,ABS(SLOPE($AQ$2:$AQ$13,$AS$2:$AS$13))),IF(SLOPE($AQ$2:$AQ$13,$AS$2:$AS$13)<-0.5,-0.5,0)),0) | AU20: =IFERROR(IF(SLOPE($AR$2:$AR$13,$AS$2:$AS$13)<0,MAX(-3,-ABS(SLOPE($AR$2:$AR$13,$AS$2:$AS$13))),IF(SLOPE($AR$2:$AR$13,$AS$2:$AS$13)>0.5,0.5,0)),0) | AV20: =($AQ$14+(AT20*(AS20-1))) | AW20: =($AR$14+(AU20*(AS20-1))) | AX20: =IF(AT20>0,AV20+AT20,AV20) | AY20: =IF(AU20<0,AW20+AU20,AW20) | BA20: =IFERROR(AX20-AQ20,"") | BB20: =IFERROR(AY20-AR20,"") | BD20: =AH20 | BE20: =AI20 | BF20: =AJ20 | BG20: =L20 | BH20: =IF(X20="","",X20) | BI20: =IF(Y20="","",Y20) | BJ20: =Z20 | BK20: =AA20 | BL20: =IFERROR(AX20,"") | BM20: =IFERROR(AY20,"")
A21: =ALGLIB_SSA_XAUUSD!AA21 | B21: =IF($A21="","",INDEX(ALGLIB_SSA_XAUUSD!$B$2:$B$2401,MATCH($A21,ALGLIB_SSA_XAUUSD!$A$2:$A$2401,1))) | C21: =IF($A21="","",INDEX(ALGLIB_SSA_XAUUSD!$C$2:$C$2401,MATCH($A21,ALGLIB_SSA_XAUUSD!$A$2:$A$2401,1))) | D21: =IF($A21="","",INT((ROW()-2)/12)+1) | E21: =IF(AND(E26<>"",D26=D14+1),E14+(E26-E14)*7/12,"") | F21: =IF(AND(F26<>"",D26=D14+1),F14+(F26-F14)*7/12,"") | G21: =IF(AND(G26<>"",D26=D14+1),G14+(G26-G14)*7/12,"") | H21: =IF(AND(H26<>"",D26=D14+1),H14+(H26-H14)*7/12,"") | I21: =IF(AND(L26<>"",D26=D14+1),I14+(I26-I14)*7/12,"") | J21: =_xlfn.XLOOKUP($A21,ALGLIB_SSA_XAUUSD!$AA$2:$AA$2401,ALGLIB_SSA_XAUUSD!$P$2:$P$2401,"",0) | K21: =_xlfn.XLOOKUP($A21,ALGLIB_SSA_XAUUSD!$AA$2:$AA$2401,ALGLIB_SSA_XAUUSD!$Q$2:$Q$2401,"",0) | L21: =_xlfn.XLOOKUP($A21,ALGLIB_SSA_XAUUSD!$AA$2:$AA$2401,ALGLIB_SSA_XAUUSD!$R$2:$R$2401,"",0) | M21: =_xlfn.XLOOKUP($A21,ALGLIB_SSA_XAUUSD!$AA$2:$AA$2401,ALGLIB_SSA_XAUUSD!$S$2:$S$2401,"",0) | N21: =_xlfn.XLOOKUP($A21,ALGLIB_SSA_XAUUSD!$AA$2:$AA$2401,ALGLIB_SSA_XAUUSD!$T$2:$T$2401,"",0) | O21: =_xlfn.XLOOKUP($A21,ALGLIB_SSA_XAUUSD!$AA$2:$AA$2401,ALGLIB_SSA_XAUUSD!$U$2:$U$2401,"",0) | P21: =_xlfn.XLOOKUP($A21,ALGLIB_SSA_XAUUSD!$AA$2:$AA$2401,ALGLIB_SSA_XAUUSD!$V$2:$V$2401,"",0) | S21: =A21 | T21: =J21 | U21: =K21 | V21: =IF($A21="","",MOD(ROW()-2,12)+1) | W21: =L21 | X21: =IF(F21="","",F21) | Y21: =IF(G21="","",G21) | Z21: =M21 | AA21: =N21 | AB21: =IF(H21="","",H21) | AC21: =O21 | AD21: =IF(I21="","",I21) | AE21: =P21 | AH21: =IF(S21<>"",S21,AH20+900) | AI21: =IF(T21<>"",T21,AI20) | AJ21: =IF(U21<>"",U21,AJ20) | AK21: =IF(W21<>"",W21,"") | AL21: =IF(X21<>"",X21,"") | AM21: =IF(Y21<>"",Y21,"") | AN21: =IF(OR(AL21="",AM21=""),"",AL21-AM21) | AO21: =IF(AN21="","",IF(AN21>0,"Bullish","Bearish")) | AP21: =IF(AO21="",AP20,AO21) | AQ21: =IF(AB21<>"",AB21,"") | AR21: =IF(AD21<>"",AD21,"") | AS21: =IF(AS20+1=13,1,AS20+1) | AT21: =IFERROR(IF(SLOPE($AQ$2:$AQ$13,$AS$2:$AS$13)>0,MIN(3,ABS(SLOPE($AQ$2:$AQ$13,$AS$2:$AS$13))),IF(SLOPE($AQ$2:$AQ$13,$AS$2:$AS$13)<-0.5,-0.5,0)),0) | AU21: =IFERROR(IF(SLOPE($AR$2:$AR$13,$AS$2:$AS$13)<0,MAX(-3,-ABS(SLOPE($AR$2:$AR$13,$AS$2:$AS$13))),IF(SLOPE($AR$2:$AR$13,$AS$2:$AS$13)>0.5,0.5,0)),0) | AV21: =($AQ$14+(AT21*(AS21-1))) | AW21: =($AR$14+(AU21*(AS21-1))) | AX21: =IF(AT21>0,AV21+AT21,AV21) | AY21: =IF(AU21<0,AW21+AU21,AW21) | BA21: =IFERROR(AX21-AQ21,"") | BB21: =IFERROR(AY21-AR21,"") | BD21: =AH21 | BE21: =AI21 | BF21: =AJ21 | BG21: =L21 | BH21: =IF(X21="","",X21) | BI21: =IF(Y21="","",Y21) | BJ21: =Z21 | BK21: =AA21 | BL21: =IFERROR(AX21,"") | BM21: =IFERROR(AY21,"")
A22: =ALGLIB_SSA_XAUUSD!AA22 | B22: =IF($A22="","",INDEX(ALGLIB_SSA_XAUUSD!$B$2:$B$2401,MATCH($A22,ALGLIB_SSA_XAUUSD!$A$2:$A$2401,1))) | C22: =IF($A22="","",INDEX(ALGLIB_SSA_XAUUSD!$C$2:$C$2401,MATCH($A22,ALGLIB_SSA_XAUUSD!$A$2:$A$2401,1))) | D22: =IF($A22="","",INT((ROW()-2)/12)+1) | E22: =IF(AND(E26<>"",D26=D14+1),E14+(E26-E14)*8/12,"") | F22: =IF(AND(F26<>"",D26=D14+1),F14+(F26-F14)*8/12,"") | G22: =IF(AND(G26<>"",D26=D14+1),G14+(G26-G14)*8/12,"") | H22: =IF(AND(H26<>"",D26=D14+1),H14+(H26-H14)*8/12,"") | I22: =IF(AND(L26<>"",D26=D14+1),I14+(I26-I14)*8/12,"") | J22: =_xlfn.XLOOKUP($A22,ALGLIB_SSA_XAUUSD!$AA$2:$AA$2401,ALGLIB_SSA_XAUUSD!$P$2:$P$2401,"",0) | K22: =_xlfn.XLOOKUP($A22,ALGLIB_SSA_XAUUSD!$AA$2:$AA$2401,ALGLIB_SSA_XAUUSD!$Q$2:$Q$2401,"",0) | L22: =_xlfn.XLOOKUP($A22,ALGLIB_SSA_XAUUSD!$AA$2:$AA$2401,ALGLIB_SSA_XAUUSD!$R$2:$R$2401,"",0) | M22: =_xlfn.XLOOKUP($A22,ALGLIB_SSA_XAUUSD!$AA$2:$AA$2401,ALGLIB_SSA_XAUUSD!$S$2:$S$2401,"",0) | N22: =_xlfn.XLOOKUP($A22,ALGLIB_SSA_XAUUSD!$AA$2:$AA$2401,ALGLIB_SSA_XAUUSD!$T$2:$T$2401,"",0) | O22: =_xlfn.XLOOKUP($A22,ALGLIB_SSA_XAUUSD!$AA$2:$AA$2401,ALGLIB_SSA_XAUUSD!$U$2:$U$2401,"",0) | P22: =_xlfn.XLOOKUP($A22,ALGLIB_SSA_XAUUSD!$AA$2:$AA$2401,ALGLIB_SSA_XAUUSD!$V$2:$V$2401,"",0) | S22: =A22 | T22: =J22 | U22: =K22 | V22: =IF($A22="","",MOD(ROW()-2,12)+1) | W22: =L22 | X22: =IF(F22="","",F22) | Y22: =IF(G22="","",G22) | Z22: =M22 | AA22: =N22 | AB22: =IF(H22="","",H22) | AC22: =O22 | AD22: =IF(I22="","",I22) | AE22: =P22 | AH22: =IF(S22<>"",S22,AH21+900) | AI22: =IF(T22<>"",T22,AI21) | AJ22: =IF(U22<>"",U22,AJ21) | AK22: =IF(W22<>"",W22,"") | AL22: =IF(X22<>"",X22,"") | AM22: =IF(Y22<>"",Y22,"") | AN22: =IF(OR(AL22="",AM22=""),"",AL22-AM22) | AO22: =IF(AN22="","",IF(AN22>0,"Bullish","Bearish")) | AP22: =IF(AO22="",AP21,AO22) | AQ22: =IF(AB22<>"",AB22,"") | AR22: =IF(AD22<>"",AD22,"") | AS22: =IF(AS21+1=13,1,AS21+1) | AT22: =IFERROR(IF(SLOPE($AQ$2:$AQ$13,$AS$2:$AS$13)>0,MIN(3,ABS(SLOPE($AQ$2:$AQ$13,$AS$2:$AS$13))),IF(SLOPE($AQ$2:$AQ$13,$AS$2:$AS$13)<-0.5,-0.5,0)),0) | AU22: =IFERROR(IF(SLOPE($AR$2:$AR$13,$AS$2:$AS$13)<0,MAX(-3,-ABS(SLOPE($AR$2:$AR$13,$AS$2:$AS$13))),IF(SLOPE($AR$2:$AR$13,$AS$2:$AS$13)>0.5,0.5,0)),0) | AV22: =($AQ$14+(AT22*(AS22-1))) | AW22: =($AR$14+(AU22*(AS22-1))) | AX22: =IF(AT22>0,AV22+AT22,AV22) | AY22: =IF(AU22<0,AW22+AU22,AW22) | BA22: =IFERROR(AX22-AQ22,"") | BB22: =IFERROR(AY22-AR22,"") | BD22: =AH22 | BE22: =AI22 | BF22: =AJ22 | BG22: =L22 | BH22: =IF(X22="","",X22) | BI22: =IF(Y22="","",Y22) | BJ22: =Z22 | BK22: =AA22 | BL22: =IFERROR(AX22,"") | BM22: =IFERROR(AY22,"")
A23: =ALGLIB_SSA_XAUUSD!AA23 | B23: =IF($A23="","",INDEX(ALGLIB_SSA_XAUUSD!$B$2:$B$2401,MATCH($A23,ALGLIB_SSA_XAUUSD!$A$2:$A$2401,1))) | C23: =IF($A23="","",INDEX(ALGLIB_SSA_XAUUSD!$C$2:$C$2401,MATCH($A23,ALGLIB_SSA_XAUUSD!$A$2:$A$2401,1))) | D23: =IF($A23="","",INT((ROW()-2)/12)+1) | E23: =IF(AND(E26<>"",D26=D14+1),E14+(E26-E14)*9/12,"") | F23: =IF(AND(F26<>"",D26=D14+1),F14+(F26-F14)*9/12,"") | G23: =IF(AND(G26<>"",D26=D14+1),G14+(G26-G14)*9/12,"") | H23: =IF(AND(H26<>"",D26=D14+1),H14+(H26-H14)*9/12,"") | I23: =IF(AND(L26<>"",D26=D14+1),I14+(I26-I14)*9/12,"") | J23: =_xlfn.XLOOKUP($A23,ALGLIB_SSA_XAUUSD!$AA$2:$AA$2401,ALGLIB_SSA_XAUUSD!$P$2:$P$2401,"",0) | K23: =_xlfn.XLOOKUP($A23,ALGLIB_SSA_XAUUSD!$AA$2:$AA$2401,ALGLIB_SSA_XAUUSD!$Q$2:$Q$2401,"",0) | L23: =_xlfn.XLOOKUP($A23,ALGLIB_SSA_XAUUSD!$AA$2:$AA$2401,ALGLIB_SSA_XAUUSD!$R$2:$R$2401,"",0) | M23: =_xlfn.XLOOKUP($A23,ALGLIB_SSA_XAUUSD!$AA$2:$AA$2401,ALGLIB_SSA_XAUUSD!$S$2:$S$2401,"",0) | N23: =_xlfn.XLOOKUP($A23,ALGLIB_SSA_XAUUSD!$AA$2:$AA$2401,ALGLIB_SSA_XAUUSD!$T$2:$T$2401,"",0) | O23: =_xlfn.XLOOKUP($A23,ALGLIB_SSA_XAUUSD!$AA$2:$AA$2401,ALGLIB_SSA_XAUUSD!$U$2:$U$2401,"",0) | P23: =_xlfn.XLOOKUP($A23,ALGLIB_SSA_XAUUSD!$AA$2:$AA$2401,ALGLIB_SSA_XAUUSD!$V$2:$V$2401,"",0) | S23: =A23 | T23: =J23 | U23: =K23 | V23: =IF($A23="","",MOD(ROW()-2,12)+1) | W23: =L23 | X23: =IF(F23="","",F23) | Y23: =IF(G23="","",G23) | Z23: =M23 | AA23: =N23 | AB23: =IF(H23="","",H23) | AC23: =O23 | AD23: =IF(I23="","",I23) | AE23: =P23 | AH23: =IF(S23<>"",S23,AH22+900) | AI23: =IF(T23<>"",T23,AI22) | AJ23: =IF(U23<>"",U23,AJ22) | AK23: =IF(W23<>"",W23,"") | AL23: =IF(X23<>"",X23,"") | AM23: =IF(Y23<>"",Y23,"") | AN23: =IF(OR(AL23="",AM23=""),"",AL23-AM23) | AO23: =IF(AN23="","",IF(AN23>0,"Bullish","Bearish")) | AP23: =IF(AO23="",AP22,AO23) | AQ23: =IF(AB23<>"",AB23,"") | AR23: =IF(AD23<>"",AD23,"") | AS23: =IF(AS22+1=13,1,AS22+1) | AT23: =IFERROR(IF(SLOPE($AQ$2:$AQ$13,$AS$2:$AS$13)>0,MIN(3,ABS(SLOPE($AQ$2:$AQ$13,$AS$2:$AS$13))),IF(SLOPE($AQ$2:$AQ$13,$AS$2:$AS$13)<-0.5,-0.5,0)),0) | AU23: =IFERROR(IF(SLOPE($AR$2:$AR$13,$AS$2:$AS$13)<0,MAX(-3,-ABS(SLOPE($AR$2:$AR$13,$AS$2:$AS$13))),IF(SLOPE($AR$2:$AR$13,$AS$2:$AS$13)>0.5,0.5,0)),0) | AV23: =($AQ$14+(AT23*(AS23-1))) | AW23: =($AR$14+(AU23*(AS23-1))) | AX23: =IF(AT23>0,AV23+AT23,AV23) | AY23: =IF(AU23<0,AW23+AU23,AW23) | BA23: =IFERROR(AX23-AQ23,"") | BB23: =IFERROR(AY23-AR23,"") | BD23: =AH23 | BE23: =AI23 | BF23: =AJ23 | BG23: =L23 | BH23: =IF(X23="","",X23) | BI23: =IF(Y23="","",Y23) | BJ23: =Z23 | BK23: =AA23 | BL23: =IFERROR(AX23,"") | BM23: =IFERROR(AY23,"")
A24: =ALGLIB_SSA_XAUUSD!AA24 | B24: =IF($A24="","",INDEX(ALGLIB_SSA_XAUUSD!$B$2:$B$2401,MATCH($A24,ALGLIB_SSA_XAUUSD!$A$2:$A$2401,1))) | C24: =IF($A24="","",INDEX(ALGLIB_SSA_XAUUSD!$C$2:$C$2401,MATCH($A24,ALGLIB_SSA_XAUUSD!$A$2:$A$2401,1))) | D24: =IF($A24="","",INT((ROW()-2)/12)+1) | E24: =IF(AND(E26<>"",D26=D14+1),E14+(E26-E14)*10/12,"") | F24: =IF(AND(F26<>"",D26=D14+1),F14+(F26-F14)*10/12,"") | G24: =IF(AND(G26<>"",D26=D14+1),G14+(G26-G14)*10/12,"") | H24: =IF(AND(H26<>"",D26=D14+1),H14+(H26-H14)*10/12,"") | I24: =IF(AND(L26<>"",D26=D14+1),I14+(I26-I14)*10/12,"") | J24: =_xlfn.XLOOKUP($A24,ALGLIB_SSA_XAUUSD!$AA$2:$AA$2401,ALGLIB_SSA_XAUUSD!$P$2:$P$2401,"",0) | K24: =_xlfn.XLOOKUP($A24,ALGLIB_SSA_XAUUSD!$AA$2:$AA$2401,ALGLIB_SSA_XAUUSD!$Q$2:$Q$2401,"",0) | L24: =_xlfn.XLOOKUP($A24,ALGLIB_SSA_XAUUSD!$AA$2:$AA$2401,ALGLIB_SSA_XAUUSD!$R$2:$R$2401,"",0) | M24: =_xlfn.XLOOKUP($A24,ALGLIB_SSA_XAUUSD!$AA$2:$AA$2401,ALGLIB_SSA_XAUUSD!$S$2:$S$2401,"",0) | N24: =_xlfn.XLOOKUP($A24,ALGLIB_SSA_XAUUSD!$AA$2:$AA$2401,ALGLIB_SSA_XAUUSD!$T$2:$T$2401,"",0) | O24: =_xlfn.XLOOKUP($A24,ALGLIB_SSA_XAUUSD!$AA$2:$AA$2401,ALGLIB_SSA_XAUUSD!$U$2:$U$2401,"",0) | P24: =_xlfn.XLOOKUP($A24,ALGLIB_SSA_XAUUSD!$AA$2:$AA$2401,ALGLIB_SSA_XAUUSD!$V$2:$V$2401,"",0) | S24: =A24 | T24: =J24 | U24: =K24 | V24: =IF($A24="","",MOD(ROW()-2,12)+1) | W24: =L24 | X24: =IF(F24="","",F24) | Y24: =IF(G24="","",G24) | Z24: =M24 | AA24: =N24 | AB24: =IF(H24="","",H24) | AC24: =O24 | AD24: =IF(I24="","",I24) | AE24: =P24 | AH24: =IF(S24<>"",S24,AH23+900) | AI24: =IF(T24<>"",T24,AI23) | AJ24: =IF(U24<>"",U24,AJ23) | AK24: =IF(W24<>"",W24,"") | AL24: =IF(X24<>"",X24,"") | AM24: =IF(Y24<>"",Y24,"") | AN24: =IF(OR(AL24="",AM24=""),"",AL24-AM24) | AO24: =IF(AN24="","",IF(AN24>0,"Bullish","Bearish")) | AP24: =IF(AO24="",AP23,AO24) | AQ24: =IF(AB24<>"",AB24,"") | AR24: =IF(AD24<>"",AD24,"") | AS24: =IF(AS23+1=13,1,AS23+1) | AT24: =IFERROR(IF(SLOPE($AQ$2:$AQ$13,$AS$2:$AS$13)>0,MIN(3,ABS(SLOPE($AQ$2:$AQ$13,$AS$2:$AS$13))),IF(SLOPE($AQ$2:$AQ$13,$AS$2:$AS$13)<-0.5,-0.5,0)),0) | AU24: =IFERROR(IF(SLOPE($AR$2:$AR$13,$AS$2:$AS$13)<0,MAX(-3,-ABS(SLOPE($AR$2:$AR$13,$AS$2:$AS$13))),IF(SLOPE($AR$2:$AR$13,$AS$2:$AS$13)>0.5,0.5,0)),0) | AV24: =($AQ$14+(AT24*(AS24-1))) | AW24: =($AR$14+(AU24*(AS24-1))) | AX24: =IF(AT24>0,AV24+AT24,AV24) | AY24: =IF(AU24<0,AW24+AU24,AW24) | BA24: =IFERROR(AX24-AQ24,"") | BB24: =IFERROR(AY24-AR24,"") | BD24: =AH24 | BE24: =AI24 | BF24: =AJ24 | BG24: =L24 | BH24: =IF(X24="","",X24) | BI24: =IF(Y24="","",Y24) | BJ24: =Z24 | BK24: =AA24 | BL24: =IFERROR(AX24,"") | BM24: =IFERROR(AY24,"")
A25: =ALGLIB_SSA_XAUUSD!AA25 | B25: =IF($A25="","",INDEX(ALGLIB_SSA_XAUUSD!$B$2:$B$2401,MATCH($A25,ALGLIB_SSA_XAUUSD!$A$2:$A$2401,1))) | C25: =IF($A25="","",INDEX(ALGLIB_SSA_XAUUSD!$C$2:$C$2401,MATCH($A25,ALGLIB_SSA_XAUUSD!$A$2:$A$2401,1))) | D25: =IF($A25="","",INT((ROW()-2)/12)+1) | E25: =IF(AND(E26<>"",D26=D14+1),E14+(E26-E14)*11/12,"") | F25: =IF(AND(F26<>"",D26=D14+1),F14+(F26-F14)*11/12,"") | G25: =IF(AND(G26<>"",D26=D14+1),G14+(G26-G14)*11/12,"") | H25: =IF(AND(H26<>"",D26=D14+1),H14+(H26-H14)*11/12,"") | I25: =IF(AND(L26<>"",D26=D14+1),I14+(I26-I14)*11/12,"") | J25: =_xlfn.XLOOKUP($A25,ALGLIB_SSA_XAUUSD!$AA$2:$AA$2401,ALGLIB_SSA_XAUUSD!$P$2:$P$2401,"",0) | K25: =_xlfn.XLOOKUP($A25,ALGLIB_SSA_XAUUSD!$AA$2:$AA$2401,ALGLIB_SSA_XAUUSD!$Q$2:$Q$2401,"",0) | L25: =_xlfn.XLOOKUP($A25,ALGLIB_SSA_XAUUSD!$AA$2:$AA$2401,ALGLIB_SSA_XAUUSD!$R$2:$R$2401,"",0) | M25: =_xlfn.XLOOKUP($A25,ALGLIB_SSA_XAUUSD!$AA$2:$AA$2401,ALGLIB_SSA_XAUUSD!$S$2:$S$2401,"",0) | N25: =_xlfn.XLOOKUP($A25,ALGLIB_SSA_XAUUSD!$AA$2:$AA$2401,ALGLIB_SSA_XAUUSD!$T$2:$T$2401,"",0) | O25: =_xlfn.XLOOKUP($A25,ALGLIB_SSA_XAUUSD!$AA$2:$AA$2401,ALGLIB_SSA_XAUUSD!$U$2:$U$2401,"",0) | P25: =_xlfn.XLOOKUP($A25,ALGLIB_SSA_XAUUSD!$AA$2:$AA$2401,ALGLIB_SSA_XAUUSD!$V$2:$V$2401,"",0) | S25: =A25 | T25: =J25 | U25: =K25 | V25: =IF($A25="","",MOD(ROW()-2,12)+1) | W25: =L25 | X25: =IF(F25="","",F25) | Y25: =IF(G25="","",G25) | Z25: =M25 | AA25: =N25 | AB25: =IF(H25="","",H25) | AC25: =O25 | AD25: =IF(I25="","",I25) | AE25: =P25 | AH25: =IF(S25<>"",S25,AH24+900) | AI25: =IF(T25<>"",T25,AI24) | AJ25: =IF(U25<>"",U25,AJ24) | AK25: =IF(W25<>"",W25,"") | AL25: =IF(X25<>"",X25,"") | AM25: =IF(Y25<>"",Y25,"") | AN25: =IF(OR(AL25="",AM25=""),"",AL25-AM25) | AO25: =IF(AN25="","",IF(AN25>0,"Bullish","Bearish")) | AP25: =IF(AO25="",AP24,AO25) | AQ25: =IF(AB25<>"",AB25,"") | AR25: =IF(AD25<>"",AD25,"") | AS25: =IF(AS24+1=13,1,AS24+1) | AT25: =IFERROR(IF(SLOPE($AQ$2:$AQ$13,$AS$2:$AS$13)>0,MIN(3,ABS(SLOPE($AQ$2:$AQ$13,$AS$2:$AS$13))),IF(SLOPE($AQ$2:$AQ$13,$AS$2:$AS$13)<-0.5,-0.5,0)),0) | AU25: =IFERROR(IF(SLOPE($AR$2:$AR$13,$AS$2:$AS$13)<0,MAX(-3,-ABS(SLOPE($AR$2:$AR$13,$AS$2:$AS$13))),IF(SLOPE($AR$2:$AR$13,$AS$2:$AS$13)>0.5,0.5,0)),0) | AV25: =($AQ$14+(AT25*(AS25-1))) | AW25: =($AR$14+(AU25*(AS25-1))) | AX25: =IF(AT25>0,AV25+AT25,AV25) | AY25: =IF(AU25<0,AW25+AU25,AW25) | BA25: =IFERROR(AX25-AQ25,"") | BB25: =IFERROR(AY25-AR25,"") | BD25: =AH25 | BE25: =AI25 | BF25: =AJ25 | BG25: =L25 | BH25: =IF(X25="","",X25) | BI25: =IF(Y25="","",Y25) | BJ25: =Z25 | BK25: =AA25 | BL25: =IFERROR(AX25,"") | BM25: =IFERROR(AY25,"")
A26: =ALGLIB_SSA_XAUUSD!AA26 | B26: =IF($A26="","",INDEX(ALGLIB_SSA_XAUUSD!$B$2:$B$2401,MATCH($A26,ALGLIB_SSA_XAUUSD!$A$2:$A$2401,1))) | C26: =IF($A26="","",INDEX(ALGLIB_SSA_XAUUSD!$C$2:$C$2401,MATCH($A26,ALGLIB_SSA_XAUUSD!$A$2:$A$2401,1))) | D26: =IF($A26="","",INT((ROW()-2)/12)+1) | E26: =IF($A26="","",INDEX(ALGLIB_SSA_XAUUSD!$D$2:$D$2401,MATCH($A26,ALGLIB_SSA_XAUUSD!$A$2:$A$2401,1))) | F26: =IF($A26="","",INDEX(ALGLIB_SSA_XAUUSD!$E$2:$E$2401,MATCH($A26,ALGLIB_SSA_XAUUSD!$A$2:$A$2401,1))) | G26: =IF($A26="","",INDEX(ALGLIB_SSA_XAUUSD!$F$2:$F$2401,MATCH($A26,ALGLIB_SSA_XAUUSD!$A$2:$A$2401,1))) | H26: =IF($A26="","",INDEX(ALGLIB_SSA_XAUUSD!$G$2:$G$2401,MATCH($A26,ALGLIB_SSA_XAUUSD!$A$2:$A$2401,1))) | I26: =IF($A26="","",INDEX(ALGLIB_SSA_XAUUSD!$H$2:$H$2401,MATCH($A26,ALGLIB_SSA_XAUUSD!$A$2:$A$2401,1))) | J26: =_xlfn.XLOOKUP($A26,ALGLIB_SSA_XAUUSD!$AA$2:$AA$2401,ALGLIB_SSA_XAUUSD!$P$2:$P$2401,"",0) | K26: =_xlfn.XLOOKUP($A26,ALGLIB_SSA_XAUUSD!$AA$2:$AA$2401,ALGLIB_SSA_XAUUSD!$Q$2:$Q$2401,"",0) | L26: =_xlfn.XLOOKUP($A26,ALGLIB_SSA_XAUUSD!$AA$2:$AA$2401,ALGLIB_SSA_XAUUSD!$R$2:$R$2401,"",0) | M26: =_xlfn.XLOOKUP($A26,ALGLIB_SSA_XAUUSD!$AA$2:$AA$2401,ALGLIB_SSA_XAUUSD!$S$2:$S$2401,"",0) | N26: =_xlfn.XLOOKUP($A26,ALGLIB_SSA_XAUUSD!$AA$2:$AA$2401,ALGLIB_SSA_XAUUSD!$T$2:$T$2401,"",0) | O26: =_xlfn.XLOOKUP($A26,ALGLIB_SSA_XAUUSD!$AA$2:$AA$2401,ALGLIB_SSA_XAUUSD!$U$2:$U$2401,"",0) | P26: =_xlfn.XLOOKUP($A26,ALGLIB_SSA_XAUUSD!$AA$2:$AA$2401,ALGLIB_SSA_XAUUSD!$V$2:$V$2401,"",0) | S26: =A26 | T26: =J26 | U26: =K26 | V26: =IF($A26="","",MOD(ROW()-2,12)+1) | W26: =L26 | X26: =IF(F26="","",F26) | Y26: =IF(G26="","",G26) | Z26: =M26 | AA26: =N26 | AB26: =IF(H26="","",H26) | AC26: =O26 | AD26: =IF(I26="","",I26) | AE26: =P26 | AH26: =IF(S26<>"",S26,AH25+900) | AI26: =IF(T26<>"",T26,AI25) | AJ26: =IF(U26<>"",U26,AJ25) | AK26: =IF(W26<>"",W26,"") | AL26: =IF(X26<>"",X26,"") | AM26: =IF(Y26<>"",Y26,"") | AN26: =IF(OR(AL26="",AM26=""),"",AL26-AM26) | AO26: =IF(AN26="","",IF(AN26>0,"Bullish","Bearish")) | AP26: =IF(AO26="",AP25,AO26) | AQ26: =IF(AB26<>"",AB26,"") | AR26: =IF(AD26<>"",AD26,"") | AS26: =IF(AS25+1=13,1,AS25+1) | AT26: =IFERROR(IF(SLOPE($AQ$14:$AQ$25,$AS$14:$AS$25)>0,MIN(3,ABS(SLOPE($AQ$14:$AQ$25,$AS$14:$AS$25))),IF(SLOPE($AQ$14:$AQ$25,$AS$14:$AS$25)<-0.5,-0.5,0)),0) | AU26: =IFERROR(IF(SLOPE($AR$14:$AR$25,$AS$14:$AS$25)<0,MAX(-3,-ABS(SLOPE($AR$14:$AR$25,$AS$14:$AS$25))),IF(SLOPE($AR$14:$AR$25,$AS$14:$AS$25)>0.5,0.5,0)),0) | AV26: =($AQ$26+(AT26*(AS26-1))) | AW26: =($AR$26+(AU26*(AS26-1))) | AX26: =IF(AT26>0,AV26+AT26,AV26) | AY26: =IF(AU26<0,AW26+AU26,AW26) | BA26: =IFERROR(AX26-AQ26,"") | BB26: =IFERROR(AY26-AR26,"") | BD26: =AH26 | BE26: =AI26 | BF26: =AJ26 | BG26: =L26 | BH26: =IF(X26="","",X26) | BI26: =IF(Y26="","",Y26) | BJ26: =Z26 | BK26: =AA26 | BL26: =IFERROR(AX26,"") | BM26: =IFERROR(AY26,"")
A27: =ALGLIB_SSA_XAUUSD!AA27 | B27: =IF($A27="","",INDEX(ALGLIB_SSA_XAUUSD!$B$2:$B$2401,MATCH($A27,ALGLIB_SSA_XAUUSD!$A$2:$A$2401,1))) | C27: =IF($A27="","",INDEX(ALGLIB_SSA_XAUUSD!$C$2:$C$2401,MATCH($A27,ALGLIB_SSA_XAUUSD!$A$2:$A$2401,1))) | D27: =IF($A27="","",INT((ROW()-2)/12)+1) | E27: =IF(AND(E38<>"",D38=D26+1),E26+(E38-E26)*1/12,"") | F27: =IF(AND(F38<>"",D38=D26+1),F26+(F38-F26)*1/12,"") | G27: =IF(AND(G38<>"",D38=D26+1),G26+(G38-G26)*1/12,"") | H27: =IF(AND(H38<>"",D38=D26+1),H26+(H38-H26)*1/12,"") | I27: =IF(AND(L38<>"",D38=D26+1),I26+(I38-I26)*1/12,"") | J27: =_xlfn.XLOOKUP($A27,ALGLIB_SSA_XAUUSD!$AA$2:$AA$2401,ALGLIB_SSA_XAUUSD!$P$2:$P$2401,"",0) | K27: =_xlfn.XLOOKUP($A27,ALGLIB_SSA_XAUUSD!$AA$2:$AA$2401,ALGLIB_SSA_XAUUSD!$Q$2:$Q$2401,"",0) | L27: =_xlfn.XLOOKUP($A27,ALGLIB_SSA_XAUUSD!$AA$2:$AA$2401,ALGLIB_SSA_XAUUSD!$R$2:$R$2401,"",0) | M27: =_xlfn.XLOOKUP($A27,ALGLIB_SSA_XAUUSD!$AA$2:$AA$2401,ALGLIB_SSA_XAUUSD!$S$2:$S$2401,"",0) | N27: =_xlfn.XLOOKUP($A27,ALGLIB_SSA_XAUUSD!$AA$2:$AA$2401,ALGLIB_SSA_XAUUSD!$T$2:$T$2401,"",0) | O27: =_xlfn.XLOOKUP($A27,ALGLIB_SSA_XAUUSD!$AA$2:$AA$2401,ALGLIB_SSA_XAUUSD!$U$2:$U$2401,"",0) | P27: =_xlfn.XLOOKUP($A27,ALGLIB_SSA_XAUUSD!$AA$2:$AA$2401,ALGLIB_SSA_XAUUSD!$V$2:$V$2401,"",0) | S27: =A27 | T27: =J27 | U27: =K27 | V27: =IF($A27="","",MOD(ROW()-2,12)+1) | W27: =L27 | X27: =IF(F27="","",F27) | Y27: =IF(G27="","",G27) | Z27: =M27 | AA27: =N27 | AB27: =IF(H27="","",H27) | AC27: =O27 | AD27: =IF(I27="","",I27) | AE27: =P27 | AH27: =IF(S27<>"",S27,AH26+900) | AI27: =IF(T27<>"",T27,AI26) | AJ27: =IF(U27<>"",U27,AJ26) | AK27: =IF(W27<>"",W27,"") | AL27: =IF(X27<>"",X27,"") | AM27: =IF(Y27<>"",Y27,"") | AN27: =IF(OR(AL27="",AM27=""),"",AL27-AM27) | AO27: =IF(AN27="","",IF(AN27>0,"Bullish","Bearish")) | AP27: =IF(AO27="",AP26,AO27) | AQ27: =IF(AB27<>"",AB27,"") | AR27: =IF(AD27<>"",AD27,"") | AS27: =IF(AS26+1=13,1,AS26+1) | AT27: =IFERROR(IF(SLOPE($AQ$14:$AQ$25,$AS$14:$AS$25)>0,MIN(3,ABS(SLOPE($AQ$14:$AQ$25,$AS$14:$AS$25))),IF(SLOPE($AQ$14:$AQ$25,$AS$14:$AS$25)<-0.5,-0.5,0)),0) | AU27: =IFERROR(IF(SLOPE($AR$14:$AR$25,$AS$14:$AS$25)<0,MAX(-3,-ABS(SLOPE($AR$14:$AR$25,$AS$14:$AS$25))),IF(SLOPE($AR$14:$AR$25,$AS$14:$AS$25)>0.5,0.5,0)),0) | AV27: =($AQ$26+(AT27*(AS27-1))) | AW27: =($AR$26+(AU27*(AS27-1))) | AX27: =IF(AT27>0,AV27+AT27,AV27) | AY27: =IF(AU27<0,AW27+AU27,AW27) | BA27: =IFERROR(AX27-AQ27,"") | BB27: =IFERROR(AY27-AR27,"") | BD27: =AH27 | BE27: =AI27 | BF27: =AJ27 | BG27: =L27 | BH27: =IF(X27="","",X27) | BI27: =IF(Y27="","",Y27) | BJ27: =Z27 | BK27: =AA27 | BL27: =IFERROR(AX27,"") | BM27: =IFERROR(AY27,"")
A28: =ALGLIB_SSA_XAUUSD!AA28 | B28: =IF($A28="","",INDEX(ALGLIB_SSA_XAUUSD!$B$2:$B$2401,MATCH($A28,ALGLIB_SSA_XAUUSD!$A$2:$A$2401,1))) | C28: =IF($A28="","",INDEX(ALGLIB_SSA_XAUUSD!$C$2:$C$2401,MATCH($A28,ALGLIB_SSA_XAUUSD!$A$2:$A$2401,1))) | D28: =IF($A28="","",INT((ROW()-2)/12)+1) | E28: =IF(AND(E38<>"",D38=D26+1),E26+(E38-E26)*2/12,"") | F28: =IF(AND(F38<>"",D38=D26+1),F26+(F38-F26)*2/12,"") | G28: =IF(AND(G38<>"",D38=D26+1),G26+(G38-G26)*2/12,"") | H28: =IF(AND(H38<>"",D38=D26+1),H26+(H38-H26)*2/12,"") | I28: =IF(AND(L38<>"",D38=D26+1),I26+(I38-I26)*2/12,"") | J28: =_xlfn.XLOOKUP($A28,ALGLIB_SSA_XAUUSD!$AA$2:$AA$2401,ALGLIB_SSA_XAUUSD!$P$2:$P$2401,"",0) | K28: =_xlfn.XLOOKUP($A28,ALGLIB_SSA_XAUUSD!$AA$2:$AA$2401,ALGLIB_SSA_XAUUSD!$Q$2:$Q$2401,"",0) | L28: =_xlfn.XLOOKUP($A28,ALGLIB_SSA_XAUUSD!$AA$2:$AA$2401,ALGLIB_SSA_XAUUSD!$R$2:$R$2401,"",0) | M28: =_xlfn.XLOOKUP($A28,ALGLIB_SSA_XAUUSD!$AA$2:$AA$2401,ALGLIB_SSA_XAUUSD!$S$2:$S$2401,"",0) | N28: =_xlfn.XLOOKUP($A28,ALGLIB_SSA_XAUUSD!$AA$2:$AA$2401,ALGLIB_SSA_XAUUSD!$T$2:$T$2401,"",0) | O28: =_xlfn.XLOOKUP($A28,ALGLIB_SSA_XAUUSD!$AA$2:$AA$2401,ALGLIB_SSA_XAUUSD!$U$2:$U$2401,"",0) | P28: =_xlfn.XLOOKUP($A28,ALGLIB_SSA_XAUUSD!$AA$2:$AA$2401,ALGLIB_SSA_XAUUSD!$V$2:$V$2401,"",0) | S28: =A28 | T28: =J28 | U28: =K28 | V28: =IF($A28="","",MOD(ROW()-2,12)+1) | W28: =L28 | X28: =IF(F28="","",F28) | Y28: =IF(G28="","",G28) | Z28: =M28 | AA28: =N28 | AB28: =IF(H28="","",H28) | AC28: =O28 | AD28: =IF(I28="","",I28) | AE28: =P28 | AH28: =IF(S28<>"",S28,AH27+900) | AI28: =IF(T28<>"",T28,AI27) | AJ28: =IF(U28<>"",U28,AJ27) | AK28: =IF(W28<>"",W28,"") | AL28: =IF(X28<>"",X28,"") | AM28: =IF(Y28<>"",Y28,"") | AN28: =IF(OR(AL28="",AM28=""),"",AL28-AM28) | AO28: =IF(AN28="","",IF(AN28>0,"Bullish","Bearish")) | AP28: =IF(AO28="",AP27,AO28) | AQ28: =IF(AB28<>"",AB28,"") | AR28: =IF(AD28<>"",AD28,"") | AS28: =IF(AS27+1=13,1,AS27+1) | AT28: =IFERROR(IF(SLOPE($AQ$14:$AQ$25,$AS$14:$AS$25)>0,MIN(3,ABS(SLOPE($AQ$14:$AQ$25,$AS$14:$AS$25))),IF(SLOPE($AQ$14:$AQ$25,$AS$14:$AS$25)<-0.5,-0.5,0)),0) | AU28: =IFERROR(IF(SLOPE($AR$14:$AR$25,$AS$14:$AS$25)<0,MAX(-3,-ABS(SLOPE($AR$14:$AR$25,$AS$14:$AS$25))),IF(SLOPE($AR$14:$AR$25,$AS$14:$AS$25)>0.5,0.5,0)),0) | AV28: =($AQ$26+(AT28*(AS28-1))) | AW28: =($AR$26+(AU28*(AS28-1))) | AX28: =IF(AT28>0,AV28+AT28,AV28) | AY28: =IF(AU28<0,AW28+AU28,AW28) | BA28: =IFERROR(AX28-AQ28,"") | BB28: =IFERROR(AY28-AR28,"") | BD28: =AH28 | BE28: =AI28 | BF28: =AJ28 | BG28: =L28 | BH28: =IF(X28="","",X28) | BI28: =IF(Y28="","",Y28) | BJ28: =Z28 | BK28: =AA28 | BL28: =IFERROR(AX28,"") | BM28: =IFERROR(AY28,"")
A29: =ALGLIB_SSA_XAUUSD!AA29 | B29: =IF($A29="","",INDEX(ALGLIB_SSA_XAUUSD!$B$2:$B$2401,MATCH($A29,ALGLIB_SSA_XAUUSD!$A$2:$A$2401,1))) | C29: =IF($A29="","",INDEX(ALGLIB_SSA_XAUUSD!$C$2:$C$2401,MATCH($A29,ALGLIB_SSA_XAUUSD!$A$2:$A$2401,1))) | D29: =IF($A29="","",INT((ROW()-2)/12)+1) | E29: =IF(AND(E38<>"",D38=D26+1),E26+(E38-E26)*3/12,"") | F29: =IF(AND(F38<>"",D38=D26+1),F26+(F38-F26)*3/12,"") | G29: =IF(AND(G38<>"",D38=D26+1),G26+(G38-G26)*3/12,"") | H29: =IF(AND(H38<>"",D38=D26+1),H26+(H38-H26)*3/12,"") | I29: =IF(AND(L38<>"",D38=D26+1),I26+(I38-I26)*3/12,"") | J29: =_xlfn.XLOOKUP($A29,ALGLIB_SSA_XAUUSD!$AA$2:$AA$2401,ALGLIB_SSA_XAUUSD!$P$2:$P$2401,"",0) | K29: =_xlfn.XLOOKUP($A29,ALGLIB_SSA_XAUUSD!$AA$2:$AA$2401,ALGLIB_SSA_XAUUSD!$Q$2:$Q$2401,"",0) | L29: =_xlfn.XLOOKUP($A29,ALGLIB_SSA_XAUUSD!$AA$2:$AA$2401,ALGLIB_SSA_XAUUSD!$R$2:$R$2401,"",0) | M29: =_xlfn.XLOOKUP($A29,ALGLIB_SSA_XAUUSD!$AA$2:$AA$2401,ALGLIB_SSA_XAUUSD!$S$2:$S$2401,"",0) | N29: =_xlfn.XLOOKUP($A29,ALGLIB_SSA_XAUUSD!$AA$2:$AA$2401,ALGLIB_SSA_XAUUSD!$T$2:$T$2401,"",0) | O29: =_xlfn.XLOOKUP($A29,ALGLIB_SSA_XAUUSD!$AA$2:$AA$2401,ALGLIB_SSA_XAUUSD!$U$2:$U$2401,"",0) | P29: =_xlfn.XLOOKUP($A29,ALGLIB_SSA_XAUUSD!$AA$2:$AA$2401,ALGLIB_SSA_XAUUSD!$V$2:$V$2401,"",0) | S29: =A29 | T29: =J29 | U29: =K29 | V29: =IF($A29="","",MOD(ROW()-2,12)+1) | W29: =L29 | X29: =IF(F29="","",F29) | Y29: =IF(G29="","",G29) | Z29: =M29 | AA29: =N29 | AB29: =IF(H29="","",H29) | AC29: =O29 | AD29: =IF(I29="","",I29) | AE29: =P29 | AH29: =IF(S29<>"",S29,AH28+900) | AI29: =IF(T29<>"",T29,AI28) | AJ29: =IF(U29<>"",U29,AJ28) | AK29: =IF(W29<>"",W29,"") | AL29: =IF(X29<>"",X29,"") | AM29: =IF(Y29<>"",Y29,"") | AN29: =IF(OR(AL29="",AM29=""),"",AL29-AM29) | AO29: =IF(AN29="","",IF(AN29>0,"Bullish","Bearish")) | AP29: =IF(AO29="",AP28,AO29) | AQ29: =IF(AB29<>"",AB29,"") | AR29: =IF(AD29<>"",AD29,"") | AS29: =IF(AS28+1=13,1,AS28+1) | AT29: =IFERROR(IF(SLOPE($AQ$14:$AQ$25,$AS$14:$AS$25)>0,MIN(3,ABS(SLOPE($AQ$14:$AQ$25,$AS$14:$AS$25))),IF(SLOPE($AQ$14:$AQ$25,$AS$14:$AS$25)<-0.5,-0.5,0)),0) | AU29: =IFERROR(IF(SLOPE($AR$14:$AR$25,$AS$14:$AS$25)<0,MAX(-3,-ABS(SLOPE($AR$14:$AR$25,$AS$14:$AS$25))),IF(SLOPE($AR$14:$AR$25,$AS$14:$AS$25)>0.5,0.5,0)),0) | AV29: =($AQ$26+(AT29*(AS29-1))) | AW29: =($AR$26+(AU29*(AS29-1))) | AX29: =IF(AT29>0,AV29+AT29,AV29) | AY29: =IF(AU29<0,AW29+AU29,AW29) | BA29: =IFERROR(AX29-AQ29,"") | BB29: =IFERROR(AY29-AR29,"") | BD29: =AH29 | BE29: =AI29 | BF29: =AJ29 | BG29: =L29 | BH29: =IF(X29="","",X29) | BI29: =IF(Y29="","",Y29) | BJ29: =Z29 | BK29: =AA29 | BL29: =IFERROR(AX29,"") | BM29: =IFERROR(AY29,"")
A30: =ALGLIB_SSA_XAUUSD!AA30 | B30: =IF($A30="","",INDEX(ALGLIB_SSA_XAUUSD!$B$2:$B$2401,MATCH($A30,ALGLIB_SSA_XAUUSD!$A$2:$A$2401,1))) | C30: =IF($A30="","",INDEX(ALGLIB_SSA_XAUUSD!$C$2:$C$2401,MATCH($A30,ALGLIB_SSA_XAUUSD!$A$2:$A$2401,1))) | D30: =IF($A30="","",INT((ROW()-2)/12)+1) | E30: =IF(AND(E38<>"",D38=D26+1),E26+(E38-E26)*4/12,"") | F30: =IF(AND(F38<>"",D38=D26+1),F26+(F38-F26)*4/12,"") | G30: =IF(AND(G38<>"",D38=D26+1),G26+(G38-G26)*4/12,"") | H30: =IF(AND(H38<>"",D38=D26+1),H26+(H38-H26)*4/12,"") | I30: =IF(AND(L38<>"",D38=D26+1),I26+(I38-I26)*4/12,"") | J30: =_xlfn.XLOOKUP($A30,ALGLIB_SSA_XAUUSD!$AA$2:$AA$2401,ALGLIB_SSA_XAUUSD!$P$2:$P$2401,"",0) | K30: =_xlfn.XLOOKUP($A30,ALGLIB_SSA_XAUUSD!$AA$2:$AA$2401,ALGLIB_SSA_XAUUSD!$Q$2:$Q$2401,"",0) | L30: =_xlfn.XLOOKUP($A30,ALGLIB_SSA_XAUUSD!$AA$2:$AA$2401,ALGLIB_SSA_XAUUSD!$R$2:$R$2401,"",0) | M30: =_xlfn.XLOOKUP($A30,ALGLIB_SSA_XAUUSD!$AA$2:$AA$2401,ALGLIB_SSA_XAUUSD!$S$2:$S$2401,"",0) | N30: =_xlfn.XLOOKUP($A30,ALGLIB_SSA_XAUUSD!$AA$2:$AA$2401,ALGLIB_SSA_XAUUSD!$T$2:$T$2401,"",0) | O30: =_xlfn.XLOOKUP($A30,ALGLIB_SSA_XAUUSD!$AA$2:$AA$2401,ALGLIB_SSA_XAUUSD!$U$2:$U$2401,"",0) | P30: =_xlfn.XLOOKUP($A30,ALGLIB_SSA_XAUUSD!$AA$2:$AA$2401,ALGLIB_SSA_XAUUSD!$V$2:$V$2401,"",0) | S30: =A30 | T30: =J30 | U30: =K30 | V30: =IF($A30="","",MOD(ROW()-2,12)+1) | W30: =L30 | X30: =IF(F30="","",F30) | Y30: =IF(G30="","",G30) | Z30: =M30 | AA30: =N30 | AB30: =IF(H30="","",H30) | AC30: =O30 | AD30: =IF(I30="","",I30) | AE30: =P30 | AH30: =IF(S30<>"",S30,AH29+900) | AI30: =IF(T30<>"",T30,AI29) | AJ30: =IF(U30<>"",U30,AJ29) | AK30: =IF(W30<>"",W30,"") | AL30: =IF(X30<>"",X30,"") | AM30: =IF(Y30<>"",Y30,"") | AN30: =IF(OR(AL30="",AM30=""),"",AL30-AM30) | AO30: =IF(AN30="","",IF(AN30>0,"Bullish","Bearish")) | AP30: =IF(AO30="",AP29,AO30) | AQ30: =IF(AB30<>"",AB30,"") | AR30: =IF(AD30<>"",AD30,"") | AS30: =IF(AS29+1=13,1,AS29+1) | AT30: =IFERROR(IF(SLOPE($AQ$14:$AQ$25,$AS$14:$AS$25)>0,MIN(3,ABS(SLOPE($AQ$14:$AQ$25,$AS$14:$AS$25))),IF(SLOPE($AQ$14:$AQ$25,$AS$14:$AS$25)<-0.5,-0.5,0)),0) | AU30: =IFERROR(IF(SLOPE($AR$14:$AR$25,$AS$14:$AS$25)<0,MAX(-3,-ABS(SLOPE($AR$14:$AR$25,$AS$14:$AS$25))),IF(SLOPE($AR$14:$AR$25,$AS$14:$AS$25)>0.5,0.5,0)),0) | AV30: =($AQ$26+(AT30*(AS30-1))) | AW30: =($AR$26+(AU30*(AS30-1))) | AX30: =IF(AT30>0,AV30+AT30,AV30) | AY30: =IF(AU30<0,AW30+AU30,AW30) | BA30: =IFERROR(AX30-AQ30,"") | BB30: =IFERROR(AY30-AR30,"") | BD30: =AH30 | BE30: =AI30 | BF30: =AJ30 | BG30: =L30 | BH30: =IF(X30="","",X30) | BI30: =IF(Y30="","",Y30) | BJ30: =Z30 | BK30: =AA30 | BL30: =IFERROR(AX30,"") | BM30: =IFERROR(AY30,"")
A31: =ALGLIB_SSA_XAUUSD!AA31 | B31: =IF($A31="","",INDEX(ALGLIB_SSA_XAUUSD!$B$2:$B$2401,MATCH($A31,ALGLIB_SSA_XAUUSD!$A$2:$A$2401,1))) | C31: =IF($A31="","",INDEX(ALGLIB_SSA_XAUUSD!$C$2:$C$2401,MATCH($A31,ALGLIB_SSA_XAUUSD!$A$2:$A$2401,1))) | D31: =IF($A31="","",INT((ROW()-2)/12)+1) | E31: =IF(AND(E38<>"",D38=D26+1),E26+(E38-E26)*5/12,"") | F31: =IF(AND(F38<>"",D38=D26+1),F26+(F38-F26)*5/12,"") | G31: =IF(AND(G38<>"",D38=D26+1),G26+(G38-G26)*5/12,"") | H31: =IF(AND(H38<>"",D38=D26+1),H26+(H38-H26)*5/12,"") | I31: =IF(AND(L38<>"",D38=D26+1),I26+(I38-I26)*5/12,"") | J31: =_xlfn.XLOOKUP($A31,ALGLIB_SSA_XAUUSD!$AA$2:$AA$2401,ALGLIB_SSA_XAUUSD!$P$2:$P$2401,"",0) | K31: =_xlfn.XLOOKUP($A31,ALGLIB_SSA_XAUUSD!$AA$2:$AA$2401,ALGLIB_SSA_XAUUSD!$Q$2:$Q$2401,"",0) | L31: =_xlfn.XLOOKUP($A31,ALGLIB_SSA_XAUUSD!$AA$2:$AA$2401,ALGLIB_SSA_XAUUSD!$R$2:$R$2401,"",0) | M31: =_xlfn.XLOOKUP($A31,ALGLIB_SSA_XAUUSD!$AA$2:$AA$2401,ALGLIB_SSA_XAUUSD!$S$2:$S$2401,"",0) | N31: =_xlfn.XLOOKUP($A31,ALGLIB_SSA_XAUUSD!$AA$2:$AA$2401,ALGLIB_SSA_XAUUSD!$T$2:$T$2401,"",0) | O31: =_xlfn.XLOOKUP($A31,ALGLIB_SSA_XAUUSD!$AA$2:$AA$2401,ALGLIB_SSA_XAUUSD!$U$2:$U$2401,"",0) | P31: =_xlfn.XLOOKUP($A31,ALGLIB_SSA_XAUUSD!$AA$2:$AA$2401,ALGLIB_SSA_XAUUSD!$V$2:$V$2401,"",0) | S31: =A31 | T31: =J31 | U31: =K31 | V31: =IF($A31="","",MOD(ROW()-2,12)+1) | W31: =L31 | X31: =IF(F31="","",F31) | Y31: =IF(G31="","",G31) | Z31: =M31 | AA31: =N31 | AB31: =IF(H31="","",H31) | AC31: =O31 | AD31: =IF(I31="","",I31) | AE31: =P31 | AH31: =IF(S31<>"",S31,AH30+900) | AI31: =IF(T31<>"",T31,AI30) | AJ31: =IF(U31<>"",U31,AJ30) | AK31: =IF(W31<>"",W31,"") | AL31: =IF(X31<>"",X31,"") | AM31: =IF(Y31<>"",Y31,"") | AN31: =IF(OR(AL31="",AM31=""),"",AL31-AM31) | AO31: =IF(AN31="","",IF(AN31>0,"Bullish","Bearish")) | AP31: =IF(AO31="",AP30,AO31) | AQ31: =IF(AB31<>"",AB31,"") | AR31: =IF(AD31<>"",AD31,"") | AS31: =IF(AS30+1=13,1,AS30+1) | AT31: =IFERROR(IF(SLOPE($AQ$14:$AQ$25,$AS$14:$AS$25)>0,MIN(3,ABS(SLOPE($AQ$14:$AQ$25,$AS$14:$AS$25))),IF(SLOPE($AQ$14:$AQ$25,$AS$14:$AS$25)<-0.5,-0.5,0)),0) | AU31: =IFERROR(IF(SLOPE($AR$14:$AR$25,$AS$14:$AS$25)<0,MAX(-3,-ABS(SLOPE($AR$14:$AR$25,$AS$14:$AS$25))),IF(SLOPE($AR$14:$AR$25,$AS$14:$AS$25)>0.5,0.5,0)),0) | AV31: =($AQ$26+(AT31*(AS31-1))) | AW31: =($AR$26+(AU31*(AS31-1))) | AX31: =IF(AT31>0,AV31+AT31,AV31) | AY31: =IF(AU31<0,AW31+AU31,AW31) | BA31: =IFERROR(AX31-AQ31,"") | BB31: =IFERROR(AY31-AR31,"") | BD31: =AH31 | BE31: =AI31 | BF31: =AJ31 | BG31: =L31 | BH31: =IF(X31="","",X31) | BI31: =IF(Y31="","",Y31) | BJ31: =Z31 | BK31: =AA31 | BL31: =IFERROR(AX31,"") | BM31: =IFERROR(AY31,"")
A32: =ALGLIB_SSA_XAUUSD!AA32 | B32: =IF($A32="","",INDEX(ALGLIB_SSA_XAUUSD!$B$2:$B$2401,MATCH($A32,ALGLIB_SSA_XAUUSD!$A$2:$A$2401,1))) | C32: =IF($A32="","",INDEX(ALGLIB_SSA_XAUUSD!$C$2:$C$2401,MATCH($A32,ALGLIB_SSA_XAUUSD!$A$2:$A$2401,1))) | D32: =IF($A32="","",INT((ROW()-2)/12)+1) | E32: =IF(AND(E38<>"",D38=D26+1),E26+(E38-E26)*6/12,"") | F32: =IF(AND(F38<>"",D38=D26+1),F26+(F38-F26)*6/12,"") | G32: =IF(AND(G38<>"",D38=D26+1),G26+(G38-G26)*6/12,"") | H32: =IF(AND(H38<>"",D38=D26+1),H26+(H38-H26)*6/12,"") | I32: =IF(AND(L38<>"",D38=D26+1),I26+(I38-I26)*6/12,"") | J32: =_xlfn.XLOOKUP($A32,ALGLIB_SSA_XAUUSD!$AA$2:$AA$2401,ALGLIB_SSA_XAUUSD!$P$2:$P$2401,"",0) | K32: =_xlfn.XLOOKUP($A32,ALGLIB_SSA_XAUUSD!$AA$2:$AA$2401,ALGLIB_SSA_XAUUSD!$Q$2:$Q$2401,"",0) | L32: =_xlfn.XLOOKUP($A32,ALGLIB_SSA_XAUUSD!$AA$2:$AA$2401,ALGLIB_SSA_XAUUSD!$R$2:$R$2401,"",0) | M32: =_xlfn.XLOOKUP($A32,ALGLIB_SSA_XAUUSD!$AA$2:$AA$2401,ALGLIB_SSA_XAUUSD!$S$2:$S$2401,"",0) | N32: =_xlfn.XLOOKUP($A32,ALGLIB_SSA_XAUUSD!$AA$2:$AA$2401,ALGLIB_SSA_XAUUSD!$T$2:$T$2401,"",0) | O32: =_xlfn.XLOOKUP($A32,ALGLIB_SSA_XAUUSD!$AA$2:$AA$2401,ALGLIB_SSA_XAUUSD!$U$2:$U$2401,"",0) | P32: =_xlfn.XLOOKUP($A32,ALGLIB_SSA_XAUUSD!$AA$2:$AA$2401,ALGLIB_SSA_XAUUSD!$V$2:$V$2401,"",0) | S32: =A32 | T32: =J32 | U32: =K32 | V32: =IF($A32="","",MOD(ROW()-2,12)+1) | W32: =L32 | X32: =IF(F32="","",F32) | Y32: =IF(G32="","",G32) | Z32: =M32 | AA32: =N32 | AB32: =IF(H32="","",H32) | AC32: =O32 | AD32: =IF(I32="","",I32) | AE32: =P32 | AH32: =IF(S32<>"",S32,AH31+900) | AI32: =IF(T32<>"",T32,AI31) | AJ32: =IF(U32<>"",U32,AJ31) | AK32: =IF(W32<>"",W32,"") | AL32: =IF(X32<>"",X32,"") | AM32: =IF(Y32<>"",Y32,"") | AN32: =IF(OR(AL32="",AM32=""),"",AL32-AM32) | AO32: =IF(AN32="","",IF(AN32>0,"Bullish","Bearish")) | AP32: =IF(AO32="",AP31,AO32) | AQ32: =IF(AB32<>"",AB32,"") | AR32: =IF(AD32<>"",AD32,"") | AS32: =IF(AS31+1=13,1,AS31+1) | AT32: =IFERROR(IF(SLOPE($AQ$14:$AQ$25,$AS$14:$AS$25)>0,MIN(3,ABS(SLOPE($AQ$14:$AQ$25,$AS$14:$AS$25))),IF(SLOPE($AQ$14:$AQ$25,$AS$14:$AS$25)<-0.5,-0.5,0)),0) | AU32: =IFERROR(IF(SLOPE($AR$14:$AR$25,$AS$14:$AS$25)<0,MAX(-3,-ABS(SLOPE($AR$14:$AR$25,$AS$14:$AS$25))),IF(SLOPE($AR$14:$AR$25,$AS$14:$AS$25)>0.5,0.5,0)),0) | AV32: =($AQ$26+(AT32*(AS32-1))) | AW32: =($AR$26+(AU32*(AS32-1))) | AX32: =IF(AT32>0,AV32+AT32,AV32) | AY32: =IF(AU32<0,AW32+AU32,AW32) | BA32: =IFERROR(AX32-AQ32,"") | BB32: =IFERROR(AY32-AR32,"") | BD32: =AH32 | BE32: =AI32 | BF32: =AJ32 | BG32: =L32 | BH32: =IF(X32="","",X32) | BI32: =IF(Y32="","",Y32) | BJ32: =Z32 | BK32: =AA32 | BL32: =IFERROR(AX32,"") | BM32: =IFERROR(AY32,"")
A33: =ALGLIB_SSA_XAUUSD!AA33 | B33: =IF($A33="","",INDEX(ALGLIB_SSA_XAUUSD!$B$2:$B$2401,MATCH($A33,ALGLIB_SSA_XAUUSD!$A$2:$A$2401,1))) | C33: =IF($A33="","",INDEX(ALGLIB_SSA_XAUUSD!$C$2:$C$2401,MATCH($A33,ALGLIB_SSA_XAUUSD!$A$2:$A$2401,1))) | D33: =IF($A33="","",INT((ROW()-2)/12)+1) | E33: =IF(AND(E38<>"",D38=D26+1),E26+(E38-E26)*7/12,"") | F33: =IF(AND(F38<>"",D38=D26+1),F26+(F38-F26)*7/12,"") | G33: =IF(AND(G38<>"",D38=D26+1),G26+(G38-G26)*7/12,"") | H33: =IF(AND(H38<>"",D38=D26+1),H26+(H38-H26)*7/12,"") | I33: =IF(AND(L38<>"",D38=D26+1),I26+(I38-I26)*7/12,"") | J33: =_xlfn.XLOOKUP($A33,ALGLIB_SSA_XAUUSD!$AA$2:$AA$2401,ALGLIB_SSA_XAUUSD!$P$2:$P$2401,"",0) | K33: =_xlfn.XLOOKUP($A33,ALGLIB_SSA_XAUUSD!$AA$2:$AA$2401,ALGLIB_SSA_XAUUSD!$Q$2:$Q$2401,"",0) | L33: =_xlfn.XLOOKUP($A33,ALGLIB_SSA_XAUUSD!$AA$2:$AA$2401,ALGLIB_SSA_XAUUSD!$R$2:$R$2401,"",0) | M33: =_xlfn.XLOOKUP($A33,ALGLIB_SSA_XAUUSD!$AA$2:$AA$2401,ALGLIB_SSA_XAUUSD!$S$2:$S$2401,"",0) | N33: =_xlfn.XLOOKUP($A33,ALGLIB_SSA_XAUUSD!$AA$2:$AA$2401,ALGLIB_SSA_XAUUSD!$T$2:$T$2401,"",0) | O33: =_xlfn.XLOOKUP($A33,ALGLIB_SSA_XAUUSD!$AA$2:$AA$2401,ALGLIB_SSA_XAUUSD!$U$2:$U$2401,"",0) | P33: =_xlfn.XLOOKUP($A33,ALGLIB_SSA_XAUUSD!$AA$2:$AA$2401,ALGLIB_SSA_XAUUSD!$V$2:$V$2401,"",0) | S33: =A33 | T33: =J33 | U33: =K33 | V33: =IF($A33="","",MOD(ROW()-2,12)+1) | W33: =L33 | X33: =IF(F33="","",F33) | Y33: =IF(G33="","",G33) | Z33: =M33 | AA33: =N33 | AB33: =IF(H33="","",H33) | AC33: =O33 | AD33: =IF(I33="","",I33) | AE33: =P33 | AH33: =IF(S33<>"",S33,AH32+900) | AI33: =IF(T33<>"",T33,AI32) | AJ33: =IF(U33<>"",U33,AJ32) | AK33: =IF(W33<>"",W33,"") | AL33: =IF(X33<>"",X33,"") | AM33: =IF(Y33<>"",Y33,"") | AN33: =IF(OR(AL33="",AM33=""),"",AL33-AM33) | AO33: =IF(AN33="","",IF(AN33>0,"Bullish","Bearish")) | AP33: =IF(AO33="",AP32,AO33) | AQ33: =IF(AB33<>"",AB33,"") | AR33: =IF(AD33<>"",AD33,"") | AS33: =IF(AS32+1=13,1,AS32+1) | AT33: =IFERROR(IF(SLOPE($AQ$14:$AQ$25,$AS$14:$AS$25)>0,MIN(3,ABS(SLOPE($AQ$14:$AQ$25,$AS$14:$AS$25))),IF(SLOPE($AQ$14:$AQ$25,$AS$14:$AS$25)<-0.5,-0.5,0)),0) | AU33: =IFERROR(IF(SLOPE($AR$14:$AR$25,$AS$14:$AS$25)<0,MAX(-3,-ABS(SLOPE($AR$14:$AR$25,$AS$14:$AS$25))),IF(SLOPE($AR$14:$AR$25,$AS$14:$AS$25)>0.5,0.5,0)),0) | AV33: =($AQ$26+(AT33*(AS33-1))) | AW33: =($AR$26+(AU33*(AS33-1))) | AX33: =IF(AT33>0,AV33+AT33,AV33) | AY33: =IF(AU33<0,AW33+AU33,AW33) | BA33: =IFERROR(AX33-AQ33,"") | BB33: =IFERROR(AY33-AR33,"") | BD33: =AH33 | BE33: =AI33 | BF33: =AJ33 | BG33: =L33 | BH33: =IF(X33="","",X33) | BI33: =IF(Y33="","",Y33) | BJ33: =Z33 | BK33: =AA33 | BL33: =IFERROR(AX33,"") | BM33: =IFERROR(AY33,"")
A34: =ALGLIB_SSA_XAUUSD!AA34 | B34: =IF($A34="","",INDEX(ALGLIB_SSA_XAUUSD!$B$2:$B$2401,MATCH($A34,ALGLIB_SSA_XAUUSD!$A$2:$A$2401,1))) | C34: =IF($A34="","",INDEX(ALGLIB_SSA_XAUUSD!$C$2:$C$2401,MATCH($A34,ALGLIB_SSA_XAUUSD!$A$2:$A$2401,1))) | D34: =IF($A34="","",INT((ROW()-2)/12)+1) | E34: =IF(AND(E38<>"",D38=D26+1),E26+(E38-E26)*8/12,"") | F34: =IF(AND(F38<>"",D38=D26+1),F26+(F38-F26)*8/12,"") | G34: =IF(AND(G38<>"",D38=D26+1),G26+(G38-G26)*8/12,"") | H34: =IF(AND(H38<>"",D38=D26+1),H26+(H38-H26)*8/12,"") | I34: =IF(AND(L38<>"",D38=D26+1),I26+(I38-I26)*8/12,"") | J34: =_xlfn.XLOOKUP($A34,ALGLIB_SSA_XAUUSD!$AA$2:$AA$2401,ALGLIB_SSA_XAUUSD!$P$2:$P$2401,"",0) | K34: =_xlfn.XLOOKUP($A34,ALGLIB_SSA_XAUUSD!$AA$2:$AA$2401,ALGLIB_SSA_XAUUSD!$Q$2:$Q$2401,"",0) | L34: =_xlfn.XLOOKUP($A34,ALGLIB_SSA_XAUUSD!$AA$2:$AA$2401,ALGLIB_SSA_XAUUSD!$R$2:$R$2401,"",0) | M34: =_xlfn.XLOOKUP($A34,ALGLIB_SSA_XAUUSD!$AA$2:$AA$2401,ALGLIB_SSA_XAUUSD!$S$2:$S$2401,"",0) | N34: =_xlfn.XLOOKUP($A34,ALGLIB_SSA_XAUUSD!$AA$2:$AA$2401,ALGLIB_SSA_XAUUSD!$T$2:$T$2401,"",0) | O34: =_xlfn.XLOOKUP($A34,ALGLIB_SSA_XAUUSD!$AA$2:$AA$2401,ALGLIB_SSA_XAUUSD!$U$2:$U$2401,"",0) | P34: =_xlfn.XLOOKUP($A34,ALGLIB_SSA_XAUUSD!$AA$2:$AA$2401,ALGLIB_SSA_XAUUSD!$V$2:$V$2401,"",0) | S34: =A34 | T34: =J34 | U34: =K34 | V34: =IF($A34="","",MOD(ROW()-2,12)+1) | W34: =L34 | X34: =IF(F34="","",F34) | Y34: =IF(G34="","",G34) | Z34: =M34 | AA34: =N34 | AB34: =IF(H34="","",H34) | AC34: =O34 | AD34: =IF(I34="","",I34) | AE34: =P34 | AH34: =IF(S34<>"",S34,AH33+900) | AI34: =IF(T34<>"",T34,AI33) | AJ34: =IF(U34<>"",U34,AJ33) | AK34: =IF(W34<>"",W34,"") | AL34: =IF(X34<>"",X34,"") | AM34: =IF(Y34<>"",Y34,"") | AN34: =IF(OR(AL34="",AM34=""),"",AL34-AM34) | AO34: =IF(AN34="","",IF(AN34>0,"Bullish","Bearish")) | AP34: =IF(AO34="",AP33,AO34) | AQ34: =IF(AB34<>"",AB34,"") | AR34: =IF(AD34<>"",AD34,"") | AS34: =IF(AS33+1=13,1,AS33+1) | AT34: =IFERROR(IF(SLOPE($AQ$14:$AQ$25,$AS$14:$AS$25)>0,MIN(3,ABS(SLOPE($AQ$14:$AQ$25,$AS$14:$AS$25))),IF(SLOPE($AQ$14:$AQ$25,$AS$14:$AS$25)<-0.5,-0.5,0)),0) | AU34: =IFERROR(IF(SLOPE($AR$14:$AR$25,$AS$14:$AS$25)<0,MAX(-3,-ABS(SLOPE($AR$14:$AR$25,$AS$14:$AS$25))),IF(SLOPE($AR$14:$AR$25,$AS$14:$AS$25)>0.5,0.5,0)),0) | AV34: =($AQ$26+(AT34*(AS34-1))) | AW34: =($AR$26+(AU34*(AS34-1))) | AX34: =IF(AT34>0,AV34+AT34,AV34) | AY34: =IF(AU34<0,AW34+AU34,AW34) | BA34: =IFERROR(AX34-AQ34,"") | BB34: =IFERROR(AY34-AR34,"") | BD34: =AH34 | BE34: =AI34 | BF34: =AJ34 | BG34: =L34 | BH34: =IF(X34="","",X34) | BI34: =IF(Y34="","",Y34) | BJ34: =Z34 | BK34: =AA34 | BL34: =IFERROR(AX34,"") | BM34: =IFERROR(AY34,"")
A35: =ALGLIB_SSA_XAUUSD!AA35 | B35: =IF($A35="","",INDEX(ALGLIB_SSA_XAUUSD!$B$2:$B$2401,MATCH($A35,ALGLIB_SSA_XAUUSD!$A$2:$A$2401,1))) | C35: =IF($A35="","",INDEX(ALGLIB_SSA_XAUUSD!$C$2:$C$2401,MATCH($A35,ALGLIB_SSA_XAUUSD!$A$2:$A$2401,1))) | D35: =IF($A35="","",INT((ROW()-2)/12)+1) | E35: =IF(AND(E38<>"",D38=D26+1),E26+(E38-E26)*9/12,"") | F35: =IF(AND(F38<>"",D38=D26+1),F26+(F38-F26)*9/12,"") | G35: =IF(AND(G38<>"",D38=D26+1),G26+(G38-G26)*9/12,"") | H35: =IF(AND(H38<>"",D38=D26+1),H26+(H38-H26)*9/12,"") | I35: =IF(AND(L38<>"",D38=D26+1),I26+(I38-I26)*9/12,"") | J35: =_xlfn.XLOOKUP($A35,ALGLIB_SSA_XAUUSD!$AA$2:$AA$2401,ALGLIB_SSA_XAUUSD!$P$2:$P$2401,"",0) | K35: =_xlfn.XLOOKUP($A35,ALGLIB_SSA_XAUUSD!$AA$2:$AA$2401,ALGLIB_SSA_XAUUSD!$Q$2:$Q$2401,"",0) | L35: =_xlfn.XLOOKUP($A35,ALGLIB_SSA_XAUUSD!$AA$2:$AA$2401,ALGLIB_SSA_XAUUSD!$R$2:$R$2401,"",0) | M35: =_xlfn.XLOOKUP($A35,ALGLIB_SSA_XAUUSD!$AA$2:$AA$2401,ALGLIB_SSA_XAUUSD!$S$2:$S$2401,"",0) | N35: =_xlfn.XLOOKUP($A35,ALGLIB_SSA_XAUUSD!$AA$2:$AA$2401,ALGLIB_SSA_XAUUSD!$T$2:$T$2401,"",0) | O35: =_xlfn.XLOOKUP($A35,ALGLIB_SSA_XAUUSD!$AA$2:$AA$2401,ALGLIB_SSA_XAUUSD!$U$2:$U$2401,"",0) | P35: =_xlfn.XLOOKUP($A35,ALGLIB_SSA_XAUUSD!$AA$2:$AA$2401,ALGLIB_SSA_XAUUSD!$V$2:$V$2401,"",0) | S35: =A35 | T35: =J35 | U35: =K35 | V35: =IF($A35="","",MOD(ROW()-2,12)+1) | W35: =L35 | X35: =IF(F35="","",F35) | Y35: =IF(G35="","",G35) | Z35: =M35 | AA35: =N35 | AB35: =IF(H35="","",H35) | AC35: =O35 | AD35: =IF(I35="","",I35) | AE35: =P35 | AH35: =IF(S35<>"",S35,AH34+900) | AI35: =IF(T35<>"",T35,AI34) | AJ35: =IF(U35<>"",U35,AJ34) | AK35: =IF(W35<>"",W35,"") | AL35: =IF(X35<>"",X35,"") | AM35: =IF(Y35<>"",Y35,"") | AN35: =IF(OR(AL35="",AM35=""),"",AL35-AM35) | AO35: =IF(AN35="","",IF(AN35>0,"Bullish","Bearish")) | AP35: =IF(AO35="",AP34,AO35) | AQ35: =IF(AB35<>"",AB35,"") | AR35: =IF(AD35<>"",AD35,"") | AS35: =IF(AS34+1=13,1,AS34+1) | AT35: =IFERROR(IF(SLOPE($AQ$14:$AQ$25,$AS$14:$AS$25)>0,MIN(3,ABS(SLOPE($AQ$14:$AQ$25,$AS$14:$AS$25))),IF(SLOPE($AQ$14:$AQ$25,$AS$14:$AS$25)<-0.5,-0.5,0)),0) | AU35: =IFERROR(IF(SLOPE($AR$14:$AR$25,$AS$14:$AS$25)<0,MAX(-3,-ABS(SLOPE($AR$14:$AR$25,$AS$14:$AS$25))),IF(SLOPE($AR$14:$AR$25,$AS$14:$AS$25)>0.5,0.5,0)),0) | AV35: =($AQ$26+(AT35*(AS35-1))) | AW35: =($AR$26+(AU35*(AS35-1))) | AX35: =IF(AT35>0,AV35+AT35,AV35) | AY35: =IF(AU35<0,AW35+AU35,AW35) | BA35: =IFERROR(AX35-AQ35,"") | BB35: =IFERROR(AY35-AR35,"") | BD35: =AH35 | BE35: =AI35 | BF35: =AJ35 | BG35: =L35 | BH35: =IF(X35="","",X35) | BI35: =IF(Y35="","",Y35) | BJ35: =Z35 | BK35: =AA35 | BL35: =IFERROR(AX35,"") | BM35: =IFERROR(AY35,"")
A36: =ALGLIB_SSA_XAUUSD!AA36 | B36: =IF($A36="","",INDEX(ALGLIB_SSA_XAUUSD!$B$2:$B$2401,MATCH($A36,ALGLIB_SSA_XAUUSD!$A$2:$A$2401,1))) | C36: =IF($A36="","",INDEX(ALGLIB_SSA_XAUUSD!$C$2:$C$2401,MATCH($A36,ALGLIB_SSA_XAUUSD!$A$2:$A$2401,1))) | D36: =IF($A36="","",INT((ROW()-2)/12)+1) | E36: =IF(AND(E38<>"",D38=D26+1),E26+(E38-E26)*10/12,"") | F36: =IF(AND(F38<>"",D38=D26+1),F26+(F38-F26)*10/12,"") | G36: =IF(AND(G38<>"",D38=D26+1),G26+(G38-G26)*10/12,"") | H36: =IF(AND(H38<>"",D38=D26+1),H26+(H38-H26)*10/12,"") | I36: =IF(AND(L38<>"",D38=D26+1),I26+(I38-I26)*10/12,"") | J36: =_xlfn.XLOOKUP($A36,ALGLIB_SSA_XAUUSD!$AA$2:$AA$2401,ALGLIB_SSA_XAUUSD!$P$2:$P$2401,"",0) | K36: =_xlfn.XLOOKUP($A36,ALGLIB_SSA_XAUUSD!$AA$2:$AA$2401,ALGLIB_SSA_XAUUSD!$Q$2:$Q$2401,"",0) | L36: =_xlfn.XLOOKUP($A36,ALGLIB_SSA_XAUUSD!$AA$2:$AA$2401,ALGLIB_SSA_XAUUSD!$R$2:$R$2401,"",0) | M36: =_xlfn.XLOOKUP($A36,ALGLIB_SSA_XAUUSD!$AA$2:$AA$2401,ALGLIB_SSA_XAUUSD!$S$2:$S$2401,"",0) | N36: =_xlfn.XLOOKUP($A36,ALGLIB_SSA_XAUUSD!$AA$2:$AA$2401,ALGLIB_SSA_XAUUSD!$T$2:$T$2401,"",0) | O36: =_xlfn.XLOOKUP($A36,ALGLIB_SSA_XAUUSD!$AA$2:$AA$2401,ALGLIB_SSA_XAUUSD!$U$2:$U$2401,"",0) | P36: =_xlfn.XLOOKUP($A36,ALGLIB_SSA_XAUUSD!$AA$2:$AA$2401,ALGLIB_SSA_XAUUSD!$V$2:$V$2401,"",0) | S36: =A36 | T36: =J36 | U36: =K36 | V36: =IF($A36="","",MOD(ROW()-2,12)+1) | W36: =L36 | X36: =IF(F36="","",F36) | Y36: =IF(G36="","",G36) | Z36: =M36 | AA36: =N36 | AB36: =IF(H36="","",H36) | AC36: =O36 | AD36: =IF(I36="","",I36) | AE36: =P36 | AH36: =IF(S36<>"",S36,AH35+900) | AI36: =IF(T36<>"",T36,AI35) | AJ36: =IF(U36<>"",U36,AJ35) | AK36: =IF(W36<>"",W36,"") | AL36: =IF(X36<>"",X36,"") | AM36: =IF(Y36<>"",Y36,"") | AN36: =IF(OR(AL36="",AM36=""),"",AL36-AM36) | AO36: =IF(AN36="","",IF(AN36>0,"Bullish","Bearish")) | AP36: =IF(AO36="",AP35,AO36) | AQ36: =IF(AB36<>"",AB36,"") | AR36: =IF(AD36<>"",AD36,"") | AS36: =IF(AS35+1=13,1,AS35+1) | AT36: =IFERROR(IF(SLOPE($AQ$14:$AQ$25,$AS$14:$AS$25)>0,MIN(3,ABS(SLOPE($AQ$14:$AQ$25,$AS$14:$AS$25))),IF(SLOPE($AQ$14:$AQ$25,$AS$14:$AS$25)<-0.5,-0.5,0)),0) | AU36: =IFERROR(IF(SLOPE($AR$14:$AR$25,$AS$14:$AS$25)<0,MAX(-3,-ABS(SLOPE($AR$14:$AR$25,$AS$14:$AS$25))),IF(SLOPE($AR$14:$AR$25,$AS$14:$AS$25)>0.5,0.5,0)),0) | AV36: =($AQ$26+(AT36*(AS36-1))) | AW36: =($AR$26+(AU36*(AS36-1))) | AX36: =IF(AT36>0,AV36+AT36,AV36) | AY36: =IF(AU36<0,AW36+AU36,AW36) | BA36: =IFERROR(AX36-AQ36,"") | BB36: =IFERROR(AY36-AR36,"") | BD36: =AH36 | BE36: =AI36 | BF36: =AJ36 | BG36: =L36 | BH36: =IF(X36="","",X36) | BI36: =IF(Y36="","",Y36) | BJ36: =Z36 | BK36: =AA36 | BL36: =IFERROR(AX36,"") | BM36: =IFERROR(AY36,"")
A37: =ALGLIB_SSA_XAUUSD!AA37 | B37: =IF($A37="","",INDEX(ALGLIB_SSA_XAUUSD!$B$2:$B$2401,MATCH($A37,ALGLIB_SSA_XAUUSD!$A$2:$A$2401,1))) | C37: =IF($A37="","",INDEX(ALGLIB_SSA_XAUUSD!$C$2:$C$2401,MATCH($A37,ALGLIB_SSA_XAUUSD!$A$2:$A$2401,1))) | D37: =IF($A37="","",INT((ROW()-2)/12)+1) | E37: =IF(AND(E38<>"",D38=D26+1),E26+(E38-E26)*11/12,"") | F37: =IF(AND(F38<>"",D38=D26+1),F26+(F38-F26)*11/12,"") | G37: =IF(AND(G38<>"",D38=D26+1),G26+(G38-G26)*11/12,"") | H37: =IF(AND(H38<>"",D38=D26+1),H26+(H38-H26)*11/12,"") | I37: =IF(AND(L38<>"",D38=D26+1),I26+(I38-I26)*11/12,"") | J37: =_xlfn.XLOOKUP($A37,ALGLIB_SSA_XAUUSD!$AA$2:$AA$2401,ALGLIB_SSA_XAUUSD!$P$2:$P$2401,"",0) | K37: =_xlfn.XLOOKUP($A37,ALGLIB_SSA_XAUUSD!$AA$2:$AA$2401,ALGLIB_SSA_XAUUSD!$Q$2:$Q$2401,"",0) | L37: =_xlfn.XLOOKUP($A37,ALGLIB_SSA_XAUUSD!$AA$2:$AA$2401,ALGLIB_SSA_XAUUSD!$R$2:$R$2401,"",0) | M37: =_xlfn.XLOOKUP($A37,ALGLIB_SSA_XAUUSD!$AA$2:$AA$2401,ALGLIB_SSA_XAUUSD!$S$2:$S$2401,"",0) | N37: =_xlfn.XLOOKUP($A37,ALGLIB_SSA_XAUUSD!$AA$2:$AA$2401,ALGLIB_SSA_XAUUSD!$T$2:$T$2401,"",0) | O37: =_xlfn.XLOOKUP($A37,ALGLIB_SSA_XAUUSD!$AA$2:$AA$2401,ALGLIB_SSA_XAUUSD!$U$2:$U$2401,"",0) | P37: =_xlfn.XLOOKUP($A37,ALGLIB_SSA_XAUUSD!$AA$2:$AA$2401,ALGLIB_SSA_XAUUSD!$V$2:$V$2401,"",0) | S37: =A37 | T37: =J37 | U37: =K37 | V37: =IF($A37="","",MOD(ROW()-2,12)+1) | W37: =L37 | X37: =IF(F37="","",F37) | Y37: =IF(G37="","",G37) | Z37: =M37 | AA37: =N37 | AB37: =IF(H37="","",H37) | AC37: =O37 | AD37: =IF(I37="","",I37) | AE37: =P37 | AH37: =IF(S37<>"",S37,AH36+900) | AI37: =IF(T37<>"",T37,AI36) | AJ37: =IF(U37<>"",U37,AJ36) | AK37: =IF(W37<>"",W37,"") | AL37: =IF(X37<>"",X37,"") | AM37: =IF(Y37<>"",Y37,"") | AN37: =IF(OR(AL37="",AM37=""),"",AL37-AM37) | AO37: =IF(AN37="","",IF(AN37>0,"Bullish","Bearish")) | AP37: =IF(AO37="",AP36,AO37) | AQ37: =IF(AB37<>"",AB37,"") | AR37: =IF(AD37<>"",AD37,"") | AS37: =IF(AS36+1=13,1,AS36+1) | AT37: =IFERROR(IF(SLOPE($AQ$14:$AQ$25,$AS$14:$AS$25)>0,MIN(3,ABS(SLOPE($AQ$14:$AQ$25,$AS$14:$AS$25))),IF(SLOPE($AQ$14:$AQ$25,$AS$14:$AS$25)<-0.5,-0.5,0)),0) | AU37: =IFERROR(IF(SLOPE($AR$14:$AR$25,$AS$14:$AS$25)<0,MAX(-3,-ABS(SLOPE($AR$14:$AR$25,$AS$14:$AS$25))),IF(SLOPE($AR$14:$AR$25,$AS$14:$AS$25)>0.5,0.5,0)),0) | AV37: =($AQ$26+(AT37*(AS37-1))) | AW37: =($AR$26+(AU37*(AS37-1))) | AX37: =IF(AT37>0,AV37+AT37,AV37) | AY37: =IF(AU37<0,AW37+AU37,AW37) | BA37: =IFERROR(AX37-AQ37,"") | BB37: =IFERROR(AY37-AR37,"") | BD37: =AH37 | BE37: =AI37 | BF37: =AJ37 | BG37: =L37 | BH37: =IF(X37="","",X37) | BI37: =IF(Y37="","",Y37) | BJ37: =Z37 | BK37: =AA37 | BL37: =IFERROR(AX37,"") | BM37: =IFERROR(AY37,"")
A38: =ALGLIB_SSA_XAUUSD!AA38 | B38: =IF($A38="","",INDEX(ALGLIB_SSA_XAUUSD!$B$2:$B$2401,MATCH($A38,ALGLIB_SSA_XAUUSD!$A$2:$A$2401,1))) | C38: =IF($A38="","",INDEX(ALGLIB_SSA_XAUUSD!$C$2:$C$2401,MATCH($A38,ALGLIB_SSA_XAUUSD!$A$2:$A$2401,1))) | D38: =IF($A38="","",INT((ROW()-2)/12)+1) | E38: =IF($A38="","",INDEX(ALGLIB_SSA_XAUUSD!$D$2:$D$2401,MATCH($A38,ALGLIB_SSA_XAUUSD!$A$2:$A$2401,1))) | F38: =IF($A38="","",INDEX(ALGLIB_SSA_XAUUSD!$E$2:$E$2401,MATCH($A38,ALGLIB_SSA_XAUUSD!$A$2:$A$2401,1))) | G38: =IF($A38="","",INDEX(ALGLIB_SSA_XAUUSD!$F$2:$F$2401,MATCH($A38,ALGLIB_SSA_XAUUSD!$A$2:$A$2401,1))) | H38: =IF($A38="","",INDEX(ALGLIB_SSA_XAUUSD!$G$2:$G$2401,MATCH($A38,ALGLIB_SSA_XAUUSD!$A$2:$A$2401,1))) | I38: =IF($A38="","",INDEX(ALGLIB_SSA_XAUUSD!$H$2:$H$2401,MATCH($A38,ALGLIB_SSA_XAUUSD!$A$2:$A$2401,1))) | J38: =_xlfn.XLOOKUP($A38,ALGLIB_SSA_XAUUSD!$AA$2:$AA$2401,ALGLIB_SSA_XAUUSD!$P$2:$P$2401,"",0) | K38: =_xlfn.XLOOKUP($A38,ALGLIB_SSA_XAUUSD!$AA$2:$AA$2401,ALGLIB_SSA_XAUUSD!$Q$2:$Q$2401,"",0) | L38: =_xlfn.XLOOKUP($A38,ALGLIB_SSA_XAUUSD!$AA$2:$AA$2401,ALGLIB_SSA_XAUUSD!$R$2:$R$2401,"",0) | M38: =_xlfn.XLOOKUP($A38,ALGLIB_SSA_XAUUSD!$AA$2:$AA$2401,ALGLIB_SSA_XAUUSD!$S$2:$S$2401,"",0) | N38: =_xlfn.XLOOKUP($A38,ALGLIB_SSA_XAUUSD!$AA$2:$AA$2401,ALGLIB_SSA_XAUUSD!$T$2:$T$2401,"",0) | O38: =_xlfn.XLOOKUP($A38,ALGLIB_SSA_XAUUSD!$AA$2:$AA$2401,ALGLIB_SSA_XAUUSD!$U$2:$U$2401,"",0) | P38: =_xlfn.XLOOKUP($A38,ALGLIB_SSA_XAUUSD!$AA$2:$AA$2401,ALGLIB_SSA_XAUUSD!$V$2:$V$2401,"",0) | S38: =A38 | T38: =J38 | U38: =K38 | V38: =IF($A38="","",MOD(ROW()-2,12)+1) | W38: =L38 | X38: =IF(F38="","",F38) | Y38: =IF(G38="","",G38) | Z38: =M38 | AA38: =N38 | AB38: =IF(H38="","",H38) | AC38: =O38 | AD38: =IF(I38="","",I38) | AE38: =P38 | AH38: =IF(S38<>"",S38,AH37+900) | AI38: =IF(T38<>"",T38,AI37) | AJ38: =IF(U38<>"",U38,AJ37) | AK38: =IF(W38<>"",W38,"") | AL38: =IF(X38<>"",X38,"") | AM38: =IF(Y38<>"",Y38,"") | AN38: =IF(OR(AL38="",AM38=""),"",AL38-AM38) | AO38: =IF(AN38="","",IF(AN38>0,"Bullish","Bearish")) | AP38: =IF(AO38="",AP37,AO38) | AQ38: =IF(AB38<>"",AB38,"") | AR38: =IF(AD38<>"",AD38,"") | AS38: =IF(AS37+1=13,1,AS37+1) | AT38: =IFERROR(IF(SLOPE($AQ$26:$AQ$37,$AS$26:$AS$37)>0,MIN(3,ABS(SLOPE($AQ$26:$AQ$37,$AS$26:$AS$37))),IF(SLOPE($AQ$26:$AQ$37,$AS$26:$AS$37)<-0.5,-0.5,0)),0) | AU38: =IFERROR(IF(SLOPE($AR$26:$AR$37,$AS$26:$AS$37)<0,MAX(-3,-ABS(SLOPE($AR$26:$AR$37,$AS$26:$AS$37))),IF(SLOPE($AR$26:$AR$37,$AS$26:$AS$37)>0.5,0.5,0)),0) | AV38: =($AQ$38+(AT38*(AS38-1))) | AW38: =($AR$38+(AU38*(AS38-1))) | AX38: =IF(AT38>0,AV38+AT38,AV38) | AY38: =IF(AU38<0,AW38+AU38,AW38) | BA38: =IFERROR(AX38-AQ38,"") | BB38: =IFERROR(AY38-AR38,"") | BD38: =AH38 | BE38: =AI38 | BF38: =AJ38 | BG38: =L38 | BH38: =IF(X38="","",X38) | BI38: =IF(Y38="","",Y38) | BJ38: =Z38 | BK38: =AA38 | BL38: =IFERROR(AX38,"") | BM38: =IFERROR(AY38,"")
A39: =ALGLIB_SSA_XAUUSD!AA39 | B39: =IF($A39="","",INDEX(ALGLIB_SSA_XAUUSD!$B$2:$B$2401,MATCH($A39,ALGLIB_SSA_XAUUSD!$A$2:$A$2401,1))) | C39: =IF($A39="","",INDEX(ALGLIB_SSA_XAUUSD!$C$2:$C$2401,MATCH($A39,ALGLIB_SSA_XAUUSD!$A$2:$A$2401,1))) | D39: =IF($A39="","",INT((ROW()-2)/12)+1) | E39: =IF(AND(E50<>"",D50=D38+1),E38+(E50-E38)*1/12,"") | F39: =IF(AND(F50<>"",D50=D38+1),F38+(F50-F38)*1/12,"") | G39: =IF(AND(G50<>"",D50=D38+1),G38+(G50-G38)*1/12,"") | H39: =IF(AND(H50<>"",D50=D38+1),H38+(H50-H38)*1/12,"") | I39: =IF(AND(L50<>"",D50=D38+1),I38+(I50-I38)*1/12,"") | J39: =_xlfn.XLOOKUP($A39,ALGLIB_SSA_XAUUSD!$AA$2:$AA$2401,ALGLIB_SSA_XAUUSD!$P$2:$P$2401,"",0) | K39: =_xlfn.XLOOKUP($A39,ALGLIB_SSA_XAUUSD!$AA$2:$AA$2401,ALGLIB_SSA_XAUUSD!$Q$2:$Q$2401,"",0) | L39: =_xlfn.XLOOKUP($A39,ALGLIB_SSA_XAUUSD!$AA$2:$AA$2401,ALGLIB_SSA_XAUUSD!$R$2:$R$2401,"",0) | M39: =_xlfn.XLOOKUP($A39,ALGLIB_SSA_XAUUSD!$AA$2:$AA$2401,ALGLIB_SSA_XAUUSD!$S$2:$S$2401,"",0) | N39: =_xlfn.XLOOKUP($A39,ALGLIB_SSA_XAUUSD!$AA$2:$AA$2401,ALGLIB_SSA_XAUUSD!$T$2:$T$2401,"",0) | O39: =_xlfn.XLOOKUP($A39,ALGLIB_SSA_XAUUSD!$AA$2:$AA$2401,ALGLIB_SSA_XAUUSD!$U$2:$U$2401,"",0) | P39: =_xlfn.XLOOKUP($A39,ALGLIB_SSA_XAUUSD!$AA$2:$AA$2401,ALGLIB_SSA_XAUUSD!$V$2:$V$2401,"",0) | S39: =A39 | T39: =J39 | U39: =K39 | V39: =IF($A39="","",MOD(ROW()-2,12)+1) | W39: =L39 | X39: =IF(F39="","",F39) | Y39: =IF(G39="","",G39) | Z39: =M39 | AA39: =N39 | AB39: =IF(H39="","",H39) | AC39: =O39 | AD39: =IF(I39="","",I39) | AE39: =P39 | AH39: =IF(S39<>"",S39,AH38+900) | AI39: =IF(T39<>"",T39,AI38) | AJ39: =IF(U39<>"",U39,AJ38) | AK39: =IF(W39<>"",W39,"") | AL39: =IF(X39<>"",X39,"") | AM39: =IF(Y39<>"",Y39,"") | AN39: =IF(OR(AL39="",AM39=""),"",AL39-AM39) | AO39: =IF(AN39="","",IF(AN39>0,"Bullish","Bearish")) | AP39: =IF(AO39="",AP38,AO39) | AQ39: =IF(AB39<>"",AB39,"") | AR39: =IF(AD39<>"",AD39,"") | AS39: =IF(AS38+1=13,1,AS38+1) | AT39: =IFERROR(IF(SLOPE($AQ$26:$AQ$37,$AS$26:$AS$37)>0,MIN(3,ABS(SLOPE($AQ$26:$AQ$37,$AS$26:$AS$37))),IF(SLOPE($AQ$26:$AQ$37,$AS$26:$AS$37)<-0.5,-0.5,0)),0) | AU39: =IFERROR(IF(SLOPE($AR$26:$AR$37,$AS$26:$AS$37)<0,MAX(-3,-ABS(SLOPE($AR$26:$AR$37,$AS$26:$AS$37))),IF(SLOPE($AR$26:$AR$37,$AS$26:$AS$37)>0.5,0.5,0)),0) | AV39: =($AQ$38+(AT39*(AS39-1))) | AW39: =($AR$38+(AU39*(AS39-1))) | AX39: =IF(AT39>0,AV39+AT39,AV39) | AY39: =IF(AU39<0,AW39+AU39,AW39) | BA39: =IFERROR(AX39-AQ39,"") | BB39: =IFERROR(AY39-AR39,"") | BD39: =AH39 | BE39: =AI39 | BF39: =AJ39 | BG39: =L39 | BH39: =IF(X39="","",X39) | BI39: =IF(Y39="","",Y39) | BJ39: =Z39 | BK39: =AA39 | BL39: =IFERROR(AX39,"") | BM39: =IFERROR(AY39,"")
A40: =ALGLIB_SSA_XAUUSD!AA40 | B40: =IF($A40="","",INDEX(ALGLIB_SSA_XAUUSD!$B$2:$B$2401,MATCH($A40,ALGLIB_SSA_XAUUSD!$A$2:$A$2401,1))) | C40: =IF($A40="","",INDEX(ALGLIB_SSA_XAUUSD!$C$2:$C$2401,MATCH($A40,ALGLIB_SSA_XAUUSD!$A$2:$A$2401,1))) | D40: =IF($A40="","",INT((ROW()-2)/12)+1) | E40: =IF(AND(E50<>"",D50=D38+1),E38+(E50-E38)*2/12,"") | F40: =IF(AND(F50<>"",D50=D38+1),F38+(F50-F38)*2/12,"") | G40: =IF(AND(G50<>"",D50=D38+1),G38+(G50-G38)*2/12,"") | H40: =IF(AND(H50<>"",D50=D38+1),H38+(H50-H38)*2/12,"") | I40: =IF(AND(L50<>"",D50=D38+1),I38+(I50-I38)*2/12,"") | J40: =_xlfn.XLOOKUP($A40,ALGLIB_SSA_XAUUSD!$AA$2:$AA$2401,ALGLIB_SSA_XAUUSD!$P$2:$P$2401,"",0) | K40: =_xlfn.XLOOKUP($A40,ALGLIB_SSA_XAUUSD!$AA$2:$AA$2401,ALGLIB_SSA_XAUUSD!$Q$2:$Q$2401,"",0) | L40: =_xlfn.XLOOKUP($A40,ALGLIB_SSA_XAUUSD!$AA$2:$AA$2401,ALGLIB_SSA_XAUUSD!$R$2:$R$2401,"",0) | M40: =_xlfn.XLOOKUP($A40,ALGLIB_SSA_XAUUSD!$AA$2:$AA$2401,ALGLIB_SSA_XAUUSD!$S$2:$S$2401,"",0) | N40: =_xlfn.XLOOKUP($A40,ALGLIB_SSA_XAUUSD!$AA$2:$AA$2401,ALGLIB_SSA_XAUUSD!$T$2:$T$2401,"",0) | O40: =_xlfn.XLOOKUP($A40,ALGLIB_SSA_XAUUSD!$AA$2:$AA$2401,ALGLIB_SSA_XAUUSD!$U$2:$U$2401,"",0) | P40: =_xlfn.XLOOKUP($A40,ALGLIB_SSA_XAUUSD!$AA$2:$AA$2401,ALGLIB_SSA_XAUUSD!$V$2:$V$2401,"",0) | S40: =A40 | T40: =J40 | U40: =K40 | V40: =IF($A40="","",MOD(ROW()-2,12)+1) | W40: =L40 | X40: =IF(F40="","",F40) | Y40: =IF(G40="","",G40) | Z40: =M40 | AA40: =N40 | AB40: =IF(H40="","",H40) | AC40: =O40 | AD40: =IF(I40="","",I40) | AE40: =P40 | AH40: =IF(S40<>"",S40,AH39+900) | AI40: =IF(T40<>"",T40,AI39) | AJ40: =IF(U40<>"",U40,AJ39) | AK40: =IF(W40<>"",W40,"") | AL40: =IF(X40<>"",X40,"") | AM40: =IF(Y40<>"",Y40,"") | AN40: =IF(OR(AL40="",AM40=""),"",AL40-AM40) | AO40: =IF(AN40="","",IF(AN40>0,"Bullish","Bearish")) | AP40: =IF(AO40="",AP39,AO40) | AQ40: =IF(AB40<>"",AB40,"") | AR40: =IF(AD40<>"",AD40,"") | AS40: =IF(AS39+1=13,1,AS39+1) | AT40: =IFERROR(IF(SLOPE($AQ$26:$AQ$37,$AS$26:$AS$37)>0,MIN(3,ABS(SLOPE($AQ$26:$AQ$37,$AS$26:$AS$37))),IF(SLOPE($AQ$26:$AQ$37,$AS$26:$AS$37)<-0.5,-0.5,0)),0) | AU40: =IFERROR(IF(SLOPE($AR$26:$AR$37,$AS$26:$AS$37)<0,MAX(-3,-ABS(SLOPE($AR$26:$AR$37,$AS$26:$AS$37))),IF(SLOPE($AR$26:$AR$37,$AS$26:$AS$37)>0.5,0.5,0)),0) | AV40: =($AQ$38+(AT40*(AS40-1))) | AW40: =($AR$38+(AU40*(AS40-1))) | AX40: =IF(AT40>0,AV40+AT40,AV40) | AY40: =IF(AU40<0,AW40+AU40,AW40) | BA40: =IFERROR(AX40-AQ40,"") | BB40: =IFERROR(AY40-AR40,"") | BD40: =AH40 | BE40: =AI40 | BF40: =AJ40 | BG40: =L40 | BH40: =IF(X40="","",X40) | BI40: =IF(Y40="","",Y40) | BJ40: =Z40 | BK40: =AA40 | BL40: =IFERROR(AX40,"") | BM40: =IFERROR(AY40,"")
A41: =ALGLIB_SSA_XAUUSD!AA41 | B41: =IF($A41="","",INDEX(ALGLIB_SSA_XAUUSD!$B$2:$B$2401,MATCH($A41,ALGLIB_SSA_XAUUSD!$A$2:$A$2401,1))) | C41: =IF($A41="","",INDEX(ALGLIB_SSA_XAUUSD!$C$2:$C$2401,MATCH($A41,ALGLIB_SSA_XAUUSD!$A$2:$A$2401,1))) | D41: =IF($A41="","",INT((ROW()-2)/12)+1) | E41: =IF(AND(E50<>"",D50=D38+1),E38+(E50-E38)*3/12,"") | F41: =IF(AND(F50<>"",D50=D38+1),F38+(F50-F38)*3/12,"") | G41: =IF(AND(G50<>"",D50=D38+1),G38+(G50-G38)*3/12,"") | H41: =IF(AND(H50<>"",D50=D38+1),H38+(H50-H38)*3/12,"") | I41: =IF(AND(L50<>"",D50=D38+1),I38+(I50-I38)*3/12,"") | J41: =_xlfn.XLOOKUP($A41,ALGLIB_SSA_XAUUSD!$AA$2:$AA$2401,ALGLIB_SSA_XAUUSD!$P$2:$P$2401,"",0) | K41: =_xlfn.XLOOKUP($A41,ALGLIB_SSA_XAUUSD!$AA$2:$AA$2401,ALGLIB_SSA_XAUUSD!$Q$2:$Q$2401,"",0) | L41: =_xlfn.XLOOKUP($A41,ALGLIB_SSA_XAUUSD!$AA$2:$AA$2401,ALGLIB_SSA_XAUUSD!$R$2:$R$2401,"",0) | M41: =_xlfn.XLOOKUP($A41,ALGLIB_SSA_XAUUSD!$AA$2:$AA$2401,ALGLIB_SSA_XAUUSD!$S$2:$S$2401,"",0) | N41: =_xlfn.XLOOKUP($A41,ALGLIB_SSA_XAUUSD!$AA$2:$AA$2401,ALGLIB_SSA_XAUUSD!$T$2:$T$2401,"",0) | O41: =_xlfn.XLOOKUP($A41,ALGLIB_SSA_XAUUSD!$AA$2:$AA$2401,ALGLIB_SSA_XAUUSD!$U$2:$U$2401,"",0) | P41: =_xlfn.XLOOKUP($A41,ALGLIB_SSA_XAUUSD!$AA$2:$AA$2401,ALGLIB_SSA_XAUUSD!$V$2:$V$2401,"",0) | S41: =A41 | T41: =J41 | U41: =K41 | V41: =IF($A41="","",MOD(ROW()-2,12)+1) | W41: =L41 | X41: =IF(F41="","",F41) | Y41: =IF(G41="","",G41) | Z41: =M41 | AA41: =N41 | AB41: =IF(H41="","",H41) | AC41: =O41 | AD41: =IF(I41="","",I41) | AE41: =P41 | AH41: =IF(S41<>"",S41,AH40+900) | AI41: =IF(T41<>"",T41,AI40) | AJ41: =IF(U41<>"",U41,AJ40) | AK41: =IF(W41<>"",W41,"") | AL41: =IF(X41<>"",X41,"") | AM41: =IF(Y41<>"",Y41,"") | AN41: =IF(OR(AL41="",AM41=""),"",AL41-AM41) | AO41: =IF(AN41="","",IF(AN41>0,"Bullish","Bearish")) | AP41: =IF(AO41="",AP40,AO41) | AQ41: =IF(AB41<>"",AB41,"") | AR41: =IF(AD41<>"",AD41,"") | AS41: =IF(AS40+1=13,1,AS40+1) | AT41: =IFERROR(IF(SLOPE($AQ$26:$AQ$37,$AS$26:$AS$37)>0,MIN(3,ABS(SLOPE($AQ$26:$AQ$37,$AS$26:$AS$37))),IF(SLOPE($AQ$26:$AQ$37,$AS$26:$AS$37)<-0.5,-0.5,0)),0) | AU41: =IFERROR(IF(SLOPE($AR$26:$AR$37,$AS$26:$AS$37)<0,MAX(-3,-ABS(SLOPE($AR$26:$AR$37,$AS$26:$AS$37))),IF(SLOPE($AR$26:$AR$37,$AS$26:$AS$37)>0.5,0.5,0)),0) | AV41: =($AQ$38+(AT41*(AS41-1))) | AW41: =($AR$38+(AU41*(AS41-1))) | AX41: =IF(AT41>0,AV41+AT41,AV41) | AY41: =IF(AU41<0,AW41+AU41,AW41) | BA41: =IFERROR(AX41-AQ41,"") | BB41: =IFERROR(AY41-AR41,"") | BD41: =AH41 | BE41: =AI41 | BF41: =AJ41 | BG41: =L41 | BH41: =IF(X41="","",X41) | BI41: =IF(Y41="","",Y41) | BJ41: =Z41 | BK41: =AA41 | BL41: =IFERROR(AX41,"") | BM41: =IFERROR(AY41,"")
A42: =ALGLIB_SSA_XAUUSD!AA42 | B42: =IF($A42="","",INDEX(ALGLIB_SSA_XAUUSD!$B$2:$B$2401,MATCH($A42,ALGLIB_SSA_XAUUSD!$A$2:$A$2401,1))) | C42: =IF($A42="","",INDEX(ALGLIB_SSA_XAUUSD!$C$2:$C$2401,MATCH($A42,ALGLIB_SSA_XAUUSD!$A$2:$A$2401,1))) | D42: =IF($A42="","",INT((ROW()-2)/12)+1) | E42: =IF(AND(E50<>"",D50=D38+1),E38+(E50-E38)*4/12,"") | F42: =IF(AND(F50<>"",D50=D38+1),F38+(F50-F38)*4/12,"") | G42: =IF(AND(G50<>"",D50=D38+1),G38+(G50-G38)*4/12,"") | H42: =IF(AND(H50<>"",D50=D38+1),H38+(H50-H38)*4/12,"") | I42: =IF(AND(L50<>"",D50=D38+1),I38+(I50-I38)*4/12,"") | J42: =_xlfn.XLOOKUP($A42,ALGLIB_SSA_XAUUSD!$AA$2:$AA$2401,ALGLIB_SSA_XAUUSD!$P$2:$P$2401,"",0) | K42: =_xlfn.XLOOKUP($A42,ALGLIB_SSA_XAUUSD!$AA$2:$AA$2401,ALGLIB_SSA_XAUUSD!$Q$2:$Q$2401,"",0) | L42: =_xlfn.XLOOKUP($A42,ALGLIB_SSA_XAUUSD!$AA$2:$AA$2401,ALGLIB_SSA_XAUUSD!$R$2:$R$2401,"",0) | M42: =_xlfn.XLOOKUP($A42,ALGLIB_SSA_XAUUSD!$AA$2:$AA$2401,ALGLIB_SSA_XAUUSD!$S$2:$S$2401,"",0) | N42: =_xlfn.XLOOKUP($A42,ALGLIB_SSA_XAUUSD!$AA$2:$AA$2401,ALGLIB_SSA_XAUUSD!$T$2:$T$2401,"",0) | O42: =_xlfn.XLOOKUP($A42,ALGLIB_SSA_XAUUSD!$AA$2:$AA$2401,ALGLIB_SSA_XAUUSD!$U$2:$U$2401,"",0) | P42: =_xlfn.XLOOKUP($A42,ALGLIB_SSA_XAUUSD!$AA$2:$AA$2401,ALGLIB_SSA_XAUUSD!$V$2:$V$2401,"",0) | S42: =A42 | T42: =J42 | U42: =K42 | V42: =IF($A42="","",MOD(ROW()-2,12)+1) | W42: =L42 | X42: =IF(F42="","",F42) | Y42: =IF(G42="","",G42) | Z42: =M42 | AA42: =N42 | AB42: =IF(H42="","",H42) | AC42: =O42 | AD42: =IF(I42="","",I42) | AE42: =P42 | AH42: =IF(S42<>"",S42,AH41+900) | AI42: =IF(T42<>"",T42,AI41) | AJ42: =IF(U42<>"",U42,AJ41) | AK42: =IF(W42<>"",W42,"") | AL42: =IF(X42<>"",X42,"") | AM42: =IF(Y42<>"",Y42,"") | AN42: =IF(OR(AL42="",AM42=""),"",AL42-AM42) | AO42: =IF(AN42="","",IF(AN42>0,"Bullish","Bearish")) | AP42: =IF(AO42="",AP41,AO42) | AQ42: =IF(AB42<>"",AB42,"") | AR42: =IF(AD42<>"",AD42,"") | AS42: =IF(AS41+1=13,1,AS41+1) | AT42: =IFERROR(IF(SLOPE($AQ$26:$AQ$37,$AS$26:$AS$37)>0,MIN(3,ABS(SLOPE($AQ$26:$AQ$37,$AS$26:$AS$37))),IF(SLOPE($AQ$26:$AQ$37,$AS$26:$AS$37)<-0.5,-0.5,0)),0) | AU42: =IFERROR(IF(SLOPE($AR$26:$AR$37,$AS$26:$AS$37)<0,MAX(-3,-ABS(SLOPE($AR$26:$AR$37,$AS$26:$AS$37))),IF(SLOPE($AR$26:$AR$37,$AS$26:$AS$37)>0.5,0.5,0)),0) | AV42: =($AQ$38+(AT42*(AS42-1))) | AW42: =($AR$38+(AU42*(AS42-1))) | AX42: =IF(AT42>0,AV42+AT42,AV42) | AY42: =IF(AU42<0,AW42+AU42,AW42) | BA42: =IFERROR(AX42-AQ42,"") | BB42: =IFERROR(AY42-AR42,"") | BD42: =AH42 | BE42: =AI42 | BF42: =AJ42 | BG42: =L42 | BH42: =IF(X42="","",X42) | BI42: =IF(Y42="","",Y42) | BJ42: =Z42 | BK42: =AA42 | BL42: =IFERROR(AX42,"") | BM42: =IFERROR(AY42,"")
A43: =ALGLIB_SSA_XAUUSD!AA43 | B43: =IF($A43="","",INDEX(ALGLIB_SSA_XAUUSD!$B$2:$B$2401,MATCH($A43,ALGLIB_SSA_XAUUSD!$A$2:$A$2401,1))) | C43: =IF($A43="","",INDEX(ALGLIB_SSA_XAUUSD!$C$2:$C$2401,MATCH($A43,ALGLIB_SSA_XAUUSD!$A$2:$A$2401,1))) | D43: =IF($A43="","",INT((ROW()-2)/12)+1) | E43: =IF(AND(E50<>"",D50=D38+1),E38+(E50-E38)*5/12,"") | F43: =IF(AND(F50<>"",D50=D38+1),F38+(F50-F38)*5/12,"") | G43: =IF(AND(G50<>"",D50=D38+1),G38+(G50-G38)*5/12,"") | H43: =IF(AND(H50<>"",D50=D38+1),H38+(H50-H38)*5/12,"") | I43: =IF(AND(L50<>"",D50=D38+1),I38+(I50-I38)*5/12,"") | J43: =_xlfn.XLOOKUP($A43,ALGLIB_SSA_XAUUSD!$AA$2:$AA$2401,ALGLIB_SSA_XAUUSD!$P$2:$P$2401,"",0) | K43: =_xlfn.XLOOKUP($A43,ALGLIB_SSA_XAUUSD!$AA$2:$AA$2401,ALGLIB_SSA_XAUUSD!$Q$2:$Q$2401,"",0) | L43: =_xlfn.XLOOKUP($A43,ALGLIB_SSA_XAUUSD!$AA$2:$AA$2401,ALGLIB_SSA_XAUUSD!$R$2:$R$2401,"",0) | M43: =_xlfn.XLOOKUP($A43,ALGLIB_SSA_XAUUSD!$AA$2:$AA$2401,ALGLIB_SSA_XAUUSD!$S$2:$S$2401,"",0) | N43: =_xlfn.XLOOKUP($A43,ALGLIB_SSA_XAUUSD!$AA$2:$AA$2401,ALGLIB_SSA_XAUUSD!$T$2:$T$2401,"",0) | O43: =_xlfn.XLOOKUP($A43,ALGLIB_SSA_XAUUSD!$AA$2:$AA$2401,ALGLIB_SSA_XAUUSD!$U$2:$U$2401,"",0) | P43: =_xlfn.XLOOKUP($A43,ALGLIB_SSA_XAUUSD!$AA$2:$AA$2401,ALGLIB_SSA_XAUUSD!$V$2:$V$2401,"",0) | S43: =A43 | T43: =J43 | U43: =K43 | V43: =IF($A43="","",MOD(ROW()-2,12)+1) | W43: =L43 | X43: =IF(F43="","",F43) | Y43: =IF(G43="","",G43) | Z43: =M43 | AA43: =N43 | AB43: =IF(H43="","",H43) | AC43: =O43 | AD43: =IF(I43="","",I43) | AE43: =P43 | AH43: =IF(S43<>"",S43,AH42+900) | AI43: =IF(T43<>"",T43,AI42) | AJ43: =IF(U43<>"",U43,AJ42) | AK43: =IF(W43<>"",W43,"") | AL43: =IF(X43<>"",X43,"") | AM43: =IF(Y43<>"",Y43,"") | AN43: =IF(OR(AL43="",AM43=""),"",AL43-AM43) | AO43: =IF(AN43="","",IF(AN43>0,"Bullish","Bearish")) | AP43: =IF(AO43="",AP42,AO43) | AQ43: =IF(AB43<>"",AB43,"") | AR43: =IF(AD43<>"",AD43,"") | AS43: =IF(AS42+1=13,1,AS42+1) | AT43: =IFERROR(IF(SLOPE($AQ$26:$AQ$37,$AS$26:$AS$37)>0,MIN(3,ABS(SLOPE($AQ$26:$AQ$37,$AS$26:$AS$37))),IF(SLOPE($AQ$26:$AQ$37,$AS$26:$AS$37)<-0.5,-0.5,0)),0) | AU43: =IFERROR(IF(SLOPE($AR$26:$AR$37,$AS$26:$AS$37)<0,MAX(-3,-ABS(SLOPE($AR$26:$AR$37,$AS$26:$AS$37))),IF(SLOPE($AR$26:$AR$37,$AS$26:$AS$37)>0.5,0.5,0)),0) | AV43: =($AQ$38+(AT43*(AS43-1))) | AW43: =($AR$38+(AU43*(AS43-1))) | AX43: =IF(AT43>0,AV43+AT43,AV43) | AY43: =IF(AU43<0,AW43+AU43,AW43) | BA43: =IFERROR(AX43-AQ43,"") | BB43: =IFERROR(AY43-AR43,"") | BD43: =AH43 | BE43: =AI43 | BF43: =AJ43 | BG43: =L43 | BH43: =IF(X43="","",X43) | BI43: =IF(Y43="","",Y43) | BJ43: =Z43 | BK43: =AA43 | BL43: =IFERROR(AX43,"") | BM43: =IFERROR(AY43,"")
A44: =ALGLIB_SSA_XAUUSD!AA44 | B44: =IF($A44="","",INDEX(ALGLIB_SSA_XAUUSD!$B$2:$B$2401,MATCH($A44,ALGLIB_SSA_XAUUSD!$A$2:$A$2401,1))) | C44: =IF($A44="","",INDEX(ALGLIB_SSA_XAUUSD!$C$2:$C$2401,MATCH($A44,ALGLIB_SSA_XAUUSD!$A$2:$A$2401,1))) | D44: =IF($A44="","",INT((ROW()-2)/12)+1) | E44: =IF(AND(E50<>"",D50=D38+1),E38+(E50-E38)*6/12,"") | F44: =IF(AND(F50<>"",D50=D38+1),F38+(F50-F38)*6/12,"") | G44: =IF(AND(G50<>"",D50=D38+1),G38+(G50-G38)*6/12,"") | H44: =IF(AND(H50<>"",D50=D38+1),H38+(H50-H38)*6/12,"") | I44: =IF(AND(L50<>"",D50=D38+1),I38+(I50-I38)*6/12,"") | J44: =_xlfn.XLOOKUP($A44,ALGLIB_SSA_XAUUSD!$AA$2:$AA$2401,ALGLIB_SSA_XAUUSD!$P$2:$P$2401,"",0) | K44: =_xlfn.XLOOKUP($A44,ALGLIB_SSA_XAUUSD!$AA$2:$AA$2401,ALGLIB_SSA_XAUUSD!$Q$2:$Q$2401,"",0) | L44: =_xlfn.XLOOKUP($A44,ALGLIB_SSA_XAUUSD!$AA$2:$AA$2401,ALGLIB_SSA_XAUUSD!$R$2:$R$2401,"",0) | M44: =_xlfn.XLOOKUP($A44,ALGLIB_SSA_XAUUSD!$AA$2:$AA$2401,ALGLIB_SSA_XAUUSD!$S$2:$S$2401,"",0) | N44: =_xlfn.XLOOKUP($A44,ALGLIB_SSA_XAUUSD!$AA$2:$AA$2401,ALGLIB_SSA_XAUUSD!$T$2:$T$2401,"",0) | O44: =_xlfn.XLOOKUP($A44,ALGLIB_SSA_XAUUSD!$AA$2:$AA$2401,ALGLIB_SSA_XAUUSD!$U$2:$U$2401,"",0) | P44: =_xlfn.XLOOKUP($A44,ALGLIB_SSA_XAUUSD!$AA$2:$AA$2401,ALGLIB_SSA_XAUUSD!$V$2:$V$2401,"",0) | S44: =A44 | T44: =J44 | U44: =K44 | V44: =IF($A44="","",MOD(ROW()-2,12)+1) | W44: =L44 | X44: =IF(F44="","",F44) | Y44: =IF(G44="","",G44) | Z44: =M44 | AA44: =N44 | AB44: =IF(H44="","",H44) | AC44: =O44 | AD44: =IF(I44="","",I44) | AE44: =P44 | AH44: =IF(S44<>"",S44,AH43+900) | AI44: =IF(T44<>"",T44,AI43) | AJ44: =IF(U44<>"",U44,AJ43) | AK44: =IF(W44<>"",W44,"") | AL44: =IF(X44<>"",X44,"") | AM44: =IF(Y44<>"",Y44,"") | AN44: =IF(OR(AL44="",AM44=""),"",AL44-AM44) | AO44: =IF(AN44="","",IF(AN44>0,"Bullish","Bearish")) | AP44: =IF(AO44="",AP43,AO44) | AQ44: =IF(AB44<>"",AB44,"") | AR44: =IF(AD44<>"",AD44,"") | AS44: =IF(AS43+1=13,1,AS43+1) | AT44: =IFERROR(IF(SLOPE($AQ$26:$AQ$37,$AS$26:$AS$37)>0,MIN(3,ABS(SLOPE($AQ$26:$AQ$37,$AS$26:$AS$37))),IF(SLOPE($AQ$26:$AQ$37,$AS$26:$AS$37)<-0.5,-0.5,0)),0) | AU44: =IFERROR(IF(SLOPE($AR$26:$AR$37,$AS$26:$AS$37)<0,MAX(-3,-ABS(SLOPE($AR$26:$AR$37,$AS$26:$AS$37))),IF(SLOPE($AR$26:$AR$37,$AS$26:$AS$37)>0.5,0.5,0)),0) | AV44: =($AQ$38+(AT44*(AS44-1))) | AW44: =($AR$38+(AU44*(AS44-1))) | AX44: =IF(AT44>0,AV44+AT44,AV44) | AY44: =IF(AU44<0,AW44+AU44,AW44) | BA44: =IFERROR(AX44-AQ44,"") | BB44: =IFERROR(AY44-AR44,"") | BD44: =AH44 | BE44: =AI44 | BF44: =AJ44 | BG44: =L44 | BH44: =IF(X44="","",X44) | BI44: =IF(Y44="","",Y44) | BJ44: =Z44 | BK44: =AA44 | BL44: =IFERROR(AX44,"") | BM44: =IFERROR(AY44,"")
A45: =ALGLIB_SSA_XAUUSD!AA45 | B45: =IF($A45="","",INDEX(ALGLIB_SSA_XAUUSD!$B$2:$B$2401,MATCH($A45,ALGLIB_SSA_XAUUSD!$A$2:$A$2401,1))) | C45: =IF($A45="","",INDEX(ALGLIB_SSA_XAUUSD!$C$2:$C$2401,MATCH($A45,ALGLIB_SSA_XAUUSD!$A$2:$A$2401,1))) | D45: =IF($A45="","",INT((ROW()-2)/12)+1) | E45: =IF(AND(E50<>"",D50=D38+1),E38+(E50-E38)*7/12,"") | F45: =IF(AND(F50<>"",D50=D38+1),F38+(F50-F38)*7/12,"") | G45: =IF(AND(G50<>"",D50=D38+1),G38+(G50-G38)*7/12,"") | H45: =IF(AND(H50<>"",D50=D38+1),H38+(H50-H38)*7/12,"") | I45: =IF(AND(L50<>"",D50=D38+1),I38+(I50-I38)*7/12,"") | J45: =_xlfn.XLOOKUP($A45,ALGLIB_SSA_XAUUSD!$AA$2:$AA$2401,ALGLIB_SSA_XAUUSD!$P$2:$P$2401,"",0) | K45: =_xlfn.XLOOKUP($A45,ALGLIB_SSA_XAUUSD!$AA$2:$AA$2401,ALGLIB_SSA_XAUUSD!$Q$2:$Q$2401,"",0) | L45: =_xlfn.XLOOKUP($A45,ALGLIB_SSA_XAUUSD!$AA$2:$AA$2401,ALGLIB_SSA_XAUUSD!$R$2:$R$2401,"",0) | M45: =_xlfn.XLOOKUP($A45,ALGLIB_SSA_XAUUSD!$AA$2:$AA$2401,ALGLIB_SSA_XAUUSD!$S$2:$S$2401,"",0) | N45: =_xlfn.XLOOKUP($A45,ALGLIB_SSA_XAUUSD!$AA$2:$AA$2401,ALGLIB_SSA_XAUUSD!$T$2:$T$2401,"",0) | O45: =_xlfn.XLOOKUP($A45,ALGLIB_SSA_XAUUSD!$AA$2:$AA$2401,ALGLIB_SSA_XAUUSD!$U$2:$U$2401,"",0) | P45: =_xlfn.XLOOKUP($A45,ALGLIB_SSA_XAUUSD!$AA$2:$AA$2401,ALGLIB_SSA_XAUUSD!$V$2:$V$2401,"",0) | S45: =A45 | T45: =J45 | U45: =K45 | V45: =IF($A45="","",MOD(ROW()-2,12)+1) | W45: =L45 | X45: =IF(F45="","",F45) | Y45: =IF(G45="","",G45) | Z45: =M45 | AA45: =N45 | AB45: =IF(H45="","",H45) | AC45: =O45 | AD45: =IF(I45="","",I45) | AE45: =P45 | AH45: =IF(S45<>"",S45,AH44+900) | AI45: =IF(T45<>"",T45,AI44) | AJ45: =IF(U45<>"",U45,AJ44) | AK45: =IF(W45<>"",W45,"") | AL45: =IF(X45<>"",X45,"") | AM45: =IF(Y45<>"",Y45,"") | AN45: =IF(OR(AL45="",AM45=""),"",AL45-AM45) | AO45: =IF(AN45="","",IF(AN45>0,"Bullish","Bearish")) | AP45: =IF(AO45="",AP44,AO45) | AQ45: =IF(AB45<>"",AB45,"") | AR45: =IF(AD45<>"",AD45,"") | AS45: =IF(AS44+1=13,1,AS44+1) | AT45: =IFERROR(IF(SLOPE($AQ$26:$AQ$37,$AS$26:$AS$37)>0,MIN(3,ABS(SLOPE($AQ$26:$AQ$37,$AS$26:$AS$37))),IF(SLOPE($AQ$26:$AQ$37,$AS$26:$AS$37)<-0.5,-0.5,0)),0) | AU45: =IFERROR(IF(SLOPE($AR$26:$AR$37,$AS$26:$AS$37)<0,MAX(-3,-ABS(SLOPE($AR$26:$AR$37,$AS$26:$AS$37))),IF(SLOPE($AR$26:$AR$37,$AS$26:$AS$37)>0.5,0.5,0)),0) | AV45: =($AQ$38+(AT45*(AS45-1))) | AW45: =($AR$38+(AU45*(AS45-1))) | AX45: =IF(AT45>0,AV45+AT45,AV45) | AY45: =IF(AU45<0,AW45+AU45,AW45) | BA45: =IFERROR(AX45-AQ45,"") | BB45: =IFERROR(AY45-AR45,"") | BD45: =AH45 | BE45: =AI45 | BF45: =AJ45 | BG45: =L45 | BH45: =IF(X45="","",X45) | BI45: =IF(Y45="","",Y45) | BJ45: =Z45 | BK45: =AA45 | BL45: =IFERROR(AX45,"") | BM45: =IFERROR(AY45,"")
A46: =ALGLIB_SSA_XAUUSD!AA46 | B46: =IF($A46="","",INDEX(ALGLIB_SSA_XAUUSD!$B$2:$B$2401,MATCH($A46,ALGLIB_SSA_XAUUSD!$A$2:$A$2401,1))) | C46: =IF($A46="","",INDEX(ALGLIB_SSA_XAUUSD!$C$2:$C$2401,MATCH($A46,ALGLIB_SSA_XAUUSD!$A$2:$A$2401,1))) | D46: =IF($A46="","",INT((ROW()-2)/12)+1) | E46: =IF(AND(E50<>"",D50=D38+1),E38+(E50-E38)*8/12,"") | F46: =IF(AND(F50<>"",D50=D38+1),F38+(F50-F38)*8/12,"") | G46: =IF(AND(G50<>"",D50=D38+1),G38+(G50-G38)*8/12,"") | H46: =IF(AND(H50<>"",D50=D38+1),H38+(H50-H38)*8/12,"") | I46: =IF(AND(L50<>"",D50=D38+1),I38+(I50-I38)*8/12,"") | J46: =_xlfn.XLOOKUP($A46,ALGLIB_SSA_XAUUSD!$AA$2:$AA$2401,ALGLIB_SSA_XAUUSD!$P$2:$P$2401,"",0) | K46: =_xlfn.XLOOKUP($A46,ALGLIB_SSA_XAUUSD!$AA$2:$AA$2401,ALGLIB_SSA_XAUUSD!$Q$2:$Q$2401,"",0) | L46: =_xlfn.XLOOKUP($A46,ALGLIB_SSA_XAUUSD!$AA$2:$AA$2401,ALGLIB_SSA_XAUUSD!$R$2:$R$2401,"",0) | M46: =_xlfn.XLOOKUP($A46,ALGLIB_SSA_XAUUSD!$AA$2:$AA$2401,ALGLIB_SSA_XAUUSD!$S$2:$S$2401,"",0) | N46: =_xlfn.XLOOKUP($A46,ALGLIB_SSA_XAUUSD!$AA$2:$AA$2401,ALGLIB_SSA_XAUUSD!$T$2:$T$2401,"",0) | O46: =_xlfn.XLOOKUP($A46,ALGLIB_SSA_XAUUSD!$AA$2:$AA$2401,ALGLIB_SSA_XAUUSD!$U$2:$U$2401,"",0) | P46: =_xlfn.XLOOKUP($A46,ALGLIB_SSA_XAUUSD!$AA$2:$AA$2401,ALGLIB_SSA_XAUUSD!$V$2:$V$2401,"",0) | S46: =A46 | T46: =J46 | U46: =K46 | V46: =IF($A46="","",MOD(ROW()-2,12)+1) | W46: =L46 | X46: =IF(F46="","",F46) | Y46: =IF(G46="","",G46) | Z46: =M46 | AA46: =N46 | AB46: =IF(H46="","",H46) | AC46: =O46 | AD46: =IF(I46="","",I46) | AE46: =P46 | AH46: =IF(S46<>"",S46,AH45+900) | AI46: =IF(T46<>"",T46,AI45) | AJ46: =IF(U46<>"",U46,AJ45) | AK46: =IF(W46<>"",W46,"") | AL46: =IF(X46<>"",X46,"") | AM46: =IF(Y46<>"",Y46,"") | AN46: =IF(OR(AL46="",AM46=""),"",AL46-AM46) | AO46: =IF(AN46="","",IF(AN46>0,"Bullish","Bearish")) | AP46: =IF(AO46="",AP45,AO46) | AQ46: =IF(AB46<>"",AB46,"") | AR46: =IF(AD46<>"",AD46,"") | AS46: =IF(AS45+1=13,1,AS45+1) | AT46: =IFERROR(IF(SLOPE($AQ$26:$AQ$37,$AS$26:$AS$37)>0,MIN(3,ABS(SLOPE($AQ$26:$AQ$37,$AS$26:$AS$37))),IF(SLOPE($AQ$26:$AQ$37,$AS$26:$AS$37)<-0.5,-0.5,0)),0) | AU46: =IFERROR(IF(SLOPE($AR$26:$AR$37,$AS$26:$AS$37)<0,MAX(-3,-ABS(SLOPE($AR$26:$AR$37,$AS$26:$AS$37))),IF(SLOPE($AR$26:$AR$37,$AS$26:$AS$37)>0.5,0.5,0)),0) | AV46: =($AQ$38+(AT46*(AS46-1))) | AW46: =($AR$38+(AU46*(AS46-1))) | AX46: =IF(AT46>0,AV46+AT46,AV46) | AY46: =IF(AU46<0,AW46+AU46,AW46) | BA46: =IFERROR(AX46-AQ46,"") | BB46: =IFERROR(AY46-AR46,"") | BD46: =AH46 | BE46: =AI46 | BF46: =AJ46 | BG46: =L46 | BH46: =IF(X46="","",X46) | BI46: =IF(Y46="","",Y46) | BJ46: =Z46 | BK46: =AA46 | BL46: =IFERROR(AX46,"") | BM46: =IFERROR(AY46,"")
A47: =ALGLIB_SSA_XAUUSD!AA47 | B47: =IF($A47="","",INDEX(ALGLIB_SSA_XAUUSD!$B$2:$B$2401,MATCH($A47,ALGLIB_SSA_XAUUSD!$A$2:$A$2401,1))) | C47: =IF($A47="","",INDEX(ALGLIB_SSA_XAUUSD!$C$2:$C$2401,MATCH($A47,ALGLIB_SSA_XAUUSD!$A$2:$A$2401,1))) | D47: =IF($A47="","",INT((ROW()-2)/12)+1) | E47: =IF(AND(E50<>"",D50=D38+1),E38+(E50-E38)*9/12,"") | F47: =IF(AND(F50<>"",D50=D38+1),F38+(F50-F38)*9/12,"") | G47: =IF(AND(G50<>"",D50=D38+1),G38+(G50-G38)*9/12,"") | H47: =IF(AND(H50<>"",D50=D38+1),H38+(H50-H38)*9/12,"") | I47: =IF(AND(L50<>"",D50=D38+1),I38+(I50-I38)*9/12,"") | J47: =_xlfn.XLOOKUP($A47,ALGLIB_SSA_XAUUSD!$AA$2:$AA$2401,ALGLIB_SSA_XAUUSD!$P$2:$P$2401,"",0) | K47: =_xlfn.XLOOKUP($A47,ALGLIB_SSA_XAUUSD!$AA$2:$AA$2401,ALGLIB_SSA_XAUUSD!$Q$2:$Q$2401,"",0) | L47: =_xlfn.XLOOKUP($A47,ALGLIB_SSA_XAUUSD!$AA$2:$AA$2401,ALGLIB_SSA_XAUUSD!$R$2:$R$2401,"",0) | M47: =_xlfn.XLOOKUP($A47,ALGLIB_SSA_XAUUSD!$AA$2:$AA$2401,ALGLIB_SSA_XAUUSD!$S$2:$S$2401,"",0) | N47: =_xlfn.XLOOKUP($A47,ALGLIB_SSA_XAUUSD!$AA$2:$AA$2401,ALGLIB_SSA_XAUUSD!$T$2:$T$2401,"",0) | O47: =_xlfn.XLOOKUP($A47,ALGLIB_SSA_XAUUSD!$AA$2:$AA$2401,ALGLIB_SSA_XAUUSD!$U$2:$U$2401,"",0) | P47: =_xlfn.XLOOKUP($A47,ALGLIB_SSA_XAUUSD!$AA$2:$AA$2401,ALGLIB_SSA_XAUUSD!$V$2:$V$2401,"",0) | S47: =A47 | T47: =J47 | U47: =K47 | V47: =IF($A47="","",MOD(ROW()-2,12)+1) | W47: =L47 | X47: =IF(F47="","",F47) | Y47: =IF(G47="","",G47) | Z47: =M47 | AA47: =N47 | AB47: =IF(H47="","",H47) | AC47: =O47 | AD47: =IF(I47="","",I47) | AE47: =P47 | AH47: =IF(S47<>"",S47,AH46+900) | AI47: =IF(T47<>"",T47,AI46) | AJ47: =IF(U47<>"",U47,AJ46) | AK47: =IF(W47<>"",W47,"") | AL47: =IF(X47<>"",X47,"") | AM47: =IF(Y47<>"",Y47,"") | AN47: =IF(OR(AL47="",AM47=""),"",AL47-AM47) | AO47: =IF(AN47="","",IF(AN47>0,"Bullish","Bearish")) | AP47: =IF(AO47="",AP46,AO47) | AQ47: =IF(AB47<>"",AB47,"") | AR47: =IF(AD47<>"",AD47,"") | AS47: =IF(AS46+1=13,1,AS46+1) | AT47: =IFERROR(IF(SLOPE($AQ$26:$AQ$37,$AS$26:$AS$37)>0,MIN(3,ABS(SLOPE($AQ$26:$AQ$37,$AS$26:$AS$37))),IF(SLOPE($AQ$26:$AQ$37,$AS$26:$AS$37)<-0.5,-0.5,0)),0) | AU47: =IFERROR(IF(SLOPE($AR$26:$AR$37,$AS$26:$AS$37)<0,MAX(-3,-ABS(SLOPE($AR$26:$AR$37,$AS$26:$AS$37))),IF(SLOPE($AR$26:$AR$37,$AS$26:$AS$37)>0.5,0.5,0)),0) | AV47: =($AQ$38+(AT47*(AS47-1))) | AW47: =($AR$38+(AU47*(AS47-1))) | AX47: =IF(AT47>0,AV47+AT47,AV47) | AY47: =IF(AU47<0,AW47+AU47,AW47) | BA47: =IFERROR(AX47-AQ47,"") | BB47: =IFERROR(AY47-AR47,"") | BD47: =AH47 | BE47: =AI47 | BF47: =AJ47 | BG47: =L47 | BH47: =IF(X47="","",X47) | BI47: =IF(Y47="","",Y47) | BJ47: =Z47 | BK47: =AA47 | BL47: =IFERROR(AX47,"") | BM47: =IFERROR(AY47,"")
A48: =ALGLIB_SSA_XAUUSD!AA48 | B48: =IF($A48="","",INDEX(ALGLIB_SSA_XAUUSD!$B$2:$B$2401,MATCH($A48,ALGLIB_SSA_XAUUSD!$A$2:$A$2401,1))) | C48: =IF($A48="","",INDEX(ALGLIB_SSA_XAUUSD!$C$2:$C$2401,MATCH($A48,ALGLIB_SSA_XAUUSD!$A$2:$A$2401,1))) | D48: =IF($A48="","",INT((ROW()-2)/12)+1) | E48: =IF(AND(E50<>"",D50=D38+1),E38+(E50-E38)*10/12,"") | F48: =IF(AND(F50<>"",D50=D38+1),F38+(F50-F38)*10/12,"") | G48: =IF(AND(G50<>"",D50=D38+1),G38+(G50-G38)*10/12,"") | H48: =IF(AND(H50<>"",D50=D38+1),H38+(H50-H38)*10/12,"") | I48: =IF(AND(L50<>"",D50=D38+1),I38+(I50-I38)*10/12,"") | J48: =_xlfn.XLOOKUP($A48,ALGLIB_SSA_XAUUSD!$AA$2:$AA$2401,ALGLIB_SSA_XAUUSD!$P$2:$P$2401,"",0) | K48: =_xlfn.XLOOKUP($A48,ALGLIB_SSA_XAUUSD!$AA$2:$AA$2401,ALGLIB_SSA_XAUUSD!$Q$2:$Q$2401,"",0) | L48: =_xlfn.XLOOKUP($A48,ALGLIB_SSA_XAUUSD!$AA$2:$AA$2401,ALGLIB_SSA_XAUUSD!$R$2:$R$2401,"",0) | M48: =_xlfn.XLOOKUP($A48,ALGLIB_SSA_XAUUSD!$AA$2:$AA$2401,ALGLIB_SSA_XAUUSD!$S$2:$S$2401,"",0) | N48: =_xlfn.XLOOKUP($A48,ALGLIB_SSA_XAUUSD!$AA$2:$AA$2401,ALGLIB_SSA_XAUUSD!$T$2:$T$2401,"",0) | O48: =_xlfn.XLOOKUP($A48,ALGLIB_SSA_XAUUSD!$AA$2:$AA$2401,ALGLIB_SSA_XAUUSD!$U$2:$U$2401,"",0) | P48: =_xlfn.XLOOKUP($A48,ALGLIB_SSA_XAUUSD!$AA$2:$AA$2401,ALGLIB_SSA_XAUUSD!$V$2:$V$2401,"",0) | S48: =A48 | T48: =J48 | U48: =K48 | V48: =IF($A48="","",MOD(ROW()-2,12)+1) | W48: =L48 | X48: =IF(F48="","",F48) | Y48: =IF(G48="","",G48) | Z48: =M48 | AA48: =N48 | AB48: =IF(H48="","",H48) | AC48: =O48 | AD48: =IF(I48="","",I48) | AE48: =P48 | AH48: =IF(S48<>"",S48,AH47+900) | AI48: =IF(T48<>"",T48,AI47) | AJ48: =IF(U48<>"",U48,AJ47) | AK48: =IF(W48<>"",W48,"") | AL48: =IF(X48<>"",X48,"") | AM48: =IF(Y48<>"",Y48,"") | AN48: =IF(OR(AL48="",AM48=""),"",AL48-AM48) | AO48: =IF(AN48="","",IF(AN48>0,"Bullish","Bearish")) | AP48: =IF(AO48="",AP47,AO48) | AQ48: =IF(AB48<>"",AB48,"") | AR48: =IF(AD48<>"",AD48,"") | AS48: =IF(AS47+1=13,1,AS47+1) | AT48: =IFERROR(IF(SLOPE($AQ$26:$AQ$37,$AS$26:$AS$37)>0,MIN(3,ABS(SLOPE($AQ$26:$AQ$37,$AS$26:$AS$37))),IF(SLOPE($AQ$26:$AQ$37,$AS$26:$AS$37)<-0.5,-0.5,0)),0) | AU48: =IFERROR(IF(SLOPE($AR$26:$AR$37,$AS$26:$AS$37)<0,MAX(-3,-ABS(SLOPE($AR$26:$AR$37,$AS$26:$AS$37))),IF(SLOPE($AR$26:$AR$37,$AS$26:$AS$37)>0.5,0.5,0)),0) | AV48: =($AQ$38+(AT48*(AS48-1))) | AW48: =($AR$38+(AU48*(AS48-1))) | AX48: =IF(AT48>0,AV48+AT48,AV48) | AY48: =IF(AU48<0,AW48+AU48,AW48) | BA48: =IFERROR(AX48-AQ48,"") | BB48: =IFERROR(AY48-AR48,"") | BD48: =AH48 | BE48: =AI48 | BF48: =AJ48 | BG48: =L48 | BH48: =IF(X48="","",X48) | BI48: =IF(Y48="","",Y48) | BJ48: =Z48 | BK48: =AA48 | BL48: =IFERROR(AX48,"") | BM48: =IFERROR(AY48,"")
A49: =ALGLIB_SSA_XAUUSD!AA49 | B49: =IF($A49="","",INDEX(ALGLIB_SSA_XAUUSD!$B$2:$B$2401,MATCH($A49,ALGLIB_SSA_XAUUSD!$A$2:$A$2401,1))) | C49: =IF($A49="","",INDEX(ALGLIB_SSA_XAUUSD!$C$2:$C$2401,MATCH($A49,ALGLIB_SSA_XAUUSD!$A$2:$A$2401,1))) | D49: =IF($A49="","",INT((ROW()-2)/12)+1) | E49: =IF(AND(E50<>"",D50=D38+1),E38+(E50-E38)*11/12,"") | F49: =IF(AND(F50<>"",D50=D38+1),F38+(F50-F38)*11/12,"") | G49: =IF(AND(G50<>"",D50=D38+1),G38+(G50-G38)*11/12,"") | H49: =IF(AND(H50<>"",D50=D38+1),H38+(H50-H38)*11/12,"") | I49: =IF(AND(L50<>"",D50=D38+1),I38+(I50-I38)*11/12,"") | J49: =_xlfn.XLOOKUP($A49,ALGLIB_SSA_XAUUSD!$AA$2:$AA$2401,ALGLIB_SSA_XAUUSD!$P$2:$P$2401,"",0) | K49: =_xlfn.XLOOKUP($A49,ALGLIB_SSA_XAUUSD!$AA$2:$AA$2401,ALGLIB_SSA_XAUUSD!$Q$2:$Q$2401,"",0) | L49: =_xlfn.XLOOKUP($A49,ALGLIB_SSA_XAUUSD!$AA$2:$AA$2401,ALGLIB_SSA_XAUUSD!$R$2:$R$2401,"",0) | M49: =_xlfn.XLOOKUP($A49,ALGLIB_SSA_XAUUSD!$AA$2:$AA$2401,ALGLIB_SSA_XAUUSD!$S$2:$S$2401,"",0) | N49: =_xlfn.XLOOKUP($A49,ALGLIB_SSA_XAUUSD!$AA$2:$AA$2401,ALGLIB_SSA_XAUUSD!$T$2:$T$2401,"",0) | O49: =_xlfn.XLOOKUP($A49,ALGLIB_SSA_XAUUSD!$AA$2:$AA$2401,ALGLIB_SSA_XAUUSD!$U$2:$U$2401,"",0) | P49: =_xlfn.XLOOKUP($A49,ALGLIB_SSA_XAUUSD!$AA$2:$AA$2401,ALGLIB_SSA_XAUUSD!$V$2:$V$2401,"",0) | S49: =A49 | T49: =J49 | U49: =K49 | V49: =IF($A49="","",MOD(ROW()-2,12)+1) | W49: =L49 | X49: =IF(F49="","",F49) | Y49: =IF(G49="","",G49) | Z49: =M49 | AA49: =N49 | AB49: =IF(H49="","",H49) | AC49: =O49 | AD49: =IF(I49="","",I49) | AE49: =P49 | AH49: =IF(S49<>"",S49,AH48+900) | AI49: =IF(T49<>"",T49,AI48) | AJ49: =IF(U49<>"",U49,AJ48) | AK49: =IF(W49<>"",W49,"") | AL49: =IF(X49<>"",X49,"") | AM49: =IF(Y49<>"",Y49,"") | AN49: =IF(OR(AL49="",AM49=""),"",AL49-AM49) | AO49: =IF(AN49="","",IF(AN49>0,"Bullish","Bearish")) | AP49: =IF(AO49="",AP48,AO49) | AQ49: =IF(AB49<>"",AB49,"") | AR49: =IF(AD49<>"",AD49,"") | AS49: =IF(AS48+1=13,1,AS48+1) | AT49: =IFERROR(IF(SLOPE($AQ$26:$AQ$37,$AS$26:$AS$37)>0,MIN(3,ABS(SLOPE($AQ$26:$AQ$37,$AS$26:$AS$37))),IF(SLOPE($AQ$26:$AQ$37,$AS$26:$AS$37)<-0.5,-0.5,0)),0) | AU49: =IFERROR(IF(SLOPE($AR$26:$AR$37,$AS$26:$AS$37)<0,MAX(-3,-ABS(SLOPE($AR$26:$AR$37,$AS$26:$AS$37))),IF(SLOPE($AR$26:$AR$37,$AS$26:$AS$37)>0.5,0.5,0)),0) | AV49: =($AQ$38+(AT49*(AS49-1))) | AW49: =($AR$38+(AU49*(AS49-1))) | AX49: =IF(AT49>0,AV49+AT49,AV49) | AY49: =IF(AU49<0,AW49+AU49,AW49) | BA49: =IFERROR(AX49-AQ49,"") | BB49: =IFERROR(AY49-AR49,"") | BD49: =AH49 | BE49: =AI49 | BF49: =AJ49 | BG49: =L49 | BH49: =IF(X49="","",X49) | BI49: =IF(Y49="","",Y49) | BJ49: =Z49 | BK49: =AA49 | BL49: =IFERROR(AX49,"") | BM49: =IFERROR(AY49,"")
A50: =ALGLIB_SSA_XAUUSD!AA50 | B50: =IF($A50="","",INDEX(ALGLIB_SSA_XAUUSD!$B$2:$B$2401,MATCH($A50,ALGLIB_SSA_XAUUSD!$A$2:$A$2401,1))) | C50: =IF($A50="","",INDEX(ALGLIB_SSA_XAUUSD!$C$2:$C$2401,MATCH($A50,ALGLIB_SSA_XAUUSD!$A$2:$A$2401,1))) | D50: =IF($A50="","",INT((ROW()-2)/12)+1) | E50: =IF($A50="","",INDEX(ALGLIB_SSA_XAUUSD!$D$2:$D$2401,MATCH($A50,ALGLIB_SSA_XAUUSD!$A$2:$A$2401,1))) | F50: =IF($A50="","",INDEX(ALGLIB_SSA_XAUUSD!$E$2:$E$2401,MATCH($A50,ALGLIB_SSA_XAUUSD!$A$2:$A$2401,1))) | G50: =IF($A50="","",INDEX(ALGLIB_SSA_XAUUSD!$F$2:$F$2401,MATCH($A50,ALGLIB_SSA_XAUUSD!$A$2:$A$2401,1))) | H50: =IF($A50="","",INDEX(ALGLIB_SSA_XAUUSD!$G$2:$G$2401,MATCH($A50,ALGLIB_SSA_XAUUSD!$A$2:$A$2401,1))) | I50: =IF($A50="","",INDEX(ALGLIB_SSA_XAUUSD!$H$2:$H$2401,MATCH($A50,ALGLIB_SSA_XAUUSD!$A$2:$A$2401,1))) | J50: =_xlfn.XLOOKUP($A50,ALGLIB_SSA_XAUUSD!$AA$2:$AA$2401,ALGLIB_SSA_XAUUSD!$P$2:$P$2401,"",0) | K50: =_xlfn.XLOOKUP($A50,ALGLIB_SSA_XAUUSD!$AA$2:$AA$2401,ALGLIB_SSA_XAUUSD!$Q$2:$Q$2401,"",0) | L50: =_xlfn.XLOOKUP($A50,ALGLIB_SSA_XAUUSD!$AA$2:$AA$2401,ALGLIB_SSA_XAUUSD!$R$2:$R$2401,"",0) | M50: =_xlfn.XLOOKUP($A50,ALGLIB_SSA_XAUUSD!$AA$2:$AA$2401,ALGLIB_SSA_XAUUSD!$S$2:$S$2401,"",0) | N50: =_xlfn.XLOOKUP($A50,ALGLIB_SSA_XAUUSD!$AA$2:$AA$2401,ALGLIB_SSA_XAUUSD!$T$2:$T$2401,"",0) | O50: =_xlfn.XLOOKUP($A50,ALGLIB_SSA_XAUUSD!$AA$2:$AA$2401,ALGLIB_SSA_XAUUSD!$U$2:$U$2401,"",0) | P50: =_xlfn.XLOOKUP($A50,ALGLIB_SSA_XAUUSD!$AA$2:$AA$2401,ALGLIB_SSA_XAUUSD!$V$2:$V$2401,"",0) | S50: =A50 | T50: =J50 | U50: =K50 | V50: =IF($A50="","",MOD(ROW()-2,12)+1) | W50: =L50 | X50: =IF(F50="","",F50) | Y50: =IF(G50="","",G50) | Z50: =M50 | AA50: =N50 | AB50: =IF(H50="","",H50) | AC50: =O50 | AD50: =IF(I50="","",I50) | AE50: =P50 | AH50: =IF(S50<>"",S50,AH49+900) | AI50: =IF(T50<>"",T50,AI49) | AJ50: =IF(U50<>"",U50,AJ49) | AK50: =IF(W50<>"",W50,"") | AL50: =IF(X50<>"",X50,"") | AM50: =IF(Y50<>"",Y50,"") | AN50: =IF(OR(AL50="",AM50=""),"",AL50-AM50) | AO50: =IF(AN50="","",IF(AN50>0,"Bullish","Bearish")) | AP50: =IF(AO50="",AP49,AO50) | AQ50: =IF(AB50<>"",AB50,"") | AR50: =IF(AD50<>"",AD50,"") | AS50: =IF(AS49+1=13,1,AS49+1) | AT50: =IFERROR(IF(SLOPE($AQ$38:$AQ$49,$AS$38:$AS$49)>0,MIN(3,ABS(SLOPE($AQ$38:$AQ$49,$AS$38:$AS$49))),IF(SLOPE($AQ$38:$AQ$49,$AS$38:$AS$49)<-0.5,-0.5,0)),0) | AU50: =IFERROR(IF(SLOPE($AR$38:$AR$49,$AS$38:$AS$49)<0,MAX(-3,-ABS(SLOPE($AR$38:$AR$49,$AS$38:$AS$49))),IF(SLOPE($AR$38:$AR$49,$AS$38:$AS$49)>0.5,0.5,0)),0) | AV50: =($AQ$50+(AT50*(AS50-1))) | AW50: =($AR$50+(AU50*(AS50-1))) | AX50: =IF(AT50>0,AV50+AT50,AV50) | AY50: =IF(AU50<0,AW50+AU50,AW50) | BA50: =IFERROR(AX50-AQ50,"") | BB50: =IFERROR(AY50-AR50,"") | BD50: =AH50 | BE50: =AI50 | BF50: =AJ50 | BG50: =L50 | BH50: =IF(X50="","",X50) | BI50: =IF(Y50="","",Y50) | BJ50: =Z50 | BK50: =AA50 | BL50: =IFERROR(AX50,"") | BM50: =IFERROR(AY50,"")
A51: =ALGLIB_SSA_XAUUSD!AA51 | B51: =IF($A51="","",INDEX(ALGLIB_SSA_XAUUSD!$B$2:$B$2401,MATCH($A51,ALGLIB_SSA_XAUUSD!$A$2:$A$2401,1))) | C51: =IF($A51="","",INDEX(ALGLIB_SSA_XAUUSD!$C$2:$C$2401,MATCH($A51,ALGLIB_SSA_XAUUSD!$A$2:$A$2401,1))) | D51: =IF($A51="","",INT((ROW()-2)/12)+1) | E51: =IF(AND(E62<>"",D62=D50+1),E50+(E62-E50)*1/12,"") | F51: =IF(AND(F62<>"",D62=D50+1),F50+(F62-F50)*1/12,"") | G51: =IF(AND(G62<>"",D62=D50+1),G50+(G62-G50)*1/12,"") | H51: =IF(AND(H62<>"",D62=D50+1),H50+(H62-H50)*1/12,"") | I51: =IF(AND(L62<>"",D62=D50+1),I50+(I62-I50)*1/12,"") | J51: =_xlfn.XLOOKUP($A51,ALGLIB_SSA_XAUUSD!$AA$2:$AA$2401,ALGLIB_SSA_XAUUSD!$P$2:$P$2401,"",0) | K51: =_xlfn.XLOOKUP($A51,ALGLIB_SSA_XAUUSD!$AA$2:$AA$2401,ALGLIB_SSA_XAUUSD!$Q$2:$Q$2401,"",0) | L51: =_xlfn.XLOOKUP($A51,ALGLIB_SSA_XAUUSD!$AA$2:$AA$2401,ALGLIB_SSA_XAUUSD!$R$2:$R$2401,"",0) | M51: =_xlfn.XLOOKUP($A51,ALGLIB_SSA_XAUUSD!$AA$2:$AA$2401,ALGLIB_SSA_XAUUSD!$S$2:$S$2401,"",0) | N51: =_xlfn.XLOOKUP($A51,ALGLIB_SSA_XAUUSD!$AA$2:$AA$2401,ALGLIB_SSA_XAUUSD!$T$2:$T$2401,"",0) | O51: =_xlfn.XLOOKUP($A51,ALGLIB_SSA_XAUUSD!$AA$2:$AA$2401,ALGLIB_SSA_XAUUSD!$U$2:$U$2401,"",0) | P51: =_xlfn.XLOOKUP($A51,ALGLIB_SSA_XAUUSD!$AA$2:$AA$2401,ALGLIB_SSA_XAUUSD!$V$2:$V$2401,"",0) | S51: =A51 | T51: =J51 | U51: =K51 | V51: =IF($A51="","",MOD(ROW()-2,12)+1) | W51: =L51 | X51: =IF(F51="","",F51) | Y51: =IF(G51="","",G51) | Z51: =M51 | AA51: =N51 | AB51: =IF(H51="","",H51) | AC51: =O51 | AD51: =IF(I51="","",I51) | AE51: =P51 | AH51: =IF(S51<>"",S51,AH50+900) | AI51: =IF(T51<>"",T51,AI50) | AJ51: =IF(U51<>"",U51,AJ50) | AK51: =IF(W51<>"",W51,"") | AL51: =IF(X51<>"",X51,"") | AM51: =IF(Y51<>"",Y51,"") | AN51: =IF(OR(AL51="",AM51=""),"",AL51-AM51) | AO51: =IF(AN51="","",IF(AN51>0,"Bullish","Bearish")) | AP51: =IF(AO51="",AP50,AO51) | AQ51: =IF(AB51<>"",AB51,"") | AR51: =IF(AD51<>"",AD51,"") | AS51: =IF(AS50+1=13,1,AS50+1) | AT51: =IFERROR(IF(SLOPE($AQ$38:$AQ$49,$AS$38:$AS$49)>0,MIN(3,ABS(SLOPE($AQ$38:$AQ$49,$AS$38:$AS$49))),IF(SLOPE($AQ$38:$AQ$49,$AS$38:$AS$49)<-0.5,-0.5,0)),0) | AU51: =IFERROR(IF(SLOPE($AR$38:$AR$49,$AS$38:$AS$49)<0,MAX(-3,-ABS(SLOPE($AR$38:$AR$49,$AS$38:$AS$49))),IF(SLOPE($AR$38:$AR$49,$AS$38:$AS$49)>0.5,0.5,0)),0) | AV51: =($AQ$50+(AT51*(AS51-1))) | AW51: =($AR$50+(AU51*(AS51-1))) | AX51: =IF(AT51>0,AV51+AT51,AV51) | AY51: =IF(AU51<0,AW51+AU51,AW51) | BA51: =IFERROR(AX51-AQ51,"") | BB51: =IFERROR(AY51-AR51,"") | BD51: =AH51 | BE51: =AI51 | BF51: =AJ51 | BG51: =L51 | BH51: =IF(X51="","",X51) | BI51: =IF(Y51="","",Y51) | BJ51: =Z51 | BK51: =AA51 | BL51: =IFERROR(AX51,"") | BM51: =IFERROR(AY51,"")
A52: =ALGLIB_SSA_XAUUSD!AA52 | B52: =IF($A52="","",INDEX(ALGLIB_SSA_XAUUSD!$B$2:$B$2401,MATCH($A52,ALGLIB_SSA_XAUUSD!$A$2:$A$2401,1))) | C52: =IF($A52="","",INDEX(ALGLIB_SSA_XAUUSD!$C$2:$C$2401,MATCH($A52,ALGLIB_SSA_XAUUSD!$A$2:$A$2401,1))) | D52: =IF($A52="","",INT((ROW()-2)/12)+1) | E52: =IF(AND(E62<>"",D62=D50+1),E50+(E62-E50)*2/12,"") | F52: =IF(AND(F62<>"",D62=D50+1),F50+(F62-F50)*2/12,"") | G52: =IF(AND(G62<>"",D62=D50+1),G50+(G62-G50)*2/12,"") | H52: =IF(AND(H62<>"",D62=D50+1),H50+(H62-H50)*2/12,"") | I52: =IF(AND(L62<>"",D62=D50+1),I50+(I62-I50)*2/12,"") | J52: =_xlfn.XLOOKUP($A52,ALGLIB_SSA_XAUUSD!$AA$2:$AA$2401,ALGLIB_SSA_XAUUSD!$P$2:$P$2401,"",0) | K52: =_xlfn.XLOOKUP($A52,ALGLIB_SSA_XAUUSD!$AA$2:$AA$2401,ALGLIB_SSA_XAUUSD!$Q$2:$Q$2401,"",0) | L52: =_xlfn.XLOOKUP($A52,ALGLIB_SSA_XAUUSD!$AA$2:$AA$2401,ALGLIB_SSA_XAUUSD!$R$2:$R$2401,"",0) | M52: =_xlfn.XLOOKUP($A52,ALGLIB_SSA_XAUUSD!$AA$2:$AA$2401,ALGLIB_SSA_XAUUSD!$S$2:$S$2401,"",0) | N52: =_xlfn.XLOOKUP($A52,ALGLIB_SSA_XAUUSD!$AA$2:$AA$2401,ALGLIB_SSA_XAUUSD!$T$2:$T$2401,"",0) | O52: =_xlfn.XLOOKUP($A52,ALGLIB_SSA_XAUUSD!$AA$2:$AA$2401,ALGLIB_SSA_XAUUSD!$U$2:$U$2401,"",0) | P52: =_xlfn.XLOOKUP($A52,ALGLIB_SSA_XAUUSD!$AA$2:$AA$2401,ALGLIB_SSA_XAUUSD!$V$2:$V$2401,"",0) | S52: =A52 | T52: =J52 | U52: =K52 | V52: =IF($A52="","",MOD(ROW()-2,12)+1) | W52: =L52 | X52: =IF(F52="","",F52) | Y52: =IF(G52="","",G52) | Z52: =M52 | AA52: =N52 | AB52: =IF(H52="","",H52) | AC52: =O52 | AD52: =IF(I52="","",I52) | AE52: =P52 | AH52: =IF(S52<>"",S52,AH51+900) | AI52: =IF(T52<>"",T52,AI51) | AJ52: =IF(U52<>"",U52,AJ51) | AK52: =IF(W52<>"",W52,"") | AL52: =IF(X52<>"",X52,"") | AM52: =IF(Y52<>"",Y52,"") | AN52: =IF(OR(AL52="",AM52=""),"",AL52-AM52) | AO52: =IF(AN52="","",IF(AN52>0,"Bullish","Bearish")) | AP52: =IF(AO52="",AP51,AO52) | AQ52: =IF(AB52<>"",AB52,"") | AR52: =IF(AD52<>"",AD52,"") | AS52: =IF(AS51+1=13,1,AS51+1) | AT52: =IFERROR(IF(SLOPE($AQ$38:$AQ$49,$AS$38:$AS$49)>0,MIN(3,ABS(SLOPE($AQ$38:$AQ$49,$AS$38:$AS$49))),IF(SLOPE($AQ$38:$AQ$49,$AS$38:$AS$49)<-0.5,-0.5,0)),0) | AU52: =IFERROR(IF(SLOPE($AR$38:$AR$49,$AS$38:$AS$49)<0,MAX(-3,-ABS(SLOPE($AR$38:$AR$49,$AS$38:$AS$49))),IF(SLOPE($AR$38:$AR$49,$AS$38:$AS$49)>0.5,0.5,0)),0) | AV52: =($AQ$50+(AT52*(AS52-1))) | AW52: =($AR$50+(AU52*(AS52-1))) | AX52: =IF(AT52>0,AV52+AT52,AV52) | AY52: =IF(AU52<0,AW52+AU52,AW52) | BA52: =IFERROR(AX52-AQ52,"") | BB52: =IFERROR(AY52-AR52,"") | BD52: =AH52 | BE52: =AI52 | BF52: =AJ52 | BG52: =L52 | BH52: =IF(X52="","",X52) | BI52: =IF(Y52="","",Y52) | BJ52: =Z52 | BK52: =AA52 | BL52: =IFERROR(AX52,"") | BM52: =IFERROR(AY52,"")
A53: =ALGLIB_SSA_XAUUSD!AA53 | B53: =IF($A53="","",INDEX(ALGLIB_SSA_XAUUSD!$B$2:$B$2401,MATCH($A53,ALGLIB_SSA_XAUUSD!$A$2:$A$2401,1))) | C53: =IF($A53="","",INDEX(ALGLIB_SSA_XAUUSD!$C$2:$C$2401,MATCH($A53,ALGLIB_SSA_XAUUSD!$A$2:$A$2401,1))) | D53: =IF($A53="","",INT((ROW()-2)/12)+1) | E53: =IF(AND(E62<>"",D62=D50+1),E50+(E62-E50)*3/12,"") | F53: =IF(AND(F62<>"",D62=D50+1),F50+(F62-F50)*3/12,"") | G53: =IF(AND(G62<>"",D62=D50+1),G50+(G62-G50)*3/12,"") | H53: =IF(AND(H62<>"",D62=D50+1),H50+(H62-H50)*3/12,"") | I53: =IF(AND(L62<>"",D62=D50+1),I50+(I62-I50)*3/12,"") | J53: =_xlfn.XLOOKUP($A53,ALGLIB_SSA_XAUUSD!$AA$2:$AA$2401,ALGLIB_SSA_XAUUSD!$P$2:$P$2401,"",0) | K53: =_xlfn.XLOOKUP($A53,ALGLIB_SSA_XAUUSD!$AA$2:$AA$2401,ALGLIB_SSA_XAUUSD!$Q$2:$Q$2401,"",0) | L53: =_xlfn.XLOOKUP($A53,ALGLIB_SSA_XAUUSD!$AA$2:$AA$2401,ALGLIB_SSA_XAUUSD!$R$2:$R$2401,"",0) | M53: =_xlfn.XLOOKUP($A53,ALGLIB_SSA_XAUUSD!$AA$2:$AA$2401,ALGLIB_SSA_XAUUSD!$S$2:$S$2401,"",0) | N53: =_xlfn.XLOOKUP($A53,ALGLIB_SSA_XAUUSD!$AA$2:$AA$2401,ALGLIB_SSA_XAUUSD!$T$2:$T$2401,"",0) | O53: =_xlfn.XLOOKUP($A53,ALGLIB_SSA_XAUUSD!$AA$2:$AA$2401,ALGLIB_SSA_XAUUSD!$U$2:$U$2401,"",0) | P53: =_xlfn.XLOOKUP($A53,ALGLIB_SSA_XAUUSD!$AA$2:$AA$2401,ALGLIB_SSA_XAUUSD!$V$2:$V$2401,"",0) | S53: =A53 | T53: =J53 | U53: =K53 | V53: =IF($A53="","",MOD(ROW()-2,12)+1) | W53: =L53 | X53: =IF(F53="","",F53) | Y53: =IF(G53="","",G53) | Z53: =M53 | AA53: =N53 | AB53: =IF(H53="","",H53) | AC53: =O53 | AD53: =IF(I53="","",I53) | AE53: =P53 | AH53: =IF(S53<>"",S53,AH52+900) | AI53: =IF(T53<>"",T53,AI52) | AJ53: =IF(U53<>"",U53,AJ52) | AK53: =IF(W53<>"",W53,"") | AL53: =IF(X53<>"",X53,"") | AM53: =IF(Y53<>"",Y53,"") | AN53: =IF(OR(AL53="",AM53=""),"",AL53-AM53) | AO53: =IF(AN53="","",IF(AN53>0,"Bullish","Bearish")) | AP53: =IF(AO53="",AP52,AO53) | AQ53: =IF(AB53<>"",AB53,"") | AR53: =IF(AD53<>"",AD53,"") | AS53: =IF(AS52+1=13,1,AS52+1) | AT53: =IFERROR(IF(SLOPE($AQ$38:$AQ$49,$AS$38:$AS$49)>0,MIN(3,ABS(SLOPE($AQ$38:$AQ$49,$AS$38:$AS$49))),IF(SLOPE($AQ$38:$AQ$49,$AS$38:$AS$49)<-0.5,-0.5,0)),0) | AU53: =IFERROR(IF(SLOPE($AR$38:$AR$49,$AS$38:$AS$49)<0,MAX(-3,-ABS(SLOPE($AR$38:$AR$49,$AS$38:$AS$49))),IF(SLOPE($AR$38:$AR$49,$AS$38:$AS$49)>0.5,0.5,0)),0) | AV53: =($AQ$50+(AT53*(AS53-1))) | AW53: =($AR$50+(AU53*(AS53-1))) | AX53: =IF(AT53>0,AV53+AT53,AV53) | AY53: =IF(AU53<0,AW53+AU53,AW53) | BA53: =IFERROR(AX53-AQ53,"") | BB53: =IFERROR(AY53-AR53,"") | BD53: =AH53 | BE53: =AI53 | BF53: =AJ53 | BG53: =L53 | BH53: =IF(X53="","",X53) | BI53: =IF(Y53="","",Y53) | BJ53: =Z53 | BK53: =AA53 | BL53: =IFERROR(AX53,"") | BM53: =IFERROR(AY53,"")
A54: =ALGLIB_SSA_XAUUSD!AA54 | B54: =IF($A54="","",INDEX(ALGLIB_SSA_XAUUSD!$B$2:$B$2401,MATCH($A54,ALGLIB_SSA_XAUUSD!$A$2:$A$2401,1))) | C54: =IF($A54="","",INDEX(ALGLIB_SSA_XAUUSD!$C$2:$C$2401,MATCH($A54,ALGLIB_SSA_XAUUSD!$A$2:$A$2401,1))) | D54: =IF($A54="","",INT((ROW()-2)/12)+1) | E54: =IF(AND(E62<>"",D62=D50+1),E50+(E62-E50)*4/12,"") | F54: =IF(AND(F62<>"",D62=D50+1),F50+(F62-F50)*4/12,"") | G54: =IF(AND(G62<>"",D62=D50+1),G50+(G62-G50)*4/12,"") | H54: =IF(AND(H62<>"",D62=D50+1),H50+(H62-H50)*4/12,"") | I54: =IF(AND(L62<>"",D62=D50+1),I50+(I62-I50)*4/12,"") | J54: =_xlfn.XLOOKUP($A54,ALGLIB_SSA_XAUUSD!$AA$2:$AA$2401,ALGLIB_SSA_XAUUSD!$P$2:$P$2401,"",0) | K54: =_xlfn.XLOOKUP($A54,ALGLIB_SSA_XAUUSD!$AA$2:$AA$2401,ALGLIB_SSA_XAUUSD!$Q$2:$Q$2401,"",0) | L54: =_xlfn.XLOOKUP($A54,ALGLIB_SSA_XAUUSD!$AA$2:$AA$2401,ALGLIB_SSA_XAUUSD!$R$2:$R$2401,"",0) | M54: =_xlfn.XLOOKUP($A54,ALGLIB_SSA_XAUUSD!$AA$2:$AA$2401,ALGLIB_SSA_XAUUSD!$S$2:$S$2401,"",0) | N54: =_xlfn.XLOOKUP($A54,ALGLIB_SSA_XAUUSD!$AA$2:$AA$2401,ALGLIB_SSA_XAUUSD!$T$2:$T$2401,"",0) | O54: =_xlfn.XLOOKUP($A54,ALGLIB_SSA_XAUUSD!$AA$2:$AA$2401,ALGLIB_SSA_XAUUSD!$U$2:$U$2401,"",0) | P54: =_xlfn.XLOOKUP($A54,ALGLIB_SSA_XAUUSD!$AA$2:$AA$2401,ALGLIB_SSA_XAUUSD!$V$2:$V$2401,"",0) | S54: =A54 | T54: =J54 | U54: =K54 | V54: =IF($A54="","",MOD(ROW()-2,12)+1) | W54: =L54 | X54: =IF(F54="","",F54) | Y54: =IF(G54="","",G54) | Z54: =M54 | AA54: =N54 | AB54: =IF(H54="","",H54) | AC54: =O54 | AD54: =IF(I54="","",I54) | AE54: =P54 | AH54: =IF(S54<>"",S54,AH53+900) | AI54: =IF(T54<>"",T54,AI53) | AJ54: =IF(U54<>"",U54,AJ53) | AK54: =IF(W54<>"",W54,"") | AL54: =IF(X54<>"",X54,"") | AM54: =IF(Y54<>"",Y54,"") | AN54: =IF(OR(AL54="",AM54=""),"",AL54-AM54) | AO54: =IF(AN54="","",IF(AN54>0,"Bullish","Bearish")) | AP54: =IF(AO54="",AP53,AO54) | AQ54: =IF(AB54<>"",AB54,"") | AR54: =IF(AD54<>"",AD54,"") | AS54: =IF(AS53+1=13,1,AS53+1) | AT54: =IFERROR(IF(SLOPE($AQ$38:$AQ$49,$AS$38:$AS$49)>0,MIN(3,ABS(SLOPE($AQ$38:$AQ$49,$AS$38:$AS$49))),IF(SLOPE($AQ$38:$AQ$49,$AS$38:$AS$49)<-0.5,-0.5,0)),0) | AU54: =IFERROR(IF(SLOPE($AR$38:$AR$49,$AS$38:$AS$49)<0,MAX(-3,-ABS(SLOPE($AR$38:$AR$49,$AS$38:$AS$49))),IF(SLOPE($AR$38:$AR$49,$AS$38:$AS$49)>0.5,0.5,0)),0) | AV54: =($AQ$50+(AT54*(AS54-1))) | AW54: =($AR$50+(AU54*(AS54-1))) | AX54: =IF(AT54>0,AV54+AT54,AV54) | AY54: =IF(AU54<0,AW54+AU54,AW54) | BA54: =IFERROR(AX54-AQ54,"") | BB54: =IFERROR(AY54-AR54,"") | BD54: =AH54 | BE54: =AI54 | BF54: =AJ54 | BG54: =L54 | BH54: =IF(X54="","",X54) | BI54: =IF(Y54="","",Y54) | BJ54: =Z54 | BK54: =AA54 | BL54: =IFERROR(AX54,"") | BM54: =IFERROR(AY54,"")
A55: =ALGLIB_SSA_XAUUSD!AA55 | B55: =IF($A55="","",INDEX(ALGLIB_SSA_XAUUSD!$B$2:$B$2401,MATCH($A55,ALGLIB_SSA_XAUUSD!$A$2:$A$2401,1))) | C55: =IF($A55="","",INDEX(ALGLIB_SSA_XAUUSD!$C$2:$C$2401,MATCH($A55,ALGLIB_SSA_XAUUSD!$A$2:$A$2401,1))) | D55: =IF($A55="","",INT((ROW()-2)/12)+1) | E55: =IF(AND(E62<>"",D62=D50+1),E50+(E62-E50)*5/12,"") | F55: =IF(AND(F62<>"",D62=D50+1),F50+(F62-F50)*5/12,"") | G55: =IF(AND(G62<>"",D62=D50+1),G50+(G62-G50)*5/12,"") | H55: =IF(AND(H62<>"",D62=D50+1),H50+(H62-H50)*5/12,"") | I55: =IF(AND(L62<>"",D62=D50+1),I50+(I62-I50)*5/12,"") | J55: =_xlfn.XLOOKUP($A55,ALGLIB_SSA_XAUUSD!$AA$2:$AA$2401,ALGLIB_SSA_XAUUSD!$P$2:$P$2401,"",0) | K55: =_xlfn.XLOOKUP($A55,ALGLIB_SSA_XAUUSD!$AA$2:$AA$2401,ALGLIB_SSA_XAUUSD!$Q$2:$Q$2401,"",0) | L55: =_xlfn.XLOOKUP($A55,ALGLIB_SSA_XAUUSD!$AA$2:$AA$2401,ALGLIB_SSA_XAUUSD!$R$2:$R$2401,"",0) | M55: =_xlfn.XLOOKUP($A55,ALGLIB_SSA_XAUUSD!$AA$2:$AA$2401,ALGLIB_SSA_XAUUSD!$S$2:$S$2401,"",0) | N55: =_xlfn.XLOOKUP($A55,ALGLIB_SSA_XAUUSD!$AA$2:$AA$2401,ALGLIB_SSA_XAUUSD!$T$2:$T$2401,"",0) | O55: =_xlfn.XLOOKUP($A55,ALGLIB_SSA_XAUUSD!$AA$2:$AA$2401,ALGLIB_SSA_XAUUSD!$U$2:$U$2401,"",0) | P55: =_xlfn.XLOOKUP($A55,ALGLIB_SSA_XAUUSD!$AA$2:$AA$2401,ALGLIB_SSA_XAUUSD!$V$2:$V$2401,"",0) | S55: =A55 | T55: =J55 | U55: =K55 | V55: =IF($A55="","",MOD(ROW()-2,12)+1) | W55: =L55 | X55: =IF(F55="","",F55) | Y55: =IF(G55="","",G55) | Z55: =M55 | AA55: =N55 | AB55: =IF(H55="","",H55) | AC55: =O55 | AD55: =IF(I55="","",I55) | AE55: =P55 | AH55: =IF(S55<>"",S55,AH54+900) | AI55: =IF(T55<>"",T55,AI54) | AJ55: =IF(U55<>"",U55,AJ54) | AK55: =IF(W55<>"",W55,"") | AL55: =IF(X55<>"",X55,"") | AM55: =IF(Y55<>"",Y55,"") | AN55: =IF(OR(AL55="",AM55=""),"",AL55-AM55) | AO55: =IF(AN55="","",IF(AN55>0,"Bullish","Bearish")) | AP55: =IF(AO55="",AP54,AO55) | AQ55: =IF(AB55<>"",AB55,"") | AR55: =IF(AD55<>"",AD55,"") | AS55: =IF(AS54+1=13,1,AS54+1) | AT55: =IFERROR(IF(SLOPE($AQ$38:$AQ$49,$AS$38:$AS$49)>0,MIN(3,ABS(SLOPE($AQ$38:$AQ$49,$AS$38:$AS$49))),IF(SLOPE($AQ$38:$AQ$49,$AS$38:$AS$49)<-0.5,-0.5,0)),0) | AU55: =IFERROR(IF(SLOPE($AR$38:$AR$49,$AS$38:$AS$49)<0,MAX(-3,-ABS(SLOPE($AR$38:$AR$49,$AS$38:$AS$49))),IF(SLOPE($AR$38:$AR$49,$AS$38:$AS$49)>0.5,0.5,0)),0) | AV55: =($AQ$50+(AT55*(AS55-1))) | AW55: =($AR$50+(AU55*(AS55-1))) | AX55: =IF(AT55>0,AV55+AT55,AV55) | AY55: =IF(AU55<0,AW55+AU55,AW55) | BA55: =IFERROR(AX55-AQ55,"") | BB55: =IFERROR(AY55-AR55,"") | BD55: =AH55 | BE55: =AI55 | BF55: =AJ55 | BG55: =L55 | BH55: =IF(X55="","",X55) | BI55: =IF(Y55="","",Y55) | BJ55: =Z55 | BK55: =AA55 | BL55: =IFERROR(AX55,"") | BM55: =IFERROR(AY55,"")
A56: =ALGLIB_SSA_XAUUSD!AA56 | B56: =IF($A56="","",INDEX(ALGLIB_SSA_XAUUSD!$B$2:$B$2401,MATCH($A56,ALGLIB_SSA_XAUUSD!$A$2:$A$2401,1))) | C56: =IF($A56="","",INDEX(ALGLIB_SSA_XAUUSD!$C$2:$C$2401,MATCH($A56,ALGLIB_SSA_XAUUSD!$A$2:$A$2401,1))) | D56: =IF($A56="","",INT((ROW()-2)/12)+1) | E56: =IF(AND(E62<>"",D62=D50+1),E50+(E62-E50)*6/12,"") | F56: =IF(AND(F62<>"",D62=D50+1),F50+(F62-F50)*6/12,"") | G56: =IF(AND(G62<>"",D62=D50+1),G50+(G62-G50)*6/12,"") | H56: =IF(AND(H62<>"",D62=D50+1),H50+(H62-H50)*6/12,"") | I56: =IF(AND(L62<>"",D62=D50+1),I50+(I62-I50)*6/12,"") | J56: =_xlfn.XLOOKUP($A56,ALGLIB_SSA_XAUUSD!$AA$2:$AA$2401,ALGLIB_SSA_XAUUSD!$P$2:$P$2401,"",0) | K56: =_xlfn.XLOOKUP($A56,ALGLIB_SSA_XAUUSD!$AA$2:$AA$2401,ALGLIB_SSA_XAUUSD!$Q$2:$Q$2401,"",0) | L56: =_xlfn.XLOOKUP($A56,ALGLIB_SSA_XAUUSD!$AA$2:$AA$2401,ALGLIB_SSA_XAUUSD!$R$2:$R$2401,"",0) | M56: =_xlfn.XLOOKUP($A56,ALGLIB_SSA_XAUUSD!$AA$2:$AA$2401,ALGLIB_SSA_XAUUSD!$S$2:$S$2401,"",0) | N56: =_xlfn.XLOOKUP($A56,ALGLIB_SSA_XAUUSD!$AA$2:$AA$2401,ALGLIB_SSA_XAUUSD!$T$2:$T$2401,"",0) | O56: =_xlfn.XLOOKUP($A56,ALGLIB_SSA_XAUUSD!$AA$2:$AA$2401,ALGLIB_SSA_XAUUSD!$U$2:$U$2401,"",0) | P56: =_xlfn.XLOOKUP($A56,ALGLIB_SSA_XAUUSD!$AA$2:$AA$2401,ALGLIB_SSA_XAUUSD!$V$2:$V$2401,"",0) | S56: =A56 | T56: =J56 | U56: =K56 | V56: =IF($A56="","",MOD(ROW()-2,12)+1) | W56: =L56 | X56: =IF(F56="","",F56) | Y56: =IF(G56="","",G56) | Z56: =M56 | AA56: =N56 | AB56: =IF(H56="","",H56) | AC56: =O56 | AD56: =IF(I56="","",I56) | AE56: =P56 | AH56: =IF(S56<>"",S56,AH55+900) | AI56: =IF(T56<>"",T56,AI55) | AJ56: =IF(U56<>"",U56,AJ55) | AK56: =IF(W56<>"",W56,"") | AL56: =IF(X56<>"",X56,"") | AM56: =IF(Y56<>"",Y56,"") | AN56: =IF(OR(AL56="",AM56=""),"",AL56-AM56) | AO56: =IF(AN56="","",IF(AN56>0,"Bullish","Bearish")) | AP56: =IF(AO56="",AP55,AO56) | AQ56: =IF(AB56<>"",AB56,"") | AR56: =IF(AD56<>"",AD56,"") | AS56: =IF(AS55+1=13,1,AS55+1) | AT56: =IFERROR(IF(SLOPE($AQ$38:$AQ$49,$AS$38:$AS$49)>0,MIN(3,ABS(SLOPE($AQ$38:$AQ$49,$AS$38:$AS$49))),IF(SLOPE($AQ$38:$AQ$49,$AS$38:$AS$49)<-0.5,-0.5,0)),0) | AU56: =IFERROR(IF(SLOPE($AR$38:$AR$49,$AS$38:$AS$49)<0,MAX(-3,-ABS(SLOPE($AR$38:$AR$49,$AS$38:$AS$49))),IF(SLOPE($AR$38:$AR$49,$AS$38:$AS$49)>0.5,0.5,0)),0) | AV56: =($AQ$50+(AT56*(AS56-1))) | AW56: =($AR$50+(AU56*(AS56-1))) | AX56: =IF(AT56>0,AV56+AT56,AV56) | AY56: =IF(AU56<0,AW56+AU56,AW56) | BA56: =IFERROR(AX56-AQ56,"") | BB56: =IFERROR(AY56-AR56,"") | BD56: =AH56 | BE56: =AI56 | BF56: =AJ56 | BG56: =L56 | BH56: =IF(X56="","",X56) | BI56: =IF(Y56="","",Y56) | BJ56: =Z56 | BK56: =AA56 | BL56: =IFERROR(AX56,"") | BM56: =IFERROR(AY56,"")
A57: =ALGLIB_SSA_XAUUSD!AA57 | B57: =IF($A57="","",INDEX(ALGLIB_SSA_XAUUSD!$B$2:$B$2401,MATCH($A57,ALGLIB_SSA_XAUUSD!$A$2:$A$2401,1))) | C57: =IF($A57="","",INDEX(ALGLIB_SSA_XAUUSD!$C$2:$C$2401,MATCH($A57,ALGLIB_SSA_XAUUSD!$A$2:$A$2401,1))) | D57: =IF($A57="","",INT((ROW()-2)/12)+1) | E57: =IF(AND(E62<>"",D62=D50+1),E50+(E62-E50)*7/12,"") | F57: =IF(AND(F62<>"",D62=D50+1),F50+(F62-F50)*7/12,"") | G57: =IF(AND(G62<>"",D62=D50+1),G50+(G62-G50)*7/12,"") | H57: =IF(AND(H62<>"",D62=D50+1),H50+(H62-H50)*7/12,"") | I57: =IF(AND(L62<>"",D62=D50+1),I50+(I62-I50)*7/12,"") | J57: =_xlfn.XLOOKUP($A57,ALGLIB_SSA_XAUUSD!$AA$2:$AA$2401,ALGLIB_SSA_XAUUSD!$P$2:$P$2401,"",0) | K57: =_xlfn.XLOOKUP($A57,ALGLIB_SSA_XAUUSD!$AA$2:$AA$2401,ALGLIB_SSA_XAUUSD!$Q$2:$Q$2401,"",0) | L57: =_xlfn.XLOOKUP($A57,ALGLIB_SSA_XAUUSD!$AA$2:$AA$2401,ALGLIB_SSA_XAUUSD!$R$2:$R$2401,"",0) | M57: =_xlfn.XLOOKUP($A57,ALGLIB_SSA_XAUUSD!$AA$2:$AA$2401,ALGLIB_SSA_XAUUSD!$S$2:$S$2401,"",0) | N57: =_xlfn.XLOOKUP($A57,ALGLIB_SSA_XAUUSD!$AA$2:$AA$2401,ALGLIB_SSA_XAUUSD!$T$2:$T$2401,"",0) | O57: =_xlfn.XLOOKUP($A57,ALGLIB_SSA_XAUUSD!$AA$2:$AA$2401,ALGLIB_SSA_XAUUSD!$U$2:$U$2401,"",0) | P57: =_xlfn.XLOOKUP($A57,ALGLIB_SSA_XAUUSD!$AA$2:$AA$2401,ALGLIB_SSA_XAUUSD!$V$2:$V$2401,"",0) | S57: =A57 | T57: =J57 | U57: =K57 | V57: =IF($A57="","",MOD(ROW()-2,12)+1) | W57: =L57 | X57: =IF(F57="","",F57) | Y57: =IF(G57="","",G57) | Z57: =M57 | AA57: =N57 | AB57: =IF(H57="","",H57) | AC57: =O57 | AD57: =IF(I57="","",I57) | AE57: =P57 | AH57: =IF(S57<>"",S57,AH56+900) | AI57: =IF(T57<>"",T57,AI56) | AJ57: =IF(U57<>"",U57,AJ56) | AK57: =IF(W57<>"",W57,"") | AL57: =IF(X57<>"",X57,"") | AM57: =IF(Y57<>"",Y57,"") | AN57: =IF(OR(AL57="",AM57=""),"",AL57-AM57) | AO57: =IF(AN57="","",IF(AN57>0,"Bullish","Bearish")) | AP57: =IF(AO57="",AP56,AO57) | AQ57: =IF(AB57<>"",AB57,"") | AR57: =IF(AD57<>"",AD57,"") | AS57: =IF(AS56+1=13,1,AS56+1) | AT57: =IFERROR(IF(SLOPE($AQ$38:$AQ$49,$AS$38:$AS$49)>0,MIN(3,ABS(SLOPE($AQ$38:$AQ$49,$AS$38:$AS$49))),IF(SLOPE($AQ$38:$AQ$49,$AS$38:$AS$49)<-0.5,-0.5,0)),0) | AU57: =IFERROR(IF(SLOPE($AR$38:$AR$49,$AS$38:$AS$49)<0,MAX(-3,-ABS(SLOPE($AR$38:$AR$49,$AS$38:$AS$49))),IF(SLOPE($AR$38:$AR$49,$AS$38:$AS$49)>0.5,0.5,0)),0) | AV57: =($AQ$50+(AT57*(AS57-1))) | AW57: =($AR$50+(AU57*(AS57-1))) | AX57: =IF(AT57>0,AV57+AT57,AV57) | AY57: =IF(AU57<0,AW57+AU57,AW57) | BA57: =IFERROR(AX57-AQ57,"") | BB57: =IFERROR(AY57-AR57,"") | BD57: =AH57 | BE57: =AI57 | BF57: =AJ57 | BG57: =L57 | BH57: =IF(X57="","",X57) | BI57: =IF(Y57="","",Y57) | BJ57: =Z57 | BK57: =AA57 | BL57: =IFERROR(AX57,"") | BM57: =IFERROR(AY57,"")
A58: =ALGLIB_SSA_XAUUSD!AA58 | B58: =IF($A58="","",INDEX(ALGLIB_SSA_XAUUSD!$B$2:$B$2401,MATCH($A58,ALGLIB_SSA_XAUUSD!$A$2:$A$2401,1))) | C58: =IF($A58="","",INDEX(ALGLIB_SSA_XAUUSD!$C$2:$C$2401,MATCH($A58,ALGLIB_SSA_XAUUSD!$A$2:$A$2401,1))) | D58: =IF($A58="","",INT((ROW()-2)/12)+1) | E58: =IF(AND(E62<>"",D62=D50+1),E50+(E62-E50)*8/12,"") | F58: =IF(AND(F62<>"",D62=D50+1),F50+(F62-F50)*8/12,"") | G58: =IF(AND(G62<>"",D62=D50+1),G50+(G62-G50)*8/12,"") | H58: =IF(AND(H62<>"",D62=D50+1),H50+(H62-H50)*8/12,"") | I58: =IF(AND(L62<>"",D62=D50+1),I50+(I62-I50)*8/12,"") | J58: =_xlfn.XLOOKUP($A58,ALGLIB_SSA_XAUUSD!$AA$2:$AA$2401,ALGLIB_SSA_XAUUSD!$P$2:$P$2401,"",0) | K58: =_xlfn.XLOOKUP($A58,ALGLIB_SSA_XAUUSD!$AA$2:$AA$2401,ALGLIB_SSA_XAUUSD!$Q$2:$Q$2401,"",0) | L58: =_xlfn.XLOOKUP($A58,ALGLIB_SSA_XAUUSD!$AA$2:$AA$2401,ALGLIB_SSA_XAUUSD!$R$2:$R$2401,"",0) | M58: =_xlfn.XLOOKUP($A58,ALGLIB_SSA_XAUUSD!$AA$2:$AA$2401,ALGLIB_SSA_XAUUSD!$S$2:$S$2401,"",0) | N58: =_xlfn.XLOOKUP($A58,ALGLIB_SSA_XAUUSD!$AA$2:$AA$2401,ALGLIB_SSA_XAUUSD!$T$2:$T$2401,"",0) | O58: =_xlfn.XLOOKUP($A58,ALGLIB_SSA_XAUUSD!$AA$2:$AA$2401,ALGLIB_SSA_XAUUSD!$U$2:$U$2401,"",0) | P58: =_xlfn.XLOOKUP($A58,ALGLIB_SSA_XAUUSD!$AA$2:$AA$2401,ALGLIB_SSA_XAUUSD!$V$2:$V$2401,"",0) | S58: =A58 | T58: =J58 | U58: =K58 | V58: =IF($A58="","",MOD(ROW()-2,12)+1) | W58: =L58 | X58: =IF(F58="","",F58) | Y58: =IF(G58="","",G58) | Z58: =M58 | AA58: =N58 | AB58: =IF(H58="","",H58) | AC58: =O58 | AD58: =IF(I58="","",I58) | AE58: =P58 | AH58: =IF(S58<>"",S58,AH57+900) | AI58: =IF(T58<>"",T58,AI57) | AJ58: =IF(U58<>"",U58,AJ57) | AK58: =IF(W58<>"",W58,"") | AL58: =IF(X58<>"",X58,"") | AM58: =IF(Y58<>"",Y58,"") | AN58: =IF(OR(AL58="",AM58=""),"",AL58-AM58) | AO58: =IF(AN58="","",IF(AN58>0,"Bullish","Bearish")) | AP58: =IF(AO58="",AP57,AO58) | AQ58: =IF(AB58<>"",AB58,"") | AR58: =IF(AD58<>"",AD58,"") | AS58: =IF(AS57+1=13,1,AS57+1) | AT58: =IFERROR(IF(SLOPE($AQ$38:$AQ$49,$AS$38:$AS$49)>0,MIN(3,ABS(SLOPE($AQ$38:$AQ$49,$AS$38:$AS$49))),IF(SLOPE($AQ$38:$AQ$49,$AS$38:$AS$49)<-0.5,-0.5,0)),0) | AU58: =IFERROR(IF(SLOPE($AR$38:$AR$49,$AS$38:$AS$49)<0,MAX(-3,-ABS(SLOPE($AR$38:$AR$49,$AS$38:$AS$49))),IF(SLOPE($AR$38:$AR$49,$AS$38:$AS$49)>0.5,0.5,0)),0) | AV58: =($AQ$50+(AT58*(AS58-1))) | AW58: =($AR$50+(AU58*(AS58-1))) | AX58: =IF(AT58>0,AV58+AT58,AV58) | AY58: =IF(AU58<0,AW58+AU58,AW58) | BA58: =IFERROR(AX58-AQ58,"") | BB58: =IFERROR(AY58-AR58,"") | BD58: =AH58 | BE58: =AI58 | BF58: =AJ58 | BG58: =L58 | BH58: =IF(X58="","",X58) | BI58: =IF(Y58="","",Y58) | BJ58: =Z58 | BK58: =AA58 | BL58: =IFERROR(AX58,"") | BM58: =IFERROR(AY58,"")
A59: =ALGLIB_SSA_XAUUSD!AA59 | B59: =IF($A59="","",INDEX(ALGLIB_SSA_XAUUSD!$B$2:$B$2401,MATCH($A59,ALGLIB_SSA_XAUUSD!$A$2:$A$2401,1))) | C59: =IF($A59="","",INDEX(ALGLIB_SSA_XAUUSD!$C$2:$C$2401,MATCH($A59,ALGLIB_SSA_XAUUSD!$A$2:$A$2401,1))) | D59: =IF($A59="","",INT((ROW()-2)/12)+1) | E59: =IF(AND(E62<>"",D62=D50+1),E50+(E62-E50)*9/12,"") | F59: =IF(AND(F62<>"",D62=D50+1),F50+(F62-F50)*9/12,"") | G59: =IF(AND(G62<>"",D62=D50+1),G50+(G62-G50)*9/12,"") | H59: =IF(AND(H62<>"",D62=D50+1),H50+(H62-H50)*9/12,"") | I59: =IF(AND(L62<>"",D62=D50+1),I50+(I62-I50)*9/12,"") | J59: =_xlfn.XLOOKUP($A59,ALGLIB_SSA_XAUUSD!$AA$2:$AA$2401,ALGLIB_SSA_XAUUSD!$P$2:$P$2401,"",0) | K59: =_xlfn.XLOOKUP($A59,ALGLIB_SSA_XAUUSD!$AA$2:$AA$2401,ALGLIB_SSA_XAUUSD!$Q$2:$Q$2401,"",0) | L59: =_xlfn.XLOOKUP($A59,ALGLIB_SSA_XAUUSD!$AA$2:$AA$2401,ALGLIB_SSA_XAUUSD!$R$2:$R$2401,"",0) | M59: =_xlfn.XLOOKUP($A59,ALGLIB_SSA_XAUUSD!$AA$2:$AA$2401,ALGLIB_SSA_XAUUSD!$S$2:$S$2401,"",0) | N59: =_xlfn.XLOOKUP($A59,ALGLIB_SSA_XAUUSD!$AA$2:$AA$2401,ALGLIB_SSA_XAUUSD!$T$2:$T$2401,"",0) | O59: =_xlfn.XLOOKUP($A59,ALGLIB_SSA_XAUUSD!$AA$2:$AA$2401,ALGLIB_SSA_XAUUSD!$U$2:$U$2401,"",0) | P59: =_xlfn.XLOOKUP($A59,ALGLIB_SSA_XAUUSD!$AA$2:$AA$2401,ALGLIB_SSA_XAUUSD!$V$2:$V$2401,"",0) | S59: =A59 | T59: =J59 | U59: =K59 | V59: =IF($A59="","",MOD(ROW()-2,12)+1) | W59: =L59 | X59: =IF(F59="","",F59) | Y59: =IF(G59="","",G59) | Z59: =M59 | AA59: =N59 | AB59: =IF(H59="","",H59) | AC59: =O59 | AD59: =IF(I59="","",I59) | AE59: =P59 | AH59: =IF(S59<>"",S59,AH58+900) | AI59: =IF(T59<>"",T59,AI58) | AJ59: =IF(U59<>"",U59,AJ58) | AK59: =IF(W59<>"",W59,"") | AL59: =IF(X59<>"",X59,"") | AM59: =IF(Y59<>"",Y59,"") | AN59: =IF(OR(AL59="",AM59=""),"",AL59-AM59) | AO59: =IF(AN59="","",IF(AN59>0,"Bullish","Bearish")) | AP59: =IF(AO59="",AP58,AO59) | AQ59: =IF(AB59<>"",AB59,"") | AR59: =IF(AD59<>"",AD59,"") | AS59: =IF(AS58+1=13,1,AS58+1) | AT59: =IFERROR(IF(SLOPE($AQ$38:$AQ$49,$AS$38:$AS$49)>0,MIN(3,ABS(SLOPE($AQ$38:$AQ$49,$AS$38:$AS$49))),IF(SLOPE($AQ$38:$AQ$49,$AS$38:$AS$49)<-0.5,-0.5,0)),0) | AU59: =IFERROR(IF(SLOPE($AR$38:$AR$49,$AS$38:$AS$49)<0,MAX(-3,-ABS(SLOPE($AR$38:$AR$49,$AS$38:$AS$49))),IF(SLOPE($AR$38:$AR$49,$AS$38:$AS$49)>0.5,0.5,0)),0) | AV59: =($AQ$50+(AT59*(AS59-1))) | AW59: =($AR$50+(AU59*(AS59-1))) | AX59: =IF(AT59>0,AV59+AT59,AV59) | AY59: =IF(AU59<0,AW59+AU59,AW59) | BA59: =IFERROR(AX59-AQ59,"") | BB59: =IFERROR(AY59-AR59,"") | BD59: =AH59 | BE59: =AI59 | BF59: =AJ59 | BG59: =L59 | BH59: =IF(X59="","",X59) | BI59: =IF(Y59="","",Y59) | BJ59: =Z59 | BK59: =AA59 | BL59: =IFERROR(AX59,"") | BM59: =IFERROR(AY59,"")
A60: =ALGLIB_SSA_XAUUSD!AA60 | B60: =IF($A60="","",INDEX(ALGLIB_SSA_XAUUSD!$B$2:$B$2401,MATCH($A60,ALGLIB_SSA_XAUUSD!$A$2:$A$2401,1))) | C60: =IF($A60="","",INDEX(ALGLIB_SSA_XAUUSD!$C$2:$C$2401,MATCH($A60,ALGLIB_SSA_XAUUSD!$A$2:$A$2401,1))) | D60: =IF($A60="","",INT((ROW()-2)/12)+1) | E60: =IF(AND(E62<>"",D62=D50+1),E50+(E62-E50)*10/12,"") | F60: =IF(AND(F62<>"",D62=D50+1),F50+(F62-F50)*10/12,"") | G60: =IF(AND(G62<>"",D62=D50+1),G50+(G62-G50)*10/12,"") | H60: =IF(AND(H62<>"",D62=D50+1),H50+(H62-H50)*10/12,"") | I60: =IF(AND(L62<>"",D62=D50+1),I50+(I62-I50)*10/12,"") | J60: =_xlfn.XLOOKUP($A60,ALGLIB_SSA_XAUUSD!$AA$2:$AA$2401,ALGLIB_SSA_XAUUSD!$P$2:$P$2401,"",0) | K60: =_xlfn.XLOOKUP($A60,ALGLIB_SSA_XAUUSD!$AA$2:$AA$2401,ALGLIB_SSA_XAUUSD!$Q$2:$Q$2401,"",0) | L60: =_xlfn.XLOOKUP($A60,ALGLIB_SSA_XAUUSD!$AA$2:$AA$2401,ALGLIB_SSA_XAUUSD!$R$2:$R$2401,"",0) | M60: =_xlfn.XLOOKUP($A60,ALGLIB_SSA_XAUUSD!$AA$2:$AA$2401,ALGLIB_SSA_XAUUSD!$S$2:$S$2401,"",0) | N60: =_xlfn.XLOOKUP($A60,ALGLIB_SSA_XAUUSD!$AA$2:$AA$2401,ALGLIB_SSA_XAUUSD!$T$2:$T$2401,"",0) | O60: =_xlfn.XLOOKUP($A60,ALGLIB_SSA_XAUUSD!$AA$2:$AA$2401,ALGLIB_SSA_XAUUSD!$U$2:$U$2401,"",0) | P60: =_xlfn.XLOOKUP($A60,ALGLIB_SSA_XAUUSD!$AA$2:$AA$2401,ALGLIB_SSA_XAUUSD!$V$2:$V$2401,"",0) | S60: =A60 | T60: =J60 | U60: =K60 | V60: =IF($A60="","",MOD(ROW()-2,12)+1) | W60: =L60 | X60: =IF(F60="","",F60) | Y60: =IF(G60="","",G60) | Z60: =M60 | AA60: =N60 | AB60: =IF(H60="","",H60) | AC60: =O60 | AD60: =IF(I60="","",I60) | AE60: =P60 | AH60: =IF(S60<>"",S60,AH59+900) | AI60: =IF(T60<>"",T60,AI59) | AJ60: =IF(U60<>"",U60,AJ59) | AK60: =IF(W60<>"",W60,"") | AL60: =IF(X60<>"",X60,"") | AM60: =IF(Y60<>"",Y60,"") | AN60: =IF(OR(AL60="",AM60=""),"",AL60-AM60) | AO60: =IF(AN60="","",IF(AN60>0,"Bullish","Bearish")) | AP60: =IF(AO60="",AP59,AO60) | AQ60: =IF(AB60<>"",AB60,"") | AR60: =IF(AD60<>"",AD60,"") | AS60: =IF(AS59+1=13,1,AS59+1) | AT60: =IFERROR(IF(SLOPE($AQ$38:$AQ$49,$AS$38:$AS$49)>0,MIN(3,ABS(SLOPE($AQ$38:$AQ$49,$AS$38:$AS$49))),IF(SLOPE($AQ$38:$AQ$49,$AS$38:$AS$49)<-0.5,-0.5,0)),0) | AU60: =IFERROR(IF(SLOPE($AR$38:$AR$49,$AS$38:$AS$49)<0,MAX(-3,-ABS(SLOPE($AR$38:$AR$49,$AS$38:$AS$49))),IF(SLOPE($AR$38:$AR$49,$AS$38:$AS$49)>0.5,0.5,0)),0) | AV60: =($AQ$50+(AT60*(AS60-1))) | AW60: =($AR$50+(AU60*(AS60-1))) | AX60: =IF(AT60>0,AV60+AT60,AV60) | AY60: =IF(AU60<0,AW60+AU60,AW60) | BA60: =IFERROR(AX60-AQ60,"") | BB60: =IFERROR(AY60-AR60,"") | BD60: =AH60 | BE60: =AI60 | BF60: =AJ60 | BG60: =L60 | BH60: =IF(X60="","",X60) | BI60: =IF(Y60="","",Y60) | BJ60: =Z60 | BK60: =AA60 | BL60: =IFERROR(AX60,"") | BM60: =IFERROR(AY60,"")
A61: =ALGLIB_SSA_XAUUSD!AA61 | B61: =IF($A61="","",INDEX(ALGLIB_SSA_XAUUSD!$B$2:$B$2401,MATCH($A61,ALGLIB_SSA_XAUUSD!$A$2:$A$2401,1))) | C61: =IF($A61="","",INDEX(ALGLIB_SSA_XAUUSD!$C$2:$C$2401,MATCH($A61,ALGLIB_SSA_XAUUSD!$A$2:$A$2401,1))) | D61: =IF($A61="","",INT((ROW()-2)/12)+1) | E61: =IF(AND(E62<>"",D62=D50+1),E50+(E62-E50)*11/12,"") | F61: =IF(AND(F62<>"",D62=D50+1),F50+(F62-F50)*11/12,"") | G61: =IF(AND(G62<>"",D62=D50+1),G50+(G62-G50)*11/12,"") | H61: =IF(AND(H62<>"",D62=D50+1),H50+(H62-H50)*11/12,"") | I61: =IF(AND(L62<>"",D62=D50+1),I50+(I62-I50)*11/12,"") | J61: =_xlfn.XLOOKUP($A61,ALGLIB_SSA_XAUUSD!$AA$2:$AA$2401,ALGLIB_SSA_XAUUSD!$P$2:$P$2401,"",0) | K61: =_xlfn.XLOOKUP($A61,ALGLIB_SSA_XAUUSD!$AA$2:$AA$2401,ALGLIB_SSA_XAUUSD!$Q$2:$Q$2401,"",0) | L61: =_xlfn.XLOOKUP($A61,ALGLIB_SSA_XAUUSD!$AA$2:$AA$2401,ALGLIB_SSA_XAUUSD!$R$2:$R$2401,"",0) | M61: =_xlfn.XLOOKUP($A61,ALGLIB_SSA_XAUUSD!$AA$2:$AA$2401,ALGLIB_SSA_XAUUSD!$S$2:$S$2401,"",0) | N61: =_xlfn.XLOOKUP($A61,ALGLIB_SSA_XAUUSD!$AA$2:$AA$2401,ALGLIB_SSA_XAUUSD!$T$2:$T$2401,"",0) | O61: =_xlfn.XLOOKUP($A61,ALGLIB_SSA_XAUUSD!$AA$2:$AA$2401,ALGLIB_SSA_XAUUSD!$U$2:$U$2401,"",0) | P61: =_xlfn.XLOOKUP($A61,ALGLIB_SSA_XAUUSD!$AA$2:$AA$2401,ALGLIB_SSA_XAUUSD!$V$2:$V$2401,"",0) | S61: =A61 | T61: =J61 | U61: =K61 | V61: =IF($A61="","",MOD(ROW()-2,12)+1) | W61: =L61 | X61: =IF(F61="","",F61) | Y61: =IF(G61="","",G61) | Z61: =M61 | AA61: =N61 | AB61: =IF(H61="","",H61) | AC61: =O61 | AD61: =IF(I61="","",I61) | AE61: =P61 | AH61: =IF(S61<>"",S61,AH60+900) | AI61: =IF(T61<>"",T61,AI60) | AJ61: =IF(U61<>"",U61,AJ60) | AK61: =IF(W61<>"",W61,"") | AL61: =IF(X61<>"",X61,"") | AM61: =IF(Y61<>"",Y61,"") | AN61: =IF(OR(AL61="",AM61=""),"",AL61-AM61) | AO61: =IF(AN61="","",IF(AN61>0,"Bullish","Bearish")) | AP61: =IF(AO61="",AP60,AO61) | AQ61: =IF(AB61<>"",AB61,"") | AR61: =IF(AD61<>"",AD61,"") | AS61: =IF(AS60+1=13,1,AS60+1) | AT61: =IFERROR(IF(SLOPE($AQ$38:$AQ$49,$AS$38:$AS$49)>0,MIN(3,ABS(SLOPE($AQ$38:$AQ$49,$AS$38:$AS$49))),IF(SLOPE($AQ$38:$AQ$49,$AS$38:$AS$49)<-0.5,-0.5,0)),0) | AU61: =IFERROR(IF(SLOPE($AR$38:$AR$49,$AS$38:$AS$49)<0,MAX(-3,-ABS(SLOPE($AR$38:$AR$49,$AS$38:$AS$49))),IF(SLOPE($AR$38:$AR$49,$AS$38:$AS$49)>0.5,0.5,0)),0) | AV61: =($AQ$50+(AT61*(AS61-1))) | AW61: =($AR$50+(AU61*(AS61-1))) | AX61: =IF(AT61>0,AV61+AT61,AV61) | AY61: =IF(AU61<0,AW61+AU61,AW61) | BA61: =IFERROR(AX61-AQ61,"") | BB61: =IFERROR(AY61-AR61,"") | BD61: =AH61 | BE61: =AI61 | BF61: =AJ61 | BG61: =L61 | BH61: =IF(X61="","",X61) | BI61: =IF(Y61="","",Y61) | BJ61: =Z61 | BK61: =AA61 | BL61: =IFERROR(AX61,"") | BM61: =IFERROR(AY61,"")
A62: =ALGLIB_SSA_XAUUSD!AA62 | B62: =IF($A62="","",INDEX(ALGLIB_SSA_XAUUSD!$B$2:$B$2401,MATCH($A62,ALGLIB_SSA_XAUUSD!$A$2:$A$2401,1))) | C62: =IF($A62="","",INDEX(ALGLIB_SSA_XAUUSD!$C$2:$C$2401,MATCH($A62,ALGLIB_SSA_XAUUSD!$A$2:$A$2401,1))) | D62: =IF($A62="","",INT((ROW()-2)/12)+1) | E62: =IF($A62="","",INDEX(ALGLIB_SSA_XAUUSD!$D$2:$D$2401,MATCH($A62,ALGLIB_SSA_XAUUSD!$A$2:$A$2401,1))) | F62: =IF($A62="","",INDEX(ALGLIB_SSA_XAUUSD!$E$2:$E$2401,MATCH($A62,ALGLIB_SSA_XAUUSD!$A$2:$A$2401,1))) | G62: =IF($A62="","",INDEX(ALGLIB_SSA_XAUUSD!$F$2:$F$2401,MATCH($A62,ALGLIB_SSA_XAUUSD!$A$2:$A$2401,1))) | H62: =IF($A62="","",INDEX(ALGLIB_SSA_XAUUSD!$G$2:$G$2401,MATCH($A62,ALGLIB_SSA_XAUUSD!$A$2:$A$2401,1))) | I62: =IF($A62="","",INDEX(ALGLIB_SSA_XAUUSD!$H$2:$H$2401,MATCH($A62,ALGLIB_SSA_XAUUSD!$A$2:$A$2401,1))) | J62: =_xlfn.XLOOKUP($A62,ALGLIB_SSA_XAUUSD!$AA$2:$AA$2401,ALGLIB_SSA_XAUUSD!$P$2:$P$2401,"",0) | K62: =_xlfn.XLOOKUP($A62,ALGLIB_SSA_XAUUSD!$AA$2:$AA$2401,ALGLIB_SSA_XAUUSD!$Q$2:$Q$2401,"",0) | L62: =_xlfn.XLOOKUP($A62,ALGLIB_SSA_XAUUSD!$AA$2:$AA$2401,ALGLIB_SSA_XAUUSD!$R$2:$R$2401,"",0) | M62: =_xlfn.XLOOKUP($A62,ALGLIB_SSA_XAUUSD!$AA$2:$AA$2401,ALGLIB_SSA_XAUUSD!$S$2:$S$2401,"",0) | N62: =_xlfn.XLOOKUP($A62,ALGLIB_SSA_XAUUSD!$AA$2:$AA$2401,ALGLIB_SSA_XAUUSD!$T$2:$T$2401,"",0) | O62: =_xlfn.XLOOKUP($A62,ALGLIB_SSA_XAUUSD!$AA$2:$AA$2401,ALGLIB_SSA_XAUUSD!$U$2:$U$2401,"",0) | P62: =_xlfn.XLOOKUP($A62,ALGLIB_SSA_XAUUSD!$AA$2:$AA$2401,ALGLIB_SSA_XAUUSD!$V$2:$V$2401,"",0) | S62: =A62 | T62: =J62 | U62: =K62 | V62: =IF($A62="","",MOD(ROW()-2,12)+1) | W62: =L62 | X62: =IF(F62="","",F62) | Y62: =IF(G62="","",G62) | Z62: =M62 | AA62: =N62 | AB62: =IF(H62="","",H62) | AC62: =O62 | AD62: =IF(I62="","",I62) | AE62: =P62 | AH62: =IF(S62<>"",S62,AH61+900) | AI62: =IF(T62<>"",T62,AI61) | AJ62: =IF(U62<>"",U62,AJ61) | AK62: =IF(W62<>"",W62,"") | AL62: =IF(X62<>"",X62,"") | AM62: =IF(Y62<>"",Y62,"") | AN62: =IF(OR(AL62="",AM62=""),"",AL62-AM62) | AO62: =IF(AN62="","",IF(AN62>0,"Bullish","Bearish")) | AP62: =IF(AO62="",AP61,AO62) | AQ62: =IF(AB62<>"",AB62,"") | AR62: =IF(AD62<>"",AD62,"") | AS62: =IF(AS61+1=13,1,AS61+1) | AT62: =IFERROR(IF(SLOPE($AQ$50:$AQ$61,$AS$50:$AS$61)>0,MIN(3,ABS(SLOPE($AQ$50:$AQ$61,$AS$50:$AS$61))),IF(SLOPE($AQ$50:$AQ$61,$AS$50:$AS$61)<-0.5,-0.5,0)),0) | AU62: =IFERROR(IF(SLOPE($AR$50:$AR$61,$AS$50:$AS$61)<0,MAX(-3,-ABS(SLOPE($AR$50:$AR$61,$AS$50:$AS$61))),IF(SLOPE($AR$50:$AR$61,$AS$50:$AS$61)>0.5,0.5,0)),0) | AV62: =($AQ$62+(AT62*(AS62-1))) | AW62: =($AR$62+(AU62*(AS62-1))) | AX62: =IF(AT62>0,AV62+AT62,AV62) | AY62: =IF(AU62<0,AW62+AU62,AW62) | BA62: =IFERROR(AX62-AQ62,"") | BB62: =IFERROR(AY62-AR62,"") | BD62: =AH62 | BE62: =AI62 | BF62: =AJ62 | BG62: =L62 | BH62: =IF(X62="","",X62) | BI62: =IF(Y62="","",Y62) | BJ62: =Z62 | BK62: =AA62 | BL62: =IFERROR(AX62,"") | BM62: =IFERROR(AY62,"")
A63: =ALGLIB_SSA_XAUUSD!AA63 | B63: =IF($A63="","",INDEX(ALGLIB_SSA_XAUUSD!$B$2:$B$2401,MATCH($A63,ALGLIB_SSA_XAUUSD!$A$2:$A$2401,1))) | C63: =IF($A63="","",INDEX(ALGLIB_SSA_XAUUSD!$C$2:$C$2401,MATCH($A63,ALGLIB_SSA_XAUUSD!$A$2:$A$2401,1))) | D63: =IF($A63="","",INT((ROW()-2)/12)+1) | E63: =IF(AND(E74<>"",D74=D62+1),E62+(E74-E62)*1/12,"") | F63: =IF(AND(F74<>"",D74=D62+1),F62+(F74-F62)*1/12,"") | G63: =IF(AND(G74<>"",D74=D62+1),G62+(G74-G62)*1/12,"") | H63: =IF(AND(H74<>"",D74=D62+1),H62+(H74-H62)*1/12,"") | I63: =IF(AND(L74<>"",D74=D62+1),I62+(I74-I62)*1/12,"") | J63: =_xlfn.XLOOKUP($A63,ALGLIB_SSA_XAUUSD!$AA$2:$AA$2401,ALGLIB_SSA_XAUUSD!$P$2:$P$2401,"",0) | K63: =_xlfn.XLOOKUP($A63,ALGLIB_SSA_XAUUSD!$AA$2:$AA$2401,ALGLIB_SSA_XAUUSD!$Q$2:$Q$2401,"",0) | L63: =_xlfn.XLOOKUP($A63,ALGLIB_SSA_XAUUSD!$AA$2:$AA$2401,ALGLIB_SSA_XAUUSD!$R$2:$R$2401,"",0) | M63: =_xlfn.XLOOKUP($A63,ALGLIB_SSA_XAUUSD!$AA$2:$AA$2401,ALGLIB_SSA_XAUUSD!$S$2:$S$2401,"",0) | N63: =_xlfn.XLOOKUP($A63,ALGLIB_SSA_XAUUSD!$AA$2:$AA$2401,ALGLIB_SSA_XAUUSD!$T$2:$T$2401,"",0) | O63: =_xlfn.XLOOKUP($A63,ALGLIB_SSA_XAUUSD!$AA$2:$AA$2401,ALGLIB_SSA_XAUUSD!$U$2:$U$2401,"",0) | P63: =_xlfn.XLOOKUP($A63,ALGLIB_SSA_XAUUSD!$AA$2:$AA$2401,ALGLIB_SSA_XAUUSD!$V$2:$V$2401,"",0) | S63: =A63 | T63: =J63 | U63: =K63 | V63: =IF($A63="","",MOD(ROW()-2,12)+1) | W63: =L63 | X63: =IF(F63="","",F63) | Y63: =IF(G63="","",G63) | Z63: =M63 | AA63: =N63 | AB63: =IF(H63="","",H63) | AC63: =O63 | AD63: =IF(I63="","",I63) | AE63: =P63 | AH63: =IF(S63<>"",S63,AH62+900) | AI63: =IF(T63<>"",T63,AI62) | AJ63: =IF(U63<>"",U63,AJ62) | AK63: =IF(W63<>"",W63,"") | AL63: =IF(X63<>"",X63,"") | AM63: =IF(Y63<>"",Y63,"") | AN63: =IF(OR(AL63="",AM63=""),"",AL63-AM63) | AO63: =IF(AN63="","",IF(AN63>0,"Bullish","Bearish")) | AP63: =IF(AO63="",AP62,AO63) | AQ63: =IF(AB63<>"",AB63,"") | AR63: =IF(AD63<>"",AD63,"") | AS63: =IF(AS62+1=13,1,AS62+1) | AT63: =IFERROR(IF(SLOPE($AQ$50:$AQ$61,$AS$50:$AS$61)>0,MIN(3,ABS(SLOPE($AQ$50:$AQ$61,$AS$50:$AS$61))),IF(SLOPE($AQ$50:$AQ$61,$AS$50:$AS$61)<-0.5,-0.5,0)),0) | AU63: =IFERROR(IF(SLOPE($AR$50:$AR$61,$AS$50:$AS$61)<0,MAX(-3,-ABS(SLOPE($AR$50:$AR$61,$AS$50:$AS$61))),IF(SLOPE($AR$50:$AR$61,$AS$50:$AS$61)>0.5,0.5,0)),0) | AV63: =($AQ$62+(AT63*(AS63-1))) | AW63: =($AR$62+(AU63*(AS63-1))) | AX63: =IF(AT63>0,AV63+AT63,AV63) | AY63: =IF(AU63<0,AW63+AU63,AW63) | BA63: =IFERROR(AX63-AQ63,"") | BB63: =IFERROR(AY63-AR63,"") | BD63: =AH63 | BE63: =AI63 | BF63: =AJ63 | BG63: =L63 | BH63: =IF(X63="","",X63) | BI63: =IF(Y63="","",Y63) | BJ63: =Z63 | BK63: =AA63 | BL63: =IFERROR(AX63,"") | BM63: =IFERROR(AY63,"")
A64: =ALGLIB_SSA_XAUUSD!AA64 | B64: =IF($A64="","",INDEX(ALGLIB_SSA_XAUUSD!$B$2:$B$2401,MATCH($A64,ALGLIB_SSA_XAUUSD!$A$2:$A$2401,1))) | C64: =IF($A64="","",INDEX(ALGLIB_SSA_XAUUSD!$C$2:$C$2401,MATCH($A64,ALGLIB_SSA_XAUUSD!$A$2:$A$2401,1))) | D64: =IF($A64="","",INT((ROW()-2)/12)+1) | E64: =IF(AND(E74<>"",D74=D62+1),E62+(E74-E62)*2/12,"") | F64: =IF(AND(F74<>"",D74=D62+1),F62+(F74-F62)*2/12,"") | G64: =IF(AND(G74<>"",D74=D62+1),G62+(G74-G62)*2/12,"") | H64: =IF(AND(H74<>"",D74=D62+1),H62+(H74-H62)*2/12,"") | I64: =IF(AND(L74<>"",D74=D62+1),I62+(I74-I62)*2/12,"") | J64: =_xlfn.XLOOKUP($A64,ALGLIB_SSA_XAUUSD!$AA$2:$AA$2401,ALGLIB_SSA_XAUUSD!$P$2:$P$2401,"",0) | K64: =_xlfn.XLOOKUP($A64,ALGLIB_SSA_XAUUSD!$AA$2:$AA$2401,ALGLIB_SSA_XAUUSD!$Q$2:$Q$2401,"",0) | L64: =_xlfn.XLOOKUP($A64,ALGLIB_SSA_XAUUSD!$AA$2:$AA$2401,ALGLIB_SSA_XAUUSD!$R$2:$R$2401,"",0) | M64: =_xlfn.XLOOKUP($A64,ALGLIB_SSA_XAUUSD!$AA$2:$AA$2401,ALGLIB_SSA_XAUUSD!$S$2:$S$2401,"",0) | N64: =_xlfn.XLOOKUP($A64,ALGLIB_SSA_XAUUSD!$AA$2:$AA$2401,ALGLIB_SSA_XAUUSD!$T$2:$T$2401,"",0) | O64: =_xlfn.XLOOKUP($A64,ALGLIB_SSA_XAUUSD!$AA$2:$AA$2401,ALGLIB_SSA_XAUUSD!$U$2:$U$2401,"",0) | P64: =_xlfn.XLOOKUP($A64,ALGLIB_SSA_XAUUSD!$AA$2:$AA$2401,ALGLIB_SSA_XAUUSD!$V$2:$V$2401,"",0) | S64: =A64 | T64: =J64 | U64: =K64 | V64: =IF($A64="","",MOD(ROW()-2,12)+1) | W64: =L64 | X64: =IF(F64="","",F64) | Y64: =IF(G64="","",G64) | Z64: =M64 | AA64: =N64 | AB64: =IF(H64="","",H64) | AC64: =O64 | AD64: =IF(I64="","",I64) | AE64: =P64 | AH64: =IF(S64<>"",S64,AH63+900) | AI64: =IF(T64<>"",T64,AI63) | AJ64: =IF(U64<>"",U64,AJ63) | AK64: =IF(W64<>"",W64,"") | AL64: =IF(X64<>"",X64,"") | AM64: =IF(Y64<>"",Y64,"") | AN64: =IF(OR(AL64="",AM64=""),"",AL64-AM64) | AO64: =IF(AN64="","",IF(AN64>0,"Bullish","Bearish")) | AP64: =IF(AO64="",AP63,AO64) | AQ64: =IF(AB64<>"",AB64,"") | AR64: =IF(AD64<>"",AD64,"") | AS64: =IF(AS63+1=13,1,AS63+1) | AT64: =IFERROR(IF(SLOPE($AQ$50:$AQ$61,$AS$50:$AS$61)>0,MIN(3,ABS(SLOPE($AQ$50:$AQ$61,$AS$50:$AS$61))),IF(SLOPE($AQ$50:$AQ$61,$AS$50:$AS$61)<-0.5,-0.5,0)),0) | AU64: =IFERROR(IF(SLOPE($AR$50:$AR$61,$AS$50:$AS$61)<0,MAX(-3,-ABS(SLOPE($AR$50:$AR$61,$AS$50:$AS$61))),IF(SLOPE($AR$50:$AR$61,$AS$50:$AS$61)>0.5,0.5,0)),0) | AV64: =($AQ$62+(AT64*(AS64-1))) | AW64: =($AR$62+(AU64*(AS64-1))) | AX64: =IF(AT64>0,AV64+AT64,AV64) | AY64: =IF(AU64<0,AW64+AU64,AW64) | BA64: =IFERROR(AX64-AQ64,"") | BB64: =IFERROR(AY64-AR64,"") | BD64: =AH64 | BE64: =AI64 | BF64: =AJ64 | BG64: =L64 | BH64: =IF(X64="","",X64) | BI64: =IF(Y64="","",Y64) | BJ64: =Z64 | BK64: =AA64 | BL64: =IFERROR(AX64,"") | BM64: =IFERROR(AY64,"")
A65: =ALGLIB_SSA_XAUUSD!AA65 | B65: =IF($A65="","",INDEX(ALGLIB_SSA_XAUUSD!$B$2:$B$2401,MATCH($A65,ALGLIB_SSA_XAUUSD!$A$2:$A$2401,1))) | C65: =IF($A65="","",INDEX(ALGLIB_SSA_XAUUSD!$C$2:$C$2401,MATCH($A65,ALGLIB_SSA_XAUUSD!$A$2:$A$2401,1))) | D65: =IF($A65="","",INT((ROW()-2)/12)+1) | E65: =IF(AND(E74<>"",D74=D62+1),E62+(E74-E62)*3/12,"") | F65: =IF(AND(F74<>"",D74=D62+1),F62+(F74-F62)*3/12,"") | G65: =IF(AND(G74<>"",D74=D62+1),G62+(G74-G62)*3/12,"") | H65: =IF(AND(H74<>"",D74=D62+1),H62+(H74-H62)*3/12,"") | I65: =IF(AND(L74<>"",D74=D62+1),I62+(I74-I62)*3/12,"") | J65: =_xlfn.XLOOKUP($A65,ALGLIB_SSA_XAUUSD!$AA$2:$AA$2401,ALGLIB_SSA_XAUUSD!$P$2:$P$2401,"",0) | K65: =_xlfn.XLOOKUP($A65,ALGLIB_SSA_XAUUSD!$AA$2:$AA$2401,ALGLIB_SSA_XAUUSD!$Q$2:$Q$2401,"",0) | L65: =_xlfn.XLOOKUP($A65,ALGLIB_SSA_XAUUSD!$AA$2:$AA$2401,ALGLIB_SSA_XAUUSD!$R$2:$R$2401,"",0) | M65: =_xlfn.XLOOKUP($A65,ALGLIB_SSA_XAUUSD!$AA$2:$AA$2401,ALGLIB_SSA_XAUUSD!$S$2:$S$2401,"",0) | N65: =_xlfn.XLOOKUP($A65,ALGLIB_SSA_XAUUSD!$AA$2:$AA$2401,ALGLIB_SSA_XAUUSD!$T$2:$T$2401,"",0) | O65: =_xlfn.XLOOKUP($A65,ALGLIB_SSA_XAUUSD!$AA$2:$AA$2401,ALGLIB_SSA_XAUUSD!$U$2:$U$2401,"",0) | P65: =_xlfn.XLOOKUP($A65,ALGLIB_SSA_XAUUSD!$AA$2:$AA$2401,ALGLIB_SSA_XAUUSD!$V$2:$V$2401,"",0) | S65: =A65 | T65: =J65 | U65: =K65 | V65: =IF($A65="","",MOD(ROW()-2,12)+1) | W65: =L65 | X65: =IF(F65="","",F65) | Y65: =IF(G65="","",G65) | Z65: =M65 | AA65: =N65 | AB65: =IF(H65="","",H65) | AC65: =O65 | AD65: =IF(I65="","",I65) | AE65: =P65 | AH65: =IF(S65<>"",S65,AH64+900) | AI65: =IF(T65<>"",T65,AI64) | AJ65: =IF(U65<>"",U65,AJ64) | AK65: =IF(W65<>"",W65,"") | AL65: =IF(X65<>"",X65,"") | AM65: =IF(Y65<>"",Y65,"") | AN65: =IF(OR(AL65="",AM65=""),"",AL65-AM65) | AO65: =IF(AN65="","",IF(AN65>0,"Bullish","Bearish")) | AP65: =IF(AO65="",AP64,AO65) | AQ65: =IF(AB65<>"",AB65,"") | AR65: =IF(AD65<>"",AD65,"") | AS65: =IF(AS64+1=13,1,AS64+1) | AT65: =IFERROR(IF(SLOPE($AQ$50:$AQ$61,$AS$50:$AS$61)>0,MIN(3,ABS(SLOPE($AQ$50:$AQ$61,$AS$50:$AS$61))),IF(SLOPE($AQ$50:$AQ$61,$AS$50:$AS$61)<-0.5,-0.5,0)),0) | AU65: =IFERROR(IF(SLOPE($AR$50:$AR$61,$AS$50:$AS$61)<0,MAX(-3,-ABS(SLOPE($AR$50:$AR$61,$AS$50:$AS$61))),IF(SLOPE($AR$50:$AR$61,$AS$50:$AS$61)>0.5,0.5,0)),0) | AV65: =($AQ$62+(AT65*(AS65-1))) | AW65: =($AR$62+(AU65*(AS65-1))) | AX65: =IF(AT65>0,AV65+AT65,AV65) | AY65: =IF(AU65<0,AW65+AU65,AW65) | BA65: =IFERROR(AX65-AQ65,"") | BB65: =IFERROR(AY65-AR65,"") | BD65: =AH65 | BE65: =AI65 | BF65: =AJ65 | BG65: =L65 | BH65: =IF(X65="","",X65) | BI65: =IF(Y65="","",Y65) | BJ65: =Z65 | BK65: =AA65 | BL65: =IFERROR(AX65,"") | BM65: =IFERROR(AY65,"")
A66: =ALGLIB_SSA_XAUUSD!AA66 | B66: =IF($A66="","",INDEX(ALGLIB_SSA_XAUUSD!$B$2:$B$2401,MATCH($A66,ALGLIB_SSA_XAUUSD!$A$2:$A$2401,1))) | C66: =IF($A66="","",INDEX(ALGLIB_SSA_XAUUSD!$C$2:$C$2401,MATCH($A66,ALGLIB_SSA_XAUUSD!$A$2:$A$2401,1))) | D66: =IF($A66="","",INT((ROW()-2)/12)+1) | E66: =IF(AND(E74<>"",D74=D62+1),E62+(E74-E62)*4/12,"") | F66: =IF(AND(F74<>"",D74=D62+1),F62+(F74-F62)*4/12,"") | G66: =IF(AND(G74<>"",D74=D62+1),G62+(G74-G62)*4/12,"") | H66: =IF(AND(H74<>"",D74=D62+1),H62+(H74-H62)*4/12,"") | I66: =IF(AND(L74<>"",D74=D62+1),I62+(I74-I62)*4/12,"") | J66: =_xlfn.XLOOKUP($A66,ALGLIB_SSA_XAUUSD!$AA$2:$AA$2401,ALGLIB_SSA_XAUUSD!$P$2:$P$2401,"",0) | K66: =_xlfn.XLOOKUP($A66,ALGLIB_SSA_XAUUSD!$AA$2:$AA$2401,ALGLIB_SSA_XAUUSD!$Q$2:$Q$2401,"",0) | L66: =_xlfn.XLOOKUP($A66,ALGLIB_SSA_XAUUSD!$AA$2:$AA$2401,ALGLIB_SSA_XAUUSD!$R$2:$R$2401,"",0) | M66: =_xlfn.XLOOKUP($A66,ALGLIB_SSA_XAUUSD!$AA$2:$AA$2401,ALGLIB_SSA_XAUUSD!$S$2:$S$2401,"",0) | N66: =_xlfn.XLOOKUP($A66,ALGLIB_SSA_XAUUSD!$AA$2:$AA$2401,ALGLIB_SSA_XAUUSD!$T$2:$T$2401,"",0) | O66: =_xlfn.XLOOKUP($A66,ALGLIB_SSA_XAUUSD!$AA$2:$AA$2401,ALGLIB_SSA_XAUUSD!$U$2:$U$2401,"",0) | P66: =_xlfn.XLOOKUP($A66,ALGLIB_SSA_XAUUSD!$AA$2:$AA$2401,ALGLIB_SSA_XAUUSD!$V$2:$V$2401,"",0) | S66: =A66 | T66: =J66 | U66: =K66 | V66: =IF($A66="","",MOD(ROW()-2,12)+1) | W66: =L66 | X66: =IF(F66="","",F66) | Y66: =IF(G66="","",G66) | Z66: =M66 | AA66: =N66 | AB66: =IF(H66="","",H66) | AC66: =O66 | AD66: =IF(I66="","",I66) | AE66: =P66 | AH66: =IF(S66<>"",S66,AH65+900) | AI66: =IF(T66<>"",T66,AI65) | AJ66: =IF(U66<>"",U66,AJ65) | AK66: =IF(W66<>"",W66,"") | AL66: =IF(X66<>"",X66,"") | AM66: =IF(Y66<>"",Y66,"") | AN66: =IF(OR(AL66="",AM66=""),"",AL66-AM66) | AO66: =IF(AN66="","",IF(AN66>0,"Bullish","Bearish")) | AP66: =IF(AO66="",AP65,AO66) | AQ66: =IF(AB66<>"",AB66,"") | AR66: =IF(AD66<>"",AD66,"") | AS66: =IF(AS65+1=13,1,AS65+1) | AT66: =IFERROR(IF(SLOPE($AQ$50:$AQ$61,$AS$50:$AS$61)>0,MIN(3,ABS(SLOPE($AQ$50:$AQ$61,$AS$50:$AS$61))),IF(SLOPE($AQ$50:$AQ$61,$AS$50:$AS$61)<-0.5,-0.5,0)),0) | AU66: =IFERROR(IF(SLOPE($AR$50:$AR$61,$AS$50:$AS$61)<0,MAX(-3,-ABS(SLOPE($AR$50:$AR$61,$AS$50:$AS$61))),IF(SLOPE($AR$50:$AR$61,$AS$50:$AS$61)>0.5,0.5,0)),0) | AV66: =($AQ$62+(AT66*(AS66-1))) | AW66: =($AR$62+(AU66*(AS66-1))) | AX66: =IF(AT66>0,AV66+AT66,AV66) | AY66: =IF(AU66<0,AW66+AU66,AW66) | BA66: =IFERROR(AX66-AQ66,"") | BB66: =IFERROR(AY66-AR66,"") | BD66: =AH66 | BE66: =AI66 | BF66: =AJ66 | BG66: =L66 | BH66: =IF(X66="","",X66) | BI66: =IF(Y66="","",Y66) | BJ66: =Z66 | BK66: =AA66 | BL66: =IFERROR(AX66,"") | BM66: =IFERROR(AY66,"")
A67: =ALGLIB_SSA_XAUUSD!AA67 | B67: =IF($A67="","",INDEX(ALGLIB_SSA_XAUUSD!$B$2:$B$2401,MATCH($A67,ALGLIB_SSA_XAUUSD!$A$2:$A$2401,1))) | C67: =IF($A67="","",INDEX(ALGLIB_SSA_XAUUSD!$C$2:$C$2401,MATCH($A67,ALGLIB_SSA_XAUUSD!$A$2:$A$2401,1))) | D67: =IF($A67="","",INT((ROW()-2)/12)+1) | E67: =IF(AND(E74<>"",D74=D62+1),E62+(E74-E62)*5/12,"") | F67: =IF(AND(F74<>"",D74=D62+1),F62+(F74-F62)*5/12,"") | G67: =IF(AND(G74<>"",D74=D62+1),G62+(G74-G62)*5/12,"") | H67: =IF(AND(H74<>"",D74=D62+1),H62+(H74-H62)*5/12,"") | I67: =IF(AND(L74<>"",D74=D62+1),I62+(I74-I62)*5/12,"") | J67: =_xlfn.XLOOKUP($A67,ALGLIB_SSA_XAUUSD!$AA$2:$AA$2401,ALGLIB_SSA_XAUUSD!$P$2:$P$2401,"",0) | K67: =_xlfn.XLOOKUP($A67,ALGLIB_SSA_XAUUSD!$AA$2:$AA$2401,ALGLIB_SSA_XAUUSD!$Q$2:$Q$2401,"",0) | L67: =_xlfn.XLOOKUP($A67,ALGLIB_SSA_XAUUSD!$AA$2:$AA$2401,ALGLIB_SSA_XAUUSD!$R$2:$R$2401,"",0) | M67: =_xlfn.XLOOKUP($A67,ALGLIB_SSA_XAUUSD!$AA$2:$AA$2401,ALGLIB_SSA_XAUUSD!$S$2:$S$2401,"",0) | N67: =_xlfn.XLOOKUP($A67,ALGLIB_SSA_XAUUSD!$AA$2:$AA$2401,ALGLIB_SSA_XAUUSD!$T$2:$T$2401,"",0) | O67: =_xlfn.XLOOKUP($A67,ALGLIB_SSA_XAUUSD!$AA$2:$AA$2401,ALGLIB_SSA_XAUUSD!$U$2:$U$2401,"",0) | P67: =_xlfn.XLOOKUP($A67,ALGLIB_SSA_XAUUSD!$AA$2:$AA$2401,ALGLIB_SSA_XAUUSD!$V$2:$V$2401,"",0) | S67: =A67 | T67: =J67 | U67: =K67 | V67: =IF($A67="","",MOD(ROW()-2,12)+1) | W67: =L67 | X67: =IF(F67="","",F67) | Y67: =IF(G67="","",G67) | Z67: =M67 | AA67: =N67 | AB67: =IF(H67="","",H67) | AC67: =O67 | AD67: =IF(I67="","",I67) | AE67: =P67 | AH67: =IF(S67<>"",S67,AH66+900) | AI67: =IF(T67<>"",T67,AI66) | AJ67: =IF(U67<>"",U67,AJ66) | AK67: =IF(W67<>"",W67,"") | AL67: =IF(X67<>"",X67,"") | AM67: =IF(Y67<>"",Y67,"") | AN67: =IF(OR(AL67="",AM67=""),"",AL67-AM67) | AO67: =IF(AN67="","",IF(AN67>0,"Bullish","Bearish")) | AP67: =IF(AO67="",AP66,AO67) | AQ67: =IF(AB67<>"",AB67,"") | AR67: =IF(AD67<>"",AD67,"") | AS67: =IF(AS66+1=13,1,AS66+1) | AT67: =IFERROR(IF(SLOPE($AQ$50:$AQ$61,$AS$50:$AS$61)>0,MIN(3,ABS(SLOPE($AQ$50:$AQ$61,$AS$50:$AS$61))),IF(SLOPE($AQ$50:$AQ$61,$AS$50:$AS$61)<-0.5,-0.5,0)),0) | AU67: =IFERROR(IF(SLOPE($AR$50:$AR$61,$AS$50:$AS$61)<0,MAX(-3,-ABS(SLOPE($AR$50:$AR$61,$AS$50:$AS$61))),IF(SLOPE($AR$50:$AR$61,$AS$50:$AS$61)>0.5,0.5,0)),0) | AV67: =($AQ$62+(AT67*(AS67-1))) | AW67: =($AR$62+(AU67*(AS67-1))) | AX67: =IF(AT67>0,AV67+AT67,AV67) | AY67: =IF(AU67<0,AW67+AU67,AW67) | BA67: =IFERROR(AX67-AQ67,"") | BB67: =IFERROR(AY67-AR67,"") | BD67: =AH67 | BE67: =AI67 | BF67: =AJ67 | BG67: =L67 | BH67: =IF(X67="","",X67) | BI67: =IF(Y67="","",Y67) | BJ67: =Z67 | BK67: =AA67 | BL67: =IFERROR(AX67,"") | BM67: =IFERROR(AY67,"")
A68: =ALGLIB_SSA_XAUUSD!AA68 | B68: =IF($A68="","",INDEX(ALGLIB_SSA_XAUUSD!$B$2:$B$2401,MATCH($A68,ALGLIB_SSA_XAUUSD!$A$2:$A$2401,1))) | C68: =IF($A68="","",INDEX(ALGLIB_SSA_XAUUSD!$C$2:$C$2401,MATCH($A68,ALGLIB_SSA_XAUUSD!$A$2:$A$2401,1))) | D68: =IF($A68="","",INT((ROW()-2)/12)+1) | E68: =IF(AND(E74<>"",D74=D62+1),E62+(E74-E62)*6/12,"") | F68: =IF(AND(F74<>"",D74=D62+1),F62+(F74-F62)*6/12,"") | G68: =IF(AND(G74<>"",D74=D62+1),G62+(G74-G62)*6/12,"") | H68: =IF(AND(H74<>"",D74=D62+1),H62+(H74-H62)*6/12,"") | I68: =IF(AND(L74<>"",D74=D62+1),I62+(I74-I62)*6/12,"") | J68: =_xlfn.XLOOKUP($A68,ALGLIB_SSA_XAUUSD!$AA$2:$AA$2401,ALGLIB_SSA_XAUUSD!$P$2:$P$2401,"",0) | K68: =_xlfn.XLOOKUP($A68,ALGLIB_SSA_XAUUSD!$AA$2:$AA$2401,ALGLIB_SSA_XAUUSD!$Q$2:$Q$2401,"",0) | L68: =_xlfn.XLOOKUP($A68,ALGLIB_SSA_XAUUSD!$AA$2:$AA$2401,ALGLIB_SSA_XAUUSD!$R$2:$R$2401,"",0) | M68: =_xlfn.XLOOKUP($A68,ALGLIB_SSA_XAUUSD!$AA$2:$AA$2401,ALGLIB_SSA_XAUUSD!$S$2:$S$2401,"",0) | N68: =_xlfn.XLOOKUP($A68,ALGLIB_SSA_XAUUSD!$AA$2:$AA$2401,ALGLIB_SSA_XAUUSD!$T$2:$T$2401,"",0) | O68: =_xlfn.XLOOKUP($A68,ALGLIB_SSA_XAUUSD!$AA$2:$AA$2401,ALGLIB_SSA_XAUUSD!$U$2:$U$2401,"",0) | P68: =_xlfn.XLOOKUP($A68,ALGLIB_SSA_XAUUSD!$AA$2:$AA$2401,ALGLIB_SSA_XAUUSD!$V$2:$V$2401,"",0) | S68: =A68 | T68: =J68 | U68: =K68 | V68: =IF($A68="","",MOD(ROW()-2,12)+1) | W68: =L68 | X68: =IF(F68="","",F68) | Y68: =IF(G68="","",G68) | Z68: =M68 | AA68: =N68 | AB68: =IF(H68="","",H68) | AC68: =O68 | AD68: =IF(I68="","",I68) | AE68: =P68 | AH68: =IF(S68<>"",S68,AH67+900) | AI68: =IF(T68<>"",T68,AI67) | AJ68: =IF(U68<>"",U68,AJ67) | AK68: =IF(W68<>"",W68,"") | AL68: =IF(X68<>"",X68,"") | AM68: =IF(Y68<>"",Y68,"") | AN68: =IF(OR(AL68="",AM68=""),"",AL68-AM68) | AO68: =IF(AN68="","",IF(AN68>0,"Bullish","Bearish")) | AP68: =IF(AO68="",AP67,AO68) | AQ68: =IF(AB68<>"",AB68,"") | AR68: =IF(AD68<>"",AD68,"") | AS68: =IF(AS67+1=13,1,AS67+1) | AT68: =IFERROR(IF(SLOPE($AQ$50:$AQ$61,$AS$50:$AS$61)>0,MIN(3,ABS(SLOPE($AQ$50:$AQ$61,$AS$50:$AS$61))),IF(SLOPE($AQ$50:$AQ$61,$AS$50:$AS$61)<-0.5,-0.5,0)),0) | AU68: =IFERROR(IF(SLOPE($AR$50:$AR$61,$AS$50:$AS$61)<0,MAX(-3,-ABS(SLOPE($AR$50:$AR$61,$AS$50:$AS$61))),IF(SLOPE($AR$50:$AR$61,$AS$50:$AS$61)>0.5,0.5,0)),0) | AV68: =($AQ$62+(AT68*(AS68-1))) | AW68: =($AR$62+(AU68*(AS68-1))) | AX68: =IF(AT68>0,AV68+AT68,AV68) | AY68: =IF(AU68<0,AW68+AU68,AW68) | BA68: =IFERROR(AX68-AQ68,"") | BB68: =IFERROR(AY68-AR68,"") | BD68: =AH68 | BE68: =AI68 | BF68: =AJ68 | BG68: =L68 | BH68: =IF(X68="","",X68) | BI68: =IF(Y68="","",Y68) | BJ68: =Z68 | BK68: =AA68 | BL68: =IFERROR(AX68,"") | BM68: =IFERROR(AY68,"")
A69: =ALGLIB_SSA_XAUUSD!AA69 | B69: =IF($A69="","",INDEX(ALGLIB_SSA_XAUUSD!$B$2:$B$2401,MATCH($A69,ALGLIB_SSA_XAUUSD!$A$2:$A$2401,1))) | C69: =IF($A69="","",INDEX(ALGLIB_SSA_XAUUSD!$C$2:$C$2401,MATCH($A69,ALGLIB_SSA_XAUUSD!$A$2:$A$2401,1))) | D69: =IF($A69="","",INT((ROW()-2)/12)+1) | E69: =IF(AND(E74<>"",D74=D62+1),E62+(E74-E62)*7/12,"") | F69: =IF(AND(F74<>"",D74=D62+1),F62+(F74-F62)*7/12,"") | G69: =IF(AND(G74<>"",D74=D62+1),G62+(G74-G62)*7/12,"") | H69: =IF(AND(H74<>"",D74=D62+1),H62+(H74-H62)*7/12,"") | I69: =IF(AND(L74<>"",D74=D62+1),I62+(I74-I62)*7/12,"") | J69: =_xlfn.XLOOKUP($A69,ALGLIB_SSA_XAUUSD!$AA$2:$AA$2401,ALGLIB_SSA_XAUUSD!$P$2:$P$2401,"",0) | K69: =_xlfn.XLOOKUP($A69,ALGLIB_SSA_XAUUSD!$AA$2:$AA$2401,ALGLIB_SSA_XAUUSD!$Q$2:$Q$2401,"",0) | L69: =_xlfn.XLOOKUP($A69,ALGLIB_SSA_XAUUSD!$AA$2:$AA$2401,ALGLIB_SSA_XAUUSD!$R$2:$R$2401,"",0) | M69: =_xlfn.XLOOKUP($A69,ALGLIB_SSA_XAUUSD!$AA$2:$AA$2401,ALGLIB_SSA_XAUUSD!$S$2:$S$2401,"",0) | N69: =_xlfn.XLOOKUP($A69,ALGLIB_SSA_XAUUSD!$AA$2:$AA$2401,ALGLIB_SSA_XAUUSD!$T$2:$T$2401,"",0) | O69: =_xlfn.XLOOKUP($A69,ALGLIB_SSA_XAUUSD!$AA$2:$AA$2401,ALGLIB_SSA_XAUUSD!$U$2:$U$2401,"",0) | P69: =_xlfn.XLOOKUP($A69,ALGLIB_SSA_XAUUSD!$AA$2:$AA$2401,ALGLIB_SSA_XAUUSD!$V$2:$V$2401,"",0) | S69: =A69 | T69: =J69 | U69: =K69 | V69: =IF($A69="","",MOD(ROW()-2,12)+1) | W69: =L69 | X69: =IF(F69="","",F69) | Y69: =IF(G69="","",G69) | Z69: =M69 | AA69: =N69 | AB69: =IF(H69="","",H69) | AC69: =O69 | AD69: =IF(I69="","",I69) | AE69: =P69 | AH69: =IF(S69<>"",S69,AH68+900) | AI69: =IF(T69<>"",T69,AI68) | AJ69: =IF(U69<>"",U69,AJ68) | AK69: =IF(W69<>"",W69,"") | AL69: =IF(X69<>"",X69,"") | AM69: =IF(Y69<>"",Y69,"") | AN69: =IF(OR(AL69="",AM69=""),"",AL69-AM69) | AO69: =IF(AN69="","",IF(AN69>0,"Bullish","Bearish")) | AP69: =IF(AO69="",AP68,AO69) | AQ69: =IF(AB69<>"",AB69,"") | AR69: =IF(AD69<>"",AD69,"") | AS69: =IF(AS68+1=13,1,AS68+1) | AT69: =IFERROR(IF(SLOPE($AQ$50:$AQ$61,$AS$50:$AS$61)>0,MIN(3,ABS(SLOPE($AQ$50:$AQ$61,$AS$50:$AS$61))),IF(SLOPE($AQ$50:$AQ$61,$AS$50:$AS$61)<-0.5,-0.5,0)),0) | AU69: =IFERROR(IF(SLOPE($AR$50:$AR$61,$AS$50:$AS$61)<0,MAX(-3,-ABS(SLOPE($AR$50:$AR$61,$AS$50:$AS$61))),IF(SLOPE($AR$50:$AR$61,$AS$50:$AS$61)>0.5,0.5,0)),0) | AV69: =($AQ$62+(AT69*(AS69-1))) | AW69: =($AR$62+(AU69*(AS69-1))) | AX69: =IF(AT69>0,AV69+AT69,AV69) | AY69: =IF(AU69<0,AW69+AU69,AW69) | BA69: =IFERROR(AX69-AQ69,"") | BB69: =IFERROR(AY69-AR69,"") | BD69: =AH69 | BE69: =AI69 | BF69: =AJ69 | BG69: =L69 | BH69: =IF(X69="","",X69) | BI69: =IF(Y69="","",Y69) | BJ69: =Z69 | BK69: =AA69 | BL69: =IFERROR(AX69,"") | BM69: =IFERROR(AY69,"")
A70: =ALGLIB_SSA_XAUUSD!AA70 | B70: =IF($A70="","",INDEX(ALGLIB_SSA_XAUUSD!$B$2:$B$2401,MATCH($A70,ALGLIB_SSA_XAUUSD!$A$2:$A$2401,1))) | C70: =IF($A70="","",INDEX(ALGLIB_SSA_XAUUSD!$C$2:$C$2401,MATCH($A70,ALGLIB_SSA_XAUUSD!$A$2:$A$2401,1))) | D70: =IF($A70="","",INT((ROW()-2)/12)+1) | E70: =IF(AND(E74<>"",D74=D62+1),E62+(E74-E62)*8/12,"") | F70: =IF(AND(F74<>"",D74=D62+1),F62+(F74-F62)*8/12,"") | G70: =IF(AND(G74<>"",D74=D62+1),G62+(G74-G62)*8/12,"") | H70: =IF(AND(H74<>"",D74=D62+1),H62+(H74-H62)*8/12,"") | I70: =IF(AND(L74<>"",D74=D62+1),I62+(I74-I62)*8/12,"") | J70: =_xlfn.XLOOKUP($A70,ALGLIB_SSA_XAUUSD!$AA$2:$AA$2401,ALGLIB_SSA_XAUUSD!$P$2:$P$2401,"",0) | K70: =_xlfn.XLOOKUP($A70,ALGLIB_SSA_XAUUSD!$AA$2:$AA$2401,ALGLIB_SSA_XAUUSD!$Q$2:$Q$2401,"",0) | L70: =_xlfn.XLOOKUP($A70,ALGLIB_SSA_XAUUSD!$AA$2:$AA$2401,ALGLIB_SSA_XAUUSD!$R$2:$R$2401,"",0) | M70: =_xlfn.XLOOKUP($A70,ALGLIB_SSA_XAUUSD!$AA$2:$AA$2401,ALGLIB_SSA_XAUUSD!$S$2:$S$2401,"",0) | N70: =_xlfn.XLOOKUP($A70,ALGLIB_SSA_XAUUSD!$AA$2:$AA$2401,ALGLIB_SSA_XAUUSD!$T$2:$T$2401,"",0) | O70: =_xlfn.XLOOKUP($A70,ALGLIB_SSA_XAUUSD!$AA$2:$AA$2401,ALGLIB_SSA_XAUUSD!$U$2:$U$2401,"",0) | P70: =_xlfn.XLOOKUP($A70,ALGLIB_SSA_XAUUSD!$AA$2:$AA$2401,ALGLIB_SSA_XAUUSD!$V$2:$V$2401,"",0) | S70: =A70 | T70: =J70 | U70: =K70 | V70: =IF($A70="","",MOD(ROW()-2,12)+1) | W70: =L70 | X70: =IF(F70="","",F70) | Y70: =IF(G70="","",G70) | Z70: =M70 | AA70: =N70 | AB70: =IF(H70="","",H70) | AC70: =O70 | AD70: =IF(I70="","",I70) | AE70: =P70 | AH70: =IF(S70<>"",S70,AH69+900) | AI70: =IF(T70<>"",T70,AI69) | AJ70: =IF(U70<>"",U70,AJ69) | AK70: =IF(W70<>"",W70,"") | AL70: =IF(X70<>"",X70,"") | AM70: =IF(Y70<>"",Y70,"") | AN70: =IF(OR(AL70="",AM70=""),"",AL70-AM70) | AO70: =IF(AN70="","",IF(AN70>0,"Bullish","Bearish")) | AP70: =IF(AO70="",AP69,AO70) | AQ70: =IF(AB70<>"",AB70,"") | AR70: =IF(AD70<>"",AD70,"") | AS70: =IF(AS69+1=13,1,AS69+1) | AT70: =IFERROR(IF(SLOPE($AQ$50:$AQ$61,$AS$50:$AS$61)>0,MIN(3,ABS(SLOPE($AQ$50:$AQ$61,$AS$50:$AS$61))),IF(SLOPE($AQ$50:$AQ$61,$AS$50:$AS$61)<-0.5,-0.5,0)),0) | AU70: =IFERROR(IF(SLOPE($AR$50:$AR$61,$AS$50:$AS$61)<0,MAX(-3,-ABS(SLOPE($AR$50:$AR$61,$AS$50:$AS$61))),IF(SLOPE($AR$50:$AR$61,$AS$50:$AS$61)>0.5,0.5,0)),0) | AV70: =($AQ$62+(AT70*(AS70-1))) | AW70: =($AR$62+(AU70*(AS70-1))) | AX70: =IF(AT70>0,AV70+AT70,AV70) | AY70: =IF(AU70<0,AW70+AU70,AW70) | BA70: =IFERROR(AX70-AQ70,"") | BB70: =IFERROR(AY70-AR70,"") | BD70: =AH70 | BE70: =AI70 | BF70: =AJ70 | BG70: =L70 | BH70: =IF(X70="","",X70) | BI70: =IF(Y70="","",Y70) | BJ70: =Z70 | BK70: =AA70 | BL70: =IFERROR(AX70,"") | BM70: =IFERROR(AY70,"")
A71: =ALGLIB_SSA_XAUUSD!AA71 | B71: =IF($A71="","",INDEX(ALGLIB_SSA_XAUUSD!$B$2:$B$2401,MATCH($A71,ALGLIB_SSA_XAUUSD!$A$2:$A$2401,1))) | C71: =IF($A71="","",INDEX(ALGLIB_SSA_XAUUSD!$C$2:$C$2401,MATCH($A71,ALGLIB_SSA_XAUUSD!$A$2:$A$2401,1))) | D71: =IF($A71="","",INT((ROW()-2)/12)+1) | E71: =IF(AND(E74<>"",D74=D62+1),E62+(E74-E62)*9/12,"") | F71: =IF(AND(F74<>"",D74=D62+1),F62+(F74-F62)*9/12,"") | G71: =IF(AND(G74<>"",D74=D62+1),G62+(G74-G62)*9/12,"") | H71: =IF(AND(H74<>"",D74=D62+1),H62+(H74-H62)*9/12,"") | I71: =IF(AND(L74<>"",D74=D62+1),I62+(I74-I62)*9/12,"") | J71: =_xlfn.XLOOKUP($A71,ALGLIB_SSA_XAUUSD!$AA$2:$AA$2401,ALGLIB_SSA_XAUUSD!$P$2:$P$2401,"",0) | K71: =_xlfn.XLOOKUP($A71,ALGLIB_SSA_XAUUSD!$AA$2:$AA$2401,ALGLIB_SSA_XAUUSD!$Q$2:$Q$2401,"",0) | L71: =_xlfn.XLOOKUP($A71,ALGLIB_SSA_XAUUSD!$AA$2:$AA$2401,ALGLIB_SSA_XAUUSD!$R$2:$R$2401,"",0) | M71: =_xlfn.XLOOKUP($A71,ALGLIB_SSA_XAUUSD!$AA$2:$AA$2401,ALGLIB_SSA_XAUUSD!$S$2:$S$2401,"",0) | N71: =_xlfn.XLOOKUP($A71,ALGLIB_SSA_XAUUSD!$AA$2:$AA$2401,ALGLIB_SSA_XAUUSD!$T$2:$T$2401,"",0) | O71: =_xlfn.XLOOKUP($A71,ALGLIB_SSA_XAUUSD!$AA$2:$AA$2401,ALGLIB_SSA_XAUUSD!$U$2:$U$2401,"",0) | P71: =_xlfn.XLOOKUP($A71,ALGLIB_SSA_XAUUSD!$AA$2:$AA$2401,ALGLIB_SSA_XAUUSD!$V$2:$V$2401,"",0) | S71: =A71 | T71: =J71 | U71: =K71 | V71: =IF($A71="","",MOD(ROW()-2,12)+1) | W71: =L71 | X71: =IF(F71="","",F71) | Y71: =IF(G71="","",G71) | Z71: =M71 | AA71: =N71 | AB71: =IF(H71="","",H71) | AC71: =O71 | AD71: =IF(I71="","",I71) | AE71: =P71 | AH71: =IF(S71<>"",S71,AH70+900) | AI71: =IF(T71<>"",T71,AI70) | AJ71: =IF(U71<>"",U71,AJ70) | AK71: =IF(W71<>"",W71,"") | AL71: =IF(X71<>"",X71,"") | AM71: =IF(Y71<>"",Y71,"") | AN71: =IF(OR(AL71="",AM71=""),"",AL71-AM71) | AO71: =IF(AN71="","",IF(AN71>0,"Bullish","Bearish")) | AP71: =IF(AO71="",AP70,AO71) | AQ71: =IF(AB71<>"",AB71,"") | AR71: =IF(AD71<>"",AD71,"") | AS71: =IF(AS70+1=13,1,AS70+1) | AT71: =IFERROR(IF(SLOPE($AQ$50:$AQ$61,$AS$50:$AS$61)>0,MIN(3,ABS(SLOPE($AQ$50:$AQ$61,$AS$50:$AS$61))),IF(SLOPE($AQ$50:$AQ$61,$AS$50:$AS$61)<-0.5,-0.5,0)),0) | AU71: =IFERROR(IF(SLOPE($AR$50:$AR$61,$AS$50:$AS$61)<0,MAX(-3,-ABS(SLOPE($AR$50:$AR$61,$AS$50:$AS$61))),IF(SLOPE($AR$50:$AR$61,$AS$50:$AS$61)>0.5,0.5,0)),0) | AV71: =($AQ$62+(AT71*(AS71-1))) | AW71: =($AR$62+(AU71*(AS71-1))) | AX71: =IF(AT71>0,AV71+AT71,AV71) | AY71: =IF(AU71<0,AW71+AU71,AW71) | BA71: =IFERROR(AX71-AQ71,"") | BB71: =IFERROR(AY71-AR71,"") | BD71: =AH71 | BE71: =AI71 | BF71: =AJ71 | BG71: =L71 | BH71: =IF(X71="","",X71) | BI71: =IF(Y71="","",Y71) | BJ71: =Z71 | BK71: =AA71 | BL71: =IFERROR(AX71,"") | BM71: =IFERROR(AY71,"")
A72: =ALGLIB_SSA_XAUUSD!AA72 | B72: =IF($A72="","",INDEX(ALGLIB_SSA_XAUUSD!$B$2:$B$2401,MATCH($A72,ALGLIB_SSA_XAUUSD!$A$2:$A$2401,1))) | C72: =IF($A72="","",INDEX(ALGLIB_SSA_XAUUSD!$C$2:$C$2401,MATCH($A72,ALGLIB_SSA_XAUUSD!$A$2:$A$2401,1))) | D72: =IF($A72="","",INT((ROW()-2)/12)+1) | E72: =IF(AND(E74<>"",D74=D62+1),E62+(E74-E62)*10/12,"") | F72: =IF(AND(F74<>"",D74=D62+1),F62+(F74-F62)*10/12,"") | G72: =IF(AND(G74<>"",D74=D62+1),G62+(G74-G62)*10/12,"") | H72: =IF(AND(H74<>"",D74=D62+1),H62+(H74-H62)*10/12,"") | I72: =IF(AND(L74<>"",D74=D62+1),I62+(I74-I62)*10/12,"") | J72: =_xlfn.XLOOKUP($A72,ALGLIB_SSA_XAUUSD!$AA$2:$AA$2401,ALGLIB_SSA_XAUUSD!$P$2:$P$2401,"",0) | K72: =_xlfn.XLOOKUP($A72,ALGLIB_SSA_XAUUSD!$AA$2:$AA$2401,ALGLIB_SSA_XAUUSD!$Q$2:$Q$2401,"",0) | L72: =_xlfn.XLOOKUP($A72,ALGLIB_SSA_XAUUSD!$AA$2:$AA$2401,ALGLIB_SSA_XAUUSD!$R$2:$R$2401,"",0) | M72: =_xlfn.XLOOKUP($A72,ALGLIB_SSA_XAUUSD!$AA$2:$AA$2401,ALGLIB_SSA_XAUUSD!$S$2:$S$2401,"",0) | N72: =_xlfn.XLOOKUP($A72,ALGLIB_SSA_XAUUSD!$AA$2:$AA$2401,ALGLIB_SSA_XAUUSD!$T$2:$T$2401,"",0) | O72: =_xlfn.XLOOKUP($A72,ALGLIB_SSA_XAUUSD!$AA$2:$AA$2401,ALGLIB_SSA_XAUUSD!$U$2:$U$2401,"",0) | P72: =_xlfn.XLOOKUP($A72,ALGLIB_SSA_XAUUSD!$AA$2:$AA$2401,ALGLIB_SSA_XAUUSD!$V$2:$V$2401,"",0) | S72: =A72 | T72: =J72 | U72: =K72 | V72: =IF($A72="","",MOD(ROW()-2,12)+1) | W72: =L72 | X72: =IF(F72="","",F72) | Y72: =IF(G72="","",G72) | Z72: =M72 | AA72: =N72 | AB72: =IF(H72="","",H72) | AC72: =O72 | AD72: =IF(I72="","",I72) | AE72: =P72 | AH72: =IF(S72<>"",S72,AH71+900) | AI72: =IF(T72<>"",T72,AI71) | AJ72: =IF(U72<>"",U72,AJ71) | AK72: =IF(W72<>"",W72,"") | AL72: =IF(X72<>"",X72,"") | AM72: =IF(Y72<>"",Y72,"") | AN72: =IF(OR(AL72="",AM72=""),"",AL72-AM72) | AO72: =IF(AN72="","",IF(AN72>0,"Bullish","Bearish")) | AP72: =IF(AO72="",AP71,AO72) | AQ72: =IF(AB72<>"",AB72,"") | AR72: =IF(AD72<>"",AD72,"") | AS72: =IF(AS71+1=13,1,AS71+1) | AT72: =IFERROR(IF(SLOPE($AQ$50:$AQ$61,$AS$50:$AS$61)>0,MIN(3,ABS(SLOPE($AQ$50:$AQ$61,$AS$50:$AS$61))),IF(SLOPE($AQ$50:$AQ$61,$AS$50:$AS$61)<-0.5,-0.5,0)),0) | AU72: =IFERROR(IF(SLOPE($AR$50:$AR$61,$AS$50:$AS$61)<0,MAX(-3,-ABS(SLOPE($AR$50:$AR$61,$AS$50:$AS$61))),IF(SLOPE($AR$50:$AR$61,$AS$50:$AS$61)>0.5,0.5,0)),0) | AV72: =($AQ$62+(AT72*(AS72-1))) | AW72: =($AR$62+(AU72*(AS72-1))) | AX72: =IF(AT72>0,AV72+AT72,AV72) | AY72: =IF(AU72<0,AW72+AU72,AW72) | BA72: =IFERROR(AX72-AQ72,"") | BB72: =IFERROR(AY72-AR72,"") | BD72: =AH72 | BE72: =AI72 | BF72: =AJ72 | BG72: =L72 | BH72: =IF(X72="","",X72) | BI72: =IF(Y72="","",Y72) | BJ72: =Z72 | BK72: =AA72 | BL72: =IFERROR(AX72,"") | BM72: =IFERROR(AY72,"")
A73: =ALGLIB_SSA_XAUUSD!AA73 | B73: =IF($A73="","",INDEX(ALGLIB_SSA_XAUUSD!$B$2:$B$2401,MATCH($A73,ALGLIB_SSA_XAUUSD!$A$2:$A$2401,1))) | C73: =IF($A73="","",INDEX(ALGLIB_SSA_XAUUSD!$C$2:$C$2401,MATCH($A73,ALGLIB_SSA_XAUUSD!$A$2:$A$2401,1))) | D73: =IF($A73="","",INT((ROW()-2)/12)+1) | E73: =IF(AND(E74<>"",D74=D62+1),E62+(E74-E62)*11/12,"") | F73: =IF(AND(F74<>"",D74=D62+1),F62+(F74-F62)*11/12,"") | G73: =IF(AND(G74<>"",D74=D62+1),G62+(G74-G62)*11/12,"") | H73: =IF(AND(H74<>"",D74=D62+1),H62+(H74-H62)*11/12,"") | I73: =IF(AND(L74<>"",D74=D62+1),I62+(I74-I62)*11/12,"") | J73: =_xlfn.XLOOKUP($A73,ALGLIB_SSA_XAUUSD!$AA$2:$AA$2401,ALGLIB_SSA_XAUUSD!$P$2:$P$2401,"",0) | K73: =_xlfn.XLOOKUP($A73,ALGLIB_SSA_XAUUSD!$AA$2:$AA$2401,ALGLIB_SSA_XAUUSD!$Q$2:$Q$2401,"",0) | L73: =_xlfn.XLOOKUP($A73,ALGLIB_SSA_XAUUSD!$AA$2:$AA$2401,ALGLIB_SSA_XAUUSD!$R$2:$R$2401,"",0) | M73: =_xlfn.XLOOKUP($A73,ALGLIB_SSA_XAUUSD!$AA$2:$AA$2401,ALGLIB_SSA_XAUUSD!$S$2:$S$2401,"",0) | N73: =_xlfn.XLOOKUP($A73,ALGLIB_SSA_XAUUSD!$AA$2:$AA$2401,ALGLIB_SSA_XAUUSD!$T$2:$T$2401,"",0) | O73: =_xlfn.XLOOKUP($A73,ALGLIB_SSA_XAUUSD!$AA$2:$AA$2401,ALGLIB_SSA_XAUUSD!$U$2:$U$2401,"",0) | P73: =_xlfn.XLOOKUP($A73,ALGLIB_SSA_XAUUSD!$AA$2:$AA$2401,ALGLIB_SSA_XAUUSD!$V$2:$V$2401,"",0) | S73: =A73 | T73: =J73 | U73: =K73 | V73: =IF($A73="","",MOD(ROW()-2,12)+1) | W73: =L73 | X73: =IF(F73="","",F73) | Y73: =IF(G73="","",G73) | Z73: =M73 | AA73: =N73 | AB73: =IF(H73="","",H73) | AC73: =O73 | AD73: =IF(I73="","",I73) | AE73: =P73 | AH73: =IF(S73<>"",S73,AH72+900) | AI73: =IF(T73<>"",T73,AI72) | AJ73: =IF(U73<>"",U73,AJ72) | AK73: =IF(W73<>"",W73,"") | AL73: =IF(X73<>"",X73,"") | AM73: =IF(Y73<>"",Y73,"") | AN73: =IF(OR(AL73="",AM73=""),"",AL73-AM73) | AO73: =IF(AN73="","",IF(AN73>0,"Bullish","Bearish")) | AP73: =IF(AO73="",AP72,AO73) | AQ73: =IF(AB73<>"",AB73,"") | AR73: =IF(AD73<>"",AD73,"") | AS73: =IF(AS72+1=13,1,AS72+1) | AT73: =IFERROR(IF(SLOPE($AQ$50:$AQ$61,$AS$50:$AS$61)>0,MIN(3,ABS(SLOPE($AQ$50:$AQ$61,$AS$50:$AS$61))),IF(SLOPE($AQ$50:$AQ$61,$AS$50:$AS$61)<-0.5,-0.5,0)),0) | AU73: =IFERROR(IF(SLOPE($AR$50:$AR$61,$AS$50:$AS$61)<0,MAX(-3,-ABS(SLOPE($AR$50:$AR$61,$AS$50:$AS$61))),IF(SLOPE($AR$50:$AR$61,$AS$50:$AS$61)>0.5,0.5,0)),0) | AV73: =($AQ$62+(AT73*(AS73-1))) | AW73: =($AR$62+(AU73*(AS73-1))) | AX73: =IF(AT73>0,AV73+AT73,AV73) | AY73: =IF(AU73<0,AW73+AU73,AW73) | BA73: =IFERROR(AX73-AQ73,"") | BB73: =IFERROR(AY73-AR73,"") | BD73: =AH73 | BE73: =AI73 | BF73: =AJ73 | BG73: =L73 | BH73: =IF(X73="","",X73) | BI73: =IF(Y73="","",Y73) | BJ73: =Z73 | BK73: =AA73 | BL73: =IFERROR(AX73,"") | BM73: =IFERROR(AY73,"")
A74: =ALGLIB_SSA_XAUUSD!AA74 | B74: =IF($A74="","",INDEX(ALGLIB_SSA_XAUUSD!$B$2:$B$2401,MATCH($A74,ALGLIB_SSA_XAUUSD!$A$2:$A$2401,1))) | C74: =IF($A74="","",INDEX(ALGLIB_SSA_XAUUSD!$C$2:$C$2401,MATCH($A74,ALGLIB_SSA_XAUUSD!$A$2:$A$2401,1))) | D74: =IF($A74="","",INT((ROW()-2)/12)+1) | E74: =IF($A74="","",INDEX(ALGLIB_SSA_XAUUSD!$D$2:$D$2401,MATCH($A74,ALGLIB_SSA_XAUUSD!$A$2:$A$2401,1))) | F74: =IF($A74="","",INDEX(ALGLIB_SSA_XAUUSD!$E$2:$E$2401,MATCH($A74,ALGLIB_SSA_XAUUSD!$A$2:$A$2401,1))) | G74: =IF($A74="","",INDEX(ALGLIB_SSA_XAUUSD!$F$2:$F$2401,MATCH($A74,ALGLIB_SSA_XAUUSD!$A$2:$A$2401,1))) | H74: =IF($A74="","",INDEX(ALGLIB_SSA_XAUUSD!$G$2:$G$2401,MATCH($A74,ALGLIB_SSA_XAUUSD!$A$2:$A$2401,1))) | I74: =IF($A74="","",INDEX(ALGLIB_SSA_XAUUSD!$H$2:$H$2401,MATCH($A74,ALGLIB_SSA_XAUUSD!$A$2:$A$2401,1))) | J74: =_xlfn.XLOOKUP($A74,ALGLIB_SSA_XAUUSD!$AA$2:$AA$2401,ALGLIB_SSA_XAUUSD!$P$2:$P$2401,"",0) | K74: =_xlfn.XLOOKUP($A74,ALGLIB_SSA_XAUUSD!$AA$2:$AA$2401,ALGLIB_SSA_XAUUSD!$Q$2:$Q$2401,"",0) | L74: =_xlfn.XLOOKUP($A74,ALGLIB_SSA_XAUUSD!$AA$2:$AA$2401,ALGLIB_SSA_XAUUSD!$R$2:$R$2401,"",0) | M74: =_xlfn.XLOOKUP($A74,ALGLIB_SSA_XAUUSD!$AA$2:$AA$2401,ALGLIB_SSA_XAUUSD!$S$2:$S$2401,"",0) | N74: =_xlfn.XLOOKUP($A74,ALGLIB_SSA_XAUUSD!$AA$2:$AA$2401,ALGLIB_SSA_XAUUSD!$T$2:$T$2401,"",0) | O74: =_xlfn.XLOOKUP($A74,ALGLIB_SSA_XAUUSD!$AA$2:$AA$2401,ALGLIB_SSA_XAUUSD!$U$2:$U$2401,"",0) | P74: =_xlfn.XLOOKUP($A74,ALGLIB_SSA_XAUUSD!$AA$2:$AA$2401,ALGLIB_SSA_XAUUSD!$V$2:$V$2401,"",0) | S74: =A74 | T74: =J74 | U74: =K74 | V74: =IF($A74="","",MOD(ROW()-2,12)+1) | W74: =L74 | X74: =IF(F74="","",F74) | Y74: =IF(G74="","",G74) | Z74: =M74 | AA74: =N74 | AB74: =IF(H74="","",H74) | AC74: =O74 | AD74: =IF(I74="","",I74) | AE74: =P74 | AH74: =IF(S74<>"",S74,AH73+900) | AI74: =IF(T74<>"",T74,AI73) | AJ74: =IF(U74<>"",U74,AJ73) | AK74: =IF(W74<>"",W74,"") | AL74: =IF(X74<>"",X74,"") | AM74: =IF(Y74<>"",Y74,"") | AN74: =IF(OR(AL74="",AM74=""),"",AL74-AM74) | AO74: =IF(AN74="","",IF(AN74>0,"Bullish","Bearish")) | AP74: =IF(AO74="",AP73,AO74) | AQ74: =IF(AB74<>"",AB74,"") | AR74: =IF(AD74<>"",AD74,"") | AS74: =IF(AS73+1=13,1,AS73+1) | AT74: =IFERROR(IF(SLOPE($AQ$62:$AQ$73,$AS$62:$AS$73)>0,MIN(3,ABS(SLOPE($AQ$62:$AQ$73,$AS$62:$AS$73))),IF(SLOPE($AQ$62:$AQ$73,$AS$62:$AS$73)<-0.5,-0.5,0)),0) | AU74: =IFERROR(IF(SLOPE($AR$62:$AR$73,$AS$62:$AS$73)<0,MAX(-3,-ABS(SLOPE($AR$62:$AR$73,$AS$62:$AS$73))),IF(SLOPE($AR$62:$AR$73,$AS$62:$AS$73)>0.5,0.5,0)),0) | AV74: =($AQ$74+(AT74*(AS74-1))) | AW74: =($AR$74+(AU74*(AS74-1))) | AX74: =IF(AT74>0,AV74+AT74,AV74) | AY74: =IF(AU74<0,AW74+AU74,AW74) | BA74: =IFERROR(AX74-AQ74,"") | BB74: =IFERROR(AY74-AR74,"") | BD74: =AH74 | BE74: =AI74 | BF74: =AJ74 | BG74: =L74 | BH74: =IF(X74="","",X74) | BI74: =IF(Y74="","",Y74) | BJ74: =Z74 | BK74: =AA74 | BL74: =IFERROR(AX74,"") | BM74: =IFERROR(AY74,"")
A75: =ALGLIB_SSA_XAUUSD!AA75 | B75: =IF($A75="","",INDEX(ALGLIB_SSA_XAUUSD!$B$2:$B$2401,MATCH($A75,ALGLIB_SSA_XAUUSD!$A$2:$A$2401,1))) | C75: =IF($A75="","",INDEX(ALGLIB_SSA_XAUUSD!$C$2:$C$2401,MATCH($A75,ALGLIB_SSA_XAUUSD!$A$2:$A$2401,1))) | D75: =IF($A75="","",INT((ROW()-2)/12)+1) | E75: =IF(AND(E86<>"",D86=D74+1),E74+(E86-E74)*1/12,"") | F75: =IF(AND(F86<>"",D86=D74+1),F74+(F86-F74)*1/12,"") | G75: =IF(AND(G86<>"",D86=D74+1),G74+(G86-G74)*1/12,"") | H75: =IF(AND(H86<>"",D86=D74+1),H74+(H86-H74)*1/12,"") | I75: =IF(AND(L86<>"",D86=D74+1),I74+(I86-I74)*1/12,"") | J75: =_xlfn.XLOOKUP($A75,ALGLIB_SSA_XAUUSD!$AA$2:$AA$2401,ALGLIB_SSA_XAUUSD!$P$2:$P$2401,"",0) | K75: =_xlfn.XLOOKUP($A75,ALGLIB_SSA_XAUUSD!$AA$2:$AA$2401,ALGLIB_SSA_XAUUSD!$Q$2:$Q$2401,"",0) | L75: =_xlfn.XLOOKUP($A75,ALGLIB_SSA_XAUUSD!$AA$2:$AA$2401,ALGLIB_SSA_XAUUSD!$R$2:$R$2401,"",0) | M75: =_xlfn.XLOOKUP($A75,ALGLIB_SSA_XAUUSD!$AA$2:$AA$2401,ALGLIB_SSA_XAUUSD!$S$2:$S$2401,"",0) | N75: =_xlfn.XLOOKUP($A75,ALGLIB_SSA_XAUUSD!$AA$2:$AA$2401,ALGLIB_SSA_XAUUSD!$T$2:$T$2401,"",0) | O75: =_xlfn.XLOOKUP($A75,ALGLIB_SSA_XAUUSD!$AA$2:$AA$2401,ALGLIB_SSA_XAUUSD!$U$2:$U$2401,"",0) | P75: =_xlfn.XLOOKUP($A75,ALGLIB_SSA_XAUUSD!$AA$2:$AA$2401,ALGLIB_SSA_XAUUSD!$V$2:$V$2401,"",0) | S75: =A75 | T75: =J75 | U75: =K75 | V75: =IF($A75="","",MOD(ROW()-2,12)+1) | W75: =L75 | X75: =IF(F75="","",F75) | Y75: =IF(G75="","",G75) | Z75: =M75 | AA75: =N75 | AB75: =IF(H75="","",H75) | AC75: =O75 | AD75: =IF(I75="","",I75) | AE75: =P75 | AH75: =IF(S75<>"",S75,AH74+900) | AI75: =IF(T75<>"",T75,AI74) | AJ75: =IF(U75<>"",U75,AJ74) | AK75: =IF(W75<>"",W75,"") | AL75: =IF(X75<>"",X75,"") | AM75: =IF(Y75<>"",Y75,"") | AN75: =IF(OR(AL75="",AM75=""),"",AL75-AM75) | AO75: =IF(AN75="","",IF(AN75>0,"Bullish","Bearish")) | AP75: =IF(AO75="",AP74,AO75) | AQ75: =IF(AB75<>"",AB75,"") | AR75: =IF(AD75<>"",AD75,"") | AS75: =IF(AS74+1=13,1,AS74+1) | AT75: =IFERROR(IF(SLOPE($AQ$62:$AQ$73,$AS$62:$AS$73)>0,MIN(3,ABS(SLOPE($AQ$62:$AQ$73,$AS$62:$AS$73))),IF(SLOPE($AQ$62:$AQ$73,$AS$62:$AS$73)<-0.5,-0.5,0)),0) | AU75: =IFERROR(IF(SLOPE($AR$62:$AR$73,$AS$62:$AS$73)<0,MAX(-3,-ABS(SLOPE($AR$62:$AR$73,$AS$62:$AS$73))),IF(SLOPE($AR$62:$AR$73,$AS$62:$AS$73)>0.5,0.5,0)),0) | AV75: =($AQ$74+(AT75*(AS75-1))) | AW75: =($AR$74+(AU75*(AS75-1))) | AX75: =IF(AT75>0,AV75+AT75,AV75) | AY75: =IF(AU75<0,AW75+AU75,AW75) | BA75: =IFERROR(AX75-AQ75,"") | BB75: =IFERROR(AY75-AR75,"") | BD75: =AH75 | BE75: =AI75 | BF75: =AJ75 | BG75: =L75 | BH75: =IF(X75="","",X75) | BI75: =IF(Y75="","",Y75) | BJ75: =Z75 | BK75: =AA75 | BL75: =IFERROR(AX75,"") | BM75: =IFERROR(AY75,"")
