Workbook

Sheet Price
A1: timestamp | B1: symbol | C1: timeframe | D1: close | E1: open | F1: high | G1: low | H1: volume | J1: convert_to_readable_datetime | K1: round_to_nearest_datetime_5m | L1: timestamp_adjusted
A2: 1772024998 | B2: XAUUSD | C2: M5 | D2: 5187.2 | E2: 5188.44 | F2: 5189.22 | G2: 5185.5 | H2: 567 | J2: =(A2/86400)+25569 -> 46078.549 | K2: =CEILING(INT(J2*1440)/1440*288,1)/288 -> 46078.549 | L2: =MROUND((K2-25569)*86400,300) -> 1772025000
A3: 1772025298 | B3: XAUUSD | C3: M5 | D3: 5187 | E3: 5187.22 | F3: 5189.54 | G3: 5185.97 | H3: 574 | J3: =(A3/86400)+25569 -> 46078.552 | K3: =CEILING(INT(J3*1440)/1440*288,1)/288 -> 46078.552 | L3: =MROUND((K3-25569)*86400,300) -> 1772025300
A4: 1772025598 | B4: XAUUSD | C4: M5 | D4: 5191.13 | E4: 5186.81 | F4: 5191.47 | G4: 5186.14 | H4: 583 | J4: =(A4/86400)+25569 -> 46078.556 | K4: =CEILING(INT(J4*1440)/1440*288,1)/288 -> 46078.556 | L4: =MROUND((K4-25569)*86400,300) -> 1772025600
A5: 1772025898 | B5: XAUUSD | C5: M5 | D5: 5188.07 | E5: 5191.14 | F5: 5191.36 | G5: 5186.93 | H5: 547 | J5: =(A5/86400)+25569 -> 46078.559 | K5: =CEILING(INT(J5*1440)/1440*288,1)/288 -> 46078.559 | L5: =MROUND((K5-25569)*86400,300) -> 1772025900
A6: 1772026198 | B6: XAUUSD | C6: M5 | D6: 5188.16 | E6: 5188.07 | F6: 5190.35 | G6: 5186.62 | H6: 516 | J6: =(A6/86400)+25569 -> 46078.562 | K6: =CEILING(INT(J6*1440)/1440*288,1)/288 -> 46078.562 | L6: =MROUND((K6-25569)*86400,300) -> 1772026200
A7: 1772026498 | B7: XAUUSD | C7: M5 | D7: 5189.61 | E7: 5188.16 | F7: 5190.35 | G7: 5187.73 | H7: 524 | J7: =(A7/86400)+25569 -> 46078.566 | K7: =CEILING(INT(J7*1440)/1440*288,1)/288 -> 46078.566 | L7: =MROUND((K7-25569)*86400,300) -> 1772026500
A8: 1772026798 | B8: XAUUSD | C8: M5 | D8: 5186.84 | E8: 5189.93 | F8: 5191.33 | G8: 5182.03 | H8: 660 | J8: =(A8/86400)+25569 -> 46078.569 | K8: =CEILING(INT(J8*1440)/1440*288,1)/288 -> 46078.569 | L8: =MROUND((K8-25569)*86400,300) -> 1772026800
A9: 1772027098 | B9: XAUUSD | C9: M5 | D9: 5186.59 | E9: 5187.12 | F9: 5191.12 | G9: 5185.65 | H9: 585 | J9: =(A9/86400)+25569 -> 46078.573 | K9: =CEILING(INT(J9*1440)/1440*288,1)/288 -> 46078.573 | L9: =MROUND((K9-25569)*86400,300) -> 1772027100
A10: 1772027398 | B10: XAUUSD | C10: M5 | D10: 5186.07 | E10: 5187.03 | F10: 5187.42 | G10: 5184.3 | H10: 628 | J10: =(A10/86400)+25569 -> 46078.576 | K10: =CEILING(INT(J10*1440)/1440*288,1)/288 -> 46078.576 | L10: =MROUND((K10-25569)*86400,300) -> 1772027400
A11: 1772027698 | B11: XAUUSD | C11: M5 | D11: 5185.23 | E11: 5186.04 | F11: 5188.5 | G11: 5184.76 | H11: 572 | J11: =(A11/86400)+25569 -> 46078.58 | K11: =CEILING(INT(J11*1440)/1440*288,1)/288 -> 46078.58 | L11: =MROUND((K11-25569)*86400,300) -> 1772027700
A12: 1772027998 | B12: XAUUSD | C12: M5 | D12: 5187.18 | E12: 5185.22 | F12: 5187.34 | G12: 5183.76 | H12: 641 | J12: =(A12/86400)+25569 -> 46078.583 | K12: =CEILING(INT(J12*1440)/1440*288,1)/288 -> 46078.583 | L12: =MROUND((K12-25569)*86400,300) -> 1772028000
A13: 1772028298 | B13: XAUUSD | C13: M5 | D13: 5189.99 | E13: 5187.18 | F13: 5191.07 | G13: 5186.8 | H13: 582 | J13: =(A13/86400)+25569 -> 46078.587 | K13: =CEILING(INT(J13*1440)/1440*288,1)/288 -> 46078.587 | L13: =MROUND((K13-25569)*86400,300) -> 1772028300
... A501: 1772181898 | B501: XAUUSD | C501: M5 | D501: 5181.66 | E501: 5180.32 | F501: 5182.14 | G501: 5179.99 | H501: 92 | J501: =(A501/86400)+25569 -> 46080.365 | K501: =CEILING(INT(J501*1440)/1440*288,1)/288 -> 46080.365 | L501: =MROUND((K501-25569)*86400,300) -> 1772181900

Sheet Diagonals
A1: timestamp | B1: symbol | C1: timeframe | D1: close | E1: diag_asc_line_1 | F1: diag_asc_line_2 | G1: diag_asc_line_3 | H1: diag_desc_line_1 | I1: diag_desc_line_2 | J1: diag_desc_line_3 | K1: diag_high_map | L1: diag_low_map | O1: convert_to_readable_datetime | P1: round_to_nearest_datetime_5m | Q1: timestamp_adjusted
A2: 1772024998 | B2: XAUUSD | C2: M5 | D2: 5187.2 | K2: 0 | L2: 0 | O2: =(A2/86400)+25569 -> 46078.549 | P2: =CEILING(INT(O2*1440)/1440*288,1)/288 -> 46078.549 | Q2: =MROUND((P2-25569)*86400,300) -> 1772025000
A3: 1772025298 | B3: XAUUSD | C3: M5 | D3: 5187 | K3: 0 | L3: 0 | O3: =(A3/86400)+25569 -> 46078.552 | P3: =CEILING(INT(O3*1440)/1440*288,1)/288 -> 46078.552 | Q3: =MROUND((P3-25569)*86400,300) -> 1772025300
A4: 1772025598 | B4: XAUUSD | C4: M5 | D4: 5191.13 | K4: 5191.47 | L4: 0 | O4: =(A4/86400)+25569 -> 46078.556 | P4: =CEILING(INT(O4*1440)/1440*288,1)/288 -> 46078.556 | Q4: =MROUND((P4-25569)*86400,300) -> 1772025600
A5: 1772025898 | B5: XAUUSD | C5: M5 | D5: 5188.07 | K5: 0 | L5: 0 | O5: =(A5/86400)+25569 -> 46078.559 | P5: =CEILING(INT(O5*1440)/1440*288,1)/288 -> 46078.559 | Q5: =MROUND((P5-25569)*86400,300) -> 1772025900
A6: 1772026198 | B6: XAUUSD | C6: M5 | D6: 5188.16 | K6: 0 | L6: 0 | O6: =(A6/86400)+25569 -> 46078.562 | P6: =CEILING(INT(O6*1440)/1440*288,1)/288 -> 46078.562 | Q6: =MROUND((P6-25569)*86400,300) -> 1772026200
A7: 1772026498 | B7: XAUUSD | C7: M5 | D7: 5189.61 | K7: 0 | L7: 0 | O7: =(A7/86400)+25569 -> 46078.566 | P7: =CEILING(INT(O7*1440)/1440*288,1)/288 -> 46078.566 | Q7: =MROUND((P7-25569)*86400,300) -> 1772026500
A8: 1772026798 | B8: XAUUSD | C8: M5 | D8: 5186.84 | K8: 0 | L8: 0 | O8: =(A8/86400)+25569 -> 46078.569 | P8: =CEILING(INT(O8*1440)/1440*288,1)/288 -> 46078.569 | Q8: =MROUND((P8-25569)*86400,300) -> 1772026800
A9: 1772027098 | B9: XAUUSD | C9: M5 | D9: 5186.59 | K9: 0 | L9: 0 | O9: =(A9/86400)+25569 -> 46078.573 | P9: =CEILING(INT(O9*1440)/1440*288,1)/288 -> 46078.573 | Q9: =MROUND((P9-25569)*86400,300) -> 1772027100
A10: 1772027398 | B10: XAUUSD | C10: M5 | D10: 5186.07 | K10: 0 | L10: 0 | O10: =(A10/86400)+25569 -> 46078.576 | P10: =CEILING(INT(O10*1440)/1440*288,1)/288 -> 46078.576 | Q10: =MROUND((P10-25569)*86400,300) -> 1772027400
A11: 1772027698 | B11: XAUUSD | C11: M5 | D11: 5185.23 | K11: 0 | L11: 0 | O11: =(A11/86400)+25569 -> 46078.58 | P11: =CEILING(INT(O11*1440)/1440*288,1)/288 -> 46078.58 | Q11: =MROUND((P11-25569)*86400,300) -> 1772027700
A12: 1772027998 | B12: XAUUSD | C12: M5 | D12: 5187.18 | K12: 0 | L12: 0 | O12: =(A12/86400)+25569 -> 46078.583 | P12: =CEILING(INT(O12*1440)/1440*288,1)/288 -> 46078.583 | Q12: =MROUND((P12-25569)*86400,300) -> 1772028000
A13: 1772028298 | B13: XAUUSD | C13: M5 | D13: 5189.99 | K13: 0 | L13: 0 | O13: =(A13/86400)+25569 -> 46078.587 | P13: =CEILING(INT(O13*1440)/1440*288,1)/288 -> 46078.587 | Q13: =MROUND((P13-25569)*86400,300) -> 1772028300
... A131: 1772067298 | B131: XAUUSD | C131: M5 | D131: 5188.31 | K131: 0 | L131: 0 | O131: =(A131/86400)+25569 -> 46079.038 | P131: =CEILING(INT(O131*1440)/1440*288,1)/288 -> 46079.038 | Q131: =MROUND((P131-25569)*86400,300) -> 1772067300
A132: 1772067598 | B132: XAUUSD | C132: M5 | D132: 5194.75 | H132: 5198.49 | K132: 5198.49 | L132: 0 | O132: =(A132/86400)+25569 -> 46079.042 | P132: =CEILING(INT(O132*1440)/1440*288,1)/288 -> 46079.042 | Q132: =MROUND((P132-25569)*86400,300) -> 1772067600
A133: 1772067898 | B133: XAUUSD | C133: M5 | D133: 5183.93 | H133: 5198.16 | K133: 0 | L133: 0 | O133: =(A133/86400)+25569 -> 46079.045 | P133: =CEILING(INT(O133*1440)/1440*288,1)/288 -> 46079.045 | Q133: =MROUND((P133-25569)*86400,300) -> 1772067900
A134: 1772068198 | B134: XAUUSD | C134: M5 | D134: 5187.53 | H134: 5197.83 | K134: 0 | L134: 0 | O134: =(A134/86400)+25569 -> 46079.049 | P134: =CEILING(INT(O134*1440)/1440*288,1)/288 -> 46079.049 | Q134: =MROUND((P134-25569)*86400,300) -> 1772068200
A135: 1772068498 | B135: XAUUSD | C135: M5 | D135: 5189.46 | H135: 5197.5 | K135: 0 | L135: 0 | O135: =(A135/86400)+25569 -> 46079.052 | P135: =CEILING(INT(O135*1440)/1440*288,1)/288 -> 46079.052 | Q135: =MROUND((P135-25569)*86400,300) -> 1772068500
A136: 1772068798 | B136: XAUUSD | C136: M5 | D136: 5186.05 | H136: 5197.17 | K136: 0 | L136: 0 | O136: =(A136/86400)+25569 -> 46079.056 | P136: =CEILING(INT(O136*1440)/1440*288,1)/288 -> 46079.056 | Q136: =MROUND((P136-25569)*86400,300) -> 1772068800
A137: 1772069098 | B137: XAUUSD | C137: M5 | D137: 5180.54 | H137: 5196.85 | K137: 0 | L137: 0 | O137: =(A137/86400)+25569 -> 46079.059 | P137: =CEILING(INT(O137*1440)/1440*288,1)/288 -> 46079.059 | Q137: =MROUND((P137-25569)*86400,300) -> 1772069100
A138: 1772069398 | B138: XAUUSD | C138: M5 | D138: 5187.99 | H138: 5196.52 | K138: 0 | L138: 0 | O138: =(A138/86400)+25569 -> 46079.062 | P138: =CEILING(INT(O138*1440)/1440*288,1)/288 -> 46079.062 | Q138: =MROUND((P138-25569)*86400,300) -> 1772069400
A139: 1772069698 | B139: XAUUSD | C139: M5 | D139: 5185.42 | H139: 5196.19 | K139: 0 | L139: 0 | O139: =(A139/86400)+25569 -> 46079.066 | P139: =CEILING(INT(O139*1440)/1440*288,1)/288 -> 46079.066 | Q139: =MROUND((P139-25569)*86400,300) -> 1772069700
A140: 1772069998 | B140: XAUUSD | C140: M5 | D140: 5189.54 | H140: 5195.86 | K140: 0 | L140: 0 | O140: =(A140/86400)+25569 -> 46079.069 | P140: =CEILING(INT(O140*1440)/1440*288,1)/288 -> 46079.069 | Q140: =MROUND((P140-25569)*86400,300) -> 1772070000
A141: 1772070298 | B141: XAUUSD | C141: M5 | D141: 5189.93 | H141: 5195.53 | K141: 0 | L141: 0 | O141: =(A141/86400)+25569 -> 46079.073 | P141: =CEILING(INT(O141*1440)/1440*288,1)/288 -> 46079.073 | Q141: =MROUND((P141-25569)*86400,300) -> 1772070300
A142: 1772070598 | B142: XAUUSD | C142: M5 | D142: 5191.16 | H142: 5195.2 | K142: 0 | L142: 0 | O142: =(A142/86400)+25569 -> 46079.076 | P142: =CEILING(INT(O142*1440)/1440*288,1)/288 -> 46079.076 | Q142: =MROUND((P142-25569)*86400,300) -> 1772070600
A143: 1772070898 | B143: XAUUSD | C143: M5 | D143: 5191.71 | H143: 5194.87 | K143: 0 | L143: 0 | O143: =(A143/86400)+25569 -> 46079.08 | P143: =CEILING(INT(O143*1440)/1440*288,1)/288 -> 46079.08 | Q143: =MROUND((P143-25569)*86400,300) -> 1772070900
... A151: 1772073298 | B151: XAUUSD | C151: M5 | D151: 5180.52 | H151: 5192.24 | K151: 0 | L151: 0 | O151: =(A151/86400)+25569 -> 46079.108 | P151: =CEILING(INT(O151*1440)/1440*288,1)/288 -> 46079.108 | Q151: =MROUND((P151-25569)*86400,300) -> 1772073300
A152: 1772073598 | B152: XAUUSD | C152: M5 | D152: 5176.09 | E152: 5174.34 | H152: 5191.91 | K152: 0 | L152: 5174.34 | O152: =(A152/86400)+25569 -> 46079.111 | P152: =CEILING(INT(O152*1440)/1440*288,1)/288 -> 46079.111 | Q152: =MROUND((P152-25569)*86400,300) -> 1772073600
A153: 1772073898 | B153: XAUUSD | C153: M5 | D153: 5180.78 | E153: 5174.52 | H153: 5191.58 | K153: 0 | L153: 0 | O153: =(A153/86400)+25569 -> 46079.115 | P153: =CEILING(INT(O153*1440)/1440*288,1)/288 -> 46079.115 | Q153: =MROUND((P153-25569)*86400,300) -> 1772073900
A154: 1772074198 | B154: XAUUSD | C154: M5 | D154: 5184.69 | E154: 5174.69 | H154: 5191.26 | K154: 0 | L154: 0 | O154: =(A154/86400)+25569 -> 46079.118 | P154: =CEILING(INT(O154*1440)/1440*288,1)/288 -> 46079.118 | Q154: =MROUND((P154-25569)*86400,300) -> 1772074200
A155: 1772074498 | B155: XAUUSD | C155: M5 | D155: 5184.34 | E155: 5174.87 | H155: 5190.93 | K155: 0 | L155: 0 | O155: =(A155/86400)+25569 -> 46079.122 | P155: =CEILING(INT(O155*1440)/1440*288,1)/288 -> 46079.122 | Q155: =MROUND((P155-25569)*86400,300) -> 1772074500
A156: 1772074798 | B156: XAUUSD | C156: M5 | D156: 5187.44 | E156: 5175.05 | H156: 5190.6 | K156: 0 | L156: 0 | O156: =(A156/86400)+25569 -> 46079.125 | P156: =CEILING(INT(O156*1440)/1440*288,1)/288 -> 46079.125 | Q156: =MROUND((P156-25569)*86400,300) -> 1772074800
A157: 1772075098 | B157: XAUUSD | C157: M5 | D157: 5185.97 | E157: 5175.23 | H157: 5190.27 | K157: 0 | L157: 0 | O157: =(A157/86400)+25569 -> 46079.128 | P157: =CEILING(INT(O157*1440)/1440*288,1)/288 -> 46079.128 | Q157: =MROUND((P157-25569)*86400,300) -> 1772075100
A158: 1772075398 | B158: XAUUSD | C158: M5 | D158: 5187.26 | E158: 5175.4 | H158: 5189.94 | K158: 0 | L158: 0 | O158: =(A158/86400)+25569 -> 46079.132 | P158: =CEILING(INT(O158*1440)/1440*288,1)/288 -> 46079.132 | Q158: =MROUND((P158-25569)*86400,300) -> 1772075400
A159: 1772075698 | B159: XAUUSD | C159: M5 | D159: 5190.19 | E159: 5175.58 | H159: 5189.61 | K159: 0 | L159: 0 | O159: =(A159/86400)+25569 -> 46079.135 | P159: =CEILING(INT(O159*1440)/1440*288,1)/288 -> 46079.135 | Q159: =MROUND((P159-25569)*86400,300) -> 1772075700
A160: 1772075998 | B160: XAUUSD | C160: M5 | D160: 5191.04 | E160: 5175.76 | H160: 5189.28 | K160: 0 | L160: 0 | O160: =(A160/86400)+25569 -> 46079.139 | P160: =CEILING(INT(O160*1440)/1440*288,1)/288 -> 46079.139 | Q160: =MROUND((P160-25569)*86400,300) -> 1772076000
A161: 1772076298 | B161: XAUUSD | C161: M5 | D161: 5188.35 | E161: 5175.93 | H161: 5188.95 | K161: 0 | L161: 0 | O161: =(A161/86400)+25569 -> 46079.142 | P161: =CEILING(INT(O161*1440)/1440*288,1)/288 -> 46079.142 | Q161: =MROUND((P161-25569)*86400,300) -> 1772076300
A162: 1772076598 | B162: XAUUSD | C162: M5 | D162: 5188.56 | E162: 5176.11 | H162: 5188.63 | K162: 0 | L162: 0 | O162: =(A162/86400)+25569 -> 46079.146 | P162: =CEILING(INT(O162*1440)/1440*288,1)/288 -> 46079.146 | Q162: =MROUND((P162-25569)*86400,300) -> 1772076600
A163: 1772076898 | B163: XAUUSD | C163: M5 | D163: 5186.58 | E163: 5176.29 | H163: 5188.3 | K163: 0 | L163: 0 | O163: =(A163/86400)+25569 -> 46079.149 | P163: =CEILING(INT(O163*1440)/1440*288,1)/288 -> 46079.149 | Q163: =MROUND((P163-25569)*86400,300) -> 1772076900
... A501: 1772181898 | B501: XAUUSD | C501: M5 | D501: 5180.42 | E501: 5236.14 | H501: 5077.16 | K501: 0 | L501: 0 | O501: =(A501/86400)+25569 -> 46080.365 | P501: =CEILING(INT(O501*1440)/1440*288,1)/288 -> 46080.365 | Q501: =MROUND((P501-25569)*86400,300) -> 1772181900

Sheet Trendlines
A1: timestamp | B1: symbol | C1: timeframe | D1: close | E1: horiz_peak_line_1 | F1: horiz_peak_line_2 | G1: horiz_peak_line_3 | H1: horiz_bottom_line_1 | I1: horiz_bottom_line_2 | J1: horiz_bottom_line_3 | K1: horiz_high_map | L1: horiz_low_map | O1: convert_to_readable_datetime | P1: round_to_nearest_datetime_5m | Q1: timestamp_adjusted
A2: 1772024999 | B2: XAUUSD | C2: M5 | D2: 5187.2 | O2: =(A2/86400)+25569 -> 46078.549 | P2: =CEILING(INT(O2*1440)/1440*288,1)/288 -> 46078.549 | Q2: =MROUND((P2-25569)*86400,300) -> 1772025000
A3: 1772025299 | B3: XAUUSD | C3: M5 | D3: 5187 | O3: =(A3/86400)+25569 -> 46078.552 | P3: =CEILING(INT(O3*1440)/1440*288,1)/288 -> 46078.552 | Q3: =MROUND((P3-25569)*86400,300) -> 1772025300
A4: 1772025599 | B4: XAUUSD | C4: M5 | D4: 5191.13 | K4: 5191.47 | O4: =(A4/86400)+25569 -> 46078.556 | P4: =CEILING(INT(O4*1440)/1440*288,1)/288 -> 46078.556 | Q4: =MROUND((P4-25569)*86400,300) -> 1772025600
A5: 1772025899 | B5: XAUUSD | C5: M5 | D5: 5188.07 | O5: =(A5/86400)+25569 -> 46078.559 | P5: =CEILING(INT(O5*1440)/1440*288,1)/288 -> 46078.559 | Q5: =MROUND((P5-25569)*86400,300) -> 1772025900
A6: 1772026199 | B6: XAUUSD | C6: M5 | D6: 5188.16 | O6: =(A6/86400)+25569 -> 46078.562 | P6: =CEILING(INT(O6*1440)/1440*288,1)/288 -> 46078.562 | Q6: =MROUND((P6-25569)*86400,300) -> 1772026200
A7: 1772026499 | B7: XAUUSD | C7: M5 | D7: 5189.61 | O7: =(A7/86400)+25569 -> 46078.566 | P7: =CEILING(INT(O7*1440)/1440*288,1)/288 -> 46078.566 | Q7: =MROUND((P7-25569)*86400,300) -> 1772026500
A8: 1772026799 | B8: XAUUSD | C8: M5 | D8: 5186.84 | O8: =(A8/86400)+25569 -> 46078.569 | P8: =CEILING(INT(O8*1440)/1440*288,1)/288 -> 46078.569 | Q8: =MROUND((P8-25569)*86400,300) -> 1772026800
A9: 1772027099 | B9: XAUUSD | C9: M5 | D9: 5186.59 | O9: =(A9/86400)+25569 -> 46078.573 | P9: =CEILING(INT(O9*1440)/1440*288,1)/288 -> 46078.573 | Q9: =MROUND((P9-25569)*86400,300) -> 1772027100
A10: 1772027399 | B10: XAUUSD | C10: M5 | D10: 5186.07 | O10: =(A10/86400)+25569 -> 46078.576 | P10: =CEILING(INT(O10*1440)/1440*288,1)/288 -> 46078.576 | Q10: =MROUND((P10-25569)*86400,300) -> 1772027400
A11: 1772027699 | B11: XAUUSD | C11: M5 | D11: 5185.23 | O11: =(A11/86400)+25569 -> 46078.58 | P11: =CEILING(INT(O11*1440)/1440*288,1)/288 -> 46078.58 | Q11: =MROUND((P11-25569)*86400,300) -> 1772027700
A12: 1772027999 | B12: XAUUSD | C12: M5 | D12: 5187.18 | O12: =(A12/86400)+25569 -> 46078.583 | P12: =CEILING(INT(O12*1440)/1440*288,1)/288 -> 46078.583 | Q12: =MROUND((P12-25569)*86400,300) -> 1772028000
A13: 1772028299 | B13: XAUUSD | C13: M5 | D13: 5189.99 | O13: =(A13/86400)+25569 -> 46078.587 | P13: =CEILING(INT(O13*1440)/1440*288,1)/288 -> 46078.587 | Q13: =MROUND((P13-25569)*86400,300) -> 1772028300
A14: 1772028599 | B14: XAUUSD | C14: M5 | D14: 5185.44 | O14: =(A14/86400)+25569 -> 46078.59 | P14: =CEILING(INT(O14*1440)/1440*288,1)/288 -> 46078.59 | Q14: =MROUND((P14-25569)*86400,300) -> 1772028600
A15: 1772028899 | B15: XAUUSD | C15: M5 | D15: 5182.68 | O15: =(A15/86400)+25569 -> 46078.594 | P15: =CEILING(INT(O15*1440)/1440*288,1)/288 -> 46078.594 | Q15: =MROUND((P15-25569)*86400,300) -> 1772028900
A16: 1772029199 | B16: XAUUSD | C16: M5 | D16: 5181.49 | O16: =(A16/86400)+25569 -> 46078.597 | P16: =CEILING(INT(O16*1440)/1440*288,1)/288 -> 46078.597 | Q16: =MROUND((P16-25569)*86400,300) -> 1772029200
... A18: 1772029799 | B18: XAUUSD | C18: M5 | D18: 5174.14 | O18: =(A18/86400)+25569 -> 46078.604 | P18: =CEILING(INT(O18*1440)/1440*288,1)/288 -> 46078.604 | Q18: =MROUND((P18-25569)*86400,300) -> 1772029800
A19: 1772030099 | B19: XAUUSD | C19: M5 | D19: 5159.73 | L19: 5158.94 | O19: =(A19/86400)+25569 -> 46078.608 | P19: =CEILING(INT(O19*1440)/1440*288,1)/288 -> 46078.608 | Q19: =MROUND((P19-25569)*86400,300) -> 1772030100
A20: 1772030399 | B20: XAUUSD | C20: M5 | D20: 5174.91 | O20: =(A20/86400)+25569 -> 46078.611 | P20: =CEILING(INT(O20*1440)/1440*288,1)/288 -> 46078.611 | Q20: =MROUND((P20-25569)*86400,300) -> 1772030400
A21: 1772030699 | B21: XAUUSD | C21: M5 | D21: 5181.79 | O21: =(A21/86400)+25569 -> 46078.615 | P21: =CEILING(INT(O21*1440)/1440*288,1)/288 -> 46078.615 | Q21: =MROUND((P21-25569)*86400,300) -> 1772030700
A22: 1772030999 | B22: XAUUSD | C22: M5 | D22: 5188.55 | O22: =(A22/86400)+25569 -> 46078.618 | P22: =CEILING(INT(O22*1440)/1440*288,1)/288 -> 46078.618 | Q22: =MROUND((P22-25569)*86400,300) -> 1772031000
A23: 1772031299 | B23: XAUUSD | C23: M5 | D23: 5191.25 | O23: =(A23/86400)+25569 -> 46078.622 | P23: =CEILING(INT(O23*1440)/1440*288,1)/288 -> 46078.622 | Q23: =MROUND((P23-25569)*86400,300) -> 1772031300
A24: 1772031599 | B24: XAUUSD | C24: M5 | D24: 5198.64 | O24: =(A24/86400)+25569 -> 46078.625 | P24: =CEILING(INT(O24*1440)/1440*288,1)/288 -> 46078.625 | Q24: =MROUND((P24-25569)*86400,300) -> 1772031600
A25: 1772031899 | B25: XAUUSD | C25: M5 | D25: 5195.89 | O25: =(A25/86400)+25569 -> 46078.628 | P25: =CEILING(INT(O25*1440)/1440*288,1)/288 -> 46078.628 | Q25: =MROUND((P25-25569)*86400,300) -> 1772031900
A26: 1772032199 | B26: XAUUSD | C26: M5 | D26: 5193.17 | O26: =(A26/86400)+25569 -> 46078.632 | P26: =CEILING(INT(O26*1440)/1440*288,1)/288 -> 46078.632 | Q26: =MROUND((P26-25569)*86400,300) -> 1772032200
A27: 1772032499 | B27: XAUUSD | C27: M5 | D27: 5188.97 | O27: =(A27/86400)+25569 -> 46078.635 | P27: =CEILING(INT(O27*1440)/1440*288,1)/288 -> 46078.635 | Q27: =MROUND((P27-25569)*86400,300) -> 1772032500
A28: 1772032799 | B28: XAUUSD | C28: M5 | D28: 5185.46 | O28: =(A28/86400)+25569 -> 46078.639 | P28: =CEILING(INT(O28*1440)/1440*288,1)/288 -> 46078.639 | Q28: =MROUND((P28-25569)*86400,300) -> 1772032800
A29: 1772033099 | B29: XAUUSD | C29: M5 | D29: 5180.33 | O29: =(A29/86400)+25569 -> 46078.642 | P29: =CEILING(INT(O29*1440)/1440*288,1)/288 -> 46078.642 | Q29: =MROUND((P29-25569)*86400,300) -> 1772033100
A30: 1772033399 | B30: XAUUSD | C30: M5 | D30: 5181.68 | O30: =(A30/86400)+25569 -> 46078.646 | P30: =CEILING(INT(O30*1440)/1440*288,1)/288 -> 46078.646 | Q30: =MROUND((P30-25569)*86400,300) -> 1772033400
A31: 1772033699 | B31: XAUUSD | C31: M5 | D31: 5187.95 | O31: =(A31/86400)+25569 -> 46078.649 | P31: =CEILING(INT(O31*1440)/1440*288,1)/288 -> 46078.649 | Q31: =MROUND((P31-25569)*86400,300) -> 1772033700
... A49: 1772039099 | B49: XAUUSD | C49: M5 | D49: 5214.69 | O49: =(A49/86400)+25569 -> 46078.712 | P49: =CEILING(INT(O49*1440)/1440*288,1)/288 -> 46078.712 | Q49: =MROUND((P49-25569)*86400,300) -> 1772039100
A50: 1772039399 | B50: XAUUSD | C50: M5 | D50: 5215.17 | K50: 5217.63 | O50: =(A50/86400)+25569 -> 46078.715 | P50: =CEILING(INT(O50*1440)/1440*288,1)/288 -> 46078.715 | Q50: =MROUND((P50-25569)*86400,300) -> 1772039400
A51: 1772039699 | B51: XAUUSD | C51: M5 | D51: 5214.53 | O51: =(A51/86400)+25569 -> 46078.719 | P51: =CEILING(INT(O51*1440)/1440*288,1)/288 -> 46078.719 | Q51: =MROUND((P51-25569)*86400,300) -> 1772039700
A52: 1772039999 | B52: XAUUSD | C52: M5 | D52: 5213.27 | O52: =(A52/86400)+25569 -> 46078.722 | P52: =CEILING(INT(O52*1440)/1440*288,1)/288 -> 46078.722 | Q52: =MROUND((P52-25569)*86400,300) -> 1772040000
A53: 1772040299 | B53: XAUUSD | C53: M5 | D53: 5213.1 | O53: =(A53/86400)+25569 -> 46078.726 | P53: =CEILING(INT(O53*1440)/1440*288,1)/288 -> 46078.726 | Q53: =MROUND((P53-25569)*86400,300) -> 1772040300
A54: 1772040599 | B54: XAUUSD | C54: M5 | D54: 5211.85 | O54: =(A54/86400)+25569 -> 46078.729 | P54: =CEILING(INT(O54*1440)/1440*288,1)/288 -> 46078.729 | Q54: =MROUND((P54-25569)*86400,300) -> 1772040600
A55: 1772040899 | B55: XAUUSD | C55: M5 | D55: 5213.17 | O55: =(A55/86400)+25569 -> 46078.733 | P55: =CEILING(INT(O55*1440)/1440*288,1)/288 -> 46078.733 | Q55: =MROUND((P55-25569)*86400,300) -> 1772040900
A56: 1772041199 | B56: XAUUSD | C56: M5 | D56: 5208.33 | O56: =(A56/86400)+25569 -> 46078.736 | P56: =CEILING(INT(O56*1440)/1440*288,1)/288 -> 46078.736 | Q56: =MROUND((P56-25569)*86400,300) -> 1772041200
A57: 1772041499 | B57: XAUUSD | C57: M5 | D57: 5206.71 | O57: =(A57/86400)+25569 -> 46078.74 | P57: =CEILING(INT(O57*1440)/1440*288,1)/288 -> 46078.74 | Q57: =MROUND((P57-25569)*86400,300) -> 1772041500
A58: 1772041799 | B58: XAUUSD | C58: M5 | D58: 5206.32 | O58: =(A58/86400)+25569 -> 46078.743 | P58: =CEILING(INT(O58*1440)/1440*288,1)/288 -> 46078.743 | Q58: =MROUND((P58-25569)*86400,300) -> 1772041800
A59: 1772042099 | B59: XAUUSD | C59: M5 | D59: 5206.82 | O59: =(A59/86400)+25569 -> 46078.747 | P59: =CEILING(INT(O59*1440)/1440*288,1)/288 -> 46078.747 | Q59: =MROUND((P59-25569)*86400,300) -> 1772042100
A60: 1772042399 | B60: XAUUSD | C60: M5 | D60: 5207.4 | O60: =(A60/86400)+25569 -> 46078.75 | P60: =CEILING(INT(O60*1440)/1440*288,1)/288 -> 46078.75 | Q60: =MROUND((P60-25569)*86400,300) -> 1772042400
A61: 1772042699 | B61: XAUUSD | C61: M5 | D61: 5207.07 | O61: =(A61/86400)+25569 -> 46078.753 | P61: =CEILING(INT(O61*1440)/1440*288,1)/288 -> 46078.753 | Q61: =MROUND((P61-25569)*86400,300) -> 1772042700
A62: 1772042999 | B62: XAUUSD | C62: M5 | D62: 5206.89 | O62: =(A62/86400)+25569 -> 46078.757 | P62: =CEILING(INT(O62*1440)/1440*288,1)/288 -> 46078.757 | Q62: =MROUND((P62-25569)*86400,300) -> 1772043000
... A81: 1772048699 | B81: XAUUSD | C81: M5 | D81: 5205 | O81: =(A81/86400)+25569 -> 46078.823 | P81: =CEILING(INT(O81*1440)/1440*288,1)/288 -> 46078.823 | Q81: =MROUND((P81-25569)*86400,300) -> 1772048700
A82: 1772048999 | B82: XAUUSD | C82: M5 | D82: 5204.97 | K82: 5208.32 | O82: =(A82/86400)+25569 -> 46078.826 | P82: =CEILING(INT(O82*1440)/1440*288,1)/288 -> 46078.826 | Q82: =MROUND((P82-25569)*86400,300) -> 1772049000
A83: 1772049299 | B83: XAUUSD | C83: M5 | D83: 5204.87 | O83: =(A83/86400)+25569 -> 46078.83 | P83: =CEILING(INT(O83*1440)/1440*288,1)/288 -> 46078.83 | Q83: =MROUND((P83-25569)*86400,300) -> 1772049300
A84: 1772049599 | B84: XAUUSD | C84: M5 | D84: 5201.76 | O84: =(A84/86400)+25569 -> 46078.833 | P84: =CEILING(INT(O84*1440)/1440*288,1)/288 -> 46078.833 | Q84: =MROUND((P84-25569)*86400,300) -> 1772049600
A85: 1772049899 | B85: XAUUSD | C85: M5 | D85: 5202.46 | O85: =(A85/86400)+25569 -> 46078.837 | P85: =CEILING(INT(O85*1440)/1440*288,1)/288 -> 46078.837 | Q85: =MROUND((P85-25569)*86400,300) -> 1772049900
A86: 1772050199 | B86: XAUUSD | C86: M5 | D86: 5195.27 | O86: =(A86/86400)+25569 -> 46078.84 | P86: =CEILING(INT(O86*1440)/1440*288,1)/288 -> 46078.84 | Q86: =MROUND((P86-25569)*86400,300) -> 1772050200
A87: 1772050499 | B87: XAUUSD | C87: M5 | D87: 5184.8 | O87: =(A87/86400)+25569 -> 46078.844 | P87: =CEILING(INT(O87*1440)/1440*288,1)/288 -> 46078.844 | Q87: =MROUND((P87-25569)*86400,300) -> 1772050500
A88: 1772050799 | B88: XAUUSD | C88: M5 | D88: 5189 | O88: =(A88/86400)+25569 -> 46078.847 | P88: =CEILING(INT(O88*1440)/1440*288,1)/288 -> 46078.847 | Q88: =MROUND((P88-25569)*86400,300) -> 1772050800
A89: 1772051099 | B89: XAUUSD | C89: M5 | D89: 5186.11 | O89: =(A89/86400)+25569 -> 46078.851 | P89: =CEILING(INT(O89*1440)/1440*288,1)/288 -> 46078.851 | Q89: =MROUND((P89-25569)*86400,300) -> 1772051100
A90: 1772051399 | B90: XAUUSD | C90: M5 | D90: 5188.12 | O90: =(A90/86400)+25569 -> 46078.854 | P90: =CEILING(INT(O90*1440)/1440*288,1)/288 -> 46078.854 | Q90: =MROUND((P90-25569)*86400,300) -> 1772051400
A91: 1772051699 | B91: XAUUSD | C91: M5 | D91: 5183.41 | O91: =(A91/86400)+25569 -> 46078.858 | P91: =CEILING(INT(O91*1440)/1440*288,1)/288 -> 46078.858 | Q91: =MROUND((P91-25569)*86400,300) -> 1772051700
A92: 1772051999 | B92: XAUUSD | C92: M5 | D92: 5181.48 | O92: =(A92/86400)+25569 -> 46078.861 | P92: =CEILING(INT(O92*1440)/1440*288,1)/288 -> 46078.861 | Q92: =MROUND((P92-25569)*86400,300) -> 1772052000
A93: 1772052299 | B93: XAUUSD | C93: M5 | D93: 5173.57 | O93: =(A93/86400)+25569 -> 46078.865 | P93: =CEILING(INT(O93*1440)/1440*288,1)/288 -> 46078.865 | Q93: =MROUND((P93-25569)*86400,300) -> 1772052300
A94: 1772052599 | B94: XAUUSD | C94: M5 | D94: 5178.01 | O94: =(A94/86400)+25569 -> 46078.868 | P94: =CEILING(INT(O94*1440)/1440*288,1)/288 -> 46078.868 | Q94: =MROUND((P94-25569)*86400,300) -> 1772052600
A95: 1772052899 | B95: XAUUSD | C95: M5 | D95: 5152.16 | L95: 5145.45 | O95: =(A95/86400)+25569 -> 46078.872 | P95: =CEILING(INT(O95*1440)/1440*288,1)/288 -> 46078.872 | Q95: =MROUND((P95-25569)*86400,300) -> 1772052900
A96: 1772053199 | B96: XAUUSD | C96: M5 | D96: 5156.08 | O96: =(A96/86400)+25569 -> 46078.875 | P96: =CEILING(INT(O96*1440)/1440*288,1)/288 -> 46078.875 | Q96: =MROUND((P96-25569)*86400,300) -> 1772053200
A97: 1772053499 | B97: XAUUSD | C97: M5 | D97: 5163.03 | O97: =(A97/86400)+25569 -> 46078.878 | P97: =CEILING(INT(O97*1440)/1440*288,1)/288 -> 46078.878 | Q97: =MROUND((P97-25569)*86400,300) -> 1772053500
A98: 1772053799 | B98: XAUUSD | C98: M5 | D98: 5161.84 | O98: =(A98/86400)+25569 -> 46078.882 | P98: =CEILING(INT(O98*1440)/1440*288,1)/288 -> 46078.882 | Q98: =MROUND((P98-25569)*86400,300) -> 1772053800
A99: 1772054099 | B99: XAUUSD | C99: M5 | D99: 5165.38 | O99: =(A99/86400)+25569 -> 46078.885 | P99: =CEILING(INT(O99*1440)/1440*288,1)/288 -> 46078.885 | Q99: =MROUND((P99-25569)*86400,300) -> 1772054100
A100: 1772054399 | B100: XAUUSD | C100: M5 | D100: 5169.17 | O100: =(A100/86400)+25569 -> 46078.889 | P100: =CEILING(INT(O100*1440)/1440*288,1)/288 -> 46078.889 | Q100: =MROUND((P100-25569)*86400,300) -> 1772054400
A101: 1772054699 | B101: XAUUSD | C101: M5 | D101: 5169.12 | O101: =(A101/86400)+25569 -> 46078.892 | P101: =CEILING(INT(O101*1440)/1440*288,1)/288 -> 46078.892 | Q101: =MROUND((P101-25569)*86400,300) -> 1772054700
A102: 1772054999 | B102: XAUUSD | C102: M5 | D102: 5168.22 | O102: =(A102/86400)+25569 -> 46078.896 | P102: =CEILING(INT(O102*1440)/1440*288,1)/288 -> 46078.896 | Q102: =MROUND((P102-25569)*86400,300) -> 1772055000
A103: 1772055299 | B103: XAUUSD | C103: M5 | D103: 5168.9 | O103: =(A103/86400)+25569 -> 46078.899 | P103: =CEILING(INT(O103*1440)/1440*288,1)/288 -> 46078.899 | Q103: =MROUND((P103-25569)*86400,300) -> 1772055300
A104: 1772055599 | B104: XAUUSD | C104: M5 | D104: 5170.25 | O104: =(A104/86400)+25569 -> 46078.903 | P104: =CEILING(INT(O104*1440)/1440*288,1)/288 -> 46078.903 | Q104: =MROUND((P104-25569)*86400,300) -> 1772055600
A105: 1772055899 | B105: XAUUSD | C105: M5 | D105: 5170.94 | O105: =(A105/86400)+25569 -> 46078.906 | P105: =CEILING(INT(O105*1440)/1440*288,1)/288 -> 46078.906 | Q105: =MROUND((P105-25569)*86400,300) -> 1772055900
A106: 1772056199 | B106: XAUUSD | C106: M5 | D106: 5164.31 | O106: =(A106/86400)+25569 -> 46078.91 | P106: =CEILING(INT(O106*1440)/1440*288,1)/288 -> 46078.91 | Q106: =MROUND((P106-25569)*86400,300) -> 1772056200
A107: 1772056499 | B107: XAUUSD | C107: M5 | D107: 5164.89 | O107: =(A107/86400)+25569 -> 46078.913 | P107: =CEILING(INT(O107*1440)/1440*288,1)/288 -> 46078.913 | Q107: =MROUND((P107-25569)*86400,300) -> 1772056500
... A119: 1772063699 | B119: XAUUSD | C119: M5 | D119: 5163.13 | O119: =(A119/86400)+25569 -> 46078.997 | P119: =CEILING(INT(O119*1440)/1440*288,1)/288 -> 46078.997 | Q119: =MROUND((P119-25569)*86400,300) -> 1772063700
A120: 1772063999 | B120: XAUUSD | C120: M5 | D120: 5160.24 | H120: 5155.71 | J120: 5155.71 | L120: 5155.71 | O120: =(A120/86400)+25569 -> 46079 | P120: =CEILING(INT(O120*1440)/1440*288,1)/288 -> 46079 | Q120: =MROUND((P120-25569)*86400,300) -> 1772064000
A121: 1772064299 | B121: XAUUSD | C121: M5 | D121: 5161.95 | H121: 5155.79 | J121: 5155.75 | O121: =(A121/86400)+25569 -> 46079.003 | P121: =CEILING(INT(O121*1440)/1440*288,1)/288 -> 46079.003 | Q121: =MROUND((P121-25569)*86400,300) -> 1772064300
A122: 1772064599 | B122: XAUUSD | C122: M5 | D122: 5167.67 | H122: 5155.86 | J122: 5155.79 | O122: =(A122/86400)+25569 -> 46079.007 | P122: =CEILING(INT(O122*1440)/1440*288,1)/288 -> 46079.007 | Q122: =MROUND((P122-25569)*86400,300) -> 1772064600
A123: 1772064899 | B123: XAUUSD | C123: M5 | D123: 5169.72 | H123: 5155.94 | J123: 5155.83 | O123: =(A123/86400)+25569 -> 46079.01 | P123: =CEILING(INT(O123*1440)/1440*288,1)/288 -> 46079.01 | Q123: =MROUND((P123-25569)*86400,300) -> 1772064900
A124: 1772065199 | B124: XAUUSD | C124: M5 | D124: 5180.94 | H124: 5156.01 | J124: 5155.86 | O124: =(A124/86400)+25569 -> 46079.014 | P124: =CEILING(INT(O124*1440)/1440*288,1)/288 -> 46079.014 | Q124: =MROUND((P124-25569)*86400,300) -> 1772065200
A125: 1772065499 | B125: XAUUSD | C125: M5 | D125: 5185.25 | H125: 5156.09 | J125: 5155.9 | O125: =(A125/86400)+25569 -> 46079.017 | P125: =CEILING(INT(O125*1440)/1440*288,1)/288 -> 46079.017 | Q125: =MROUND((P125-25569)*86400,300) -> 1772065500
A126: 1772065799 | B126: XAUUSD | C126: M5 | D126: 5182.32 | H126: 5156.16 | J126: 5155.94 | O126: =(A126/86400)+25569 -> 46079.021 | P126: =CEILING(INT(O126*1440)/1440*288,1)/288 -> 46079.021 | Q126: =MROUND((P126-25569)*86400,300) -> 1772065800
A127: 1772066099 | B127: XAUUSD | C127: M5 | D127: 5182.63 | H127: 5156.24 | J127: 5155.98 | O127: =(A127/86400)+25569 -> 46079.024 | P127: =CEILING(INT(O127*1440)/1440*288,1)/288 -> 46079.024 | Q127: =MROUND((P127-25569)*86400,300) -> 1772066100
A128: 1772066399 | B128: XAUUSD | C128: M5 | D128: 5188.37 | H128: 5156.32 | J128: 5156.02 | O128: =(A128/86400)+25569 -> 46079.028 | P128: =CEILING(INT(O128*1440)/1440*288,1)/288 -> 46079.028 | Q128: =MROUND((P128-25569)*86400,300) -> 1772066400
A129: 1772066699 | B129: XAUUSD | C129: M5 | D129: 5185.97 | H129: 5156.39 | J129: 5156.06 | O129: =(A129/86400)+25569 -> 46079.031 | P129: =CEILING(INT(O129*1440)/1440*288,1)/288 -> 46079.031 | Q129: =MROUND((P129-25569)*86400,300) -> 1772066700
A130: 1772066999 | B130: XAUUSD | C130: M5 | D130: 5189.7 | H130: 5156.47 | J130: 5156.1 | O130: =(A130/86400)+25569 -> 46079.035 | P130: =CEILING(INT(O130*1440)/1440*288,1)/288 -> 46079.035 | Q130: =MROUND((P130-25569)*86400,300) -> 1772067000
A131: 1772067299 | B131: XAUUSD | C131: M5 | D131: 5188.31 | H131: 5156.54 | J131: 5156.14 | O131: =(A131/86400)+25569 -> 46079.038 | P131: =CEILING(INT(O131*1440)/1440*288,1)/288 -> 46079.038 | Q131: =MROUND((P131-25569)*86400,300) -> 1772067300
A132: 1772067599 | B132: XAUUSD | C132: M5 | D132: 5194.75 | E132: 5198.49 | F132: 5198.49 | H132: 5156.62 | J132: 5156.17 | K132: 5198.49 | O132: =(A132/86400)+25569 -> 46079.042 | P132: =CEILING(INT(O132*1440)/1440*288,1)/288 -> 46079.042 | Q132: =MROUND((P132-25569)*86400,300) -> 1772067600
A133: 1772067899 | B133: XAUUSD | C133: M5 | D133: 5183.93 | E133: 5198.5 | F133: 5198.46 | H133: 5156.69 | J133: 5156.21 | O133: =(A133/86400)+25569 -> 46079.045 | P133: =CEILING(INT(O133*1440)/1440*288,1)/288 -> 46079.045 | Q133: =MROUND((P133-25569)*86400,300) -> 1772067900
A134: 1772068199 | B134: XAUUSD | C134: M5 | D134: 5187.53 | E134: 5198.5 | F134: 5198.44 | H134: 5156.77 | J134: 5156.25 | O134: =(A134/86400)+25569 -> 46079.049 | P134: =CEILING(INT(O134*1440)/1440*288,1)/288 -> 46079.049 | Q134: =MROUND((P134-25569)*86400,300) -> 1772068200
A135: 1772068499 | B135: XAUUSD | C135: M5 | D135: 5189.46 | E135: 5198.51 | F135: 5198.41 | H135: 5156.84 | J135: 5156.29 | O135: =(A135/86400)+25569 -> 46079.052 | P135: =CEILING(INT(O135*1440)/1440*288,1)/288 -> 46079.052 | Q135: =MROUND((P135-25569)*86400,300) -> 1772068500
A136: 1772068799 | B136: XAUUSD | C136: M5 | D136: 5186.05 | E136: 5198.51 | F136: 5198.39 | H136: 5156.92 | J136: 5156.33 | O136: =(A136/86400)+25569 -> 46079.056 | P136: =CEILING(INT(O136*1440)/1440*288,1)/288 -> 46079.056 | Q136: =MROUND((P136-25569)*86400,300) -> 1772068800
A137: 1772069099 | B137: XAUUSD | C137: M5 | D137: 5180.54 | E137: 5198.52 | F137: 5198.36 | H137: 5157 | J137: 5156.37 | O137: =(A137/86400)+25569 -> 46079.059 | P137: =CEILING(INT(O137*1440)/1440*288,1)/288 -> 46079.059 | Q137: =MROUND((P137-25569)*86400,300) -> 1772069100
A138: 1772069399 | B138: XAUUSD | C138: M5 | D138: 5187.99 | E138: 5198.52 | F138: 5198.33 | H138: 5157.07 | J138: 5156.41 | O138: =(A138/86400)+25569 -> 46079.062 | P138: =CEILING(INT(O138*1440)/1440*288,1)/288 -> 46079.062 | Q138: =MROUND((P138-25569)*86400,300) -> 1772069400
A139: 1772069699 | B139: XAUUSD | C139: M5 | D139: 5185.42 | E139: 5198.53 | F139: 5198.31 | H139: 5157.15 | J139: 5156.45 | O139: =(A139/86400)+25569 -> 46079.066 | P139: =CEILING(INT(O139*1440)/1440*288,1)/288 -> 46079.066 | Q139: =MROUND((P139-25569)*86400,300) -> 1772069700
A140: 1772069999 | B140: XAUUSD | C140: M5 | D140: 5189.54 | E140: 5198.53 | F140: 5198.28 | H140: 5157.22 | J140: 5156.48 | O140: =(A140/86400)+25569 -> 46079.069 | P140: =CEILING(INT(O140*1440)/1440*288,1)/288 -> 46079.069 | Q140: =MROUND((P140-25569)*86400,300) -> 1772070000
A141: 1772070299 | B141: XAUUSD | C141: M5 | D141: 5189.93 | E141: 5198.54 | F141: 5198.26 | H141: 5157.3 | J141: 5156.52 | O141: =(A141/86400)+25569 -> 46079.073 | P141: =CEILING(INT(O141*1440)/1440*288,1)/288 -> 46079.073 | Q141: =MROUND((P141-25569)*86400,300) -> 1772070300
A142: 1772070599 | B142: XAUUSD | C142: M5 | D142: 5191.16 | E142: 5198.55 | F142: 5198.23 | H142: 5157.37 | J142: 5156.56 | O142: =(A142/86400)+25569 -> 46079.076 | P142: =CEILING(INT(O142*1440)/1440*288,1)/288 -> 46079.076 | Q142: =MROUND((P142-25569)*86400,300) -> 1772070600
A143: 1772070899 | B143: XAUUSD | C143: M5 | D143: 5191.71 | E143: 5198.55 | F143: 5198.2 | H143: 5157.45 | J143: 5156.6 | O143: =(A143/86400)+25569 -> 46079.08 | P143: =CEILING(INT(O143*1440)/1440*288,1)/288 -> 46079.08 | Q143: =MROUND((P143-25569)*86400,300) -> 1772070900
A144: 1772071199 | B144: XAUUSD | C144: M5 | D144: 5190.17 | E144: 5198.56 | F144: 5198.18 | H144: 5157.53 | J144: 5156.64 | O144: =(A144/86400)+25569 -> 46079.083 | P144: =CEILING(INT(O144*1440)/1440*288,1)/288 -> 46079.083 | Q144: =MROUND((P144-25569)*86400,300) -> 1772071200
... A151: 1772073299 | B151: XAUUSD | C151: M5 | D151: 5180.52 | E151: 5198.6 | F151: 5198 | H151: 5158.05 | J151: 5156.91 | O151: =(A151/86400)+25569 -> 46079.108 | P151: =CEILING(INT(O151*1440)/1440*288,1)/288 -> 46079.108 | Q151: =MROUND((P151-25569)*86400,300) -> 1772073300
A152: 1772073599 | B152: XAUUSD | C152: M5 | D152: 5176.09 | E152: 5198.6 | F152: 5197.97 | H152: 5158.13 | I152: 5174.34 | J152: 5156.95 | L152: 5174.34 | O152: =(A152/86400)+25569 -> 46079.111 | P152: =CEILING(INT(O152*1440)/1440*288,1)/288 -> 46079.111 | Q152: =MROUND((P152-25569)*86400,300) -> 1772073600
A153: 1772073899 | B153: XAUUSD | C153: M5 | D153: 5180.78 | E153: 5198.61 | F153: 5197.94 | H153: 5158.21 | I153: 5174.36 | J153: 5156.99 | O153: =(A153/86400)+25569 -> 46079.115 | P153: =CEILING(INT(O153*1440)/1440*288,1)/288 -> 46079.115 | Q153: =MROUND((P153-25569)*86400,300) -> 1772073900
...

Sheet Tema_Hrma_Smma
A1: timestamp | B1: symbol | C1: timeframe | D1: close | E1: tema | F1: hrma | G1: smma | I1: convert_to_readable_datetime | J1: round_to_nearest_datetime_5m | K1: timestamp_adjusted
A2: 1772024999 | B2: XAUUSD | C2: M5 | D2: 5187.2 | E2: 5186.65 | F2: 5185.18 | G2: 5181.39 | I2: =(A2/86400)+25569 -> 46078.549 | J2: =CEILING(INT(I2*1440)/1440*288,1)/288 -> 46078.549 | K2: =MROUND((J2-25569)*86400,300) -> 1772025000
A3: 1772025299 | B3: XAUUSD | C3: M5 | D3: 5187 | E3: 5187.4 | F3: 5185.92 | G3: 5181.56 | I3: =(A3/86400)+25569 -> 46078.552 | J3: =CEILING(INT(I3*1440)/1440*288,1)/288 -> 46078.552 | K3: =MROUND((J3-25569)*86400,300) -> 1772025300
A4: 1772025599 | B4: XAUUSD | C4: M5 | D4: 5191.13 | E4: 5188.81 | F4: 5186.82 | G4: 5181.75 | I4: =(A4/86400)+25569 -> 46078.556 | J4: =CEILING(INT(I4*1440)/1440*288,1)/288 -> 46078.556 | K4: =MROUND((J4-25569)*86400,300) -> 1772025600
A5: 1772025899 | B5: XAUUSD | C5: M5 | D5: 5188.07 | E5: 5189.24 | F5: 5187.61 | G5: 5181.96 | I5: =(A5/86400)+25569 -> 46078.559 | J5: =CEILING(INT(I5*1440)/1440*288,1)/288 -> 46078.559 | K5: =MROUND((J5-25569)*86400,300) -> 1772025900
A6: 1772026199 | B6: XAUUSD | C6: M5 | D6: 5188.16 | E6: 5189.22 | F6: 5188.22 | G6: 5182.14 | I6: =(A6/86400)+25569 -> 46078.562 | J6: =CEILING(INT(I6*1440)/1440*288,1)/288 -> 46078.562 | K6: =MROUND((J6-25569)*86400,300) -> 1772026200
A7: 1772026499 | B7: XAUUSD | C7: M5 | D7: 5189.61 | E7: 5189.54 | F7: 5188.77 | G7: 5182.33 | I7: =(A7/86400)+25569 -> 46078.566 | J7: =CEILING(INT(I7*1440)/1440*288,1)/288 -> 46078.566 | K7: =MROUND((J7-25569)*86400,300) -> 1772026500
A8: 1772026799 | B8: XAUUSD | C8: M5 | D8: 5186.84 | E8: 5188.45 | F8: 5188.96 | G8: 5182.49 | I8: =(A8/86400)+25569 -> 46078.569 | J8: =CEILING(INT(I8*1440)/1440*288,1)/288 -> 46078.569 | K8: =MROUND((J8-25569)*86400,300) -> 1772026800
A9: 1772027099 | B9: XAUUSD | C9: M5 | D9: 5186.59 | E9: 5188.21 | F9: 5189.06 | G9: 5182.62 | I9: =(A9/86400)+25569 -> 46078.573 | J9: =CEILING(INT(I9*1440)/1440*288,1)/288 -> 46078.573 | K9: =MROUND((J9-25569)*86400,300) -> 1772027100
A10: 1772027399 | B10: XAUUSD | C10: M5 | D10: 5186.07 | E10: 5187.12 | F10: 5188.89 | G10: 5182.74 | I10: =(A10/86400)+25569 -> 46078.576 | J10: =CEILING(INT(I10*1440)/1440*288,1)/288 -> 46078.576 | K10: =MROUND((J10-25569)*86400,300) -> 1772027400
A11: 1772027699 | B11: XAUUSD | C11: M5 | D11: 5185.23 | E11: 5186.52 | F11: 5188.62 | G11: 5182.83 | I11: =(A11/86400)+25569 -> 46078.58 | J11: =CEILING(INT(I11*1440)/1440*288,1)/288 -> 46078.58 | K11: =MROUND((J11-25569)*86400,300) -> 1772027700
A12: 1772027999 | B12: XAUUSD | C12: M5 | D12: 5187.18 | E12: 5186.12 | F12: 5188.32 | G12: 5182.92 | I12: =(A12/86400)+25569 -> 46078.583 | J12: =CEILING(INT(I12*1440)/1440*288,1)/288 -> 46078.583 | K12: =MROUND((J12-25569)*86400,300) -> 1772028000
A13: 1772028299 | B13: XAUUSD | C13: M5 | D13: 5189.99 | E13: 5187.43 | F13: 5188.38 | G13: 5183.05 | I13: =(A13/86400)+25569 -> 46078.587 | J13: =CEILING(INT(I13*1440)/1440*288,1)/288 -> 46078.587 | K13: =MROUND((J13-25569)*86400,300) -> 1772028300
... A501: 1772181899 | B501: XAUUSD | C501: M5 | D501: 5181.35 | E501: 5180.9 | F501: 5178.27 | G501: 5184.84 | I501: =(A501/86400)+25569 -> 46080.365 | J501: =CEILING(INT(I501*1440)/1440*288,1)/288 -> 46080.365 | K501: =MROUND((J501-25569)*86400,300) -> 1772181900

Sheet ZScore
A1: timestamp | B1: symbol | C1: timeframe | D1: close | E1: open | F1: high | G1: low | H1: body_direction | I1: body_size | J1: body_classification | M1: convert_to_readable_datetime | N1: round_to_nearest_datetime_5m | O1: timestamp_adjusted
A2: 1772024999 | B2: XAUUSD | C2: M5 | D2: 5187.2 | E2: 5188.44 | F2: 5189.22 | G2: 5185.5 | H2: -1 | I2: 0.67147 | J2: 3 | M2: =(A2/86400)+25569 -> 46078.549 | N2: =CEILING(INT(M2*1440)/1440*288,1)/288 -> 46078.549 | O2: =MROUND((N2-25569)*86400,300) -> 1772025000
A3: 1772025299 | B3: XAUUSD | C3: M5 | D3: 5187 | E3: 5187.22 | F3: 5189.54 | G3: 5185.97 | H3: -1 | I3: 0.97818 | J3: 3 | M3: =(A3/86400)+25569 -> 46078.552 | N3: =CEILING(INT(M3*1440)/1440*288,1)/288 -> 46078.552 | O3: =MROUND((N3-25569)*86400,300) -> 1772025300
A4: 1772025599 | B4: XAUUSD | C4: M5 | D4: 5191.13 | E4: 5186.81 | F4: 5191.47 | G4: 5186.14 | H4: 1 | I4: 0.2613 | J4: 0 | M4: =(A4/86400)+25569 -> 46078.556 | N4: =CEILING(INT(M4*1440)/1440*288,1)/288 -> 46078.556 | O4: =MROUND((N4-25569)*86400,300) -> 1772025600
A5: 1772025899 | B5: XAUUSD | C5: M5 | D5: 5188.07 | E5: 5191.14 | F5: 5191.36 | G5: 5186.93 | H5: -1 | I5: 0.11243 | J5: 3 | M5: =(A5/86400)+25569 -> 46078.559 | N5: =CEILING(INT(M5*1440)/1440*288,1)/288 -> 46078.559 | O5: =MROUND((N5-25569)*86400,300) -> 1772025900
A6: 1772026199 | B6: XAUUSD | C6: M5 | D6: 5188.16 | E6: 5188.07 | F6: 5190.35 | G6: 5186.62 | H6: 1 | I6: 1.01543 | J6: 0 | M6: =(A6/86400)+25569 -> 46078.562 | N6: =CEILING(INT(M6*1440)/1440*288,1)/288 -> 46078.562 | O6: =MROUND((N6-25569)*86400,300) -> 1772026200
A7: 1772026499 | B7: XAUUSD | C7: M5 | D7: 5189.61 | E7: 5188.16 | F7: 5190.35 | G7: 5187.73 | H7: 1 | I7: 0.60318 | J7: 0 | M7: =(A7/86400)+25569 -> 46078.566 | N7: =CEILING(INT(M7*1440)/1440*288,1)/288 -> 46078.566 | O7: =MROUND((N7-25569)*86400,300) -> 1772026500
A8: 1772026799 | B8: XAUUSD | C8: M5 | D8: 5186.84 | E8: 5189.93 | F8: 5191.33 | G8: 5182.03 | H8: -1 | I8: 0.10542 | J8: 3 | M8: =(A8/86400)+25569 -> 46078.569 | N8: =CEILING(INT(M8*1440)/1440*288,1)/288 -> 46078.569 | O8: =MROUND((N8-25569)*86400,300) -> 1772026800
A9: 1772027099 | B9: XAUUSD | C9: M5 | D9: 5186.59 | E9: 5187.12 | F9: 5191.12 | G9: 5185.65 | H9: -1 | I9: 0.88255 | J9: 3 | M9: =(A9/86400)+25569 -> 46078.573 | N9: =CEILING(INT(M9*1440)/1440*288,1)/288 -> 46078.573 | O9: =MROUND((N9-25569)*86400,300) -> 1772027100
A10: 1772027399 | B10: XAUUSD | C10: M5 | D10: 5186.07 | E10: 5187.03 | F10: 5187.42 | G10: 5184.3 | H10: -1 | I10: 0.75041 | J10: 3 | M10: =(A10/86400)+25569 -> 46078.576 | N10: =CEILING(INT(M10*1440)/1440*288,1)/288 -> 46078.576 | O10: =MROUND((N10-25569)*86400,300) -> 1772027400
A11: 1772027699 | B11: XAUUSD | C11: M5 | D11: 5185.23 | E11: 5186.04 | F11: 5188.5 | G11: 5184.76 | H11: -1 | I11: 0.79372 | J11: 3 | M11: =(A11/86400)+25569 -> 46078.58 | N11: =CEILING(INT(M11*1440)/1440*288,1)/288 -> 46078.58 | O11: =MROUND((N11-25569)*86400,300) -> 1772027700
A12: 1772027999 | B12: XAUUSD | C12: M5 | D12: 5187.18 | E12: 5185.22 | F12: 5187.34 | G12: 5183.76 | H12: 1 | I12: 0.44135 | J12: 0 | M12: =(A12/86400)+25569 -> 46078.583 | N12: =CEILING(INT(M12*1440)/1440*288,1)/288 -> 46078.583 | O12: =MROUND((N12-25569)*86400,300) -> 1772028000
A13: 1772028299 | B13: XAUUSD | C13: M5 | D13: 5189.99 | E13: 5187.18 | F13: 5191.07 | G13: 5186.8 | H13: 1 | I13: 0.18033 | J13: 0 | M13: =(A13/86400)+25569 -> 46078.587 | N13: =CEILING(INT(M13*1440)/1440*288,1)/288 -> 46078.587 | O13: =MROUND((N13-25569)*86400,300) -> 1772028300
... A501: 1772181899 | B501: XAUUSD | C501: M5 | D501: 5180.52 | E501: 5180.32 | F501: 5182.14 | G501: 5179.99 | H501: 1 | I501: 0.98364 | J501: 0 | M501: =(A501/86400)+25569 -> 46080.365 | N501: =CEILING(INT(M501*1440)/1440*288,1)/288 -> 46080.365 | O501: =MROUND((N501-25569)*86400,300) -> 1772181900

Sheet HA
A1: timestamp | B1: symbol | C1: timeframe | D1: close | E1: ha_open | F1: ha_high | G1: ha_low | H1: ha_close | I1: ha_color | J1: ha_body_size | K1: ha_body_zscore | L1: ha_trend | N1: convert_to_readable_datetime | O1: round_to_nearest_datetime_5m | P1: timestamp_adjusted
A2: 1772024998 | B2: XAUUSD | C2: M5 | D2: 5187.2 | E2: 5185.05 | F2: 5189.22 | G2: 5185.05 | H2: 5187.59 | I2: 1 | J2: 2.54 | K2: -0.27754 | L2: 1 | N2: =(A2/86400)+25569 -> 46078.549 | O2: =CEILING(INT(N2*1440)/1440*288,1)/288 -> 46078.549 | P2: =MROUND((O2-25569)*86400,300) -> 1772025000
A3: 1772025298 | B3: XAUUSD | C3: M5 | D3: 5187 | E3: 5186.32 | F3: 5189.54 | G3: 5185.97 | H3: 5187.43 | I3: 1 | J3: 1.11 | K3: -0.74682 | L3: 2 | N3: =(A3/86400)+25569 -> 46078.552 | O3: =CEILING(INT(N3*1440)/1440*288,1)/288 -> 46078.552 | P3: =MROUND((O3-25569)*86400,300) -> 1772025300
A4: 1772025598 | B4: XAUUSD | C4: M5 | D4: 5191.13 | E4: 5186.88 | F4: 5191.47 | G4: 5186.14 | H4: 5188.89 | I4: 1 | J4: 2.01 | K4: -0.4404 | L4: 3 | N4: =(A4/86400)+25569 -> 46078.556 | O4: =CEILING(INT(N4*1440)/1440*288,1)/288 -> 46078.556 | P4: =MROUND((O4-25569)*86400,300) -> 1772025600
A5: 1772025898 | B5: XAUUSD | C5: M5 | D5: 5188.07 | E5: 5187.88 | F5: 5191.36 | G5: 5186.93 | H5: 5189.38 | I5: 1 | J5: 1.49 | K5: -0.61721 | L5: 4 | N5: =(A5/86400)+25569 -> 46078.559 | O5: =CEILING(INT(N5*1440)/1440*288,1)/288 -> 46078.559 | P5: =MROUND((O5-25569)*86400,300) -> 1772025900
A6: 1772026198 | B6: XAUUSD | C6: M5 | D6: 5188.16 | E6: 5188.63 | F6: 5190.35 | G6: 5186.62 | H6: 5188.3 | I6: -1 | J6: 0.33 | K6: -1.00918 | L6: -1 | N6: =(A6/86400)+25569 -> 46078.562 | O6: =CEILING(INT(N6*1440)/1440*288,1)/288 -> 46078.562 | P6: =MROUND((O6-25569)*86400,300) -> 1772026200
A7: 1772026498 | B7: XAUUSD | C7: M5 | D7: 5189.61 | E7: 5188.46 | F7: 5190.35 | G7: 5187.73 | H7: 5188.96 | I7: 1 | J7: 0.5 | K7: -0.94748 | L7: 1 | N7: =(A7/86400)+25569 -> 46078.566 | O7: =CEILING(INT(N7*1440)/1440*288,1)/288 -> 46078.566 | P7: =MROUND((O7-25569)*86400,300) -> 1772026500
A8: 1772026798 | B8: XAUUSD | C8: M5 | D8: 5186.84 | E8: 5188.71 | F8: 5191.33 | G8: 5182.03 | H8: 5187.53 | I8: -1 | J8: 1.18 | K8: -0.71688 | L8: -1 | N8: =(A8/86400)+25569 -> 46078.569 | O8: =CEILING(INT(N8*1440)/1440*288,1)/288 -> 46078.569 | P8: =MROUND((O8-25569)*86400,300) -> 1772026800
A9: 1772027098 | B9: XAUUSD | C9: M5 | D9: 5186.59 | E9: 5188.12 | F9: 5191.12 | G9: 5185.65 | H9: 5187.62 | I9: -1 | J9: 0.5 | K9: -0.94268 | L9: -2 | N9: =(A9/86400)+25569 -> 46078.573 | O9: =CEILING(INT(N9*1440)/1440*288,1)/288 -> 46078.573 | P9: =MROUND((O9-25569)*86400,300) -> 1772027100
A10: 1772027398 | B10: XAUUSD | C10: M5 | D10: 5186.07 | E10: 5187.87 | F10: 5187.87 | G10: 5184.3 | H10: 5186.2 | I10: -1 | J10: 1.67 | K10: -0.54678 | L10: -3 | N10: =(A10/86400)+25569 -> 46078.576 | O10: =CEILING(INT(N10*1440)/1440*288,1)/288 -> 46078.576 | P10: =MROUND((O10-25569)*86400,300) -> 1772027400
A11: 1772027698 | B11: XAUUSD | C11: M5 | D11: 5185.23 | E11: 5187.04 | F11: 5188.5 | G11: 5184.76 | H11: 5186.13 | I11: -1 | J11: 0.91 | K11: -0.79817 | L11: -4 | N11: =(A11/86400)+25569 -> 46078.58 | O11: =CEILING(INT(N11*1440)/1440*288,1)/288 -> 46078.58 | P11: =MROUND((O11-25569)*86400,300) -> 1772027700
A12: 1772027998 | B12: XAUUSD | C12: M5 | D12: 5187.18 | E12: 5186.59 | F12: 5187.34 | G12: 5183.76 | H12: 5185.88 | I12: -1 | J12: 0.71 | K12: -0.86053 | L12: -5 | N12: =(A12/86400)+25569 -> 46078.583 | O12: =CEILING(INT(N12*1440)/1440*288,1)/288 -> 46078.583 | P12: =MROUND((O12-25569)*86400,300) -> 1772028000
A13: 1772028298 | B13: XAUUSD | C13: M5 | D13: 5189.99 | E13: 5186.23 | F13: 5191.07 | G13: 5186.23 | H13: 5188.76 | I13: 1 | J13: 2.53 | K13: -0.24864 | L13: 1 | N13: =(A13/86400)+25569 -> 46078.587 | O13: =CEILING(INT(N13*1440)/1440*288,1)/288 -> 46078.587 | P13: =MROUND((O13-25569)*86400,300) -> 1772028300
... A501: 1772181898 | B501: XAUUSD | C501: M5 | D501: 5180.18 | E501: 5180.07 | F501: 5182.14 | G501: 5179.99 | H501: 5180.66 | I501: 1 | J501: 0.58 | K501: -0.83989 | L501: 4 | N501: =(A501/86400)+25569 -> 46080.365 | O501: =CEILING(INT(N501*1440)/1440*288,1)/288 -> 46080.365 | P501: =MROUND((O501-25569)*86400,300) -> 1772181900

Sheet KC
A1: timestamp | B1: symbol | C1: timeframe | D1: close | E1: kc_ultra_extreme_upper | F1: kc_extreme_upper | G1: kc_uppermost | H1: kc_upper | I1: kc_upper_middle | J1: kc_lower_middle | K1: kc_lower | L1: kc_lowermost | M1: kc_extreme_lower | N1: kc_ultra_extreme_lower | P1: convert_to_readable_datetime | Q1: round_to_nearest_datetime_5m | R1: timestamp_adjusted
A2: 1772024998 | B2: XAUUSD | C2: M5 | D2: 5187.2 | E2: 5203.5649 | F2: 5197.9728 | G2: 5192.3807 | H2: 5186.7886 | I2: 5181.1965 | J2: 5176.7378 | K2: 5171.1457 | L2: 5165.5536 | M2: 5159.9615 | N2: 5154.3694 | P2: =(A2/86400)+25569 -> 46078.549 | Q2: =CEILING(INT(P2*1440)/1440*288,1)/288 -> 46078.549 | R2: =MROUND((Q2-25569)*86400,300) -> 1772025000
A3: 1772025298 | B3: XAUUSD | C3: M5 | D3: 5187 | E3: 5204.097 | F3: 5198.5184 | G3: 5192.9398 | H3: 5187.3612 | I3: 5181.7826 | J3: 5177.3726 | K3: 5171.794 | L3: 5166.2154 | M3: 5160.6368 | N3: 5155.0582 | P3: =(A3/86400)+25569 -> 46078.552 | Q3: =CEILING(INT(P3*1440)/1440*288,1)/288 -> 46078.552 | R3: =MROUND((Q3-25569)*86400,300) -> 1772025300
A4: 1772025598 | B4: XAUUSD | C4: M5 | D4: 5191.13 | E4: 5204.7919 | F4: 5199.2005 | G4: 5193.6092 | H4: 5188.0178 | I4: 5182.4264 | J4: 5178.0295 | K4: 5172.4382 | L4: 5166.8468 | M4: 5161.2555 | N4: 5155.6641 | P4: =(A4/86400)+25569 -> 46078.556 | Q4: =CEILING(INT(P4*1440)/1440*288,1)/288 -> 46078.556 | R4: =MROUND((Q4-25569)*86400,300) -> 1772025600
A5: 1772025898 | B5: XAUUSD | C5: M5 | D5: 5188.07 | E5: 5205.4578 | F5: 5199.8671 | G5: 5194.2763 | H5: 5188.6856 | I5: 5183.0949 | J5: 5178.709 | K5: 5173.1183 | L5: 5167.5275 | M5: 5161.9368 | N5: 5156.3461 | P5: =(A5/86400)+25569 -> 46078.559 | Q5: =CEILING(INT(P5*1440)/1440*288,1)/288 -> 46078.559 | R5: =MROUND((Q5-25569)*86400,300) -> 1772025900
A6: 1772026198 | B6: XAUUSD | C6: M5 | D6: 5188.16 | E6: 5205.954 | F6: 5200.4008 | G6: 5194.8476 | H6: 5189.2944 | I6: 5183.7412 | J6: 5179.3825 | K6: 5173.8293 | L6: 5168.2761 | M6: 5162.7229 | N6: 5157.1697 | P6: =(A6/86400)+25569 -> 46078.562 | Q6: =CEILING(INT(P6*1440)/1440*288,1)/288 -> 46078.562 | R6: =MROUND((Q6-25569)*86400,300) -> 1772026200
A7: 1772026498 | B7: XAUUSD | C7: M5 | D7: 5189.61 | E7: 5206.483 | F7: 5200.952 | G7: 5195.421 | H7: 5189.8901 | I7: 5184.3591 | J7: 5180.0665 | K7: 5174.5355 | L7: 5169.0045 | M7: 5163.4735 | N7: 5157.9425 | P7: =(A7/86400)+25569 -> 46078.566 | Q7: =CEILING(INT(P7*1440)/1440*288,1)/288 -> 46078.566 | R7: =MROUND((Q7-25569)*86400,300) -> 1772026500
A8: 1772026798 | B8: XAUUSD | C8: M5 | D8: 5186.84 | E8: 5207.2125 | F8: 5201.6517 | G8: 5196.091 | H8: 5190.5303 | I8: 5184.9695 | J8: 5180.5984 | K8: 5175.0376 | L8: 5169.4769 | M8: 5163.9161 | N8: 5158.3554 | P8: =(A8/86400)+25569 -> 46078.569 | Q8: =CEILING(INT(P8*1440)/1440*288,1)/288 -> 46078.569 | R8: =MROUND((Q8-25569)*86400,300) -> 1772026800
A9: 1772027098 | B9: XAUUSD | C9: M5 | D9: 5186.59 | E9: 5207.7905 | F9: 5202.2321 | G9: 5196.6737 | H9: 5191.1153 | I9: 5185.5569 | J9: 5181.1055 | K9: 5175.5471 | L9: 5169.9887 | M9: 5164.4303 | N9: 5158.8719 | P9: =(A9/86400)+25569 -> 46078.573 | Q9: =CEILING(INT(P9*1440)/1440*288,1)/288 -> 46078.573 | R9: =MROUND((Q9-25569)*86400,300) -> 1772027100
A10: 1772027398 | B10: XAUUSD | C10: M5 | D10: 5186.07 | E10: 5208.245 | F10: 5202.6892 | G10: 5197.1334 | H10: 5191.5775 | I10: 5186.0217 | J10: 5181.5504 | K10: 5175.9946 | L10: 5170.4388 | M10: 5164.883 | N10: 5159.3272 | P10: =(A10/86400)+25569 -> 46078.576 | Q10: =CEILING(INT(P10*1440)/1440*288,1)/288 -> 46078.576 | R10: =MROUND((Q10-25569)*86400,300) -> 1772027400
A11: 1772027698 | B11: XAUUSD | C11: M5 | D11: 5185.23 | E11: 5208.6115 | F11: 5203.0634 | G11: 5197.5153 | H11: 5191.9671 | I11: 5186.419 | J11: 5181.9543 | K11: 5176.4062 | L11: 5170.8581 | M11: 5165.3099 | N11: 5159.7618 | P11: =(A11/86400)+25569 -> 46078.58 | Q11: =CEILING(INT(P11*1440)/1440*288,1)/288 -> 46078.58 | R11: =MROUND((Q11-25569)*86400,300) -> 1772027700
A12: 1772027998 | B12: XAUUSD | C12: M5 | D12: 5187.18 | E12: 5208.7392 | F12: 5203.2372 | G12: 5197.7351 | H12: 5192.2331 | I12: 5186.7311 | J12: 5182.2957 | K12: 5176.7936 | L12: 5171.2916 | M12: 5165.7896 | N12: 5160.2875 | P12: =(A12/86400)+25569 -> 46078.583 | Q12: =CEILING(INT(P12*1440)/1440*288,1)/288 -> 46078.583 | R12: =MROUND((Q12-25569)*86400,300) -> 1772028000
A13: 1772028298 | B13: XAUUSD | C13: M5 | D13: 5189.99 | E13: 5208.9546 | F13: 5203.484 | G13: 5198.0134 | H13: 5192.5429 | I13: 5187.0723 | J13: 5182.6636 | K13: 5177.193 | L13: 5171.7225 | M13: 5166.2519 | N13: 5160.7814 | P13: =(A13/86400)+25569 -> 46078.587 | Q13: =CEILING(INT(P13*1440)/1440*288,1)/288 -> 46078.587 | R13: =MROUND((Q13-25569)*86400,300) -> 1772028300
... A501: 1772181898 | B501: XAUUSD | C501: M5 | D501: 5182.07 | E501: 5201.8111 | F501: 5197.1884 | G501: 5192.5656 | H501: 5187.9429 | I501: 5183.3202 | J501: 5179.0684 | K501: 5174.4457 | L501: 5169.823 | M501: 5165.2003 | N501: 5160.5775 | P501: =(A501/86400)+25569 -> 46080.365 | Q501: =CEILING(INT(P501*1440)/1440*288,1)/288 -> 46080.365 | R501: =MROUND((Q501-25569)*86400,300) -> 1772181900

Sheet SR_Levels
A1: timestamp | B1: symbol | C1: timeframe | D1: close | E1: sr_1 | F1: sr_2 | G1: sr_3 | H1: sr_4 | I1: sr_5 | J1: sr_6 | K1: sr_7 | L1: sr_8 | N1: convert_to_readable_datetime | O1: round_to_nearest_datetime_5m | P1: timestamp_adjusted
A2: 1772024998 | B2: XAUUSD | C2: M5 | D2: 5187.2 | E2: 5178.6 | F2: 5161.89 | G2: 5135.85 | I2: 5193.35 | J2: 5205.31 | N2: =(A2/86400)+25569 -> 46078.549 | O2: =CEILING(INT(N2*1440)/1440*288,1)/288 -> 46078.549 | P2: =MROUND((O2-25569)*86400,300) -> 1772025000
A3: 1772025298 | B3: XAUUSD | C3: M5 | D3: 5187 | E3: 5178.6 | F3: 5161.89 | G3: 5135.85 | I3: 5193.35 | J3: 5205.31 | N3: =(A3/86400)+25569 -> 46078.552 | O3: =CEILING(INT(N3*1440)/1440*288,1)/288 -> 46078.552 | P3: =MROUND((O3-25569)*86400,300) -> 1772025300
A4: 1772025598 | B4: XAUUSD | C4: M5 | D4: 5191.13 | E4: 5178.6 | F4: 5161.89 | G4: 5135.85 | I4: 5193.35 | J4: 5205.31 | N4: =(A4/86400)+25569 -> 46078.556 | O4: =CEILING(INT(N4*1440)/1440*288,1)/288 -> 46078.556 | P4: =MROUND((O4-25569)*86400,300) -> 1772025600
A5: 1772025898 | B5: XAUUSD | C5: M5 | D5: 5188.07 | E5: 5178.6 | F5: 5161.89 | G5: 5135.85 | I5: 5193.35 | J5: 5205.31 | N5: =(A5/86400)+25569 -> 46078.559 | O5: =CEILING(INT(N5*1440)/1440*288,1)/288 -> 46078.559 | P5: =MROUND((O5-25569)*86400,300) -> 1772025900
A6: 1772026198 | B6: XAUUSD | C6: M5 | D6: 5188.16 | E6: 5178.6 | F6: 5161.89 | G6: 5135.85 | I6: 5193.35 | J6: 5205.31 | N6: =(A6/86400)+25569 -> 46078.562 | O6: =CEILING(INT(N6*1440)/1440*288,1)/288 -> 46078.562 | P6: =MROUND((O6-25569)*86400,300) -> 1772026200
A7: 1772026498 | B7: XAUUSD | C7: M5 | D7: 5189.61 | E7: 5178.6 | F7: 5161.89 | G7: 5135.85 | I7: 5193.35 | J7: 5205.31 | N7: =(A7/86400)+25569 -> 46078.566 | O7: =CEILING(INT(N7*1440)/1440*288,1)/288 -> 46078.566 | P7: =MROUND((O7-25569)*86400,300) -> 1772026500
A8: 1772026798 | B8: XAUUSD | C8: M5 | D8: 5186.84 | E8: 5178.6 | F8: 5161.89 | G8: 5135.85 | I8: 5193.35 | J8: 5205.31 | N8: =(A8/86400)+25569 -> 46078.569 | O8: =CEILING(INT(N8*1440)/1440*288,1)/288 -> 46078.569 | P8: =MROUND((O8-25569)*86400,300) -> 1772026800
A9: 1772027098 | B9: XAUUSD | C9: M5 | D9: 5186.59 | E9: 5178.6 | F9: 5161.89 | G9: 5135.85 | I9: 5193.35 | J9: 5205.31 | N9: =(A9/86400)+25569 -> 46078.573 | O9: =CEILING(INT(N9*1440)/1440*288,1)/288 -> 46078.573 | P9: =MROUND((O9-25569)*86400,300) -> 1772027100
A10: 1772027398 | B10: XAUUSD | C10: M5 | D10: 5186.07 | E10: 5178.6 | F10: 5161.89 | G10: 5135.85 | I10: 5193.35 | J10: 5205.31 | N10: =(A10/86400)+25569 -> 46078.576 | O10: =CEILING(INT(N10*1440)/1440*288,1)/288 -> 46078.576 | P10: =MROUND((O10-25569)*86400,300) -> 1772027400
A11: 1772027698 | B11: XAUUSD | C11: M5 | D11: 5185.23 | E11: 5178.6 | F11: 5161.89 | G11: 5135.85 | I11: 5193.35 | J11: 5205.31 | N11: =(A11/86400)+25569 -> 46078.58 | O11: =CEILING(INT(N11*1440)/1440*288,1)/288 -> 46078.58 | P11: =MROUND((O11-25569)*86400,300) -> 1772027700
A12: 1772027998 | B12: XAUUSD | C12: M5 | D12: 5187.18 | E12: 5178.6 | F12: 5161.89 | G12: 5135.85 | I12: 5193.35 | J12: 5205.31 | N12: =(A12/86400)+25569 -> 46078.583 | O12: =CEILING(INT(N12*1440)/1440*288,1)/288 -> 46078.583 | P12: =MROUND((O12-25569)*86400,300) -> 1772028000
A13: 1772028298 | B13: XAUUSD | C13: M5 | D13: 5189.99 | E13: 5178.6 | F13: 5161.89 | G13: 5135.85 | I13: 5193.35 | J13: 5205.31 | N13: =(A13/86400)+25569 -> 46078.587 | O13: =CEILING(INT(N13*1440)/1440*288,1)/288 -> 46078.587 | P13: =MROUND((O13-25569)*86400,300) -> 1772028300
... A16: 1772029198 | B16: XAUUSD | C16: M5 | D16: 5181.49 | E16: 5178.6 | F16: 5161.89 | G16: 5135.85 | I16: 5193.35 | J16: 5205.31 | N16: =(A16/86400)+25569 -> 46078.597 | O16: =CEILING(INT(N16*1440)/1440*288,1)/288 -> 46078.597 | P16: =MROUND((O16-25569)*86400,300) -> 1772029200
A17: 1772029498 | B17: XAUUSD | C17: M5 | D17: 5177.91 | E17: 5161.89 | F17: 5135.85 | I17: 5178.6 | J17: 5193.35 | K17: 5205.31 | N17: =(A17/86400)+25569 -> 46078.601 | O17: =CEILING(INT(N17*1440)/1440*288,1)/288 -> 46078.601 | P17: =MROUND((O17-25569)*86400,300) -> 1772029500
A18: 1772029798 | B18: XAUUSD | C18: M5 | D18: 5174.14 | E18: 5161.89 | F18: 5135.85 | I18: 5178.6 | J18: 5193.35 | K18: 5205.31 | N18: =(A18/86400)+25569 -> 46078.604 | O18: =CEILING(INT(N18*1440)/1440*288,1)/288 -> 46078.604 | P18: =MROUND((O18-25569)*86400,300) -> 1772029800
A19: 1772030098 | B19: XAUUSD | C19: M5 | D19: 5159.73 | E19: 5135.85 | I19: 5161.89 | J19: 5178.6 | K19: 5193.35 | L19: 5205.31 | N19: =(A19/86400)+25569 -> 46078.608 | O19: =CEILING(INT(N19*1440)/1440*288,1)/288 -> 46078.608 | P19: =MROUND((O19-25569)*86400,300) -> 1772030100
A20: 1772030398 | B20: XAUUSD | C20: M5 | D20: 5174.91 | E20: 5161.89 | F20: 5135.85 | I20: 5178.6 | J20: 5193.35 | K20: 5205.31 | N20: =(A20/86400)+25569 -> 46078.611 | O20: =CEILING(INT(N20*1440)/1440*288,1)/288 -> 46078.611 | P20: =MROUND((O20-25569)*86400,300) -> 1772030400
A21: 1772030698 | B21: XAUUSD | C21: M5 | D21: 5181.79 | E21: 5178.6 | F21: 5161.89 | G21: 5135.85 | I21: 5193.35 | J21: 5205.31 | N21: =(A21/86400)+25569 -> 46078.615 | O21: =CEILING(INT(N21*1440)/1440*288,1)/288 -> 46078.615 | P21: =MROUND((O21-25569)*86400,300) -> 1772030700
A22: 1772030998 | B22: XAUUSD | C22: M5 | D22: 5188.55 | E22: 5178.6 | F22: 5161.89 | G22: 5135.85 | I22: 5193.35 | J22: 5205.31 | N22: =(A22/86400)+25569 -> 46078.618 | O22: =CEILING(INT(N22*1440)/1440*288,1)/288 -> 46078.618 | P22: =MROUND((O22-25569)*86400,300) -> 1772031000
A23: 1772031298 | B23: XAUUSD | C23: M5 | D23: 5191.25 | E23: 5178.6 | F23: 5161.89 | G23: 5135.85 | I23: 5193.35 | J23: 5205.31 | N23: =(A23/86400)+25569 -> 46078.622 | O23: =CEILING(INT(N23*1440)/1440*288,1)/288 -> 46078.622 | P23: =MROUND((O23-25569)*86400,300) -> 1772031300
A24: 1772031598 | B24: XAUUSD | C24: M5 | D24: 5198.64 | E24: 5193.35 | F24: 5178.6 | G24: 5161.89 | H24: 5135.85 | I24: 5205.31 | N24: =(A24/86400)+25569 -> 46078.625 | O24: =CEILING(INT(N24*1440)/1440*288,1)/288 -> 46078.625 | P24: =MROUND((O24-25569)*86400,300) -> 1772031600
A25: 1772031898 | B25: XAUUSD | C25: M5 | D25: 5195.89 | E25: 5193.35 | F25: 5178.6 | G25: 5161.89 | H25: 5135.85 | I25: 5205.31 | N25: =(A25/86400)+25569 -> 46078.628 | O25: =CEILING(INT(N25*1440)/1440*288,1)/288 -> 46078.628 | P25: =MROUND((O25-25569)*86400,300) -> 1772031900
A26: 1772032198 | B26: XAUUSD | C26: M5 | D26: 5193.17 | E26: 5178.6 | F26: 5161.89 | G26: 5135.85 | I26: 5193.35 | J26: 5205.31 | N26: =(A26/86400)+25569 -> 46078.632 | O26: =CEILING(INT(N26*1440)/1440*288,1)/288 -> 46078.632 | P26: =MROUND((O26-25569)*86400,300) -> 1772032200
A27: 1772032498 | B27: XAUUSD | C27: M5 | D27: 5188.97 | E27: 5178.6 | F27: 5161.89 | G27: 5135.85 | I27: 5193.35 | J27: 5205.31 | N27: =(A27/86400)+25569 -> 46078.635 | O27: =CEILING(INT(N27*1440)/1440*288,1)/288 -> 46078.635 | P27: =MROUND((O27-25569)*86400,300) -> 1772032500
A28: 1772032798 | B28: XAUUSD | C28: M5 | D28: 5185.46 | E28: 5178.6 | F28: 5161.89 | G28: 5135.85 | I28: 5193.35 | J28: 5205.31 | N28: =(A28/86400)+25569 -> 46078.639 | O28: =CEILING(INT(N28*1440)/1440*288,1)/288 -> 46078.639 | P28: =MROUND((O28-25569)*86400,300) -> 1772032800
A29: 1772033098 | B29: XAUUSD | C29: M5 | D29: 5180.33 | E29: 5178.6 | F29: 5161.89 | G29: 5135.85 | I29: 5193.35 | J29: 5205.31 | N29: =(A29/86400)+25569 -> 46078.642 | O29: =CEILING(INT(N29*1440)/1440*288,1)/288 -> 46078.642 | P29: =MROUND((O29-25569)*86400,300) -> 1772033100
A30: 1772033398 | B30: XAUUSD | C30: M5 | D30: 5181.68 | E30: 5178.6 | F30: 5161.89 | G30: 5135.85 | I30: 5193.35 | J30: 5205.31 | N30: =(A30/86400)+25569 -> 46078.646 | O30: =CEILING(INT(N30*1440)/1440*288,1)/288 -> 46078.646 | P30: =MROUND((O30-25569)*86400,300) -> 1772033400
A31: 1772033698 | B31: XAUUSD | C31: M5 | D31: 5187.95 | E31: 5178.6 | F31: 5161.89 | G31: 5135.85 | I31: 5193.35 | J31: 5205.31 | N31: =(A31/86400)+25569 -> 46078.649 | O31: =CEILING(INT(N31*1440)/1440*288,1)/288 -> 46078.649 | P31: =MROUND((O31-25569)*86400,300) -> 1772033700
A32: 1772033998 | B32: XAUUSD | C32: M5 | D32: 5191 | E32: 5178.6 | F32: 5161.89 | G32: 5135.85 | I32: 5193.35 | J32: 5205.31 | N32: =(A32/86400)+25569 -> 46078.653 | O32: =CEILING(INT(N32*1440)/1440*288,1)/288 -> 46078.653 | P32: =MROUND((O32-25569)*86400,300) -> 1772034000
A33: 1772034298 | B33: XAUUSD | C33: M5 | D33: 5197.9 | E33: 5193.35 | F33: 5178.6 | G33: 5161.89 | H33: 5135.85 | I33: 5205.31 | N33: =(A33/86400)+25569 -> 46078.656 | O33: =CEILING(INT(N33*1440)/1440*288,1)/288 -> 46078.656 | P33: =MROUND((O33-25569)*86400,300) -> 1772034300
A34: 1772034598 | B34: XAUUSD | C34: M5 | D34: 5195.48 | E34: 5193.35 | F34: 5178.6 | G34: 5161.89 | H34: 5135.85 | I34: 5205.31 | N34: =(A34/86400)+25569 -> 46078.66 | O34: =CEILING(INT(N34*1440)/1440*288,1)/288 -> 46078.66 | P34: =MROUND((O34-25569)*86400,300) -> 1772034600
A35: 1772034898 | B35: XAUUSD | C35: M5 | D35: 5194.5 | E35: 5193.35 | F35: 5178.6 | G35: 5161.89 | H35: 5135.85 | I35: 5205.31 | N35: =(A35/86400)+25569 -> 46078.663 | O35: =CEILING(INT(N35*1440)/1440*288,1)/288 -> 46078.663 | P35: =MROUND((O35-25569)*86400,300) -> 1772034900
A36: 1772035198 | B36: XAUUSD | C36: M5 | D36: 5194.37 | E36: 5193.35 | F36: 5178.6 | G36: 5161.89 | H36: 5135.85 | I36: 5205.31 | N36: =(A36/86400)+25569 -> 46078.667 | O36: =CEILING(INT(N36*1440)/1440*288,1)/288 -> 46078.667 | P36: =MROUND((O36-25569)*86400,300) -> 1772035200
A37: 1772035498 | B37: XAUUSD | C37: M5 | D37: 5191.37 | E37: 5178.6 | F37: 5161.89 | G37: 5135.85 | I37: 5193.35 | J37: 5205.31 | N37: =(A37/86400)+25569 -> 46078.67 | O37: =CEILING(INT(N37*1440)/1440*288,1)/288 -> 46078.67 | P37: =MROUND((O37-25569)*86400,300) -> 1772035500
A38: 1772035798 | B38: XAUUSD | C38: M5 | D38: 5192.52 | E38: 5178.6 | F38: 5161.89 | G38: 5135.85 | I38: 5193.35 | J38: 5205.31 | N38: =(A38/86400)+25569 -> 46078.674 | O38: =CEILING(INT(N38*1440)/1440*288,1)/288 -> 46078.674 | P38: =MROUND((O38-25569)*86400,300) -> 1772035800
A39: 1772036098 | B39: XAUUSD | C39: M5 | D39: 5197.05 | E39: 5193.35 | F39: 5178.6 | G39: 5161.89 | H39: 5135.85 | I39: 5205.31 | N39: =(A39/86400)+25569 -> 46078.677 | O39: =CEILING(INT(N39*1440)/1440*288,1)/288 -> 46078.677 | P39: =MROUND((O39-25569)*86400,300) -> 1772036100
A40: 1772036398 | B40: XAUUSD | C40: M5 | D40: 5205.29 | E40: 5193.35 | F40: 5178.6 | G40: 5161.89 | H40: 5135.85 | I40: 5205.31 | N40: =(A40/86400)+25569 -> 46078.681 | O40: =CEILING(INT(N40*1440)/1440*288,1)/288 -> 46078.681 | P40: =MROUND((O40-25569)*86400,300) -> 1772036400
A41: 1772036698 | B41: XAUUSD | C41: M5 | D41: 5203.22 | E41: 5193.35 | F41: 5178.6 | G41: 5161.89 | H41: 5135.85 | I41: 5205.31 | N41: =(A41/86400)+25569 -> 46078.684 | O41: =CEILING(INT(N41*1440)/1440*288,1)/288 -> 46078.684 | P41: =MROUND((O41-25569)*86400,300) -> 1772036700
A42: 1772036998 | B42: XAUUSD | C42: M5 | D42: 5206.56 | E42: 5205.31 | F42: 5193.35 | G42: 5178.6 | H42: 5161.89 | N42: =(A42/86400)+25569 -> 46078.687 | O42: =CEILING(INT(N42*1440)/1440*288,1)/288 -> 46078.688 | P42: =MROUND((O42-25569)*86400,300) -> 1772037000
A43: 1772037298 | B43: XAUUSD | C43: M5 | D43: 5203.39 | E43: 5193.35 | F43: 5178.6 | G43: 5161.89 | H43: 5135.85 | I43: 5205.31 | N43: =(A43/86400)+25569 -> 46078.691 | O43: =CEILING(INT(N43*1440)/1440*288,1)/288 -> 46078.691 | P43: =MROUND((O43-25569)*86400,300) -> 1772037300
A44: 1772037598 | B44: XAUUSD | C44: M5 | D44: 5207.51 | E44: 5205.31 | F44: 5193.35 | G44: 5178.6 | H44: 5161.89 | N44: =(A44/86400)+25569 -> 46078.694 | O44: =CEILING(INT(N44*1440)/1440*288,1)/288 -> 46078.694 | P44: =MROUND((O44-25569)*86400,300) -> 1772037600
A45: 1772037898 | B45: XAUUSD | C45: M5 | D45: 5208.18 | E45: 5205.31 | F45: 5193.35 | G45: 5178.6 | H45: 5161.89 | N45: =(A45/86400)+25569 -> 46078.698 | O45: =CEILING(INT(N45*1440)/1440*288,1)/288 -> 46078.698 | P45: =MROUND((O45-25569)*86400,300) -> 1772037900
A46: 1772038198 | B46: XAUUSD | C46: M5 | D46: 5211.95 | E46: 5205.31 | F46: 5193.35 | G46: 5178.6 | H46: 5161.89 | N46: =(A46/86400)+25569 -> 46078.701 | O46: =CEILING(INT(N46*1440)/1440*288,1)/288 -> 46078.701 | P46: =MROUND((O46-25569)*86400,300) -> 1772038200
A47: 1772038498 | B47: XAUUSD | C47: M5 | D47: 5212.31 | E47: 5205.31 | F47: 5193.35 | G47: 5178.6 | H47: 5161.89 | N47: =(A47/86400)+25569 -> 46078.705 | O47: =CEILING(INT(N47*1440)/1440*288,1)/288 -> 46078.705 | P47: =MROUND((O47-25569)*86400,300) -> 1772038500
A48: 1772038798 | B48: XAUUSD | C48: M5 | D48: 5210.09 | E48: 5205.31 | F48: 5193.35 | G48: 5178.6 | H48: 5161.89 | N48: =(A48/86400)+25569 -> 46078.708 | O48: =CEILING(INT(N48*1440)/1440*288,1)/288 -> 46078.708 | P48: =MROUND((O48-25569)*86400,300) -> 1772038800
A49: 1772039098 | B49: XAUUSD | C49: M5 | D49: 5214.69 | E49: 5205.31 | F49: 5193.35 | G49: 5178.6 | H49: 5161.89 | N49: =(A49/86400)+25569 -> 46078.712 | O49: =CEILING(INT(N49*1440)/1440*288,1)/288 -> 46078.712 | P49: =MROUND((O49-25569)*86400,300) -> 1772039100
A50: 1772039398 | B50: XAUUSD | C50: M5 | D50: 5215.17 | E50: 5205.31 | F50: 5193.35 | G50: 5178.6 | H50: 5161.89 | N50: =(A50/86400)+25569 -> 46078.715 | O50: =CEILING(INT(N50*1440)/1440*288,1)/288 -> 46078.715 | P50: =MROUND((O50-25569)*86400,300) -> 1772039400
A51: 1772039698 | B51: XAUUSD | C51: M5 | D51: 5214.53 | E51: 5205.31 | F51: 5193.35 | G51: 5178.6 | H51: 5161.89 | N51: =(A51/86400)+25569 -> 46078.719 | O51: =CEILING(INT(N51*1440)/1440*288,1)/288 -> 46078.719 | P51: =MROUND((O51-25569)*86400,300) -> 1772039700
A52: 1772039998 | B52: XAUUSD | C52: M5 | D52: 5213.27 | E52: 5205.31 | F52: 5193.35 | G52: 5178.6 | H52: 5161.89 | N52: =(A52/86400)+25569 -> 46078.722 | O52: =CEILING(INT(N52*1440)/1440*288,1)/288 -> 46078.722 | P52: =MROUND((O52-25569)*86400,300) -> 1772040000
A53: 1772040298 | B53: XAUUSD | C53: M5 | D53: 5213.1 | E53: 5205.31 | F53: 5193.35 | G53: 5178.6 | H53: 5161.89 | N53: =(A53/86400)+25569 -> 46078.726 | O53: =CEILING(INT(N53*1440)/1440*288,1)/288 -> 46078.726 | P53: =MROUND((O53-25569)*86400,300) -> 1772040300
A54: 1772040598 | B54: XAUUSD | C54: M5 | D54: 5211.85 | E54: 5205.31 | F54: 5193.35 | G54: 5178.6 | H54: 5161.89 | N54: =(A54/86400)+25569 -> 46078.729 | O54: =CEILING(INT(N54*1440)/1440*288,1)/288 -> 46078.729 | P54: =MROUND((O54-25569)*86400,300) -> 1772040600
A55: 1772040898 | B55: XAUUSD | C55: M5 | D55: 5213.17 | E55: 5205.31 | F55: 5193.35 | G55: 5178.6 | H55: 5161.89 | N55: =(A55/86400)+25569 -> 46078.733 | O55: =CEILING(INT(N55*1440)/1440*288,1)/288 -> 46078.733 | P55: =MROUND((O55-25569)*86400,300) -> 1772040900
... A67: 1772044498 | B67: XAUUSD | C67: M5 | D67: 5206.39 | E67: 5205.31 | F67: 5193.35 | G67: 5178.6 | H67: 5161.89 | N67: =(A67/86400)+25569 -> 46078.774 | O67: =CEILING(INT(N67*1440)/1440*288,1)/288 -> 46078.774 | P67: =MROUND((O67-25569)*86400,300) -> 1772044500
A68: 1772044798 | B68: XAUUSD | C68: M5 | D68: 5205.13 | E68: 5193.35 | F68: 5178.6 | G68: 5161.89 | H68: 5135.85 | I68: 5205.31 | N68: =(A68/86400)+25569 -> 46078.778 | O68: =CEILING(INT(N68*1440)/1440*288,1)/288 -> 46078.778 | P68: =MROUND((O68-25569)*86400,300) -> 1772044800
A69: 1772045098 | B69: XAUUSD | C69: M5 | D69: 5200.95 | E69: 5193.35 | F69: 5178.6 | G69: 5161.89 | H69: 5135.85 | I69: 5205.31 | N69: =(A69/86400)+25569 -> 46078.781 | O69: =CEILING(INT(N69*1440)/1440*288,1)/288 -> 46078.781 | P69: =MROUND((O69-25569)*86400,300) -> 1772045100
A70: 1772045398 | B70: XAUUSD | C70: M5 | D70: 5202.58 | E70: 5193.35 | F70: 5178.6 | G70: 5161.89 | H70: 5135.85 | I70: 5205.31 | N70: =(A70/86400)+25569 -> 46078.785 | O70: =CEILING(INT(N70*1440)/1440*288,1)/288 -> 46078.785 | P70: =MROUND((O70-25569)*86400,300) -> 1772045400
A71: 1772045698 | B71: XAUUSD | C71: M5 | D71: 5202.12 | E71: 5193.35 | F71: 5178.6 | G71: 5161.89 | H71: 5135.85 | I71: 5205.31 | N71: =(A71/86400)+25569 -> 46078.788 | O71: =CEILING(INT(N71*1440)/1440*288,1)/288 -> 46078.788 | P71: =MROUND((O71-25569)*86400,300) -> 1772045700
A72: 1772045998 | B72: XAUUSD | C72: M5 | D72: 5200.91 | E72: 5193.35 | F72: 5178.6 | G72: 5161.89 | H72: 5135.85 | I72: 5205.31 | N72: =(A72/86400)+25569 -> 46078.792 | O72: =CEILING(INT(N72*1440)/1440*288,1)/288 -> 46078.792 | P72: =MROUND((O72-25569)*86400,300) -> 1772046000
A73: 1772046298 | B73: XAUUSD | C73: M5 | D73: 5194.29 | E73: 5193.35 | F73: 5178.6 | G73: 5161.89 | H73: 5135.85 | I73: 5205.31 | N73: =(A73/86400)+25569 -> 46078.795 | O73: =CEILING(INT(N73*1440)/1440*288,1)/288 -> 46078.795 | P73: =MROUND((O73-25569)*86400,300) -> 1772046300
A74: 1772046598 | B74: XAUUSD | C74: M5 | D74: 5207.04 | E74: 5205.31 | F74: 5193.35 | G74: 5178.6 | H74: 5161.89 | N74: =(A74/86400)+25569 -> 46078.799 | O74: =CEILING(INT(N74*1440)/1440*288,1)/288 -> 46078.799 | P74: =MROUND((O74-25569)*86400,300) -> 1772046600
A75: 1772046898 | B75: XAUUSD | C75: M5 | D75: 5200.55 | E75: 5193.35 | F75: 5178.6 | G75: 5161.89 | H75: 5135.85 | I75: 5205.31 | N75: =(A75/86400)+25569 -> 46078.802 | O75: =CEILING(INT(N75*1440)/1440*288,1)/288 -> 46078.802 | P75: =MROUND((O75-25569)*86400,300) -> 1772046900
A76: 1772047198 | B76: XAUUSD | C76: M5 | D76: 5197.32 | E76: 5193.35 | F76: 5178.6 | G76: 5161.89 | H76: 5135.85 | I76: 5205.31 | N76: =(A76/86400)+25569 -> 46078.806 | O76: =CEILING(INT(N76*1440)/1440*288,1)/288 -> 46078.806 | P76: =MROUND((O76-25569)*86400,300) -> 1772047200
A77: 1772047498 | B77: XAUUSD | C77: M5 | D77: 5202.59 | E77: 5193.35 | F77: 5178.6 | G77: 5161.89 | H77: 5135.85 | I77: 5205.31 | N77: =(A77/86400)+25569 -> 46078.809 | O77: =CEILING(INT(N77*1440)/1440*288,1)/288 -> 46078.809 | P77: =MROUND((O77-25569)*86400,300) -> 1772047500
A78: 1772047798 | B78: XAUUSD | C78: M5 | D78: 5202.51 | E78: 5193.35 | F78: 5178.6 | G78: 5161.89 | H78: 5135.85 | I78: 5205.31 | N78: =(A78/86400)+25569 -> 46078.812 | O78: =CEILING(INT(N78*1440)/1440*288,1)/288 -> 46078.812 | P78: =MROUND((O78-25569)*86400,300) -> 1772047800
A79: 1772048098 | B79: XAUUSD | C79: M5 | D79: 5201 | E79: 5193.35 | F79: 5178.6 | G79: 5161.89 | H79: 5135.85 | I79: 5205.31 | N79: =(A79/86400)+25569 -> 46078.816 | O79: =CEILING(INT(N79*1440)/1440*288,1)/288 -> 46078.816 | P79: =MROUND((O79-25569)*86400,300) -> 1772048100
A80: 1772048398 | B80: XAUUSD | C80: M5 | D80: 5204.32 | E80: 5193.35 | F80: 5178.6 | G80: 5161.89 | H80: 5135.85 | I80: 5205.31 | N80: =(A80/86400)+25569 -> 46078.819 | O80: =CEILING(INT(N80*1440)/1440*288,1)/288 -> 46078.819 | P80: =MROUND((O80-25569)*86400,300) -> 1772048400
A81: 1772048698 | B81: XAUUSD | C81: M5 | D81: 5205 | E81: 5193.35 | F81: 5178.6 | G81: 5161.89 | H81: 5135.85 | I81: 5205.31 | N81: =(A81/86400)+25569 -> 46078.823 | O81: =CEILING(INT(N81*1440)/1440*288,1)/288 -> 46078.823 | P81: =MROUND((O81-25569)*86400,300) -> 1772048700
A82: 1772048998 | B82: XAUUSD | C82: M5 | D82: 5204.97 | E82: 5193.35 | F82: 5178.6 | G82: 5161.89 | H82: 5135.85 | I82: 5205.31 | N82: =(A82/86400)+25569 -> 46078.826 | O82: =CEILING(INT(N82*1440)/1440*288,1)/288 -> 46078.826 | P82: =MROUND((O82-25569)*86400,300) -> 1772049000
A83: 1772049298 | B83: XAUUSD | C83: M5 | D83: 5204.87 | E83: 5193.35 | F83: 5178.6 | G83: 5161.89 | H83: 5135.85 | I83: 5205.31 | N83: =(A83/86400)+25569 -> 46078.83 | O83: =CEILING(INT(N83*1440)/1440*288,1)/288 -> 46078.83 | P83: =MROUND((O83-25569)*86400,300) -> 1772049300
A84: 1772049598 | B84: XAUUSD | C84: M5 | D84: 5201.76 | E84: 5193.35 | F84: 5178.6 | G84: 5161.89 | H84: 5135.85 | I84: 5205.31 | N84: =(A84/86400)+25569 -> 46078.833 | O84: =CEILING(INT(N84*1440)/1440*288,1)/288 -> 46078.833 | P84: =MROUND((O84-25569)*86400,300) -> 1772049600
A85: 1772049898 | B85: XAUUSD | C85: M5 | D85: 5202.46 | E85: 5193.35 | F85: 5178.6 | G85: 5161.89 | H85: 5135.85 | I85: 5205.31 | N85: =(A85/86400)+25569 -> 46078.837 | O85: =CEILING(INT(N85*1440)/1440*288,1)/288 -> 46078.837 | P85: =MROUND((O85-25569)*86400,300) -> 1772049900
A86: 1772050198 | B86: XAUUSD | C86: M5 | D86: 5195.27 | E86: 5193.35 | F86: 5178.6 | G86: 5161.89 | H86: 5135.85 | I86: 5205.31 | N86: =(A86/86400)+25569 -> 46078.84 | O86: =CEILING(INT(N86*1440)/1440*288,1)/288 -> 46078.84 | P86: =MROUND((O86-25569)*86400,300) -> 1772050200
A87: 1772050498 | B87: XAUUSD | C87: M5 | D87: 5184.8 | E87: 5178.6 | F87: 5161.89 | G87: 5135.85 | I87: 5193.35 | J87: 5205.31 | N87: =(A87/86400)+25569 -> 46078.844 | O87: =CEILING(INT(N87*1440)/1440*288,1)/288 -> 46078.844 | P87: =MROUND((O87-25569)*86400,300) -> 1772050500
A88: 1772050798 | B88: XAUUSD | C88: M5 | D88: 5189 | E88: 5178.6 | F88: 5161.89 | G88: 5135.85 | I88: 5193.35 | J88: 5205.31 | N88: =(A88/86400)+25569 -> 46078.847 | O88: =CEILING(INT(N88*1440)/1440*288,1)/288 -> 46078.847 | P88: =MROUND((O88-25569)*86400,300) -> 1772050800
A89: 1772051098 | B89: XAUUSD | C89: M5 | D89: 5186.11 | E89: 5178.6 | F89: 5161.89 | G89: 5135.85 | I89: 5193.35 | J89: 5205.31 | N89: =(A89/86400)+25569 -> 46078.851 | O89: =CEILING(INT(N89*1440)/1440*288,1)/288 -> 46078.851 | P89: =MROUND((O89-25569)*86400,300) -> 1772051100
A90: 1772051398 | B90: XAUUSD | C90: M5 | D90: 5188.12 | E90: 5178.6 | F90: 5161.89 | G90: 5135.85 | I90: 5193.35 | J90: 5205.31 | N90: =(A90/86400)+25569 -> 46078.854 | O90: =CEILING(INT(N90*1440)/1440*288,1)/288 -> 46078.854 | P90: =MROUND((O90-25569)*86400,300) -> 1772051400
A91: 1772051698 | B91: XAUUSD | C91: M5 | D91: 5183.41 | E91: 5178.6 | F91: 5161.89 | G91: 5135.85 | I91: 5193.35 | J91: 5205.31 | N91: =(A91/86400)+25569 -> 46078.858 | O91: =CEILING(INT(N91*1440)/1440*288,1)/288 -> 46078.858 | P91: =MROUND((O91-25569)*86400,300) -> 1772051700
A92: 1772051998 | B92: XAUUSD | C92: M5 | D92: 5181.48 | E92: 5178.6 | F92: 5161.89 | G92: 5135.85 | I92: 5193.35 | J92: 5205.31 | N92: =(A92/86400)+25569 -> 46078.861 | O92: =CEILING(INT(N92*1440)/1440*288,1)/288 -> 46078.861 | P92: =MROUND((O92-25569)*86400,300) -> 1772052000
A93: 1772052298 | B93: XAUUSD | C93: M5 | D93: 5173.57 | E93: 5161.89 | F93: 5135.85 | I93: 5178.6 | J93: 5193.35 | K93: 5205.31 | N93: =(A93/86400)+25569 -> 46078.865 | O93: =CEILING(INT(N93*1440)/1440*288,1)/288 -> 46078.865 | P93: =MROUND((O93-25569)*86400,300) -> 1772052300
A94: 1772052598 | B94: XAUUSD | C94: M5 | D94: 5178.01 | E94: 5161.89 | F94: 5135.85 | I94: 5178.6 | J94: 5193.35 | K94: 5205.31 | N94: =(A94/86400)+25569 -> 46078.868 | O94: =CEILING(INT(N94*1440)/1440*288,1)/288 -> 46078.868 | P94: =MROUND((O94-25569)*86400,300) -> 1772052600
A95: 1772052898 | B95: XAUUSD | C95: M5 | D95: 5152.16 | E95: 5135.85 | I95: 5161.89 | J95: 5178.6 | K95: 5193.35 | L95: 5205.31 | N95: =(A95/86400)+25569 -> 46078.872 | O95: =CEILING(INT(N95*1440)/1440*288,1)/288 -> 46078.872 | P95: =MROUND((O95-25569)*86400,300) -> 1772052900
A96: 1772053198 | B96: XAUUSD | C96: M5 | D96: 5156.08 | E96: 5135.85 | I96: 5161.89 | J96: 5178.6 | K96: 5193.35 | L96: 5205.31 | N96: =(A96/86400)+25569 -> 46078.875 | O96: =CEILING(INT(N96*1440)/1440*288,1)/288 -> 46078.875 | P96: =MROUND((O96-25569)*86400,300) -> 1772053200
A97: 1772053498 | B97: XAUUSD | C97: M5 | D97: 5163.03 | E97: 5161.89 | F97: 5135.85 | I97: 5178.6 | J97: 5193.35 | K97: 5205.31 | N97: =(A97/86400)+25569 -> 46078.878 | O97: =CEILING(INT(N97*1440)/1440*288,1)/288 -> 46078.878 | P97: =MROUND((O97-25569)*86400,300) -> 1772053500
A98: 1772053798 | B98: XAUUSD | C98: M5 | D98: 5161.84 | E98: 5135.85 | I98: 5161.89 | J98: 5178.6 | K98: 5193.35 | L98: 5205.31 | N98: =(A98/86400)+25569 -> 46078.882 | O98: =CEILING(INT(N98*1440)/1440*288,1)/288 -> 46078.882 | P98: =MROUND((O98-25569)*86400,300) -> 1772053800
A99: 1772054098 | B99: XAUUSD | C99: M5 | D99: 5165.38 | E99: 5161.89 | F99: 5135.85 | I99: 5178.6 | J99: 5193.35 | K99: 5205.31 | N99: =(A99/86400)+25569 -> 46078.885 | O99: =CEILING(INT(N99*1440)/1440*288,1)/288 -> 46078.885 | P99: =MROUND((O99-25569)*86400,300) -> 1772054100
A100: 1772054398 | B100: XAUUSD | C100: M5 | D100: 5169.17 | E100: 5161.89 | F100: 5135.85 | I100: 5178.6 | J100: 5193.35 | K100: 5205.31 | N100: =(A100/86400)+25569 -> 46078.889 | O100: =CEILING(INT(N100*1440)/1440*288,1)/288 -> 46078.889 | P100: =MROUND((O100-25569)*86400,300) -> 1772054400
A101: 1772054698 | B101: XAUUSD | C101: M5 | D101: 5169.12 | E101: 5161.89 | F101: 5135.85 | I101: 5178.6 | J101: 5193.35 | K101: 5205.31 | N101: =(A101/86400)+25569 -> 46078.892 | O101: =CEILING(INT(N101*1440)/1440*288,1)/288 -> 46078.892 | P101: =MROUND((O101-25569)*86400,300) -> 1772054700
A102: 1772054998 | B102: XAUUSD | C102: M5 | D102: 5168.22 | E102: 5161.89 | F102: 5135.85 | I102: 5178.6 | J102: 5193.35 | K102: 5205.31 | N102: =(A102/86400)+25569 -> 46078.896 | O102: =CEILING(INT(N102*1440)/1440*288,1)/288 -> 46078.896 | P102: =MROUND((O102-25569)*86400,300) -> 1772055000
A103: 1772055298 | B103: XAUUSD | C103: M5 | D103: 5168.9 | E103: 5161.89 | F103: 5135.85 | I103: 5178.6 | J103: 5193.35 | K103: 5205.31 | N103: =(A103/86400)+25569 -> 46078.899 | O103: =CEILING(INT(N103*1440)/1440*288,1)/288 -> 46078.899 | P103: =MROUND((O103-25569)*86400,300) -> 1772055300
A104: 1772055598 | B104: XAUUSD | C104: M5 | D104: 5170.25 | E104: 5161.89 | F104: 5135.85 | I104: 5178.6 | J104: 5193.35 | K104: 5205.31 | N104: =(A104/86400)+25569 -> 46078.903 | O104: =CEILING(INT(N104*1440)/1440*288,1)/288 -> 46078.903 | P104: =MROUND((O104-25569)*86400,300) -> 1772055600
A105: 1772055898 | B105: XAUUSD | C105: M5 | D105: 5170.94 | E105: 5161.89 | F105: 5135.85 | I105: 5178.6 | J105: 5193.35 | K105: 5205.31 | N105: =(A105/86400)+25569 -> 46078.906 | O105: =CEILING(INT(N105*1440)/1440*288,1)/288 -> 46078.906 | P105: =MROUND((O105-25569)*86400,300) -> 1772055900
A106: 1772056198 | B106: XAUUSD | C106: M5 | D106: 5164.31 | E106: 5161.89 | F106: 5135.85 | I106: 5178.6 | J106: 5193.35 | K106: 5205.31 | N106: =(A106/86400)+25569 -> 46078.91 | O106: =CEILING(INT(N106*1440)/1440*288,1)/288 -> 46078.91 | P106: =MROUND((O106-25569)*86400,300) -> 1772056200
A107: 1772056498 | B107: XAUUSD | C107: M5 | D107: 5164.89 | E107: 5161.89 | F107: 5135.85 | I107: 5178.6 | J107: 5193.35 | K107: 5205.31 | N107: =(A107/86400)+25569 -> 46078.913 | O107: =CEILING(INT(N107*1440)/1440*288,1)/288 -> 46078.913 | P107: =MROUND((O107-25569)*86400,300) -> 1772056500
A108: 1772060398 | B108: XAUUSD | C108: M5 | D108: 5175.34 | E108: 5161.89 | F108: 5135.85 | I108: 5178.6 | J108: 5193.35 | K108: 5205.31 | N108: =(A108/86400)+25569 -> 46078.958 | O108: =CEILING(INT(N108*1440)/1440*288,1)/288 -> 46078.958 | P108: =MROUND((O108-25569)*86400,300) -> 1772060400
A109: 1772060698 | B109: XAUUSD | C109: M5 | D109: 5179.73 | E109: 5178.6 | F109: 5161.89 | G109: 5135.85 | I109: 5193.35 | J109: 5205.31 | N109: =(A109/86400)+25569 -> 46078.962 | O109: =CEILING(INT(N109*1440)/1440*288,1)/288 -> 46078.962 | P109: =MROUND((O109-25569)*86400,300) -> 1772060700
A110: 1772060998 | B110: XAUUSD | C110: M5 | D110: 5168.8 | E110: 5161.89 | F110: 5135.85 | I110: 5178.6 | J110: 5193.35 | K110: 5205.31 | N110: =(A110/86400)+25569 -> 46078.965 | O110: =CEILING(INT(N110*1440)/1440*288,1)/288 -> 46078.965 | P110: =MROUND((O110-25569)*86400,300) -> 1772061000
A111: 1772061298 | B111: XAUUSD | C111: M5 | D111: 5174.01 | E111: 5161.89 | F111: 5135.85 | I111: 5178.6 | J111: 5193.35 | K111: 5205.31 | N111: =(A111/86400)+25569 -> 46078.969 | O111: =CEILING(INT(N111*1440)/1440*288,1)/288 -> 46078.969 | P111: =MROUND((O111-25569)*86400,300) -> 1772061300
A112: 1772061598 | B112: XAUUSD | C112: M5 | D112: 5170.68 | E112: 5161.89 | F112: 5135.85 | I112: 5178.6 | J112: 5193.35 | K112: 5205.31 | N112: =(A112/86400)+25569 -> 46078.972 | O112: =CEILING(INT(N112*1440)/1440*288,1)/288 -> 46078.972 | P112: =MROUND((O112-25569)*86400,300) -> 1772061600
A113: 1772061898 | B113: XAUUSD | C113: M5 | D113: 5170.04 | E113: 5161.89 | F113: 5135.85 | I113: 5178.6 | J113: 5193.35 | K113: 5205.31 | N113: =(A113/86400)+25569 -> 46078.976 | O113: =CEILING(INT(N113*1440)/1440*288,1)/288 -> 46078.976 | P113: =MROUND((O113-25569)*86400,300) -> 1772061900
...

Sheet ZigZag
A1: timestamp | B1: symbol | C1: timeframe | D1: close | E1: zigzag_high | F1: zigzag_low | G1: ema | I1: convert_to_readable_datetime | J1: round_to_nearest_datetime_5m | K1: timestamp_adjusted
A2: 1772024998 | B2: XAUUSD | C2: M5 | D2: 5187.2 | E2: 0 | F2: 0 | G2: 5181.08 | I2: =(A2/86400)+25569 -> 46078.549 | J2: =CEILING(INT(I2*1440)/1440*288,1)/288 -> 46078.549 | K2: =MROUND((J2-25569)*86400,300) -> 1772025000
A3: 1772025298 | B3: XAUUSD | C3: M5 | D3: 5187 | E3: 0 | F3: 0 | G3: 5181.54 | I3: =(A3/86400)+25569 -> 46078.552 | J3: =CEILING(INT(I3*1440)/1440*288,1)/288 -> 46078.552 | K3: =MROUND((J3-25569)*86400,300) -> 1772025300
A4: 1772025598 | B4: XAUUSD | C4: M5 | D4: 5191.13 | E4: 5191.47 | F4: 0 | G4: 5182.12 | I4: =(A4/86400)+25569 -> 46078.556 | J4: =CEILING(INT(I4*1440)/1440*288,1)/288 -> 46078.556 | K4: =MROUND((J4-25569)*86400,300) -> 1772025600
A5: 1772025898 | B5: XAUUSD | C5: M5 | D5: 5188.07 | E5: 0 | F5: 0 | G5: 5182.59 | I5: =(A5/86400)+25569 -> 46078.559 | J5: =CEILING(INT(I5*1440)/1440*288,1)/288 -> 46078.559 | K5: =MROUND((J5-25569)*86400,300) -> 1772025900
A6: 1772026198 | B6: XAUUSD | C6: M5 | D6: 5188.16 | E6: 0 | F6: 0 | G6: 5183 | I6: =(A6/86400)+25569 -> 46078.562 | J6: =CEILING(INT(I6*1440)/1440*288,1)/288 -> 46078.562 | K6: =MROUND((J6-25569)*86400,300) -> 1772026200
A7: 1772026498 | B7: XAUUSD | C7: M5 | D7: 5189.61 | E7: 0 | F7: 0 | G7: 5183.45 | I7: =(A7/86400)+25569 -> 46078.566 | J7: =CEILING(INT(I7*1440)/1440*288,1)/288 -> 46078.566 | K7: =MROUND((J7-25569)*86400,300) -> 1772026500
A8: 1772026798 | B8: XAUUSD | C8: M5 | D8: 5186.84 | E8: 0 | F8: 0 | G8: 5183.68 | I8: =(A8/86400)+25569 -> 46078.569 | J8: =CEILING(INT(I8*1440)/1440*288,1)/288 -> 46078.569 | K8: =MROUND((J8-25569)*86400,300) -> 1772026800
A9: 1772027098 | B9: XAUUSD | C9: M5 | D9: 5186.59 | E9: 0 | F9: 0 | G9: 5183.98 | I9: =(A9/86400)+25569 -> 46078.573 | J9: =CEILING(INT(I9*1440)/1440*288,1)/288 -> 46078.573 | K9: =MROUND((J9-25569)*86400,300) -> 1772027100
A10: 1772027398 | B10: XAUUSD | C10: M5 | D10: 5186.07 | E10: 0 | F10: 0 | G10: 5184.12 | I10: =(A10/86400)+25569 -> 46078.576 | J10: =CEILING(INT(I10*1440)/1440*288,1)/288 -> 46078.576 | K10: =MROUND((J10-25569)*86400,300) -> 1772027400
A11: 1772027698 | B11: XAUUSD | C11: M5 | D11: 5185.23 | E11: 0 | F11: 0 | G11: 5184.26 | I11: =(A11/86400)+25569 -> 46078.58 | J11: =CEILING(INT(I11*1440)/1440*288,1)/288 -> 46078.58 | K11: =MROUND((J11-25569)*86400,300) -> 1772027700
A12: 1772027998 | B12: XAUUSD | C12: M5 | D12: 5187.18 | E12: 0 | F12: 0 | G12: 5184.39 | I12: =(A12/86400)+25569 -> 46078.583 | J12: =CEILING(INT(I12*1440)/1440*288,1)/288 -> 46078.583 | K12: =MROUND((J12-25569)*86400,300) -> 1772028000
A13: 1772028298 | B13: XAUUSD | C13: M5 | D13: 5189.99 | E13: 0 | F13: 0 | G13: 5184.74 | I13: =(A13/86400)+25569 -> 46078.587 | J13: =CEILING(INT(I13*1440)/1440*288,1)/288 -> 46078.587 | K13: =MROUND((J13-25569)*86400,300) -> 1772028300
... A501: 1772181898 | B501: XAUUSD | C501: M5 | D501: 5180.67 | E501: 0 | F501: 0 | G501: 5182.26 | I501: =(A501/86400)+25569 -> 46080.365 | J501: =CEILING(INT(I501*1440)/1440*288,1)/288 -> 46080.365 | K501: =MROUND((J501-25569)*86400,300) -> 1772181900

Sheet Dual_Tema
A1: timestamp | B1: symbol | C1: timeframe | D1: close | E1: dual_tema_high | F1: dual_tema_low | H1: convert_to_readable_datetime | I1: round_to_nearest_datetime_5m | J1: timestamp_adjusted
A2: 1772024998 | B2: XAUUSD | C2: M5 | D2: 5187.2 | E2: 5188.55 | F2: 5184.29 | H2: =(A2/86400)+25569 -> 46078.549 | I2: =CEILING(INT(H2*1440)/1440*288,1)/288 -> 46078.549 | J2: =MROUND((I2-25569)*86400,300) -> 1772025000
A3: 1772025298 | B3: XAUUSD | C3: M5 | D3: 5187 | E3: 5189.36 | F3: 5185.43 | H3: =(A3/86400)+25569 -> 46078.552 | I3: =CEILING(INT(H3*1440)/1440*288,1)/288 -> 46078.552 | J3: =MROUND((I3-25569)*86400,300) -> 1772025300
A4: 1772025598 | B4: XAUUSD | C4: M5 | D4: 5191.13 | E4: 5190.73 | F4: 5186.16 | H4: =(A4/86400)+25569 -> 46078.556 | I4: =CEILING(INT(H4*1440)/1440*288,1)/288 -> 46078.556 | J4: =MROUND((I4-25569)*86400,300) -> 1772025600
A5: 1772025898 | B5: XAUUSD | C5: M5 | D5: 5188.07 | E5: 5191.47 | F5: 5186.92 | H5: =(A5/86400)+25569 -> 46078.559 | I5: =CEILING(INT(H5*1440)/1440*288,1)/288 -> 46078.559 | J5: =MROUND((I5-25569)*86400,300) -> 1772025900
A6: 1772026198 | B6: XAUUSD | C6: M5 | D6: 5188.16 | E6: 5191.36 | F6: 5187.17 | H6: =(A6/86400)+25569 -> 46078.562 | I6: =CEILING(INT(H6*1440)/1440*288,1)/288 -> 46078.562 | J6: =MROUND((I6-25569)*86400,300) -> 1772026200
A7: 1772026498 | B7: XAUUSD | C7: M5 | D7: 5189.61 | E7: 5191.2 | F7: 5187.78 | H7: =(A7/86400)+25569 -> 46078.566 | I7: =CEILING(INT(H7*1440)/1440*288,1)/288 -> 46078.566 | J7: =MROUND((I7-25569)*86400,300) -> 1772026500
A8: 1772026798 | B8: XAUUSD | C8: M5 | D8: 5186.84 | E8: 5191.5 | F8: 5185.31 | H8: =(A8/86400)+25569 -> 46078.569 | I8: =CEILING(INT(H8*1440)/1440*288,1)/288 -> 46078.569 | J8: =MROUND((I8-25569)*86400,300) -> 1772026800
A9: 1772027098 | B9: XAUUSD | C9: M5 | D9: 5186.59 | E9: 5191.53 | F9: 5185.45 | H9: =(A9/86400)+25569 -> 46078.573 | I9: =CEILING(INT(H9*1440)/1440*288,1)/288 -> 46078.573 | J9: =MROUND((I9-25569)*86400,300) -> 1772027100
A10: 1772027398 | B10: XAUUSD | C10: M5 | D10: 5186.07 | E10: 5189.69 | F10: 5184.86 | H10: =(A10/86400)+25569 -> 46078.576 | I10: =CEILING(INT(H10*1440)/1440*288,1)/288 -> 46078.576 | J10: =MROUND((I10-25569)*86400,300) -> 1772027400
A11: 1772027698 | B11: XAUUSD | C11: M5 | D11: 5185.23 | E11: 5189.01 | F11: 5184.7 | H11: =(A11/86400)+25569 -> 46078.58 | I11: =CEILING(INT(H11*1440)/1440*288,1)/288 -> 46078.58 | J11: =MROUND((I11-25569)*86400,300) -> 1772027700
A12: 1772027998 | B12: XAUUSD | C12: M5 | D12: 5187.18 | E12: 5188.01 | F12: 5184.11 | H12: =(A12/86400)+25569 -> 46078.583 | I12: =CEILING(INT(H12*1440)/1440*288,1)/288 -> 46078.583 | J12: =MROUND((I12-25569)*86400,300) -> 1772028000
A13: 1772028298 | B13: XAUUSD | C13: M5 | D13: 5189.99 | E13: 5189.22 | F13: 5185.22 | H13: =(A13/86400)+25569 -> 46078.587 | I13: =CEILING(INT(H13*1440)/1440*288,1)/288 -> 46078.587 | J13: =MROUND((I13-25569)*86400,300) -> 1772028300
... A501: 1772181898 | B501: XAUUSD | C501: M5 | D501: 5180 | E501: 5181.09 | F501: 5179.72 | H501: =(A501/86400)+25569 -> 46080.365 | I501: =CEILING(INT(H501*1440)/1440*288,1)/288 -> 46080.365 | J501: =MROUND((I501-25569)*86400,300) -> 1772181900

Sheet Pinbar
A1: timestamp | B1: symbol | C1: timeframe | D1: close | E1: pinbar | G1: convert_to_readable_datetime | H1: round_to_nearest_datetime_5m | I1: timestamp_adjusted
A2: 1772024998 | B2: XAUUSD | C2: M5 | D2: 5187.2 | E2: 0 | G2: =(A2/86400)+25569 -> 46078.549 | H2: =CEILING(INT(G2*1440)/1440*288,1)/288 -> 46078.549 | I2: =MROUND((H2-25569)*86400,300) -> 1772025000
A3: 1772025298 | B3: XAUUSD | C3: M5 | D3: 5187 | E3: 0 | G3: =(A3/86400)+25569 -> 46078.552 | H3: =CEILING(INT(G3*1440)/1440*288,1)/288 -> 46078.552 | I3: =MROUND((H3-25569)*86400,300) -> 1772025300
A4: 1772025598 | B4: XAUUSD | C4: M5 | D4: 5191.13 | E4: 0 | G4: =(A4/86400)+25569 -> 46078.556 | H4: =CEILING(INT(G4*1440)/1440*288,1)/288 -> 46078.556 | I4: =MROUND((H4-25569)*86400,300) -> 1772025600
A5: 1772025898 | B5: XAUUSD | C5: M5 | D5: 5188.07 | E5: 0 | G5: =(A5/86400)+25569 -> 46078.559 | H5: =CEILING(INT(G5*1440)/1440*288,1)/288 -> 46078.559 | I5: =MROUND((H5-25569)*86400,300) -> 1772025900
A6: 1772026198 | B6: XAUUSD | C6: M5 | D6: 5188.16 | E6: 0 | G6: =(A6/86400)+25569 -> 46078.562 | H6: =CEILING(INT(G6*1440)/1440*288,1)/288 -> 46078.562 | I6: =MROUND((H6-25569)*86400,300) -> 1772026200
A7: 1772026498 | B7: XAUUSD | C7: M5 | D7: 5189.61 | E7: 0 | G7: =(A7/86400)+25569 -> 46078.566 | H7: =CEILING(INT(G7*1440)/1440*288,1)/288 -> 46078.566 | I7: =MROUND((H7-25569)*86400,300) -> 1772026500
A8: 1772026798 | B8: XAUUSD | C8: M5 | D8: 5186.84 | E8: 0 | G8: =(A8/86400)+25569 -> 46078.569 | H8: =CEILING(INT(G8*1440)/1440*288,1)/288 -> 46078.569 | I8: =MROUND((H8-25569)*86400,300) -> 1772026800
A9: 1772027098 | B9: XAUUSD | C9: M5 | D9: 5186.59 | E9: 0 | G9: =(A9/86400)+25569 -> 46078.573 | H9: =CEILING(INT(G9*1440)/1440*288,1)/288 -> 46078.573 | I9: =MROUND((H9-25569)*86400,300) -> 1772027100
A10: 1772027398 | B10: XAUUSD | C10: M5 | D10: 5186.07 | E10: 0 | G10: =(A10/86400)+25569 -> 46078.576 | H10: =CEILING(INT(G10*1440)/1440*288,1)/288 -> 46078.576 | I10: =MROUND((H10-25569)*86400,300) -> 1772027400
A11: 1772027698 | B11: XAUUSD | C11: M5 | D11: 5185.23 | E11: 0 | G11: =(A11/86400)+25569 -> 46078.58 | H11: =CEILING(INT(G11*1440)/1440*288,1)/288 -> 46078.58 | I11: =MROUND((H11-25569)*86400,300) -> 1772027700
A12: 1772027998 | B12: XAUUSD | C12: M5 | D12: 5187.18 | E12: 0 | G12: =(A12/86400)+25569 -> 46078.583 | H12: =CEILING(INT(G12*1440)/1440*288,1)/288 -> 46078.583 | I12: =MROUND((H12-25569)*86400,300) -> 1772028000
A13: 1772028298 | B13: XAUUSD | C13: M5 | D13: 5189.99 | E13: 0 | G13: =(A13/86400)+25569 -> 46078.587 | H13: =CEILING(INT(G13*1440)/1440*288,1)/288 -> 46078.587 | I13: =MROUND((H13-25569)*86400,300) -> 1772028300
... A501: 1772181898 | B501: XAUUSD | C501: M5 | D501: 5181.1 | E501: 0 | G501: =(A501/86400)+25569 -> 46080.365 | H501: =CEILING(INT(G501*1440)/1440*288,1)/288 -> 46080.365 | I501: =MROUND((H501-25569)*86400,300) -> 1772181900

Sheet SSA
A1: timestamp | B1: symbol | C1: timeframe | D1: close | E1: ssa | F1: ema_ssa | H1: convert_to_readable_datetime | I1: round_to_nearest_datetime_5m | J1: timestamp_adjusted
A2: 1772025000 | B2: XAUUSD | C2: M5 | D2: 5187.2 | E2: 5187.5351 | F2: 5186.6253 | H2: =(A2/86400)+25569 -> 46078.549 | I2: =CEILING(INT(H2*1440)/1440*288,1)/288 -> 46078.549 | J2: =MROUND((I2-25569)*86400,300) -> 1772025000
A3: 1772025300 | B3: XAUUSD | C3: M5 | D3: 5187 | E3: 5187.9737 | F3: 5187.2995 | H3: =(A3/86400)+25569 -> 46078.552 | I3: =CEILING(INT(H3*1440)/1440*288,1)/288 -> 46078.552 | J3: =MROUND((I3-25569)*86400,300) -> 1772025300
A4: 1772025600 | B4: XAUUSD | C4: M5 | D4: 5191.13 | E4: 5188.112 | F4: 5187.7058 | H4: =(A4/86400)+25569 -> 46078.556 | I4: =CEILING(INT(H4*1440)/1440*288,1)/288 -> 46078.556 | J4: =MROUND((I4-25569)*86400,300) -> 1772025600
A5: 1772025900 | B5: XAUUSD | C5: M5 | D5: 5188.07 | E5: 5187.9842 | F5: 5187.845 | H5: =(A5/86400)+25569 -> 46078.559 | I5: =CEILING(INT(H5*1440)/1440*288,1)/288 -> 46078.559 | J5: =MROUND((I5-25569)*86400,300) -> 1772025900
A6: 1772026200 | B6: XAUUSD | C6: M5 | D6: 5188.16 | E6: 5187.8513 | F6: 5187.8481 | H6: =(A6/86400)+25569 -> 46078.562 | I6: =CEILING(INT(H6*1440)/1440*288,1)/288 -> 46078.562 | J6: =MROUND((I6-25569)*86400,300) -> 1772026200
A7: 1772026500 | B7: XAUUSD | C7: M5 | D7: 5189.61 | E7: 5187.8602 | F7: 5187.8542 | H7: =(A7/86400)+25569 -> 46078.566 | I7: =CEILING(INT(H7*1440)/1440*288,1)/288 -> 46078.566 | J7: =MROUND((I7-25569)*86400,300) -> 1772026500
A8: 1772026800 | B8: XAUUSD | C8: M5 | D8: 5186.84 | E8: 5188.0224 | F8: 5187.9383 | H8: =(A8/86400)+25569 -> 46078.569 | I8: =CEILING(INT(H8*1440)/1440*288,1)/288 -> 46078.569 | J8: =MROUND((I8-25569)*86400,300) -> 1772026800
A9: 1772027100 | B9: XAUUSD | C9: M5 | D9: 5186.59 | E9: 5188.327 | F9: 5188.1327 | H9: =(A9/86400)+25569 -> 46078.573 | I9: =CEILING(INT(H9*1440)/1440*288,1)/288 -> 46078.573 | J9: =MROUND((I9-25569)*86400,300) -> 1772027100
A10: 1772027400 | B10: XAUUSD | C10: M5 | D10: 5186.07 | E10: 5188.5571 | F10: 5188.3449 | H10: =(A10/86400)+25569 -> 46078.576 | I10: =CEILING(INT(H10*1440)/1440*288,1)/288 -> 46078.576 | J10: =MROUND((I10-25569)*86400,300) -> 1772027400
A11: 1772027700 | B11: XAUUSD | C11: M5 | D11: 5185.23 | E11: 5188.4097 | F11: 5188.3773 | H11: =(A11/86400)+25569 -> 46078.58 | I11: =CEILING(INT(H11*1440)/1440*288,1)/288 -> 46078.58 | J11: =MROUND((I11-25569)*86400,300) -> 1772027700
A12: 1772028000 | B12: XAUUSD | C12: M5 | D12: 5187.18 | E12: 5187.6246 | F12: 5188.0009 | H12: =(A12/86400)+25569 -> 46078.583 | I12: =CEILING(INT(H12*1440)/1440*288,1)/288 -> 46078.583 | J12: =MROUND((I12-25569)*86400,300) -> 1772028000
A13: 1772028300 | B13: XAUUSD | C13: M5 | D13: 5189.99 | E13: 5185.986 | F13: 5186.9935 | H13: =(A13/86400)+25569 -> 46078.587 | I13: =CEILING(INT(H13*1440)/1440*288,1)/288 -> 46078.587 | J13: =MROUND((I13-25569)*86400,300) -> 1772028300
... A500: 1772181600 | B500: XAUUSD | C500: M5 | D500: 5180.32 | E500: 5179.5827 | F500: 5179.4282 | H500: =(A500/86400)+25569 -> 46080.361 | I500: =CEILING(INT(H500*1440)/1440*288,1)/288 -> 46080.361 | J500: =MROUND((I500-25569)*86400,300) -> 1772181600

Sheet Validation
A1: =Price!L1 -> timestamp_adjusted | B1: timestamp_adjusted_check | C1: =Price!B1 -> symbol | D1: symbol_check | E1: =Price!C1 -> timeframe | F1: timeframe_check | G1: =Price!D1 -> close | H1: close_check | J1: check_all | K1: check_all_batch
A2: =Price!L2 -> 1772025000 | B2: =AND(Diagonals!Q2=Dual_Tema!J2,Trendlines!Q2=Dual_Tema!J2,KC!R2=Dual_Tema!J2,Pinbar!I2=Dual_Tema!J2,Price!L2=Dual_Tema!J2,SR_Levels!P2=Dual_Tema!J2,Tema_Hrma_Smma!K2=Dual_Tema!J2,HA!P2=Dual_Tema!J2,ZigZag!K2=Dual_Tema!J2,ZScore!O2=Dual_Tema!J2) -> TRUE | C2: =Price!B2 -> XAUUSD | D2: =AND(Diagonals!B2=Dual_Tema!B2,Trendlines!B2=Dual_Tema!B2,KC!B2=Dual_Tema!B2,Pinbar!B2=Dual_Tema!B2,Price!B2=Dual_Tema!B2,SR_Levels!B2=Dual_Tema!B2,Tema_Hrma_Smma!B2=Dual_Tema!B2,HA!B2=Dual_Tema!B2,ZigZag!B2=Dual_Tema!B2,ZScore!B2=Dual_Tema!B2) -> TRUE | E2: =Price!C2 -> M5 | F2: =AND(Diagonals!C2=Dual_Tema!C2,Trendlines!C2=Dual_Tema!C2,KC!C2=Dual_Tema!C2,Pinbar!C2=Dual_Tema!C2,Price!C2=Dual_Tema!C2,SR_Levels!C2=Dual_Tema!C2,Tema_Hrma_Smma!C2=Dual_Tema!C2,HA!C2=Dual_Tema!C2,ZigZag!C2=Dual_Tema!C2,ZScore!C2=Dual_Tema!C2) -> TRUE | G2: =Price!D2 -> 5187.2 | H2: =AND(Diagonals!D2=Dual_Tema!D2,Trendlines!D2=Dual_Tema!D2,KC!D2=Dual_Tema!D2,Pinbar!D2=Dual_Tema!D2,Price!D2=Dual_Tema!D2,SR_Levels!D2=Dual_Tema!D2,Tema_Hrma_Smma!D2=Dual_Tema!D2,HA!D2=Dual_Tema!D2,ZigZag!D2=Dual_Tema!D2,ZScore!D2=Dual_Tema!D2) -> TRUE | J2: =AND(B2=TRUE,D2=TRUE,F2=TRUE,H2=TRUE) -> TRUE | K2: =AND(J2:J500) -> TRUE
A3: =Price!L3 -> 1772025300 | B3: =AND(Diagonals!Q3=Dual_Tema!J3,Trendlines!Q3=Dual_Tema!J3,KC!R3=Dual_Tema!J3,Pinbar!I3=Dual_Tema!J3,Price!L3=Dual_Tema!J3,SR_Levels!P3=Dual_Tema!J3,Tema_Hrma_Smma!K3=Dual_Tema!J3,HA!P3=Dual_Tema!J3,ZigZag!K3=Dual_Tema!J3,ZScore!O3=Dual_Tema!J3) -> TRUE | C3: =Price!B3 -> XAUUSD | D3: =AND(Diagonals!B3=Dual_Tema!B3,Trendlines!B3=Dual_Tema!B3,KC!B3=Dual_Tema!B3,Pinbar!B3=Dual_Tema!B3,Price!B3=Dual_Tema!B3,SR_Levels!B3=Dual_Tema!B3,Tema_Hrma_Smma!B3=Dual_Tema!B3,HA!B3=Dual_Tema!B3,ZigZag!B3=Dual_Tema!B3,ZScore!B3=Dual_Tema!B3) -> TRUE | E3: =Price!C3 -> M5 | F3: =AND(Diagonals!C3=Dual_Tema!C3,Trendlines!C3=Dual_Tema!C3,KC!C3=Dual_Tema!C3,Pinbar!C3=Dual_Tema!C3,Price!C3=Dual_Tema!C3,SR_Levels!C3=Dual_Tema!C3,Tema_Hrma_Smma!C3=Dual_Tema!C3,HA!C3=Dual_Tema!C3,ZigZag!C3=Dual_Tema!C3,ZScore!C3=Dual_Tema!C3) -> TRUE | G3: =Price!D3 -> 5187 | H3: =AND(Diagonals!D3=Dual_Tema!D3,Trendlines!D3=Dual_Tema!D3,KC!D3=Dual_Tema!D3,Pinbar!D3=Dual_Tema!D3,Price!D3=Dual_Tema!D3,SR_Levels!D3=Dual_Tema!D3,Tema_Hrma_Smma!D3=Dual_Tema!D3,HA!D3=Dual_Tema!D3,ZigZag!D3=Dual_Tema!D3,ZScore!D3=Dual_Tema!D3) -> TRUE | J3: =AND(B3=TRUE,D3=TRUE,F3=TRUE,H3=TRUE) -> TRUE
A4: =Price!L4 -> 1772025600 | B4: =AND(Diagonals!Q4=Dual_Tema!J4,Trendlines!Q4=Dual_Tema!J4,KC!R4=Dual_Tema!J4,Pinbar!I4=Dual_Tema!J4,Price!L4=Dual_Tema!J4,SR_Levels!P4=Dual_Tema!J4,Tema_Hrma_Smma!K4=Dual_Tema!J4,HA!P4=Dual_Tema!J4,ZigZag!K4=Dual_Tema!J4,ZScore!O4=Dual_Tema!J4) -> TRUE | C4: =Price!B4 -> XAUUSD | D4: =AND(Diagonals!B4=Dual_Tema!B4,Trendlines!B4=Dual_Tema!B4,KC!B4=Dual_Tema!B4,Pinbar!B4=Dual_Tema!B4,Price!B4=Dual_Tema!B4,SR_Levels!B4=Dual_Tema!B4,Tema_Hrma_Smma!B4=Dual_Tema!B4,HA!B4=Dual_Tema!B4,ZigZag!B4=Dual_Tema!B4,ZScore!B4=Dual_Tema!B4) -> TRUE | E4: =Price!C4 -> M5 | F4: =AND(Diagonals!C4=Dual_Tema!C4,Trendlines!C4=Dual_Tema!C4,KC!C4=Dual_Tema!C4,Pinbar!C4=Dual_Tema!C4,Price!C4=Dual_Tema!C4,SR_Levels!C4=Dual_Tema!C4,Tema_Hrma_Smma!C4=Dual_Tema!C4,HA!C4=Dual_Tema!C4,ZigZag!C4=Dual_Tema!C4,ZScore!C4=Dual_Tema!C4) -> TRUE | G4: =Price!D4 -> 5191.13 | H4: =AND(Diagonals!D4=Dual_Tema!D4,Trendlines!D4=Dual_Tema!D4,KC!D4=Dual_Tema!D4,Pinbar!D4=Dual_Tema!D4,Price!D4=Dual_Tema!D4,SR_Levels!D4=Dual_Tema!D4,Tema_Hrma_Smma!D4=Dual_Tema!D4,HA!D4=Dual_Tema!D4,ZigZag!D4=Dual_Tema!D4,ZScore!D4=Dual_Tema!D4) -> TRUE | J4: =AND(B4=TRUE,D4=TRUE,F4=TRUE,H4=TRUE) -> TRUE
A5: =Price!L5 -> 1772025900 | B5: =AND(Diagonals!Q5=Dual_Tema!J5,Trendlines!Q5=Dual_Tema!J5,KC!R5=Dual_Tema!J5,Pinbar!I5=Dual_Tema!J5,Price!L5=Dual_Tema!J5,SR_Levels!P5=Dual_Tema!J5,Tema_Hrma_Smma!K5=Dual_Tema!J5,HA!P5=Dual_Tema!J5,ZigZag!K5=Dual_Tema!J5,ZScore!O5=Dual_Tema!J5) -> TRUE | C5: =Price!B5 -> XAUUSD | D5: =AND(Diagonals!B5=Dual_Tema!B5,Trendlines!B5=Dual_Tema!B5,KC!B5=Dual_Tema!B5,Pinbar!B5=Dual_Tema!B5,Price!B5=Dual_Tema!B5,SR_Levels!B5=Dual_Tema!B5,Tema_Hrma_Smma!B5=Dual_Tema!B5,HA!B5=Dual_Tema!B5,ZigZag!B5=Dual_Tema!B5,ZScore!B5=Dual_Tema!B5) -> TRUE | E5: =Price!C5 -> M5 | F5: =AND(Diagonals!C5=Dual_Tema!C5,Trendlines!C5=Dual_Tema!C5,KC!C5=Dual_Tema!C5,Pinbar!C5=Dual_Tema!C5,Price!C5=Dual_Tema!C5,SR_Levels!C5=Dual_Tema!C5,Tema_Hrma_Smma!C5=Dual_Tema!C5,HA!C5=Dual_Tema!C5,ZigZag!C5=Dual_Tema!C5,ZScore!C5=Dual_Tema!C5) -> TRUE | G5: =Price!D5 -> 5188.07 | H5: =AND(Diagonals!D5=Dual_Tema!D5,Trendlines!D5=Dual_Tema!D5,KC!D5=Dual_Tema!D5,Pinbar!D5=Dual_Tema!D5,Price!D5=Dual_Tema!D5,SR_Levels!D5=Dual_Tema!D5,Tema_Hrma_Smma!D5=Dual_Tema!D5,HA!D5=Dual_Tema!D5,ZigZag!D5=Dual_Tema!D5,ZScore!D5=Dual_Tema!D5) -> TRUE | J5: =AND(B5=TRUE,D5=TRUE,F5=TRUE,H5=TRUE) -> TRUE
A6: =Price!L6 -> 1772026200 | B6: =AND(Diagonals!Q6=Dual_Tema!J6,Trendlines!Q6=Dual_Tema!J6,KC!R6=Dual_Tema!J6,Pinbar!I6=Dual_Tema!J6,Price!L6=Dual_Tema!J6,SR_Levels!P6=Dual_Tema!J6,Tema_Hrma_Smma!K6=Dual_Tema!J6,HA!P6=Dual_Tema!J6,ZigZag!K6=Dual_Tema!J6,ZScore!O6=Dual_Tema!J6) -> TRUE | C6: =Price!B6 -> XAUUSD | D6: =AND(Diagonals!B6=Dual_Tema!B6,Trendlines!B6=Dual_Tema!B6,KC!B6=Dual_Tema!B6,Pinbar!B6=Dual_Tema!B6,Price!B6=Dual_Tema!B6,SR_Levels!B6=Dual_Tema!B6,Tema_Hrma_Smma!B6=Dual_Tema!B6,HA!B6=Dual_Tema!B6,ZigZag!B6=Dual_Tema!B6,ZScore!B6=Dual_Tema!B6) -> TRUE | E6: =Price!C6 -> M5 | F6: =AND(Diagonals!C6=Dual_Tema!C6,Trendlines!C6=Dual_Tema!C6,KC!C6=Dual_Tema!C6,Pinbar!C6=Dual_Tema!C6,Price!C6=Dual_Tema!C6,SR_Levels!C6=Dual_Tema!C6,Tema_Hrma_Smma!C6=Dual_Tema!C6,HA!C6=Dual_Tema!C6,ZigZag!C6=Dual_Tema!C6,ZScore!C6=Dual_Tema!C6) -> TRUE | G6: =Price!D6 -> 5188.16 | H6: =AND(Diagonals!D6=Dual_Tema!D6,Trendlines!D6=Dual_Tema!D6,KC!D6=Dual_Tema!D6,Pinbar!D6=Dual_Tema!D6,Price!D6=Dual_Tema!D6,SR_Levels!D6=Dual_Tema!D6,Tema_Hrma_Smma!D6=Dual_Tema!D6,HA!D6=Dual_Tema!D6,ZigZag!D6=Dual_Tema!D6,ZScore!D6=Dual_Tema!D6) -> TRUE | J6: =AND(B6=TRUE,D6=TRUE,F6=TRUE,H6=TRUE) -> TRUE
A7: =Price!L7 -> 1772026500 | B7: =AND(Diagonals!Q7=Dual_Tema!J7,Trendlines!Q7=Dual_Tema!J7,KC!R7=Dual_Tema!J7,Pinbar!I7=Dual_Tema!J7,Price!L7=Dual_Tema!J7,SR_Levels!P7=Dual_Tema!J7,Tema_Hrma_Smma!K7=Dual_Tema!J7,HA!P7=Dual_Tema!J7,ZigZag!K7=Dual_Tema!J7,ZScore!O7=Dual_Tema!J7) -> TRUE | C7: =Price!B7 -> XAUUSD | D7: =AND(Diagonals!B7=Dual_Tema!B7,Trendlines!B7=Dual_Tema!B7,KC!B7=Dual_Tema!B7,Pinbar!B7=Dual_Tema!B7,Price!B7=Dual_Tema!B7,SR_Levels!B7=Dual_Tema!B7,Tema_Hrma_Smma!B7=Dual_Tema!B7,HA!B7=Dual_Tema!B7,ZigZag!B7=Dual_Tema!B7,ZScore!B7=Dual_Tema!B7) -> TRUE | E7: =Price!C7 -> M5 | F7: =AND(Diagonals!C7=Dual_Tema!C7,Trendlines!C7=Dual_Tema!C7,KC!C7=Dual_Tema!C7,Pinbar!C7=Dual_Tema!C7,Price!C7=Dual_Tema!C7,SR_Levels!C7=Dual_Tema!C7,Tema_Hrma_Smma!C7=Dual_Tema!C7,HA!C7=Dual_Tema!C7,ZigZag!C7=Dual_Tema!C7,ZScore!C7=Dual_Tema!C7) -> TRUE | G7: =Price!D7 -> 5189.61 | H7: =AND(Diagonals!D7=Dual_Tema!D7,Trendlines!D7=Dual_Tema!D7,KC!D7=Dual_Tema!D7,Pinbar!D7=Dual_Tema!D7,Price!D7=Dual_Tema!D7,SR_Levels!D7=Dual_Tema!D7,Tema_Hrma_Smma!D7=Dual_Tema!D7,HA!D7=Dual_Tema!D7,ZigZag!D7=Dual_Tema!D7,ZScore!D7=Dual_Tema!D7) -> TRUE | J7: =AND(B7=TRUE,D7=TRUE,F7=TRUE,H7=TRUE) -> TRUE
A8: =Price!L8 -> 1772026800 | B8: =AND(Diagonals!Q8=Dual_Tema!J8,Trendlines!Q8=Dual_Tema!J8,KC!R8=Dual_Tema!J8,Pinbar!I8=Dual_Tema!J8,Price!L8=Dual_Tema!J8,SR_Levels!P8=Dual_Tema!J8,Tema_Hrma_Smma!K8=Dual_Tema!J8,HA!P8=Dual_Tema!J8,ZigZag!K8=Dual_Tema!J8,ZScore!O8=Dual_Tema!J8) -> TRUE | C8: =Price!B8 -> XAUUSD | D8: =AND(Diagonals!B8=Dual_Tema!B8,Trendlines!B8=Dual_Tema!B8,KC!B8=Dual_Tema!B8,Pinbar!B8=Dual_Tema!B8,Price!B8=Dual_Tema!B8,SR_Levels!B8=Dual_Tema!B8,Tema_Hrma_Smma!B8=Dual_Tema!B8,HA!B8=Dual_Tema!B8,ZigZag!B8=Dual_Tema!B8,ZScore!B8=Dual_Tema!B8) -> TRUE | E8: =Price!C8 -> M5 | F8: =AND(Diagonals!C8=Dual_Tema!C8,Trendlines!C8=Dual_Tema!C8,KC!C8=Dual_Tema!C8,Pinbar!C8=Dual_Tema!C8,Price!C8=Dual_Tema!C8,SR_Levels!C8=Dual_Tema!C8,Tema_Hrma_Smma!C8=Dual_Tema!C8,HA!C8=Dual_Tema!C8,ZigZag!C8=Dual_Tema!C8,ZScore!C8=Dual_Tema!C8) -> TRUE | G8: =Price!D8 -> 5186.84 | H8: =AND(Diagonals!D8=Dual_Tema!D8,Trendlines!D8=Dual_Tema!D8,KC!D8=Dual_Tema!D8,Pinbar!D8=Dual_Tema!D8,Price!D8=Dual_Tema!D8,SR_Levels!D8=Dual_Tema!D8,Tema_Hrma_Smma!D8=Dual_Tema!D8,HA!D8=Dual_Tema!D8,ZigZag!D8=Dual_Tema!D8,ZScore!D8=Dual_Tema!D8) -> TRUE | J8: =AND(B8=TRUE,D8=TRUE,F8=TRUE,H8=TRUE) -> TRUE
A9: =Price!L9 -> 1772027100 | B9: =AND(Diagonals!Q9=Dual_Tema!J9,Trendlines!Q9=Dual_Tema!J9,KC!R9=Dual_Tema!J9,Pinbar!I9=Dual_Tema!J9,Price!L9=Dual_Tema!J9,SR_Levels!P9=Dual_Tema!J9,Tema_Hrma_Smma!K9=Dual_Tema!J9,HA!P9=Dual_Tema!J9,ZigZag!K9=Dual_Tema!J9,ZScore!O9=Dual_Tema!J9) -> TRUE | C9: =Price!B9 -> XAUUSD | D9: =AND(Diagonals!B9=Dual_Tema!B9,Trendlines!B9=Dual_Tema!B9,KC!B9=Dual_Tema!B9,Pinbar!B9=Dual_Tema!B9,Price!B9=Dual_Tema!B9,SR_Levels!B9=Dual_Tema!B9,Tema_Hrma_Smma!B9=Dual_Tema!B9,HA!B9=Dual_Tema!B9,ZigZag!B9=Dual_Tema!B9,ZScore!B9=Dual_Tema!B9) -> TRUE | E9: =Price!C9 -> M5 | F9: =AND(Diagonals!C9=Dual_Tema!C9,Trendlines!C9=Dual_Tema!C9,KC!C9=Dual_Tema!C9,Pinbar!C9=Dual_Tema!C9,Price!C9=Dual_Tema!C9,SR_Levels!C9=Dual_Tema!C9,Tema_Hrma_Smma!C9=Dual_Tema!C9,HA!C9=Dual_Tema!C9,ZigZag!C9=Dual_Tema!C9,ZScore!C9=Dual_Tema!C9) -> TRUE | G9: =Price!D9 -> 5186.59 | H9: =AND(Diagonals!D9=Dual_Tema!D9,Trendlines!D9=Dual_Tema!D9,KC!D9=Dual_Tema!D9,Pinbar!D9=Dual_Tema!D9,Price!D9=Dual_Tema!D9,SR_Levels!D9=Dual_Tema!D9,Tema_Hrma_Smma!D9=Dual_Tema!D9,HA!D9=Dual_Tema!D9,ZigZag!D9=Dual_Tema!D9,ZScore!D9=Dual_Tema!D9) -> TRUE | J9: =AND(B9=TRUE,D9=TRUE,F9=TRUE,H9=TRUE) -> TRUE
A10: =Price!L10 -> 1772027400 | B10: =AND(Diagonals!Q10=Dual_Tema!J10,Trendlines!Q10=Dual_Tema!J10,KC!R10=Dual_Tema!J10,Pinbar!I10=Dual_Tema!J10,Price!L10=Dual_Tema!J10,SR_Levels!P10=Dual_Tema!J10,Tema_Hrma_Smma!K10=Dual_Tema!J10,HA!P10=Dual_Tema!J10,ZigZag!K10=Dual_Tema!J10,ZScore!O10=Dual_Tema!J10) -> TRUE | C10: =Price!B10 -> XAUUSD | D10: =AND(Diagonals!B10=Dual_Tema!B10,Trendlines!B10=Dual_Tema!B10,KC!B10=Dual_Tema!B10,Pinbar!B10=Dual_Tema!B10,Price!B10=Dual_Tema!B10,SR_Levels!B10=Dual_Tema!B10,Tema_Hrma_Smma!B10=Dual_Tema!B10,HA!B10=Dual_Tema!B10,ZigZag!B10=Dual_Tema!B10,ZScore!B10=Dual_Tema!B10) -> TRUE | E10: =Price!C10 -> M5 | F10: =AND(Diagonals!C10=Dual_Tema!C10,Trendlines!C10=Dual_Tema!C10,KC!C10=Dual_Tema!C10,Pinbar!C10=Dual_Tema!C10,Price!C10=Dual_Tema!C10,SR_Levels!C10=Dual_Tema!C10,Tema_Hrma_Smma!C10=Dual_Tema!C10,HA!C10=Dual_Tema!C10,ZigZag!C10=Dual_Tema!C10,ZScore!C10=Dual_Tema!C10) -> TRUE | G10: =Price!D10 -> 5186.07 | H10: =AND(Diagonals!D10=Dual_Tema!D10,Trendlines!D10=Dual_Tema!D10,KC!D10=Dual_Tema!D10,Pinbar!D10=Dual_Tema!D10,Price!D10=Dual_Tema!D10,SR_Levels!D10=Dual_Tema!D10,Tema_Hrma_Smma!D10=Dual_Tema!D10,HA!D10=Dual_Tema!D10,ZigZag!D10=Dual_Tema!D10,ZScore!D10=Dual_Tema!D10) -> TRUE | J10: =AND(B10=TRUE,D10=TRUE,F10=TRUE,H10=TRUE) -> TRUE
A11: =Price!L11 -> 1772027700 | B11: =AND(Diagonals!Q11=Dual_Tema!J11,Trendlines!Q11=Dual_Tema!J11,KC!R11=Dual_Tema!J11,Pinbar!I11=Dual_Tema!J11,Price!L11=Dual_Tema!J11,SR_Levels!P11=Dual_Tema!J11,Tema_Hrma_Smma!K11=Dual_Tema!J11,HA!P11=Dual_Tema!J11,ZigZag!K11=Dual_Tema!J11,ZScore!O11=Dual_Tema!J11) -> TRUE | C11: =Price!B11 -> XAUUSD | D11: =AND(Diagonals!B11=Dual_Tema!B11,Trendlines!B11=Dual_Tema!B11,KC!B11=Dual_Tema!B11,Pinbar!B11=Dual_Tema!B11,Price!B11=Dual_Tema!B11,SR_Levels!B11=Dual_Tema!B11,Tema_Hrma_Smma!B11=Dual_Tema!B11,HA!B11=Dual_Tema!B11,ZigZag!B11=Dual_Tema!B11,ZScore!B11=Dual_Tema!B11) -> TRUE | E11: =Price!C11 -> M5 | F11: =AND(Diagonals!C11=Dual_Tema!C11,Trendlines!C11=Dual_Tema!C11,KC!C11=Dual_Tema!C11,Pinbar!C11=Dual_Tema!C11,Price!C11=Dual_Tema!C11,SR_Levels!C11=Dual_Tema!C11,Tema_Hrma_Smma!C11=Dual_Tema!C11,HA!C11=Dual_Tema!C11,ZigZag!C11=Dual_Tema!C11,ZScore!C11=Dual_Tema!C11) -> TRUE | G11: =Price!D11 -> 5185.23 | H11: =AND(Diagonals!D11=Dual_Tema!D11,Trendlines!D11=Dual_Tema!D11,KC!D11=Dual_Tema!D11,Pinbar!D11=Dual_Tema!D11,Price!D11=Dual_Tema!D11,SR_Levels!D11=Dual_Tema!D11,Tema_Hrma_Smma!D11=Dual_Tema!D11,HA!D11=Dual_Tema!D11,ZigZag!D11=Dual_Tema!D11,ZScore!D11=Dual_Tema!D11) -> TRUE | J11: =AND(B11=TRUE,D11=TRUE,F11=TRUE,H11=TRUE) -> TRUE
A12: =Price!L12 -> 1772028000 | B12: =AND(Diagonals!Q12=Dual_Tema!J12,Trendlines!Q12=Dual_Tema!J12,KC!R12=Dual_Tema!J12,Pinbar!I12=Dual_Tema!J12,Price!L12=Dual_Tema!J12,SR_Levels!P12=Dual_Tema!J12,Tema_Hrma_Smma!K12=Dual_Tema!J12,HA!P12=Dual_Tema!J12,ZigZag!K12=Dual_Tema!J12,ZScore!O12=Dual_Tema!J12) -> TRUE | C12: =Price!B12 -> XAUUSD | D12: =AND(Diagonals!B12=Dual_Tema!B12,Trendlines!B12=Dual_Tema!B12,KC!B12=Dual_Tema!B12,Pinbar!B12=Dual_Tema!B12,Price!B12=Dual_Tema!B12,SR_Levels!B12=Dual_Tema!B12,Tema_Hrma_Smma!B12=Dual_Tema!B12,HA!B12=Dual_Tema!B12,ZigZag!B12=Dual_Tema!B12,ZScore!B12=Dual_Tema!B12) -> TRUE | E12: =Price!C12 -> M5 | F12: =AND(Diagonals!C12=Dual_Tema!C12,Trendlines!C12=Dual_Tema!C12,KC!C12=Dual_Tema!C12,Pinbar!C12=Dual_Tema!C12,Price!C12=Dual_Tema!C12,SR_Levels!C12=Dual_Tema!C12,Tema_Hrma_Smma!C12=Dual_Tema!C12,HA!C12=Dual_Tema!C12,ZigZag!C12=Dual_Tema!C12,ZScore!C12=Dual_Tema!C12) -> TRUE | G12: =Price!D12 -> 5187.18 | H12: =AND(Diagonals!D12=Dual_Tema!D12,Trendlines!D12=Dual_Tema!D12,KC!D12=Dual_Tema!D12,Pinbar!D12=Dual_Tema!D12,Price!D12=Dual_Tema!D12,SR_Levels!D12=Dual_Tema!D12,Tema_Hrma_Smma!D12=Dual_Tema!D12,HA!D12=Dual_Tema!D12,ZigZag!D12=Dual_Tema!D12,ZScore!D12=Dual_Tema!D12) -> TRUE | J12: =AND(B12=TRUE,D12=TRUE,F12=TRUE,H12=TRUE) -> TRUE
A13: =Price!L13 -> 1772028300 | B13: =AND(Diagonals!Q13=Dual_Tema!J13,Trendlines!Q13=Dual_Tema!J13,KC!R13=Dual_Tema!J13,Pinbar!I13=Dual_Tema!J13,Price!L13=Dual_Tema!J13,SR_Levels!P13=Dual_Tema!J13,Tema_Hrma_Smma!K13=Dual_Tema!J13,HA!P13=Dual_Tema!J13,ZigZag!K13=Dual_Tema!J13,ZScore!O13=Dual_Tema!J13) -> TRUE | C13: =Price!B13 -> XAUUSD | D13: =AND(Diagonals!B13=Dual_Tema!B13,Trendlines!B13=Dual_Tema!B13,KC!B13=Dual_Tema!B13,Pinbar!B13=Dual_Tema!B13,Price!B13=Dual_Tema!B13,SR_Levels!B13=Dual_Tema!B13,Tema_Hrma_Smma!B13=Dual_Tema!B13,HA!B13=Dual_Tema!B13,ZigZag!B13=Dual_Tema!B13,ZScore!B13=Dual_Tema!B13) -> TRUE | E13: =Price!C13 -> M5 | F13: =AND(Diagonals!C13=Dual_Tema!C13,Trendlines!C13=Dual_Tema!C13,KC!C13=Dual_Tema!C13,Pinbar!C13=Dual_Tema!C13,Price!C13=Dual_Tema!C13,SR_Levels!C13=Dual_Tema!C13,Tema_Hrma_Smma!C13=Dual_Tema!C13,HA!C13=Dual_Tema!C13,ZigZag!C13=Dual_Tema!C13,ZScore!C13=Dual_Tema!C13) -> TRUE | G13: =Price!D13 -> 5189.99 | H13: =AND(Diagonals!D13=Dual_Tema!D13,Trendlines!D13=Dual_Tema!D13,KC!D13=Dual_Tema!D13,Pinbar!D13=Dual_Tema!D13,Price!D13=Dual_Tema!D13,SR_Levels!D13=Dual_Tema!D13,Tema_Hrma_Smma!D13=Dual_Tema!D13,HA!D13=Dual_Tema!D13,ZigZag!D13=Dual_Tema!D13,ZScore!D13=Dual_Tema!D13) -> TRUE | J13: =AND(B13=TRUE,D13=TRUE,F13=TRUE,H13=TRUE) -> TRUE
A14: =Price!L14 -> 1772028600 | B14: =AND(Diagonals!Q14=Dual_Tema!J14,Trendlines!Q14=Dual_Tema!J14,KC!R14=Dual_Tema!J14,Pinbar!I14=Dual_Tema!J14,Price!L14=Dual_Tema!J14,SR_Levels!P14=Dual_Tema!J14,Tema_Hrma_Smma!K14=Dual_Tema!J14,HA!P14=Dual_Tema!J14,ZigZag!K14=Dual_Tema!J14,ZScore!O14=Dual_Tema!J14) -> TRUE | C14: =Price!B14 -> XAUUSD | D14: =AND(Diagonals!B14=Dual_Tema!B14,Trendlines!B14=Dual_Tema!B14,KC!B14=Dual_Tema!B14,Pinbar!B14=Dual_Tema!B14,Price!B14=Dual_Tema!B14,SR_Levels!B14=Dual_Tema!B14,Tema_Hrma_Smma!B14=Dual_Tema!B14,HA!B14=Dual_Tema!B14,ZigZag!B14=Dual_Tema!B14,ZScore!B14=Dual_Tema!B14) -> TRUE | E14: =Price!C14 -> M5 | F14: =AND(Diagonals!C14=Dual_Tema!C14,Trendlines!C14=Dual_Tema!C14,KC!C14=Dual_Tema!C14,Pinbar!C14=Dual_Tema!C14,Price!C14=Dual_Tema!C14,SR_Levels!C14=Dual_Tema!C14,Tema_Hrma_Smma!C14=Dual_Tema!C14,HA!C14=Dual_Tema!C14,ZigZag!C14=Dual_Tema!C14,ZScore!C14=Dual_Tema!C14) -> TRUE | G14: =Price!D14 -> 5185.44 | H14: =AND(Diagonals!D14=Dual_Tema!D14,Trendlines!D14=Dual_Tema!D14,KC!D14=Dual_Tema!D14,Pinbar!D14=Dual_Tema!D14,Price!D14=Dual_Tema!D14,SR_Levels!D14=Dual_Tema!D14,Tema_Hrma_Smma!D14=Dual_Tema!D14,HA!D14=Dual_Tema!D14,ZigZag!D14=Dual_Tema!D14,ZScore!D14=Dual_Tema!D14) -> TRUE | J14: =AND(B14=TRUE,D14=TRUE,F14=TRUE,H14=TRUE) -> TRUE
... A500: =Price!L500 -> 1772181600 | B500: =AND(Diagonals!Q500=Dual_Tema!J500,Trendlines!Q500=Dual_Tema!J500,KC!R500=Dual_Tema!J500,Pinbar!I500=Dual_Tema!J500,Price!L500=Dual_Tema!J500,SR_Levels!P500=Dual_Tema!J500,Tema_Hrma_Smma!K500=Dual_Tema!J500,HA!P500=Dual_Tema!J500,ZigZag!K500=Dual_Tema!J500,ZScore!O500=Dual_Tema!J500) -> TRUE | C500: =Price!B500 -> XAUUSD | D500: =AND(Diagonals!B500=Dual_Tema!B500,Trendlines!B500=Dual_Tema!B500,KC!B500=Dual_Tema!B500,Pinbar!B500=Dual_Tema!B500,Price!B500=Dual_Tema!B500,SR_Levels!B500=Dual_Tema!B500,Tema_Hrma_Smma!B500=Dual_Tema!B500,HA!B500=Dual_Tema!B500,ZigZag!B500=Dual_Tema!B500,ZScore!B500=Dual_Tema!B500) -> TRUE | E500: =Price!C500 -> M5 | F500: =AND(Diagonals!C500=Dual_Tema!C500,Trendlines!C500=Dual_Tema!C500,KC!C500=Dual_Tema!C500,Pinbar!C500=Dual_Tema!C500,Price!C500=Dual_Tema!C500,SR_Levels!C500=Dual_Tema!C500,Tema_Hrma_Smma!C500=Dual_Tema!C500,HA!C500=Dual_Tema!C500,ZigZag!C500=Dual_Tema!C500,ZScore!C500=Dual_Tema!C500) -> TRUE | G500: =Price!D500 -> 5180.32 | H500: =AND(Diagonals!D500=Dual_Tema!D500,Trendlines!D500=Dual_Tema!D500,KC!D500=Dual_Tema!D500,Pinbar!D500=Dual_Tema!D500,Price!D500=Dual_Tema!D500,SR_Levels!D500=Dual_Tema!D500,Tema_Hrma_Smma!D500=Dual_Tema!D500,HA!D500=Dual_Tema!D500,ZigZag!D500=Dual_Tema!D500,ZScore!D500=Dual_Tema!D500) -> TRUE | J500: =AND(B500=TRUE,D500=TRUE,F500=TRUE,H500=TRUE) -> TRUE

Sheet Prisma Schema
A4: 1 | B4: =A4+1 -> 2 | C4: =B4+1 -> 3 | D4: =C4+1 -> 4 | E4: =D4+1 -> 5 | F4: =E4+1 -> 6 | G4: =F4+1 -> 7 | H4: =G4+1 -> 8 | I4: =H4+1 -> 9 | ... BM4: =BL4+1 -> 65
A5: =Validation!A1 -> timestamp_adjusted | B5: =Price!B1 -> symbol | C5: =Price!C1 -> timeframe | D5: =Price!D1 -> close | E5: =Price!E1 -> open | F5: =Price!F1 -> high | G5: =Price!G1 -> low | H5: =Price!H1 -> volume | I5: diag_asc_line_1 | J5: diag_asc_line_2 | K5: diag_asc_line_3 | L5: diag_desc_line_1 | M5: diag_desc_line_2 | N5: diag_desc_line_3 | O5: diag_high_map | P5: diag_low_map | Q5: horiz_peak_line_1 | R5: horiz_peak_line_2 | S5: horiz_peak_line_3 | T5: horiz_bottom_line_1 | U5: horiz_bottom_line_2 | V5: horiz_bottom_line_3 | W5: horiz_high_map | X5: horiz_low_map | Y5: tema | Z5: hrma | AA5: smma | AB5: body_direction | AC5: body_size | AD5: body_classification | AE5: ha_open | AF5: ha_high | AG5: ha_low | AH5: ha_close | AI5: ha_color | AJ5: ha_body_size | AK5: ha_body_zscore | AL5: ha_trend | AM5: kc_ultra_extreme_upper | AN5: kc_extreme_upper | AO5: kc_uppermost | AP5: kc_upper | AQ5: kc_upper_middle | AR5: kc_lower_middle | AS5: kc_lower | AT5: kc_lowermost | AU5: kc_extreme_lower | AV5: kc_ultra_extreme_lower | AW5: sr_1 | AX5: sr_2 | AY5: sr_3 | AZ5: sr_4 | BA5: sr_5 | BB5: sr_6 | BC5: sr_7 | BD5: sr_8 | BE5: zigzag_high | BF5: zigzag_low | BG5: ema | BH5: dual_tema_high | BI5: dual_tema_low | BJ5: pinbar | BK5: ssa | BL5: ema_ssa | BM5: collected_at
A6: =Validation!A2 -> 1772025000 | B6: =Price!B2 -> XAUUSD | C6: =Price!C2 -> M5 | D6: =Price!D2 -> 5187.2 | E6: =Price!E2 -> 5188.44 | F6: =Price!F2 -> 5189.22 | G6: =Price!G2 -> 5185.5 | H6: =Price!H2 -> 567 | I6: =Diagonals!E2 -> 0 | J6: =Diagonals!F2 -> 0 | K6: =Diagonals!G2 -> 0 | L6: =Diagonals!H2 -> 0 | M6: =Diagonals!I2 -> 0 | N6: =Diagonals!J2 -> 0 | O6: =Diagonals!K2 -> 0 | P6: =Diagonals!L2 -> 0 | Q6: =Trendlines!E2 -> 0 | R6: =Trendlines!F2 -> 0 | S6: =Trendlines!G2 -> 0 | T6: =Trendlines!H2 -> 0 | U6: =Trendlines!I2 -> 0 | V6: =Trendlines!J2 -> 0 | W6: =Trendlines!K2 -> 0 | X6: =Trendlines!L2 -> 0 | Y6: =Tema_Hrma_Smma!E2 -> 5186.65 | Z6: =Tema_Hrma_Smma!F2 -> 5185.18 | AA6: =Tema_Hrma_Smma!G2 -> 5181.39 | AB6: =ZScore!H2 -> -1 | AC6: =ZScore!I2 -> 0.67147 | AD6: =ZScore!J2 -> 3 | AE6: =HA!E2 -> 5185.05 | AF6: =HA!F2 -> 5189.22 | AG6: =HA!G2 -> 5185.05 | AH6: =HA!H2 -> 5187.59 | AI6: =HA!I2 -> 1 | AJ6: =HA!J2 -> 2.54 | AK6: =HA!K2 -> -0.27754 | AL6: =HA!L2 -> 1 | AM6: =KC!E2 -> 5203.5649 | AN6: =KC!F2 -> 5197.9728 | AO6: =KC!G2 -> 5192.3807 | AP6: =KC!H2 -> 5186.7886 | AQ6: =KC!I2 -> 5181.1965 | AR6: =KC!J2 -> 5176.7378 | AS6: =KC!K2 -> 5171.1457 | AT6: =KC!L2 -> 5165.5536 | ... AV6: =KC!N2 -> 5154.3694 | AW6: =SR_Levels!E2 -> 5178.6 | AX6: =SR_Levels!F2 -> 5161.89 | AY6: =SR_Levels!G2 -> 5135.85 | AZ6: =SR_Levels!H2 -> 0 | BA6: =SR_Levels!I2 -> 5193.35 | BB6: =SR_Levels!J2 -> 5205.31 | BC6: =SR_Levels!K2 -> 0 | BD6: =SR_Levels!L2 -> 0 | BE6: =ZigZag!E2 -> 0 | BF6: =ZigZag!F2 -> 0 | BG6: =ZigZag!G2 -> 5181.08 | BH6: =Dual_Tema!E2 -> 5188.55 | BI6: =Dual_Tema!F2 -> 5184.29 | BJ6: =Pinbar!E2 -> 0 | BK6: =SSA!E2 -> 5187.5351 | BL6: =SSA!F2 -> 5186.6253
A7: =Validation!A3 -> 1772025300 | B7: =Price!B3 -> XAUUSD | C7: =Price!C3 -> M5 | D7: =Price!D3 -> 5187 | E7: =Price!E3 -> 5187.22 | F7: =Price!F3 -> 5189.54 | G7: =Price!G3 -> 5185.97 | H7: =Price!H3 -> 574 | I7: =Diagonals!E3 -> 0 | J7: =Diagonals!F3 -> 0 | K7: =Diagonals!G3 -> 0 | L7: =Diagonals!H3 -> 0 | M7: =Diagonals!I3 -> 0 | N7: =Diagonals!J3 -> 0 | O7: =Diagonals!K3 -> 0 | P7: =Diagonals!L3 -> 0 | Q7: =Trendlines!E3 -> 0 | R7: =Trendlines!F3 -> 0 | S7: =Trendlines!G3 -> 0 | T7: =Trendlines!H3 -> 0 | U7: =Trendlines!I3 -> 0 | V7: =Trendlines!J3 -> 0 | W7: =Trendlines!K3 -> 0 | X7: =Trendlines!L3 -> 0 | Y7: =Tema_Hrma_Smma!E3 -> 5187.4 | Z7: =Tema_Hrma_Smma!F3 -> 5185.92 | AA7: =Tema_Hrma_Smma!G3 -> 5181.56 | AB7: =ZScore!H3 -> -1 | AC7: =ZScore!I3 -> 0.97818 | AD7: =ZScore!J3 -> 3 | AE7: =HA!E3 -> 5186.32 | AF7: =HA!F3 -> 5189.54 | AG7: =HA!G3 -> 5185.97 | AH7: =HA!H3 -> 5187.43 | AI7: =HA!I3 -> 1 | AJ7: =HA!J3 -> 1.11 | AK7: =HA!K3 -> -0.74682 | AL7: =HA!L3 -> 2 | AM7: =KC!E3 -> 5204.097 | AN7: =KC!F3 -> 5198.5184 | AO7: =KC!G3 -> 5192.9398 | AP7: =KC!H3 -> 5187.3612 | AQ7: =KC!I3 -> 5181.7826 | AR7: =KC!J3 -> 5177.3726 | AS7: =KC!K3 -> 5171.794 | AT7: =KC!L3 -> 5166.2154 | ... AV7: =KC!N3 -> 5155.0582 | AW7: =SR_Levels!E3 -> 5178.6 | AX7: =SR_Levels!F3 -> 5161.89 | AY7: =SR_Levels!G3 -> 5135.85 | AZ7: =SR_Levels!H3 -> 0 | BA7: =SR_Levels!I3 -> 5193.35 | BB7: =SR_Levels!J3 -> 5205.31 | BC7: =SR_Levels!K3 -> 0 | BD7: =SR_Levels!L3 -> 0 | BE7: =ZigZag!E3 -> 0 | BF7: =ZigZag!F3 -> 0 | BG7: =ZigZag!G3 -> 5181.54 | BH7: =Dual_Tema!E3 -> 5189.36 | BI7: =Dual_Tema!F3 -> 5185.43 | BJ7: =Pinbar!E3 -> 0 | BK7: =SSA!E3 -> 5187.9737 | BL7: =SSA!F3 -> 5187.2995
A8: =Validation!A4 -> 1772025600 | B8: =Price!B4 -> XAUUSD | C8: =Price!C4 -> M5 | D8: =Price!D4 -> 5191.13 | E8: =Price!E4 -> 5186.81 | F8: =Price!F4 -> 5191.47 | G8: =Price!G4 -> 5186.14 | H8: =Price!H4 -> 583 | I8: =Diagonals!E4 -> 0 | J8: =Diagonals!F4 -> 0 | K8: =Diagonals!G4 -> 0 | L8: =Diagonals!H4 -> 0 | M8: =Diagonals!I4 -> 0 | N8: =Diagonals!J4 -> 0 | O8: =Diagonals!K4 -> 5191.47 | P8: =Diagonals!L4 -> 0 | Q8: =Trendlines!E4 -> 0 | R8: =Trendlines!F4 -> 0 | S8: =Trendlines!G4 -> 0 | T8: =Trendlines!H4 -> 0 | U8: =Trendlines!I4 -> 0 | V8: =Trendlines!J4 -> 0 | W8: =Trendlines!K4 -> 5191.47 | X8: =Trendlines!L4 -> 0 | Y8: =Tema_Hrma_Smma!E4 -> 5188.81 | Z8: =Tema_Hrma_Smma!F4 -> 5186.82 | AA8: =Tema_Hrma_Smma!G4 -> 5181.75 | AB8: =ZScore!H4 -> 1 | AC8: =ZScore!I4 -> 0.2613 | AD8: =ZScore!J4 -> 0 | AE8: =HA!E4 -> 5186.88 | AF8: =HA!F4 -> 5191.47 | AG8: =HA!G4 -> 5186.14 | AH8: =HA!H4 -> 5188.89 | AI8: =HA!I4 -> 1 | AJ8: =HA!J4 -> 2.01 | AK8: =HA!K4 -> -0.4404 | AL8: =HA!L4 -> 3 | AM8: =KC!E4 -> 5204.7919 | AN8: =KC!F4 -> 5199.2005 | AO8: =KC!G4 -> 5193.6092 | AP8: =KC!H4 -> 5188.0178 | AQ8: =KC!I4 -> 5182.4264 | AR8: =KC!J4 -> 5178.0295 | AS8: =KC!K4 -> 5172.4382 | AT8: =KC!L4 -> 5166.8468 | ... AV8: =KC!N4 -> 5155.6641 | AW8: =SR_Levels!E4 -> 5178.6 | AX8: =SR_Levels!F4 -> 5161.89 | AY8: =SR_Levels!G4 -> 5135.85 | AZ8: =SR_Levels!H4 -> 0 | BA8: =SR_Levels!I4 -> 5193.35 | BB8: =SR_Levels!J4 -> 5205.31 | BC8: =SR_Levels!K4 -> 0 | BD8: =SR_Levels!L4 -> 0 | BE8: =ZigZag!E4 -> 5191.47 | BF8: =ZigZag!F4 -> 0 | BG8: =ZigZag!G4 -> 5182.12 | BH8: =Dual_Tema!E4 -> 5190.73 | BI8: =Dual_Tema!F4 -> 5186.16 | BJ8: =Pinbar!E4 -> 0 | BK8: =SSA!E4 -> 5188.112 | BL8: =SSA!F4 -> 5187.7058
A9: =Validation!A5 -> 1772025900 | B9: =Price!B5 -> XAUUSD | C9: =Price!C5 -> M5 | D9: =Price!D5 -> 5188.07 | E9: =Price!E5 -> 5191.14 | F9: =Price!F5 -> 5191.36 | G9: =Price!G5 -> 5186.93 | H9: =Price!H5 -> 547 | I9: =Diagonals!E5 -> 0 | J9: =Diagonals!F5 -> 0 | K9: =Diagonals!G5 -> 0 | L9: =Diagonals!H5 -> 0 | M9: =Diagonals!I5 -> 0 | N9: =Diagonals!J5 -> 0 | O9: =Diagonals!K5 -> 0 | P9: =Diagonals!L5 -> 0 | Q9: =Trendlines!E5 -> 0 | R9: =Trendlines!F5 -> 0 | S9: =Trendlines!G5 -> 0 | T9: =Trendlines!H5 -> 0 | U9: =Trendlines!I5 -> 0 | V9: =Trendlines!J5 -> 0 | W9: =Trendlines!K5 -> 0 | X9: =Trendlines!L5 -> 0 | Y9: =Tema_Hrma_Smma!E5 -> 5189.24 | Z9: =Tema_Hrma_Smma!F5 -> 5187.61 | AA9: =Tema_Hrma_Smma!G5 -> 5181.96 | AB9: =ZScore!H5 -> -1 | AC9: =ZScore!I5 -> 0.11243 | AD9: =ZScore!J5 -> 3 | AE9: =HA!E5 -> 5187.88 | AF9: =HA!F5 -> 5191.36 | AG9: =HA!G5 -> 5186.93 | AH9: =HA!H5 -> 5189.38 | AI9: =HA!I5 -> 1 | AJ9: =HA!J5 -> 1.49 | AK9: =HA!K5 -> -0.61721 | AL9: =HA!L5 -> 4 | AM9: =KC!E5 -> 5205.4578 | AN9: =KC!F5 -> 5199.8671 | AO9: =KC!G5 -> 5194.2763 | AP9: =KC!H5 -> 5188.6856 | AQ9: =KC!I5 -> 5183.0949 | AR9: =KC!J5 -> 5178.709 | AS9: =KC!K5 -> 5173.1183 | AT9: =KC!L5 -> 5167.5275 | ... AV9: =KC!N5 -> 5156.3461 | AW9: =SR_Levels!E5 -> 5178.6 | AX9: =SR_Levels!F5 -> 5161.89 | AY9: =SR_Levels!G5 -> 5135.85 | AZ9: =SR_Levels!H5 -> 0 | BA9: =SR_Levels!I5 -> 5193.35 | BB9: =SR_Levels!J5 -> 5205.31 | BC9: =SR_Levels!K5 -> 0 | BD9: =SR_Levels!L5 -> 0 | BE9: =ZigZag!E5 -> 0 | BF9: =ZigZag!F5 -> 0 | BG9: =ZigZag!G5 -> 5182.59 | BH9: =Dual_Tema!E5 -> 5191.47 | BI9: =Dual_Tema!F5 -> 5186.92 | BJ9: =Pinbar!E5 -> 0 | BK9: =SSA!E5 -> 5187.9842 | BL9: =SSA!F5 -> 5187.845
A10: =Validation!A6 -> 1772026200 | B10: =Price!B6 -> XAUUSD | C10: =Price!C6 -> M5 | D10: =Price!D6 -> 5188.16 | E10: =Price!E6 -> 5188.07 | F10: =Price!F6 -> 5190.35 | G10: =Price!G6 -> 5186.62 | H10: =Price!H6 -> 516 | I10: =Diagonals!E6 -> 0 | J10: =Diagonals!F6 -> 0 | K10: =Diagonals!G6 -> 0 | L10: =Diagonals!H6 -> 0 | M10: =Diagonals!I6 -> 0 | N10: =Diagonals!J6 -> 0 | O10: =Diagonals!K6 -> 0 | P10: =Diagonals!L6 -> 0 | Q10: =Trendlines!E6 -> 0 | R10: =Trendlines!F6 -> 0 | S10: =Trendlines!G6 -> 0 | T10: =Trendlines!H6 -> 0 | U10: =Trendlines!I6 -> 0 | V10: =Trendlines!J6 -> 0 | W10: =Trendlines!K6 -> 0 | X10: =Trendlines!L6 -> 0 | Y10: =Tema_Hrma_Smma!E6 -> 5189.22 | Z10: =Tema_Hrma_Smma!F6 -> 5188.22 | AA10: =Tema_Hrma_Smma!G6 -> 5182.14 | AB10: =ZScore!H6 -> 1 | AC10: =ZScore!I6 -> 1.01543 | AD10: =ZScore!J6 -> 0 | AE10: =HA!E6 -> 5188.63 | AF10: =HA!F6 -> 5190.35 | AG10: =HA!G6 -> 5186.62 | AH10: =HA!H6 -> 5188.3 | AI10: =HA!I6 -> -1 | AJ10: =HA!J6 -> 0.33 | AK10: =HA!K6 -> -1.00918 | AL10: =HA!L6 -> -1 | AM10: =KC!E6 -> 5205.954 | AN10: =KC!F6 -> 5200.4008 | AO10: =KC!G6 -> 5194.8476 | AP10: =KC!H6 -> 5189.2944 | AQ10: =KC!I6 -> 5183.7412 | AR10: =KC!J6 -> 5179.3825 | AS10: =KC!K6 -> 5173.8293 | AT10: =KC!L6 -> 5168.2761 | ... AV10: =KC!N6 -> 5157.1697 | AW10: =SR_Levels!E6 -> 5178.6 | AX10: =SR_Levels!F6 -> 5161.89 | AY10: =SR_Levels!G6 -> 5135.85 | AZ10: =SR_Levels!H6 -> 0 | BA10: =SR_Levels!I6 -> 5193.35 | BB10: =SR_Levels!J6 -> 5205.31 | BC10: =SR_Levels!K6 -> 0 | BD10: =SR_Levels!L6 -> 0 | BE10: =ZigZag!E6 -> 0 | BF10: =ZigZag!F6 -> 0 | BG10: =ZigZag!G6 -> 5183 | BH10: =Dual_Tema!E6 -> 5191.36 | BI10: =Dual_Tema!F6 -> 5187.17 | BJ10: =Pinbar!E6 -> 0 | BK10: =SSA!E6 -> 5187.8513 | BL10: =SSA!F6 -> 5187.8481
A11: =Validation!A7 -> 1772026500 | B11: =Price!B7 -> XAUUSD | C11: =Price!C7 -> M5 | D11: =Price!D7 -> 5189.61 | E11: =Price!E7 -> 5188.16 | F11: =Price!F7 -> 5190.35 | G11: =Price!G7 -> 5187.73 | H11: =Price!H7 -> 524 | I11: =Diagonals!E7 -> 0 | J11: =Diagonals!F7 -> 0 | K11: =Diagonals!G7 -> 0 | L11: =Diagonals!H7 -> 0 | M11: =Diagonals!I7 -> 0 | N11: =Diagonals!J7 -> 0 | O11: =Diagonals!K7 -> 0 | P11: =Diagonals!L7 -> 0 | Q11: =Trendlines!E7 -> 0 | R11: =Trendlines!F7 -> 0 | S11: =Trendlines!G7 -> 0 | T11: =Trendlines!H7 -> 0 | U11: =Trendlines!I7 -> 0 | V11: =Trendlines!J7 -> 0 | W11: =Trendlines!K7 -> 0 | X11: =Trendlines!L7 -> 0 | Y11: =Tema_Hrma_Smma!E7 -> 5189.54 | Z11: =Tema_Hrma_Smma!F7 -> 5188.77 | AA11: =Tema_Hrma_Smma!G7 -> 5182.33 | AB11: =ZScore!H7 -> 1 | AC11: =ZScore!I7 -> 0.60318 | AD11: =ZScore!J7 -> 0 | AE11: =HA!E7 -> 5188.46 | AF11: =HA!F7 -> 5190.35 | AG11: =HA!G7 -> 5187.73 | AH11: =HA!H7 -> 5188.96 | AI11: =HA!I7 -> 1 | AJ11: =HA!J7 -> 0.5 | AK11: =HA!K7 -> -0.94748 | AL11: =HA!L7 -> 1 | AM11: =KC!E7 -> 5206.483 | AN11: =KC!F7 -> 5200.952 | AO11: =KC!G7 -> 5195.421 | AP11: =KC!H7 -> 5189.8901 | AQ11: =KC!I7 -> 5184.3591 | AR11: =KC!J7 -> 5180.0665 | AS11: =KC!K7 -> 5174.5355 | AT11: =KC!L7 -> 5169.0045 | ... AV11: =KC!N7 -> 5157.9425 | AW11: =SR_Levels!E7 -> 5178.6 | AX11: =SR_Levels!F7 -> 5161.89 | AY11: =SR_Levels!G7 -> 5135.85 | AZ11: =SR_Levels!H7 -> 0 | BA11: =SR_Levels!I7 -> 5193.35 | BB11: =SR_Levels!J7 -> 5205.31 | BC11: =SR_Levels!K7 -> 0 | BD11: =SR_Levels!L7 -> 0 | BE11: =ZigZag!E7 -> 0 | BF11: =ZigZag!F7 -> 0 | BG11: =ZigZag!G7 -> 5183.45 | BH11: =Dual_Tema!E7 -> 5191.2 | BI11: =Dual_Tema!F7 -> 5187.78 | BJ11: =Pinbar!E7 -> 0 | BK11: =SSA!E7 -> 5187.8602 | BL11: =SSA!F7 -> 5187.8542
A12: =Validation!A8 -> 1772026800 | B12: =Price!B8 -> XAUUSD | C12: =Price!C8 -> M5 | D12: =Price!D8 -> 5186.84 | E12: =Price!E8 -> 5189.93 | F12: =Price!F8 -> 5191.33 | G12: =Price!G8 -> 5182.03 | H12: =Price!H8 -> 660 | I12: =Diagonals!E8 -> 0 | J12: =Diagonals!F8 -> 0 | K12: =Diagonals!G8 -> 0 | L12: =Diagonals!H8 -> 0 | M12: =Diagonals!I8 -> 0 | N12: =Diagonals!J8 -> 0 | O12: =Diagonals!K8 -> 0 | P12: =Diagonals!L8 -> 0 | Q12: =Trendlines!E8 -> 0 | R12: =Trendlines!F8 -> 0 | S12: =Trendlines!G8 -> 0 | T12: =Trendlines!H8 -> 0 | U12: =Trendlines!I8 -> 0 | V12: =Trendlines!J8 -> 0 | W12: =Trendlines!K8 -> 0 | X12: =Trendlines!L8 -> 0 | Y12: =Tema_Hrma_Smma!E8 -> 5188.45 | Z12: =Tema_Hrma_Smma!F8 -> 5188.96 | AA12: =Tema_Hrma_Smma!G8 -> 5182.49 | AB12: =ZScore!H8 -> -1 | AC12: =ZScore!I8 -> 0.10542 | AD12: =ZScore!J8 -> 3 | AE12: =HA!E8 -> 5188.71 | AF12: =HA!F8 -> 5191.33 | AG12: =HA!G8 -> 5182.03 | AH12: =HA!H8 -> 5187.53 | AI12: =HA!I8 -> -1 | AJ12: =HA!J8 -> 1.18 | AK12: =HA!K8 -> -0.71688 | AL12: =HA!L8 -> -1 | AM12: =KC!E8 -> 5207.2125 | AN12: =KC!F8 -> 5201.6517 | AO12: =KC!G8 -> 5196.091 | AP12: =KC!H8 -> 5190.5303 | AQ12: =KC!I8 -> 5184.9695 | AR12: =KC!J8 -> 5180.5984 | AS12: =KC!K8 -> 5175.0376 | AT12: =KC!L8 -> 5169.4769 | ... AV12: =KC!N8 -> 5158.3554 | AW12: =SR_Levels!E8 -> 5178.6 | AX12: =SR_Levels!F8 -> 5161.89 | AY12: =SR_Levels!G8 -> 5135.85 | AZ12: =SR_Levels!H8 -> 0 | BA12: =SR_Levels!I8 -> 5193.35 | BB12: =SR_Levels!J8 -> 5205.31 | BC12: =SR_Levels!K8 -> 0 | BD12: =SR_Levels!L8 -> 0 | BE12: =ZigZag!E8 -> 0 | BF12: =ZigZag!F8 -> 0 | BG12: =ZigZag!G8 -> 5183.68 | BH12: =Dual_Tema!E8 -> 5191.5 | BI12: =Dual_Tema!F8 -> 5185.31 | BJ12: =Pinbar!E8 -> 0 | BK12: =SSA!E8 -> 5188.0224 | BL12: =SSA!F8 -> 5187.9383
A13: =Validation!A9 -> 1772027100 | B13: =Price!B9 -> XAUUSD | C13: =Price!C9 -> M5 | D13: =Price!D9 -> 5186.59 | E13: =Price!E9 -> 5187.12 | F13: =Price!F9 -> 5191.12 | G13: =Price!G9 -> 5185.65 | H13: =Price!H9 -> 585 | I13: =Diagonals!E9 -> 0 | J13: =Diagonals!F9 -> 0 | K13: =Diagonals!G9 -> 0 | L13: =Diagonals!H9 -> 0 | M13: =Diagonals!I9 -> 0 | N13: =Diagonals!J9 -> 0 | O13: =Diagonals!K9 -> 0 | P13: =Diagonals!L9 -> 0 | Q13: =Trendlines!E9 -> 0 | R13: =Trendlines!F9 -> 0 | S13: =Trendlines!G9 -> 0 | T13: =Trendlines!H9 -> 0 | U13: =Trendlines!I9 -> 0 | V13: =Trendlines!J9 -> 0 | W13: =Trendlines!K9 -> 0 | X13: =Trendlines!L9 -> 0 | Y13: =Tema_Hrma_Smma!E9 -> 5188.21 | Z13: =Tema_Hrma_Smma!F9 -> 5189.06 | AA13: =Tema_Hrma_Smma!G9 -> 5182.62 | AB13: =ZScore!H9 -> -1 | AC13: =ZScore!I9 -> 0.88255 | AD13: =ZScore!J9 -> 3 | AE13: =HA!E9 -> 5188.12 | AF13: =HA!F9 -> 5191.12 | AG13: =HA!G9 -> 5185.65 | AH13: =HA!H9 -> 5187.62 | AI13: =HA!I9 -> -1 | AJ13: =HA!J9 -> 0.5 | AK13: =HA!K9 -> -0.94268 | AL13: =HA!L9 -> -2 | AM13: =KC!E9 -> 5207.7905 | AN13: =KC!F9 -> 5202.2321 | AO13: =KC!G9 -> 5196.6737 | AP13: =KC!H9 -> 5191.1153 | AQ13: =KC!I9 -> 5185.5569 | AR13: =KC!J9 -> 5181.1055 | AS13: =KC!K9 -> 5175.5471 | AT13: =KC!L9 -> 5169.9887 | ... AV13: =KC!N9 -> 5158.8719 | AW13: =SR_Levels!E9 -> 5178.6 | AX13: =SR_Levels!F9 -> 5161.89 | AY13: =SR_Levels!G9 -> 5135.85 | AZ13: =SR_Levels!H9 -> 0 | BA13: =SR_Levels!I9 -> 5193.35 | BB13: =SR_Levels!J9 -> 5205.31 | BC13: =SR_Levels!K9 -> 0 | BD13: =SR_Levels!L9 -> 0 | BE13: =ZigZag!E9 -> 0 | BF13: =ZigZag!F9 -> 0 | BG13: =ZigZag!G9 -> 5183.98 | BH13: =Dual_Tema!E9 -> 5191.53 | BI13: =Dual_Tema!F9 -> 5185.45 | BJ13: =Pinbar!E9 -> 0 | BK13: =SSA!E9 -> 5188.327 | BL13: =SSA!F9 -> 5188.1327
A14: =Validation!A10 -> 1772027400 | B14: =Price!B10 -> XAUUSD | C14: =Price!C10 -> M5 | D14: =Price!D10 -> 5186.07 | E14: =Price!E10 -> 5187.03 | F14: =Price!F10 -> 5187.42 | G14: =Price!G10 -> 5184.3 | H14: =Price!H10 -> 628 | I14: =Diagonals!E10 -> 0 | J14: =Diagonals!F10 -> 0 | K14: =Diagonals!G10 -> 0 | L14: =Diagonals!H10 -> 0 | M14: =Diagonals!I10 -> 0 | N14: =Diagonals!J10 -> 0 | O14: =Diagonals!K10 -> 0 | P14: =Diagonals!L10 -> 0 | Q14: =Trendlines!E10 -> 0 | R14: =Trendlines!F10 -> 0 | S14: =Trendlines!G10 -> 0 | T14: =Trendlines!H10 -> 0 | U14: =Trendlines!I10 -> 0 | V14: =Trendlines!J10 -> 0 | W14: =Trendlines!K10 -> 0 | X14: =Trendlines!L10 -> 0 | Y14: =Tema_Hrma_Smma!E10 -> 5187.12 | Z14: =Tema_Hrma_Smma!F10 -> 5188.89 | AA14: =Tema_Hrma_Smma!G10 -> 5182.74 | AB14: =ZScore!H10 -> -1 | AC14: =ZScore!I10 -> 0.75041 | AD14: =ZScore!J10 -> 3 | AE14: =HA!E10 -> 5187.87 | AF14: =HA!F10 -> 5187.87 | AG14: =HA!G10 -> 5184.3 | AH14: =HA!H10 -> 5186.2 | AI14: =HA!I10 -> -1 | AJ14: =HA!J10 -> 1.67 | AK14: =HA!K10 -> -0.54678 | AL14: =HA!L10 -> -3 | AM14: =KC!E10 -> 5208.245 | AN14: =KC!F10 -> 5202.6892 | AO14: =KC!G10 -> 5197.1334 | AP14: =KC!H10 -> 5191.5775 | AQ14: =KC!I10 -> 5186.0217 | AR14: =KC!J10 -> 5181.5504 | AS14: =KC!K10 -> 5175.9946 | AT14: =KC!L10 -> 5170.4388 | ... AV14: =KC!N10 -> 5159.3272 | AW14: =SR_Levels!E10 -> 5178.6 | AX14: =SR_Levels!F10 -> 5161.89 | AY14: =SR_Levels!G10 -> 5135.85 | AZ14: =SR_Levels!H10 -> 0 | BA14: =SR_Levels!I10 -> 5193.35 | BB14: =SR_Levels!J10 -> 5205.31 | BC14: =SR_Levels!K10 -> 0 | BD14: =SR_Levels!L10 -> 0 | BE14: =ZigZag!E10 -> 0 | BF14: =ZigZag!F10 -> 0 | BG14: =ZigZag!G10 -> 5184.12 | BH14: =Dual_Tema!E10 -> 5189.69 | BI14: =Dual_Tema!F10 -> 5184.86 | BJ14: =Pinbar!E10 -> 0 | BK14: =SSA!E10 -> 5188.5571 | BL14: =SSA!F10 -> 5188.3449
A15: =Validation!A11 -> 1772027700 | B15: =Price!B11 -> XAUUSD | C15: =Price!C11 -> M5 | D15: =Price!D11 -> 5185.23 | E15: =Price!E11 -> 5186.04 | F15: =Price!F11 -> 5188.5 | G15: =Price!G11 -> 5184.76 | H15: =Price!H11 -> 572 | I15: =Diagonals!E11 -> 0 | J15: =Diagonals!F11 -> 0 | K15: =Diagonals!G11 -> 0 | L15: =Diagonals!H11 -> 0 | M15: =Diagonals!I11 -> 0 | N15: =Diagonals!J11 -> 0 | O15: =Diagonals!K11 -> 0 | P15: =Diagonals!L11 -> 0 | Q15: =Trendlines!E11 -> 0 | R15: =Trendlines!F11 -> 0 | S15: =Trendlines!G11 -> 0 | T15: =Trendlines!H11 -> 0 | U15: =Trendlines!I11 -> 0 | V15: =Trendlines!J11 -> 0 | W15: =Trendlines!K11 -> 0 | X15: =Trendlines!L11 -> 0 | Y15: =Tema_Hrma_Smma!E11 -> 5186.52 | Z15: =Tema_Hrma_Smma!F11 -> 5188.62 | AA15: =Tema_Hrma_Smma!G11 -> 5182.83 | AB15: =ZScore!H11 -> -1 | AC15: =ZScore!I11 -> 0.79372 | AD15: =ZScore!J11 -> 3 | AE15: =HA!E11 -> 5187.04 | AF15: =HA!F11 -> 5188.5 | AG15: =HA!G11 -> 5184.76 | AH15: =HA!H11 -> 5186.13 | AI15: =HA!I11 -> -1 | AJ15: =HA!J11 -> 0.91 | AK15: =HA!K11 -> -0.79817 | AL15: =HA!L11 -> -4 | AM15: =KC!E11 -> 5208.6115 | AN15: =KC!F11 -> 5203.0634 | AO15: =KC!G11 -> 5197.5153 | AP15: =KC!H11 -> 5191.9671 | AQ15: =KC!I11 -> 5186.419 | AR15: =KC!J11 -> 5181.9543 | AS15: =KC!K11 -> 5176.4062 | AT15: =KC!L11 -> 5170.8581 | ... AV15: =KC!N11 -> 5159.7618 | AW15: =SR_Levels!E11 -> 5178.6 | AX15: =SR_Levels!F11 -> 5161.89 | AY15: =SR_Levels!G11 -> 5135.85 | AZ15: =SR_Levels!H11 -> 0 | BA15: =SR_Levels!I11 -> 5193.35 | BB15: =SR_Levels!J11 -> 5205.31 | BC15: =SR_Levels!K11 -> 0 | BD15: =SR_Levels!L11 -> 0 | BE15: =ZigZag!E11 -> 0 | BF15: =ZigZag!F11 -> 0 | BG15: =ZigZag!G11 -> 5184.26 | BH15: =Dual_Tema!E11 -> 5189.01 | BI15: =Dual_Tema!F11 -> 5184.7 | BJ15: =Pinbar!E11 -> 0 | BK15: =SSA!E11 -> 5188.4097 | BL15: =SSA!F11 -> 5188.3773
A16: =Validation!A12 -> 1772028000 | B16: =Price!B12 -> XAUUSD | C16: =Price!C12 -> M5 | D16: =Price!D12 -> 5187.18 | E16: =Price!E12 -> 5185.22 | F16: =Price!F12 -> 5187.34 | G16: =Price!G12 -> 5183.76 | H16: =Price!H12 -> 641 | I16: =Diagonals!E12 -> 0 | J16: =Diagonals!F12 -> 0 | K16: =Diagonals!G12 -> 0 | L16: =Diagonals!H12 -> 0 | M16: =Diagonals!I12 -> 0 | N16: =Diagonals!J12 -> 0 | O16: =Diagonals!K12 -> 0 | P16: =Diagonals!L12 -> 0 | Q16: =Trendlines!E12 -> 0 | R16: =Trendlines!F12 -> 0 | S16: =Trendlines!G12 -> 0 | T16: =Trendlines!H12 -> 0 | U16: =Trendlines!I12 -> 0 | V16: =Trendlines!J12 -> 0 | W16: =Trendlines!K12 -> 0 | X16: =Trendlines!L12 -> 0 | Y16: =Tema_Hrma_Smma!E12 -> 5186.12 | Z16: =Tema_Hrma_Smma!F12 -> 5188.32 | AA16: =Tema_Hrma_Smma!G12 -> 5182.92 | AB16: =ZScore!H12 -> 1 | AC16: =ZScore!I12 -> 0.44135 | AD16: =ZScore!J12 -> 0 | AE16: =HA!E12 -> 5186.59 | AF16: =HA!F12 -> 5187.34 | AG16: =HA!G12 -> 5183.76 | AH16: =HA!H12 -> 5185.88 | AI16: =HA!I12 -> -1 | AJ16: =HA!J12 -> 0.71 | AK16: =HA!K12 -> -0.86053 | AL16: =HA!L12 -> -5 | AM16: =KC!E12 -> 5208.7392 | AN16: =KC!F12 -> 5203.2372 | AO16: =KC!G12 -> 5197.7351 | AP16: =KC!H12 -> 5192.2331 | AQ16: =KC!I12 -> 5186.7311 | AR16: =KC!J12 -> 5182.2957 | AS16: =KC!K12 -> 5176.7936 | AT16: =KC!L12 -> 5171.2916 | ... AV16: =KC!N12 -> 5160.2875 | AW16: =SR_Levels!E12 -> 5178.6 | AX16: =SR_Levels!F12 -> 5161.89 | AY16: =SR_Levels!G12 -> 5135.85 | AZ16: =SR_Levels!H12 -> 0 | BA16: =SR_Levels!I12 -> 5193.35 | BB16: =SR_Levels!J12 -> 5205.31 | BC16: =SR_Levels!K12 -> 0 | BD16: =SR_Levels!L12 -> 0 | BE16: =ZigZag!E12 -> 0 | BF16: =ZigZag!F12 -> 0 | BG16: =ZigZag!G12 -> 5184.39 | BH16: =Dual_Tema!E12 -> 5188.01 | BI16: =Dual_Tema!F12 -> 5184.11 | BJ16: =Pinbar!E12 -> 0 | BK16: =SSA!E12 -> 5187.6246 | BL16: =SSA!F12 -> 5188.0009
A17: =Validation!A13 -> 1772028300 | B17: =Price!B13 -> XAUUSD | C17: =Price!C13 -> M5 | D17: =Price!D13 -> 5189.99 | E17: =Price!E13 -> 5187.18 | F17: =Price!F13 -> 5191.07 | G17: =Price!G13 -> 5186.8 | H17: =Price!H13 -> 582 | I17: =Diagonals!E13 -> 0 | J17: =Diagonals!F13 -> 0 | K17: =Diagonals!G13 -> 0 | L17: =Diagonals!H13 -> 0 | M17: =Diagonals!I13 -> 0 | N17: =Diagonals!J13 -> 0 | O17: =Diagonals!K13 -> 0 | P17: =Diagonals!L13 -> 0 | Q17: =Trendlines!E13 -> 0 | R17: =Trendlines!F13 -> 0 | S17: =Trendlines!G13 -> 0 | T17: =Trendlines!H13 -> 0 | U17: =Trendlines!I13 -> 0 | V17: =Trendlines!J13 -> 0 | W17: =Trendlines!K13 -> 0 | X17: =Trendlines!L13 -> 0 | Y17: =Tema_Hrma_Smma!E13 -> 5187.43 | Z17: =Tema_Hrma_Smma!F13 -> 5188.38 | AA17: =Tema_Hrma_Smma!G13 -> 5183.05 | AB17: =ZScore!H13 -> 1 | AC17: =ZScore!I13 -> 0.18033 | AD17: =ZScore!J13 -> 0 | AE17: =HA!E13 -> 5186.23 | AF17: =HA!F13 -> 5191.07 | AG17: =HA!G13 -> 5186.23 | AH17: =HA!H13 -> 5188.76 | AI17: =HA!I13 -> 1 | AJ17: =HA!J13 -> 2.53 | AK17: =HA!K13 -> -0.24864 | AL17: =HA!L13 -> 1 | AM17: =KC!E13 -> 5208.9546 | AN17: =KC!F13 -> 5203.484 | AO17: =KC!G13 -> 5198.0134 | AP17: =KC!H13 -> 5192.5429 | AQ17: =KC!I13 -> 5187.0723 | AR17: =KC!J13 -> 5182.6636 | AS17: =KC!K13 -> 5177.193 | AT17: =KC!L13 -> 5171.7225 | ... AV17: =KC!N13 -> 5160.7814 | AW17: =SR_Levels!E13 -> 5178.6 | AX17: =SR_Levels!F13 -> 5161.89 | AY17: =SR_Levels!G13 -> 5135.85 | AZ17: =SR_Levels!H13 -> 0 | BA17: =SR_Levels!I13 -> 5193.35 | BB17: =SR_Levels!J13 -> 5205.31 | BC17: =SR_Levels!K13 -> 0 | BD17: =SR_Levels!L13 -> 0 | BE17: =ZigZag!E13 -> 0 | BF17: =ZigZag!F13 -> 0 | BG17: =ZigZag!G13 -> 5184.74 | BH17: =Dual_Tema!E13 -> 5189.22 | BI17: =Dual_Tema!F13 -> 5185.22 | BJ17: =Pinbar!E13 -> 0 | BK17: =SSA!E13 -> 5185.986 | BL17: =SSA!F13 -> 5186.9935
... A504: =Validation!A500 -> 1772181600 | B504: =Price!B500 -> XAUUSD | C504: =Price!C500 -> M5 | D504: =Price!D500 -> 5180.32 | E504: =Price!E500 -> 5180.35 | F504: =Price!F500 -> 5181.37 | G504: =Price!G500 -> 5179.55 | H504: =Price!H500 -> 376 | I504: =Diagonals!E500 -> 5235.96 | J504: =Diagonals!F500 -> 0 | K504: =Diagonals!G500 -> 0 | L504: =Diagonals!H500 -> 5077.49 | M504: =Diagonals!I500 -> 0 | N504: =Diagonals!J500 -> 0 | O504: =Diagonals!K500 -> 0 | P504: =Diagonals!L500 -> 0 | Q504: =Trendlines!E500 -> 5200.54 | R504: =Trendlines!F500 -> 5188.93 | S504: =Trendlines!G500 -> 5199.78 | T504: =Trendlines!H500 -> 5184.45 | U504: =Trendlines!I500 -> 5182.05 | V504: =Trendlines!J500 -> 5170.42 | W504: =Trendlines!K500 -> 0 | X504: =Trendlines!L500 -> 0 | Y504: =Tema_Hrma_Smma!E500 -> 5180.19 | Z504: =Tema_Hrma_Smma!F500 -> 5177.85 | AA504: =Tema_Hrma_Smma!G500 -> 5184.96 | AB504: =ZScore!H500 -> -1 | AC504: =ZScore!I500 -> 1.05131 | AD504: =ZScore!J500 -> 3 | AE504: =HA!E500 -> 5179.75 | AF504: =HA!F500 -> 5181.37 | AG504: =HA!G500 -> 5179.55 | AH504: =HA!H500 -> 5180.4 | AI504: =HA!I500 -> 1 | AJ504: =HA!J500 -> 0.65 | AK504: =HA!K500 -> -0.81842 | AL504: =HA!L500 -> 3 | AM504: =KC!E500 -> 5202.231 | AN504: =KC!F500 -> 5197.5927 | AO504: =KC!G500 -> 5192.9544 | AP504: =KC!H500 -> 5188.3161 | AQ504: =KC!I500 -> 5183.6779 | AR504: =KC!J500 -> 5179.303 | AS504: =KC!K500 -> 5174.6647 | AT504: =KC!L500 -> 5170.0265 | ... AV504: =KC!N500 -> 5160.7499 | AW504: =SR_Levels!E500 -> 5178.6 | AX504: =SR_Levels!F500 -> 5161.89 | AY504: =SR_Levels!G500 -> 5135.85 | AZ504: =SR_Levels!H500 -> 0 | BA504: =SR_Levels!I500 -> 5193.35 | BB504: =SR_Levels!J500 -> 5205.31 | BC504: =SR_Levels!K500 -> 0 | BD504: =SR_Levels!L500 -> 0 | BE504: =ZigZag!E500 -> 0 | BF504: =ZigZag!F500 -> 0 | BG504: =ZigZag!G500 -> 5182.36 | BH504: =Dual_Tema!E500 -> 5181.47 | BI504: =Dual_Tema!F500 -> 5178.82 | BJ504: =Pinbar!E500 -> 0 | BK504: =SSA!E500 -> 5179.5827 | BL504: =SSA!F500 -> 5179.4282

Sheet Prisma Schema Extension
A1: 1 | B1: =A1+1 -> 2 | C1: =B1+1 -> 3 | D1: =C1+1 -> 4 | E1: =D1+1 -> 5 | F1: =E1+1 -> 6 | G1: =F1+1 -> 7 | H1: =G1+1 -> 8 | I1: =H1+1 -> 9 | ... HV1: =HU1+1 -> 230
A2: =Validation!A1 -> timestamp_adjusted | B2: =Price!B1 -> symbol | C2: =Price!C1 -> timeframe | D2: =Price!D1 -> close | E2: =Price!E1 -> open | F2: =Price!F1 -> high | G2: =Price!G1 -> low | H2: =Price!H1 -> volume | I2: diag_asc_line_1 | J2: diag_asc_line_2 | K2: diag_asc_line_3 | L2: diag_desc_line_1 | M2: diag_desc_line_2 | N2: diag_desc_line_3 | O2: diag_high_map | P2: diag_low_map | Q2: horiz_peak_line_1 | R2: horiz_peak_line_2 | S2: horiz_peak_line_3 | T2: horiz_bottom_line_1 | U2: horiz_bottom_line_2 | V2: horiz_bottom_line_3 | W2: horiz_high_map | X2: horiz_low_map | Y2: tema | Z2: hrma | AA2: smma | AB2: body_direction | AC2: body_size | AD2: body_classification | AE2: ha_open | AF2: ha_high | AG2: ha_low | AH2: ha_close | AI2: ha_color | AJ2: ha_body_size | AK2: ha_body_zscore | AL2: ha_trend | AM2: kc_ultra_extreme_upper | AN2: kc_extreme_upper | AO2: kc_uppermost | AP2: kc_upper | AQ2: kc_upper_middle | AR2: kc_lower_middle | AS2: kc_lower | AT2: kc_lowermost | AU2: kc_extreme_lower | AV2: kc_ultra_extreme_lower | AW2: sr_1 | AX2: sr_2 | AY2: sr_3 | AZ2: sr_4 | BA2: sr_5 | BB2: sr_6 | BC2: sr_7 | BD2: sr_8 | BE2: zigzag_high | BF2: zigzag_low | BG2: ema | BH2: dual_tema_high | BI2: dual_tema_low | BJ2: pinbar | BK2: ssa | BL2: ema_ssa | BM2: collected_at | BN2: candle_type | BO2: hpr_6 | BP2: hpr_12 | BQ2: hpr_18 | BR2: hpr_24 | BS2: gm_ret_6 | BT2: gm_ret_12 | BU2: gm_ret_18 | BV2: gm_ret_24 | BW2: slope_period | BX2: h_l | BY2: h_prev_close | BZ2: l_prev_close | CA2: tr | CB2: atr | CC2: atr_wilder | CD2: atr_diff | CE2: atr_direction | CF2: atr_counter | CG2: volatility_period | CH2: slope_horiz_peak_line_1 | CI2: slope_horiz_peak_line_2 | CJ2: slope_horiz_peak_line_3 | CK2: slope_horiz_bottom_line_1 | CL2: slope_horiz_bottom_line_2 | CM2: slope_horiz_bottom_line_3 | CN2: angle_horiz_peak_line_1 | CO2: angle_horiz_peak_line_2 | CP2: angle_horiz_peak_line_3 | CQ2: angle_horiz_bottom_line_1 | CR2: angle_horiz_bottom_line_2 | CS2: angle_horiz_bottom_line_3 | CT2: angle_class_p1 | CU2: angle_class_P2 | CV2: angle_class_p3 | CW2: angle_class_b1 | CX2: angle_class_b2 | CY2: angle_class_b3 | CZ2: bull_break_trig | DA2: bear_break_trig | DB2: imp_high | DC2: imp_low | DD2: imp_h_rej | DE2: imp_l_rej | DF2: bull_mean_dev | DG2: bear_mean_dev | DH2: bull_exhaustive_imb | DI2: bear_exhaustive_imb | DJ2: %_To_Peak_Line_1 | DK2: %_To_Peak_Line_2 | DL2: %_To_Peak_Line_3 | DM2: %_To_Bottom_Line_1 | DN2: %_To_Bottom_Line_2 | DO2: %_To_Bottom_Line_3 | DP2: sr_level_1 | DQ2: sr_level_2 | DR2: sr_level_3 | DS2: sr_level_4 | DT2: sr_level_5 | DU2: sr_level_6 | DV2: Status_Peak_Line_1 | DW2: Status_Peak_Line_2 | DX2: Status_Peak_Line_3 | DY2: Status_Bottom_Line_1 | DZ2: Status_Bottom_Line_2 | EA2: Status_Bottom_Line_3 | EB2: res_count | EC2: sup_count | ED2: all_sup_check | EE2: all_res_check | EF2: trend_stoch | EG2: band_tolerance | EH2: Peak_Line_1_Upper | EI2: Peak_Line_1_Lower | EJ2: Peak_Line_2_Upper | EK2: Peak_Line_2_Lower | EL2: Peak_Line_3_Upper | EM2: Peak_Line_3_Lower | EN2: Bottom_Line_1_Upper | EO2: Bottom_Line_1_Lower | EP2: Bottom_Line_2_Upper | EQ2: Bottom_Line_2_Lower | ER2: Bottom_Line_3_Upper | ES2: Bottom_Line_3_Lower | ET2: Touch_Peak_Line_1 | EU2: Touch_Peak_Line_2 | EV2: Touch_Peak_Line_3 | EW2: Touch_Bottom_Line_1 | EX2: Touch_Bottom_Line_2 | EY2: Touch_Bottom_Line_3 | EZ2: Skip Counter P1 | FA2: Skip Counter P2 | FB2: Skip Counter P3 | FC2: Skip Counter B1 | FD2: Skip Counter B2 | FE2: Skip Counter B3 | FF2: Running Count P1 | FG2: Running Count P2 | FH2: Running Count P3 | FI2: Running Count B1 | FJ2: Running Count B2 | FK2: Running Count B3 | FL2: Touch Count P1 | FM2: Touch Count P2 | FN2: Touch Count P3 | FO2: Touch Count B1 | FP2: Touch Count B2 | FQ2: Touch Count B3 | FR2: touch_close_to_p1 | FS2: touch_close_to_p2 | FT2: touch_close_to_p3 | FU2: touch_close_to_b1 | FV2: touch_close_to_b2 | FW2: touch_close_to_b3 | FX2: Touch S&R P1 | FY2: Touch S&R P2 | FZ2: Touch S&R P3 | GA2: Touch S&R B1 | GB2: Touch S&R B2 | GC2: Touch S&R B3 | GD2: trend | GE2: hrma_ema | GF2: zscore_hrma_ema | GG2: norm_area_hrma_ema | GH2: hrma_ema_momentum | GI2: team_hrma | GJ2: close_tema_crossover | GK2: close_tema_crossunder | GL2: bear_trend_check | GM2: bear_reverse_check | GN2: bear_momentum_check | GO2: bear_cross_check | GP2: bull_trend_check | GQ2: bull_reverse_check | GR2: bull_momentum_check | GS2: bull_cross_check | GT2: follow_bear_setup | GU2: follow_bull_setup | GV2: follow_trend_setup | GW2: counter_bear_setup | GX2: counter_bull_setup | GY2: counter_trend_setup | GZ2: bull_spike | HA2: bear_spike | HB2: tema_band | HC2: zscore_tema_band | HD2: norm_area_tema_band | HE2: price_beh | HF2: zscore_volume | HG2: norm_area_volume | HH2: vol_class | HI2: ssa_dev_low | HJ2: ssa_high_dev | HK2: zscore_ssa_dev_low | HL2: zscore_ssa_dev_high | HM2: norm_area_ssa_dev_low | HN2: norm_area_ssa_dev_high | HO2: up_bounce | HP2: down_bounce | HQ2: ssa_emassa_diff | HR2: ssa_moment | HS2: ssa_emassa_abs | HT2: zscore_abs_ssaema | HU2: norm_area_ssa_emassa | HV2: weak_momentum
A3: =Validation!A2 -> 1772025000 | B3: =Price!B2 -> XAUUSD | C3: =Price!C2 -> M5 | D3: =Price!D2 -> 5187.2 | E3: =Price!E2 -> 5188.44 | F3: =Price!F2 -> 5189.22 | G3: =Price!G2 -> 5185.5 | H3: =Price!H2 -> 567 | I3: =Diagonals!E2 -> 0 | J3: =Diagonals!F2 -> 0 | K3: =Diagonals!G2 -> 0 | L3: =Diagonals!H2 -> 0 | M3: =Diagonals!I2 -> 0 | N3: =Diagonals!J2 -> 0 | O3: =Diagonals!K2 -> 0 | P3: =Diagonals!L2 -> 0 | Q3: =Trendlines!E2 -> 0 | R3: =Trendlines!F2 -> 0 | S3: =Trendlines!G2 -> 0 | T3: =Trendlines!H2 -> 0 | U3: =Trendlines!I2 -> 0 | V3: =Trendlines!J2 -> 0 | W3: =Trendlines!K2 -> 0 | X3: =Trendlines!L2 -> 0 | Y3: =Tema_Hrma_Smma!E2 -> 5186.65 | Z3: =Tema_Hrma_Smma!F2 -> 5185.18 | AA3: =Tema_Hrma_Smma!G2 -> 5181.39 | AB3: =ZScore!H2 -> -1 | AC3: =ZScore!I2 -> 0.67147 | AD3: =ZScore!J2 -> 3 | AE3: =HA!E2 -> 5185.05 | AF3: =HA!F2 -> 5189.22 | AG3: =HA!G2 -> 5185.05 | AH3: =HA!H2 -> 5187.59 | AI3: =HA!I2 -> 1 | AJ3: =HA!J2 -> 2.54 | AK3: =HA!K2 -> -0.27754 | AL3: =HA!L2 -> 1 | AM3: =KC!E2 -> 5203.5649 | AN3: =KC!F2 -> 5197.9728 | AO3: =KC!G2 -> 5192.3807 | AP3: =KC!H2 -> 5186.7886 | AQ3: =KC!I2 -> 5181.1965 | AR3: =KC!J2 -> 5176.7378 | AS3: =KC!K2 -> 5171.1457 | AT3: =KC!L2 -> 5165.5536 | ... AV3: =KC!N2 -> 5154.3694 | AW3: =SR_Levels!E2 -> 5178.6 | AX3: =SR_Levels!F2 -> 5161.89 | AY3: =SR_Levels!G2 -> 5135.85 | AZ3: =SR_Levels!H2 -> 0 | BA3: =SR_Levels!I2 -> 5193.35 | BB3: =SR_Levels!J2 -> 5205.31 | BC3: =SR_Levels!K2 -> 0 | BD3: =SR_Levels!L2 -> 0 | BE3: =ZigZag!E2 -> 0 | BF3: =ZigZag!F2 -> 0 | BG3: =ZigZag!G2 -> 5181.08 | BH3: =Dual_Tema!E2 -> 5188.55 | BI3: =Dual_Tema!F2 -> 5184.29 | BJ3: =Pinbar!E2 -> 0 | BK3: =SSA!E2 -> 5187.5351 | BL3: =SSA!F2 -> 5186.6253 | BN3: =IF(D3>E3,"Green Candle",IF(D3<E3,"Red Candle","Doji")) -> Red Candle | BW3: 96 | BX3: =F3-G3 -> 3.72 | CA3: =BX3 -> 3.72 | CZ3: =IF(AND(D3>BH3,D3>E3),"Bullish Trigger","-----") -> ----- | DA3: =IF(AND(D3<BI3,D3<E3),"Bearish Trigger","-----") -> ----- | DB3: =IF(AND(W3=BE3,W3>0,BE3>0),"Important High","------") -> ------ | DC3: =IF(AND(X3=BF3,X3>0,BF3>0),"Important Low","------") -> ------ | DD3: =IF(AND(DB3="Important High",DC3="-----",BJ3=1),"Imp High Rej","-----") -> ----- | DE3: =IF(AND(DB3="-----",DC3="Important Low",BJ3=1),"Imp Low Rej","-----") -> ----- | DF3: =IF(Y3>AM3,"Overbought",IF(Y3>AO3,"Bullish Momentum",IF(Y3>AQ3,"Flat Momentum","-----"))) -> Flat Momentum | DG3: =IF(Y3<AV3,"Oversold",IF(Y3<AT3,"Bearish Momentum",IF(Y3<AR3,"Flat Momentum","-----"))) -> ----- | DH3: =IF(AND(DF3="Overbought",AD3=2),"Culminated Thrust","-----") -> ----- | DI3: =IF(AND(DG3="Oversold",AD3=5),"Culminated Thrust","-----") -> ----- | DJ3: =(Q3-$D3)/$D3 -> -1 | DK3: =(R3-$D3)/$D3 -> -1 | DL3: =(S3-$D3)/$D3 -> -1 | DM3: =(T3-$D3)/$D3 -> -1 | DN3: =(U3-$D3)/$D3 -> -1 | DO3: =(V3-$D3)/$D3 -> -1 | DP3: =LARGE($DJ3:$DO3,1) -> -1 | DQ3: =LARGE($DJ3:$DO3,2) -> -1 | DR3: =LARGE($DJ3:$DO3,3) -> -1 | DS3: =LARGE($DJ3:$DO3,4) -> -1 | DT3: =LARGE($DJ3:$DO3,5) -> -1 | DU3: =LARGE($DJ3:$DO3,6) -> -1 | DV3: =IF($D3>Q3,"SUP","RES") -> SUP | DW3: =IF($D3>R3,"SUP","RES") -> SUP | DX3: =IF($D3>S3,"SUP","RES") -> SUP | DY3: =IF($D3>T3,"SUP","RES") -> SUP | DZ3: =IF($D3>U3,"SUP","RES") -> SUP | EA3: =IF($D3>V3,"SUP","RES") -> SUP | EB3: =COUNTIF(DV3:EA3,"RES") -> 0 | EC3: =COUNTIF(DV3:EA3,"SUP") -> 6 | ED3: =IF(EB3=0,"All Sup","-----") -> All Sup | EE3: =IF(EC3=0,"All Res","-----") -> ----- | EF3: =IF(OR(ED3="All Sup",EE3="All Res"),"na",((D3-MIN(Q3:V3))/(MAX(Q3:V3)-MIN(Q3:V3)))) -> na | EG3: 0.00015 | EH3: =Q3*(1+$EG3) -> 0 | EI3: =Q3*(1-$EG3) -> 0 | EJ3: =R3*(1+$EG3) -> 0 | EK3: =R3*(1-$EG3) -> 0 | EL3: =S3*(1+$EG3) -> 0 | EM3: =S3*(1-$EG3) -> 0 | EN3: =T3*(1+$EG3) -> 0 | EO3: =T3*(1-$EG3) -> 0 | EP3: =U3*(1+$EG3) -> 0 | EQ3: =U3*(1-$EG3) -> 0 | ER3: =V3*(1+$EG3) -> 0 | ES3: =V3*(1-$EG3) -> 0 | ET3: =IF(AND(MAX($D3,$E3)>=MIN(EH3,EI3),MAX(EH3,EI3)>=MIN($D3,$E3)),"TOUCH","-----") -> ----- | EU3: =IF(AND(MAX($D3,$E3)>=MIN(EJ3,EK3),MAX(EJ3,EK3)>=MIN($D3,$E3)),"TOUCH","-----") -> ----- | EV3: =IF(AND(MAX($D3,$E3)>=MIN(EL3,EM3),MAX(EL3,EM3)>=MIN($D3,$E3)),"TOUCH","-----") -> ----- | EW3: =IF(AND(MAX($D3,$E3)>=MIN(EN3,EO3),MAX(EN3,EO3)>=MIN($D3,$E3)),"TOUCH","-----") -> ----- | EX3: =IF(AND(MAX($D3,$E3)>=MIN(EP3,EQ3),MAX(EP3,EQ3)>=MIN($D3,$E3)),"TOUCH","-----") -> ----- | EY3: =IF(AND(MAX($D3,$E3)>=MIN(ER3,ES3),MAX(ER3,ES3)>=MIN($D3,$E3)),"TOUCH","-----") -> ----- | EZ3: =IF(ET3="TOUCH",0,1) -> 1 | FA3: =IF(EU3="TOUCH",0,1) -> 1 | FB3: =IF(EV3="TOUCH",0,1) -> 1 | FC3: =IF(EW3="TOUCH",0,1) -> 1 | FD3: =IF(EX3="TOUCH",0,1) -> 1 | FE3: =IF(EY3="TOUCH",0,1) -> 1 | FF3: =IF(ET3="TOUCH",1,0) -> 0 | FG3: =IF(EU3="TOUCH",1,0) -> 0 | FH3: =IF(EV3="TOUCH",1,0) -> 0 | FI3: =IF(EW3="TOUCH",1,0) -> 0 | FJ3: =IF(EX3="TOUCH",1,0) -> 0 | FK3: =IF(EY3="TOUCH",1,0) -> 0 | FL3: =IF(ET3="TOUCH",FF3,"-----") -> ----- | FM3: =IF(EU3="TOUCH",FG3,"-----") -> ----- | FN3: =IF(EV3="TOUCH",FH3,"-----") -> ----- | FO3: =IF(EW3="TOUCH",FI3,"-----") -> ----- | FP3: =IF(EX3="TOUCH",FJ3,"-----") -> ----- | FQ3: =IF(EY3="TOUCH",FK3,"-----") -> ----- | FR3: =IF(FL3="-----","-----",(D3-Q3)/Q3) -> ----- | FS3: =IF(FM3="-----","-----",(Q3-R3)/R3) -> ----- | FT3: =IF(FN3="-----","-----",(R3-S3)/S3) -> ----- | FU3: =IF(FO3="-----","-----",(S3-T3)/T3) -> ----- | FV3: =IF(FP3="-----","-----",(T3-U3)/U3) -> ----- | FW3: =IF(FQ3="-----","-----",(U3-V3)/V3) -> ----- | FX3: =IF(FR3="-----","-----",IF(FR3>0%,"Support","Resistant")) -> ----- | FY3: =IF(FS3="-----","-----",IF(FS3>0%,"Support","Resistant")) -> ----- | FZ3: =IF(FT3="-----","-----",IF(FT3>0%,"Support","Resistant")) -> ----- | GA3: =IF(FU3="-----","-----",IF(FU3>0%,"Support","Resistant")) -> ----- | GB3: =IF(FV3="-----","-----",IF(FV3>0%,"Support","Resistant")) -> ----- | GC3: =IF(FW3="-----","-----",IF(FW3>0%,"Support","Resistant")) -> ----- | GE3: =(Z3-BG3)/BG3 -> 0.0007913408 | GI3: =IF(Y3>Z3,"Bullish","Bearish") -> Bullish | HI3: =BI3-BK3 -> -3.24511 | HJ3: =BH3-BK3 -> 1.01489 | HQ3: =BK3-BL3 -> 0.90983 | HR3: =IF(HQ3>0,"Bull",IF(HQ3<0,"Bear","-----")) -> Bull | HS3: =ABS(HQ3) -> 0.90983
A4: =Validation!A3 -> 1772025300 | B4: =Price!B3 -> XAUUSD | C4: =Price!C3 -> M5 | D4: =Price!D3 -> 5187 | E4: =Price!E3 -> 5187.22 | F4: =Price!F3 -> 5189.54 | G4: =Price!G3 -> 5185.97 | H4: =Price!H3 -> 574 | I4: =Diagonals!E3 -> 0 | J4: =Diagonals!F3 -> 0 | K4: =Diagonals!G3 -> 0 | L4: =Diagonals!H3 -> 0 | M4: =Diagonals!I3 -> 0 | N4: =Diagonals!J3 -> 0 | O4: =Diagonals!K3 -> 0 | P4: =Diagonals!L3 -> 0 | Q4: =Trendlines!E3 -> 0 | R4: =Trendlines!F3 -> 0 | S4: =Trendlines!G3 -> 0 | T4: =Trendlines!H3 -> 0 | U4: =Trendlines!I3 -> 0 | V4: =Trendlines!J3 -> 0 | W4: =Trendlines!K3 -> 0 | X4: =Trendlines!L3 -> 0 | Y4: =Tema_Hrma_Smma!E3 -> 5187.4 | Z4: =Tema_Hrma_Smma!F3 -> 5185.92 | AA4: =Tema_Hrma_Smma!G3 -> 5181.56 | AB4: =ZScore!H3 -> -1 | AC4: =ZScore!I3 -> 0.97818 | AD4: =ZScore!J3 -> 3 | AE4: =HA!E3 -> 5186.32 | AF4: =HA!F3 -> 5189.54 | AG4: =HA!G3 -> 5185.97 | AH4: =HA!H3 -> 5187.43 | AI4: =HA!I3 -> 1 | AJ4: =HA!J3 -> 1.11 | AK4: =HA!K3 -> -0.74682 | AL4: =HA!L3 -> 2 | AM4: =KC!E3 -> 5204.097 | AN4: =KC!F3 -> 5198.5184 | AO4: =KC!G3 -> 5192.9398 | AP4: =KC!H3 -> 5187.3612 | AQ4: =KC!I3 -> 5181.7826 | AR4: =KC!J3 -> 5177.3726 | AS4: =KC!K3 -> 5171.794 | AT4: =KC!L3 -> 5166.2154 | ... AV4: =KC!N3 -> 5155.0582 | AW4: =SR_Levels!E3 -> 5178.6 | AX4: =SR_Levels!F3 -> 5161.89 | AY4: =SR_Levels!G3 -> 5135.85 | AZ4: =SR_Levels!H3 -> 0 | BA4: =SR_Levels!I3 -> 5193.35 | BB4: =SR_Levels!J3 -> 5205.31 | BC4: =SR_Levels!K3 -> 0 | BD4: =SR_Levels!L3 -> 0 | BE4: =ZigZag!E3 -> 0 | BF4: =ZigZag!F3 -> 0 | BG4: =ZigZag!G3 -> 5181.54 | BH4: =Dual_Tema!E3 -> 5189.36 | BI4: =Dual_Tema!F3 -> 5185.43 | BJ4: =Pinbar!E3 -> 0 | BK4: =SSA!E3 -> 5187.9737 | BL4: =SSA!F3 -> 5187.2995 | BN4: =IF(D4>E4,"Green Candle",IF(D4<E4,"Red Candle","Doji")) -> Red Candle | BW4: 96 | BX4: =F4-G4 -> 3.57 | BY4: =ABS(F4-D3) -> 2.34 | BZ4: =ABS(G4-D3) -> 1.23 | CA4: =MAX(BX4:BZ4) -> 3.57 | CZ4: =IF(AND(D4>BH4,D4>E4),"Bullish Trigger","-----") -> ----- | DA4: =IF(AND(D4<BI4,D4<E4),"Bearish Trigger","-----") -> ----- | DB4: =IF(AND(W4=BE4,W4>0,BE4>0),"Important High","------") -> ------ | DC4: =IF(AND(X4=BF4,X4>0,BF4>0),"Important Low","------") -> ------ | DD4: =IF(AND(DB4="Important High",DC4="-----",BJ4=1),"Imp High Rej","-----") -> ----- | DE4: =IF(AND(DB4="-----",DC4="Important Low",BJ4=1),"Imp Low Rej","-----") -> ----- | DF4: =IF(Y4>AM4,"Overbought",IF(Y4>AO4,"Bullish Momentum",IF(Y4>AQ4,"Flat Momentum","-----"))) -> Flat Momentum | DG4: =IF(Y4<AV4,"Oversold",IF(Y4<AT4,"Bearish Momentum",IF(Y4<AR4,"Flat Momentum","-----"))) -> ----- | DH4: =IF(AND(DF4="Overbought",AD4=2),"Culminated Thrust","-----") -> ----- | DI4: =IF(AND(DG4="Oversold",AD4=5),"Culminated Thrust","-----") -> ----- | DJ4: =(Q4-$D4)/$D4 -> -1 | DK4: =(R4-$D4)/$D4 -> -1 | DL4: =(S4-$D4)/$D4 -> -1 | DM4: =(T4-$D4)/$D4 -> -1 | DN4: =(U4-$D4)/$D4 -> -1 | DO4: =(V4-$D4)/$D4 -> -1 | DP4: =LARGE($DJ4:$DO4,1) -> -1 | DQ4: =LARGE($DJ4:$DO4,2) -> -1 | DR4: =LARGE($DJ4:$DO4,3) -> -1 | DS4: =LARGE($DJ4:$DO4,4) -> -1 | DT4: =LARGE($DJ4:$DO4,5) -> -1 | DU4: =LARGE($DJ4:$DO4,6) -> -1 | DV4: =IF($D4>Q4,"SUP","RES") -> SUP | DW4: =IF($D4>R4,"SUP","RES") -> SUP | DX4: =IF($D4>S4,"SUP","RES") -> SUP | DY4: =IF($D4>T4,"SUP","RES") -> SUP | DZ4: =IF($D4>U4,"SUP","RES") -> SUP | EA4: =IF($D4>V4,"SUP","RES") -> SUP | EB4: =COUNTIF(DV4:EA4,"RES") -> 0 | EC4: =COUNTIF(DV4:EA4,"SUP") -> 6 | ED4: =IF(EB4=0,"All Sup","-----") -> All Sup | EE4: =IF(EC4=0,"All Res","-----") -> ----- | EF4: =IF(OR(ED4="All Sup",EE4="All Res"),"na",((D4-MIN(Q4:V4))/(MAX(Q4:V4)-MIN(Q4:V4)))) -> na | EG4: 0.00015 | EH4: =Q4*(1+$EG4) -> 0 | EI4: =Q4*(1-$EG4) -> 0 | EJ4: =R4*(1+$EG4) -> 0 | EK4: =R4*(1-$EG4) -> 0 | EL4: =S4*(1+$EG4) -> 0 | EM4: =S4*(1-$EG4) -> 0 | EN4: =T4*(1+$EG4) -> 0 | EO4: =T4*(1-$EG4) -> 0 | EP4: =U4*(1+$EG4) -> 0 | EQ4: =U4*(1-$EG4) -> 0 | ER4: =V4*(1+$EG4) -> 0 | ES4: =V4*(1-$EG4) -> 0 | ET4: =IF(AND(MAX($D4,$E4)>=MIN(EH4,EI4),MAX(EH4,EI4)>=MIN($D4,$E4)),"TOUCH","-----") -> ----- | EU4: =IF(AND(MAX($D4,$E4)>=MIN(EJ4,EK4),MAX(EJ4,EK4)>=MIN($D4,$E4)),"TOUCH","-----") -> ----- | EV4: =IF(AND(MAX($D4,$E4)>=MIN(EL4,EM4),MAX(EL4,EM4)>=MIN($D4,$E4)),"TOUCH","-----") -> ----- | EW4: =IF(AND(MAX($D4,$E4)>=MIN(EN4,EO4),MAX(EN4,EO4)>=MIN($D4,$E4)),"TOUCH","-----") -> ----- | EX4: =IF(AND(MAX($D4,$E4)>=MIN(EP4,EQ4),MAX(EP4,EQ4)>=MIN($D4,$E4)),"TOUCH","-----") -> ----- | EY4: =IF(AND(MAX($D4,$E4)>=MIN(ER4,ES4),MAX(ER4,ES4)>=MIN($D4,$E4)),"TOUCH","-----") -> ----- | EZ4: =IF(ET4="TOUCH",0,EZ3+1) -> 2 | FA4: =IF(EU4="TOUCH",0,FA3+1) -> 2 | FB4: =IF(EV4="TOUCH",0,FB3+1) -> 2 | FC4: =IF(EW4="TOUCH",0,FC3+1) -> 2 | FD4: =IF(EX4="TOUCH",0,FD3+1) -> 2 | FE4: =IF(EY4="TOUCH",0,FE3+1) -> 2 | FF4: =IF(ET4="TOUCH",IF(EZ3>=3,1,FF3+1),FF3) -> 0 | FG4: =IF(EU4="TOUCH",IF(FA3>=3,1,FG3+1),FG3) -> 0 | FH4: =IF(EV4="TOUCH",IF(FB3>=3,1,FH3+1),FH3) -> 0 | FI4: =IF(EW4="TOUCH",IF(FC3>=3,1,FI3+1),FI3) -> 0 | FJ4: =IF(EX4="TOUCH",IF(FD3>=3,1,FJ3+1),FJ3) -> 0 | FK4: =IF(EY4="TOUCH",IF(FE3>=3,1,FK3+1),FK3) -> 0 | FL4: =IF(ET4="TOUCH",FF4,"-----") -> ----- | FM4: =IF(EU4="TOUCH",FG4,"-----") -> ----- | FN4: =IF(EV4="TOUCH",FH4,"-----") -> ----- | FO4: =IF(EW4="TOUCH",FI4,"-----") -> ----- | FP4: =IF(EX4="TOUCH",FJ4,"-----") -> ----- | FQ4: =IF(EY4="TOUCH",FK4,"-----") -> ----- | FR4: =IF(FL4="-----","-----",(D4-Q4)/Q4) -> ----- | FS4: =IF(FM4="-----","-----",(Q4-R4)/R4) -> ----- | FT4: =IF(FN4="-----","-----",(R4-S4)/S4) -> ----- | FU4: =IF(FO4="-----","-----",(S4-T4)/T4) -> ----- | FV4: =IF(FP4="-----","-----",(T4-U4)/U4) -> ----- | FW4: =IF(FQ4="-----","-----",(U4-V4)/V4) -> ----- | FX4: =IF(FR4="-----","-----",IF(FR4>0%,"Support","Resistant")) -> ----- | FY4: =IF(FS4="-----","-----",IF(FS4>0%,"Support","Resistant")) -> ----- | FZ4: =IF(FT4="-----","-----",IF(FT4>0%,"Support","Resistant")) -> ----- | GA4: =IF(FU4="-----","-----",IF(FU4>0%,"Support","Resistant")) -> ----- | GB4: =IF(FV4="-----","-----",IF(FV4>0%,"Support","Resistant")) -> ----- | GC4: =IF(FW4="-----","-----",IF(FW4>0%,"Support","Resistant")) -> ----- | GE4: =(Z4-BG4)/BG4 -> 0.00084530854 | GI4: =IF(Y4>Z4,"Bullish","Bearish") -> Bullish | GJ4: =IF(AND(D4>Y4,D3<Y3),"TEMA crossover","-----") -> ----- | GK4: =IF(AND(D4<Y4,D3>Y3),"TEMA crossunder","-----") -> TEMA crossunder | GL4: =IF(GD4="Bearish","YES","-----") -> ----- | GM4: =IF(GH4="Reverse to Bearish","YES","-----") -> ----- | GN4: =IF(AND(GI4="Bullish",GI3="Bullish",GI2="Bullish",GI1="Bullish"),"YES","-----") -> ----- | GO4: =IF(OR(GK4="TEMA crossunder",GK3="TEMA crossunder",GK2="TEMA crossunder",GK1="TEMA crossunder"),"YES","-----") -> YES | GP4: =IF(GD4="Bullish","YES","-----") -> ----- | GQ4: =IF(GH4="Reverse to Bullish","YES","-----") -> ----- | GR4: =IF(AND(GI4="Bearish",GI3="Bearish",GI2="Bearish",GI1="Bearish"),"YES","-----") -> ----- | GS4: =IF(OR(GJ4="TEMA crossover",GJ3="TEMA crossover",GJ2="TEMA crossover",GJ1="TEMA crossover"),"YES","-----") -> ----- | GT4: =IF(AND(GL4="YES",GM4="YES",GN4="YES",GO4="YES"),"Open Sell / Close Buy","-----") -> ----- | GU4: =IF(AND(GP4="YES",GQ4="YES",GR4="YES",GS4="YES"),"Open Buy / Close Sell","-----") -> ----- | GV4: =IF(GT4<>"-----","YES",IF(GU4<>"-----","YES","-----")) -> ----- | GW4: =IF(AND(GP4="-----",GQ4="YES",GR4="YES",GS4="YES"),"Close Sell","-----") -> ----- | GX4: =IF(AND(GL4="-----",GM4="YES",GN4="YES",GO4="YES"),"Close Buy","-----") -> ----- | GY4: =IF(GW4<>"-----","YES",IF(GX4<>"-----","YES","-----")) -> ----- | GZ4: =IF(G4>BH4,"YES","-----") -> ----- | HA4: =IF(F4<BI4,"YES","-----") -> ----- | HB4: =BH4-BI4 -> 3.93 | HI4: =BI4-BK4 -> -2.54374 | HJ4: =BH4-BK4 -> 1.38626 | HQ4: =BK4-BL4 -> 0.67423 | HR4: =IF(HQ4>0,"Bull",IF(HQ4<0,"Bear","-----")) -> Bull | HS4: =ABS(HQ4) -> 0.67423
A5: =Validation!A4 -> 1772025600 | B5: =Price!B4 -> XAUUSD | C5: =Price!C4 -> M5 | D5: =Price!D4 -> 5191.13 | E5: =Price!E4 -> 5186.81 | F5: =Price!F4 -> 5191.47 | G5: =Price!G4 -> 5186.14 | H5: =Price!H4 -> 583 | I5: =Diagonals!E4 -> 0 | J5: =Diagonals!F4 -> 0 | K5: =Diagonals!G4 -> 0 | L5: =Diagonals!H4 -> 0 | M5: =Diagonals!I4 -> 0 | N5: =Diagonals!J4 -> 0 | O5: =Diagonals!K4 -> 5191.47 | P5: =Diagonals!L4 -> 0 | Q5: =Trendlines!E4 -> 0 | R5: =Trendlines!F4 -> 0 | S5: =Trendlines!G4 -> 0 | T5: =Trendlines!H4 -> 0 | U5: =Trendlines!I4 -> 0 | V5: =Trendlines!J4 -> 0 | W5: =Trendlines!K4 -> 5191.47 | X5: =Trendlines!L4 -> 0 | Y5: =Tema_Hrma_Smma!E4 -> 5188.81 | Z5: =Tema_Hrma_Smma!F4 -> 5186.82 | AA5: =Tema_Hrma_Smma!G4 -> 5181.75 | AB5: =ZScore!H4 -> 1 | AC5: =ZScore!I4 -> 0.2613 | AD5: =ZScore!J4 -> 0 | AE5: =HA!E4 -> 5186.88 | AF5: =HA!F4 -> 5191.47 | AG5: =HA!G4 -> 5186.14 | AH5: =HA!H4 -> 5188.89 | AI5: =HA!I4 -> 1 | AJ5: =HA!J4 -> 2.01 | AK5: =HA!K4 -> -0.4404 | AL5: =HA!L4 -> 3 | AM5: =KC!E4 -> 5204.7919 | AN5: =KC!F4 -> 5199.2005 | AO5: =KC!G4 -> 5193.6092 | AP5: =KC!H4 -> 5188.0178 | AQ5: =KC!I4 -> 5182.4264 | AR5: =KC!J4 -> 5178.0295 | AS5: =KC!K4 -> 5172.4382 | AT5: =KC!L4 -> 5166.8468 | ... AV5: =KC!N4 -> 5155.6641 | AW5: =SR_Levels!E4 -> 5178.6 | AX5: =SR_Levels!F4 -> 5161.89 | AY5: =SR_Levels!G4 -> 5135.85 | AZ5: =SR_Levels!H4 -> 0 | BA5: =SR_Levels!I4 -> 5193.35 | BB5: =SR_Levels!J4 -> 5205.31 | BC5: =SR_Levels!K4 -> 0 | BD5: =SR_Levels!L4 -> 0 | BE5: =ZigZag!E4 -> 5191.47 | BF5: =ZigZag!F4 -> 0 | BG5: =ZigZag!G4 -> 5182.12 | BH5: =Dual_Tema!E4 -> 5190.73 | BI5: =Dual_Tema!F4 -> 5186.16 | BJ5: =Pinbar!E4 -> 0 | BK5: =SSA!E4 -> 5188.112 | BL5: =SSA!F4 -> 5187.7058 | BN5: =IF(D5>E5,"Green Candle",IF(D5<E5,"Red Candle","Doji")) -> Green Candle | BW5: 96 | BX5: =F5-G5 -> 5.33 | BY5: =ABS(F5-D4) -> 4.47 | BZ5: =ABS(G5-D4) -> 0.86 | CA5: =MAX(BX5:BZ5) -> 5.33 | CZ5: =IF(AND(D5>BH5,D5>E5),"Bullish Trigger","-----") -> Bullish Trigger | DA5: =IF(AND(D5<BI5,D5<E5),"Bearish Trigger","-----") -> ----- | DB5: =IF(AND(W5=BE5,W5>0,BE5>0),"Important High","------") -> Important High | DC5: =IF(AND(X5=BF5,X5>0,BF5>0),"Important Low","------") -> ------ | DD5: =IF(AND(DB5="Important High",DC5="-----",BJ5=1),"Imp High Rej","-----") -> ----- | DE5: =IF(AND(DB5="-----",DC5="Important Low",BJ5=1),"Imp Low Rej","-----") -> ----- | DF5: =IF(Y5>AM5,"Overbought",IF(Y5>AO5,"Bullish Momentum",IF(Y5>AQ5,"Flat Momentum","-----"))) -> Flat Momentum | DG5: =IF(Y5<AV5,"Oversold",IF(Y5<AT5,"Bearish Momentum",IF(Y5<AR5,"Flat Momentum","-----"))) -> ----- | DH5: =IF(AND(DF5="Overbought",AD5=2),"Culminated Thrust","-----") -> ----- | DI5: =IF(AND(DG5="Oversold",AD5=5),"Culminated Thrust","-----") -> ----- | DJ5: =(Q5-$D5)/$D5 -> -1 | DK5: =(R5-$D5)/$D5 -> -1 | DL5: =(S5-$D5)/$D5 -> -1 | DM5: =(T5-$D5)/$D5 -> -1 | DN5: =(U5-$D5)/$D5 -> -1 | DO5: =(V5-$D5)/$D5 -> -1 | DP5: =LARGE($DJ5:$DO5,1) -> -1 | DQ5: =LARGE($DJ5:$DO5,2) -> -1 | DR5: =LARGE($DJ5:$DO5,3) -> -1 | DS5: =LARGE($DJ5:$DO5,4) -> -1 | DT5: =LARGE($DJ5:$DO5,5) -> -1 | DU5: =LARGE($DJ5:$DO5,6) -> -1 | DV5: =IF($D5>Q5,"SUP","RES") -> SUP | DW5: =IF($D5>R5,"SUP","RES") -> SUP | DX5: =IF($D5>S5,"SUP","RES") -> SUP | DY5: =IF($D5>T5,"SUP","RES") -> SUP | DZ5: =IF($D5>U5,"SUP","RES") -> SUP | EA5: =IF($D5>V5,"SUP","RES") -> SUP | EB5: =COUNTIF(DV5:EA5,"RES") -> 0 | EC5: =COUNTIF(DV5:EA5,"SUP") -> 6 | ED5: =IF(EB5=0,"All Sup","-----") -> All Sup | EE5: =IF(EC5=0,"All Res","-----") -> ----- | EF5: =IF(OR(ED5="All Sup",EE5="All Res"),"na",((D5-MIN(Q5:V5))/(MAX(Q5:V5)-MIN(Q5:V5)))) -> na | EG5: 0.00015 | EH5: =Q5*(1+$EG5) -> 0 | EI5: =Q5*(1-$EG5) -> 0 | EJ5: =R5*(1+$EG5) -> 0 | EK5: =R5*(1-$EG5) -> 0 | EL5: =S5*(1+$EG5) -> 0 | EM5: =S5*(1-$EG5) -> 0 | EN5: =T5*(1+$EG5) -> 0 | EO5: =T5*(1-$EG5) -> 0 | EP5: =U5*(1+$EG5) -> 0 | EQ5: =U5*(1-$EG5) -> 0 | ER5: =V5*(1+$EG5) -> 0 | ES5: =V5*(1-$EG5) -> 0 | ET5: =IF(AND(MAX($D5,$E5)>=MIN(EH5,EI5),MAX(EH5,EI5)>=MIN($D5,$E5)),"TOUCH","-----") -> ----- | EU5: =IF(AND(MAX($D5,$E5)>=MIN(EJ5,EK5),MAX(EJ5,EK5)>=MIN($D5,$E5)),"TOUCH","-----") -> ----- | EV5: =IF(AND(MAX($D5,$E5)>=MIN(EL5,EM5),MAX(EL5,EM5)>=MIN($D5,$E5)),"TOUCH","-----") -> ----- | EW5: =IF(AND(MAX($D5,$E5)>=MIN(EN5,EO5),MAX(EN5,EO5)>=MIN($D5,$E5)),"TOUCH","-----") -> ----- | EX5: =IF(AND(MAX($D5,$E5)>=MIN(EP5,EQ5),MAX(EP5,EQ5)>=MIN($D5,$E5)),"TOUCH","-----") -> ----- | EY5: =IF(AND(MAX($D5,$E5)>=MIN(ER5,ES5),MAX(ER5,ES5)>=MIN($D5,$E5)),"TOUCH","-----") -> ----- | EZ5: =IF(ET5="TOUCH",0,EZ4+1) -> 3 | FA5: =IF(EU5="TOUCH",0,FA4+1) -> 3 | FB5: =IF(EV5="TOUCH",0,FB4+1) -> 3 | FC5: =IF(EW5="TOUCH",0,FC4+1) -> 3 | FD5: =IF(EX5="TOUCH",0,FD4+1) -> 3 | FE5: =IF(EY5="TOUCH",0,FE4+1) -> 3 | FF5: =IF(ET5="TOUCH",IF(EZ4>=3,1,FF4+1),FF4) -> 0 | FG5: =IF(EU5="TOUCH",IF(FA4>=3,1,FG4+1),FG4) -> 0 | FH5: =IF(EV5="TOUCH",IF(FB4>=3,1,FH4+1),FH4) -> 0 | FI5: =IF(EW5="TOUCH",IF(FC4>=3,1,FI4+1),FI4) -> 0 | FJ5: =IF(EX5="TOUCH",IF(FD4>=3,1,FJ4+1),FJ4) -> 0 | FK5: =IF(EY5="TOUCH",IF(FE4>=3,1,FK4+1),FK4) -> 0 | FL5: =IF(ET5="TOUCH",FF5,"-----") -> ----- | FM5: =IF(EU5="TOUCH",FG5,"-----") -> ----- | FN5: =IF(EV5="TOUCH",FH5,"-----") -> ----- | FO5: =IF(EW5="TOUCH",FI5,"-----") -> ----- | FP5: =IF(EX5="TOUCH",FJ5,"-----") -> ----- | FQ5: =IF(EY5="TOUCH",FK5,"-----") -> ----- | FR5: =IF(FL5="-----","-----",(D5-Q5)/Q5) -> ----- | FS5: =IF(FM5="-----","-----",(Q5-R5)/R5) -> ----- | FT5: =IF(FN5="-----","-----",(R5-S5)/S5) -> ----- | FU5: =IF(FO5="-----","-----",(S5-T5)/T5) -> ----- | FV5: =IF(FP5="-----","-----",(T5-U5)/U5) -> ----- | FW5: =IF(FQ5="-----","-----",(U5-V5)/V5) -> ----- | FX5: =IF(FR5="-----","-----",IF(FR5>0%,"Support","Resistant")) -> ----- | FY5: =IF(FS5="-----","-----",IF(FS5>0%,"Support","Resistant")) -> ----- | FZ5: =IF(FT5="-----","-----",IF(FT5>0%,"Support","Resistant")) -> ----- | GA5: =IF(FU5="-----","-----",IF(FU5>0%,"Support","Resistant")) -> ----- | GB5: =IF(FV5="-----","-----",IF(FV5>0%,"Support","Resistant")) -> ----- | GC5: =IF(FW5="-----","-----",IF(FW5>0%,"Support","Resistant")) -> ----- | GE5: =(Z5-BG5)/BG5 -> 0.00090696472 | GI5: =IF(Y5>Z5,"Bullish","Bearish") -> Bullish | GJ5: =IF(AND(D5>Y5,D4<Y4),"TEMA crossover","-----") -> TEMA crossover | GK5: =IF(AND(D5<Y5,D4>Y4),"TEMA crossunder","-----") -> ----- | GL5: =IF(GD5="Bearish","YES","-----") -> ----- | GM5: =IF(GH5="Reverse to Bearish","YES","-----") -> ----- | GN5: =IF(AND(GI5="Bullish",GI4="Bullish",GI3="Bullish",GI2="Bullish"),"YES","-----") -> ----- | GO5: =IF(OR(GK5="TEMA crossunder",GK4="TEMA crossunder",GK3="TEMA crossunder",GK2="TEMA crossunder"),"YES","-----") -> YES | GP5: =IF(GD5="Bullish","YES","-----") -> ----- | GQ5: =IF(GH5="Reverse to Bullish","YES","-----") -> ----- | GR5: =IF(AND(GI5="Bearish",GI4="Bearish",GI3="Bearish",GI2="Bearish"),"YES","-----") -> ----- | GS5: =IF(OR(GJ5="TEMA crossover",GJ4="TEMA crossover",GJ3="TEMA crossover",GJ2="TEMA crossover"),"YES","-----") -> YES | GT5: =IF(AND(GL5="YES",GM5="YES",GN5="YES",GO5="YES"),"Open Sell / Close Buy","-----") -> ----- | GU5: =IF(AND(GP5="YES",GQ5="YES",GR5="YES",GS5="YES"),"Open Buy / Close Sell","-----") -> ----- | GV5: =IF(GT5<>"-----","YES",IF(GU5<>"-----","YES","-----")) -> ----- | GW5: =IF(AND(GP5="-----",GQ5="YES",GR5="YES",GS5="YES"),"Close Sell","-----") -> ----- | GX5: =IF(AND(GL5="-----",GM5="YES",GN5="YES",GO5="YES"),"Close Buy","-----") -> ----- | GY5: =IF(GW5<>"-----","YES",IF(GX5<>"-----","YES","-----")) -> ----- | GZ5: =IF(G5>BH5,"YES","-----") -> ----- | HA5: =IF(F5<BI5,"YES","-----") -> ----- | HB5: =BH5-BI5 -> 4.57 | HI5: =BI5-BK5 -> -1.952 | HJ5: =BH5-BK5 -> 2.618 | HQ5: =BK5-BL5 -> 0.40624 | HR5: =IF(HQ5>0,"Bull",IF(HQ5<0,"Bear","-----")) -> Bull | HS5: =ABS(HQ5) -> 0.40624
A6: =Validation!A5 -> 1772025900 | B6: =Price!B5 -> XAUUSD | C6: =Price!C5 -> M5 | D6: =Price!D5 -> 5188.07 | E6: =Price!E5 -> 5191.14 | F6: =Price!F5 -> 5191.36 | G6: =Price!G5 -> 5186.93 | H6: =Price!H5 -> 547 | I6: =Diagonals!E5 -> 0 | J6: =Diagonals!F5 -> 0 | K6: =Diagonals!G5 -> 0 | L6: =Diagonals!H5 -> 0 | M6: =Diagonals!I5 -> 0 | N6: =Diagonals!J5 -> 0 | O6: =Diagonals!K5 -> 0 | P6: =Diagonals!L5 -> 0 | Q6: =Trendlines!E5 -> 0 | R6: =Trendlines!F5 -> 0 | S6: =Trendlines!G5 -> 0 | T6: =Trendlines!H5 -> 0 | U6: =Trendlines!I5 -> 0 | V6: =Trendlines!J5 -> 0 | W6: =Trendlines!K5 -> 0 | X6: =Trendlines!L5 -> 0 | Y6: =Tema_Hrma_Smma!E5 -> 5189.24 | Z6: =Tema_Hrma_Smma!F5 -> 5187.61 | AA6: =Tema_Hrma_Smma!G5 -> 5181.96 | AB6: =ZScore!H5 -> -1 | AC6: =ZScore!I5 -> 0.11243 | AD6: =ZScore!J5 -> 3 | AE6: =HA!E5 -> 5187.88 | AF6: =HA!F5 -> 5191.36 | AG6: =HA!G5 -> 5186.93 | AH6: =HA!H5 -> 5189.38 | AI6: =HA!I5 -> 1 | AJ6: =HA!J5 -> 1.49 | AK6: =HA!K5 -> -0.61721 | AL6: =HA!L5 -> 4 | AM6: =KC!E5 -> 5205.4578 | AN6: =KC!F5 -> 5199.8671 | AO6: =KC!G5 -> 5194.2763 | AP6: =KC!H5 -> 5188.6856 | AQ6: =KC!I5 -> 5183.0949 | AR6: =KC!J5 -> 5178.709 | AS6: =KC!K5 -> 5173.1183 | AT6: =KC!L5 -> 5167.5275 | ... AV6: =KC!N5 -> 5156.3461 | AW6: =SR_Levels!E5 -> 5178.6 | AX6: =SR_Levels!F5 -> 5161.89 | AY6: =SR_Levels!G5 -> 5135.85 | AZ6: =SR_Levels!H5 -> 0 | BA6: =SR_Levels!I5 -> 5193.35 | BB6: =SR_Levels!J5 -> 5205.31 | BC6: =SR_Levels!K5 -> 0 | BD6: =SR_Levels!L5 -> 0 | BE6: =ZigZag!E5 -> 0 | BF6: =ZigZag!F5 -> 0 | BG6: =ZigZag!G5 -> 5182.59 | BH6: =Dual_Tema!E5 -> 5191.47 | BI6: =Dual_Tema!F5 -> 5186.92 | BJ6: =Pinbar!E5 -> 0 | BK6: =SSA!E5 -> 5187.9842 | BL6: =SSA!F5 -> 5187.845 | BN6: =IF(D6>E6,"Green Candle",IF(D6<E6,"Red Candle","Doji")) -> Red Candle | BW6: 96 | BX6: =F6-G6 -> 4.43 | BY6: =ABS(F6-D5) -> 0.23 | BZ6: =ABS(G6-D5) -> 4.2 | CA6: =MAX(BX6:BZ6) -> 4.43 | CZ6: =IF(AND(D6>BH6,D6>E6),"Bullish Trigger","-----") -> ----- | DA6: =IF(AND(D6<BI6,D6<E6),"Bearish Trigger","-----") -> ----- | DB6: =IF(AND(W6=BE6,W6>0,BE6>0),"Important High","------") -> ------ | DC6: =IF(AND(X6=BF6,X6>0,BF6>0),"Important Low","------") -> ------ | DD6: =IF(AND(DB6="Important High",DC6="-----",BJ6=1),"Imp High Rej","-----") -> ----- | DE6: =IF(AND(DB6="-----",DC6="Important Low",BJ6=1),"Imp Low Rej","-----") -> ----- | DF6: =IF(Y6>AM6,"Overbought",IF(Y6>AO6,"Bullish Momentum",IF(Y6>AQ6,"Flat Momentum","-----"))) -> Flat Momentum | DG6: =IF(Y6<AV6,"Oversold",IF(Y6<AT6,"Bearish Momentum",IF(Y6<AR6,"Flat Momentum","-----"))) -> ----- | DH6: =IF(AND(DF6="Overbought",AD6=2),"Culminated Thrust","-----") -> ----- | DI6: =IF(AND(DG6="Oversold",AD6=5),"Culminated Thrust","-----") -> ----- | DJ6: =(Q6-$D6)/$D6 -> -1 | DK6: =(R6-$D6)/$D6 -> -1 | DL6: =(S6-$D6)/$D6 -> -1 | DM6: =(T6-$D6)/$D6 -> -1 | DN6: =(U6-$D6)/$D6 -> -1 | DO6: =(V6-$D6)/$D6 -> -1 | DP6: =LARGE($DJ6:$DO6,1) -> -1 | DQ6: =LARGE($DJ6:$DO6,2) -> -1 | DR6: =LARGE($DJ6:$DO6,3) -> -1 | DS6: =LARGE($DJ6:$DO6,4) -> -1 | DT6: =LARGE($DJ6:$DO6,5) -> -1 | DU6: =LARGE($DJ6:$DO6,6) -> -1 | DV6: =IF($D6>Q6,"SUP","RES") -> SUP | DW6: =IF($D6>R6,"SUP","RES") -> SUP | DX6: =IF($D6>S6,"SUP","RES") -> SUP | DY6: =IF($D6>T6,"SUP","RES") -> SUP | DZ6: =IF($D6>U6,"SUP","RES") -> SUP | EA6: =IF($D6>V6,"SUP","RES") -> SUP | EB6: =COUNTIF(DV6:EA6,"RES") -> 0 | EC6: =COUNTIF(DV6:EA6,"SUP") -> 6 | ED6: =IF(EB6=0,"All Sup","-----") -> All Sup | EE6: =IF(EC6=0,"All Res","-----") -> ----- | EF6: =IF(OR(ED6="All Sup",EE6="All Res"),"na",((D6-MIN(Q6:V6))/(MAX(Q6:V6)-MIN(Q6:V6)))) -> na | EG6: 0.00015 | EH6: =Q6*(1+$EG6) -> 0 | EI6: =Q6*(1-$EG6) -> 0 | EJ6: =R6*(1+$EG6) -> 0 | EK6: =R6*(1-$EG6) -> 0 | EL6: =S6*(1+$EG6) -> 0 | EM6: =S6*(1-$EG6) -> 0 | EN6: =T6*(1+$EG6) -> 0 | EO6: =T6*(1-$EG6) -> 0 | EP6: =U6*(1+$EG6) -> 0 | EQ6: =U6*(1-$EG6) -> 0 | ER6: =V6*(1+$EG6) -> 0 | ES6: =V6*(1-$EG6) -> 0 | ET6: =IF(AND(MAX($D6,$E6)>=MIN(EH6,EI6),MAX(EH6,EI6)>=MIN($D6,$E6)),"TOUCH","-----") -> ----- | EU6: =IF(AND(MAX($D6,$E6)>=MIN(EJ6,EK6),MAX(EJ6,EK6)>=MIN($D6,$E6)),"TOUCH","-----") -> ----- | EV6: =IF(AND(MAX($D6,$E6)>=MIN(EL6,EM6),MAX(EL6,EM6)>=MIN($D6,$E6)),"TOUCH","-----") -> ----- | EW6: =IF(AND(MAX($D6,$E6)>=MIN(EN6,EO6),MAX(EN6,EO6)>=MIN($D6,$E6)),"TOUCH","-----") -> ----- | EX6: =IF(AND(MAX($D6,$E6)>=MIN(EP6,EQ6),MAX(EP6,EQ6)>=MIN($D6,$E6)),"TOUCH","-----") -> ----- | EY6: =IF(AND(MAX($D6,$E6)>=MIN(ER6,ES6),MAX(ER6,ES6)>=MIN($D6,$E6)),"TOUCH","-----") -> ----- | EZ6: =IF(ET6="TOUCH",0,EZ5+1) -> 4 | FA6: =IF(EU6="TOUCH",0,FA5+1) -> 4 | FB6: =IF(EV6="TOUCH",0,FB5+1) -> 4 | FC6: =IF(EW6="TOUCH",0,FC5+1) -> 4 | FD6: =IF(EX6="TOUCH",0,FD5+1) -> 4 | FE6: =IF(EY6="TOUCH",0,FE5+1) -> 4 | FF6: =IF(ET6="TOUCH",IF(EZ5>=3,1,FF5+1),FF5) -> 0 | FG6: =IF(EU6="TOUCH",IF(FA5>=3,1,FG5+1),FG5) -> 0 | FH6: =IF(EV6="TOUCH",IF(FB5>=3,1,FH5+1),FH5) -> 0 | FI6: =IF(EW6="TOUCH",IF(FC5>=3,1,FI5+1),FI5) -> 0 | FJ6: =IF(EX6="TOUCH",IF(FD5>=3,1,FJ5+1),FJ5) -> 0 | FK6: =IF(EY6="TOUCH",IF(FE5>=3,1,FK5+1),FK5) -> 0 | FL6: =IF(ET6="TOUCH",FF6,"-----") -> ----- | FM6: =IF(EU6="TOUCH",FG6,"-----") -> ----- | FN6: =IF(EV6="TOUCH",FH6,"-----") -> ----- | FO6: =IF(EW6="TOUCH",FI6,"-----") -> ----- | FP6: =IF(EX6="TOUCH",FJ6,"-----") -> ----- | FQ6: =IF(EY6="TOUCH",FK6,"-----") -> ----- | FR6: =IF(FL6="-----","-----",(D6-Q6)/Q6) -> ----- | FS6: =IF(FM6="-----","-----",(Q6-R6)/R6) -> ----- | FT6: =IF(FN6="-----","-----",(R6-S6)/S6) -> ----- | FU6: =IF(FO6="-----","-----",(S6-T6)/T6) -> ----- | FV6: =IF(FP6="-----","-----",(T6-U6)/U6) -> ----- | FW6: =IF(FQ6="-----","-----",(U6-V6)/V6) -> ----- | FX6: =IF(FR6="-----","-----",IF(FR6>0%,"Support","Resistant")) -> ----- | FY6: =IF(FS6="-----","-----",IF(FS6>0%,"Support","Resistant")) -> ----- | FZ6: =IF(FT6="-----","-----",IF(FT6>0%,"Support","Resistant")) -> ----- | GA6: =IF(FU6="-----","-----",IF(FU6>0%,"Support","Resistant")) -> ----- | GB6: =IF(FV6="-----","-----",IF(FV6>0%,"Support","Resistant")) -> ----- | GC6: =IF(FW6="-----","-----",IF(FW6>0%,"Support","Resistant")) -> ----- | GE6: =(Z6-BG6)/BG6 -> 0.00096862766 | GI6: =IF(Y6>Z6,"Bullish","Bearish") -> Bullish | GJ6: =IF(AND(D6>Y6,D5<Y5),"TEMA crossover","-----") -> ----- | GK6: =IF(AND(D6<Y6,D5>Y5),"TEMA crossunder","-----") -> TEMA crossunder | GL6: =IF(GD6="Bearish","YES","-----") -> ----- | GM6: =IF(GH6="Reverse to Bearish","YES","-----") -> ----- | GN6: =IF(AND(GI6="Bullish",GI5="Bullish",GI4="Bullish",GI3="Bullish"),"YES","-----") -> YES | GO6: =IF(OR(GK6="TEMA crossunder",GK5="TEMA crossunder",GK4="TEMA crossunder",GK3="TEMA crossunder"),"YES","-----") -> YES | GP6: =IF(GD6="Bullish","YES","-----") -> ----- | GQ6: =IF(GH6="Reverse to Bullish","YES","-----") -> ----- | GR6: =IF(AND(GI6="Bearish",GI5="Bearish",GI4="Bearish",GI3="Bearish"),"YES","-----") -> ----- | GS6: =IF(OR(GJ6="TEMA crossover",GJ5="TEMA crossover",GJ4="TEMA crossover",GJ3="TEMA crossover"),"YES","-----") -> YES | GT6: =IF(AND(GL6="YES",GM6="YES",GN6="YES",GO6="YES"),"Open Sell / Close Buy","-----") -> ----- | GU6: =IF(AND(GP6="YES",GQ6="YES",GR6="YES",GS6="YES"),"Open Buy / Close Sell","-----") -> ----- | GV6: =IF(GT6<>"-----","YES",IF(GU6<>"-----","YES","-----")) -> ----- | GW6: =IF(AND(GP6="-----",GQ6="YES",GR6="YES",GS6="YES"),"Close Sell","-----") -> ----- | GX6: =IF(AND(GL6="-----",GM6="YES",GN6="YES",GO6="YES"),"Close Buy","-----") -> ----- | GY6: =IF(GW6<>"-----","YES",IF(GX6<>"-----","YES","-----")) -> ----- | GZ6: =IF(G6>BH6,"YES","-----") -> ----- | HA6: =IF(F6<BI6,"YES","-----") -> ----- | HB6: =BH6-BI6 -> 4.55 | HI6: =BI6-BK6 -> -1.06419 | HJ6: =BH6-BK6 -> 3.48581 | HQ6: =BK6-BL6 -> 0.13922 | HR6: =IF(HQ6>0,"Bull",IF(HQ6<0,"Bear","-----")) -> Bull | HS6: =ABS(HQ6) -> 0.13922
A7: =Validation!A6 -> 1772026200 | B7: =Price!B6 -> XAUUSD | C7: =Price!C6 -> M5 | D7: =Price!D6 -> 5188.16 | E7: =Price!E6 -> 5188.07 | F7: =Price!F6 -> 5190.35 | G7: =Price!G6 -> 5186.62 | H7: =Price!H6 -> 516 | I7: =Diagonals!E6 -> 0 | J7: =Diagonals!F6 -> 0 | K7: =Diagonals!G6 -> 0 | L7: =Diagonals!H6 -> 0 | M7: =Diagonals!I6 -> 0 | N7: =Diagonals!J6 -> 0 | O7: =Diagonals!K6 -> 0 | P7: =Diagonals!L6 -> 0 | Q7: =Trendlines!E6 -> 0 | R7: =Trendlines!F6 -> 0 | S7: =Trendlines!G6 -> 0 | T7: =Trendlines!H6 -> 0 | U7: =Trendlines!I6 -> 0 | V7: =Trendlines!J6 -> 0 | W7: =Trendlines!K6 -> 0 | X7: =Trendlines!L6 -> 0 | Y7: =Tema_Hrma_Smma!E6 -> 5189.22 | Z7: =Tema_Hrma_Smma!F6 -> 5188.22 | AA7: =Tema_Hrma_Smma!G6 -> 5182.14 | AB7: =ZScore!H6 -> 1 | AC7: =ZScore!I6 -> 1.01543 | AD7: =ZScore!J6 -> 0 | AE7: =HA!E6 -> 5188.63 | AF7: =HA!F6 -> 5190.35 | AG7: =HA!G6 -> 5186.62 | AH7: =HA!H6 -> 5188.3 | AI7: =HA!I6 -> -1 | AJ7: =HA!J6 -> 0.33 | AK7: =HA!K6 -> -1.00918 | AL7: =HA!L6 -> -1 | AM7: =KC!E6 -> 5205.954 | AN7: =KC!F6 -> 5200.4008 | AO7: =KC!G6 -> 5194.8476 | AP7: =KC!H6 -> 5189.2944 | AQ7: =KC!I6 -> 5183.7412 | AR7: =KC!J6 -> 5179.3825 | AS7: =KC!K6 -> 5173.8293 | AT7: =KC!L6 -> 5168.2761 | ... AV7: =KC!N6 -> 5157.1697 | AW7: =SR_Levels!E6 -> 5178.6 | AX7: =SR_Levels!F6 -> 5161.89 | AY7: =SR_Levels!G6 -> 5135.85 | AZ7: =SR_Levels!H6 -> 0 | BA7: =SR_Levels!I6 -> 5193.35 | BB7: =SR_Levels!J6 -> 5205.31 | BC7: =SR_Levels!K6 -> 0 | BD7: =SR_Levels!L6 -> 0 | BE7: =ZigZag!E6 -> 0 | BF7: =ZigZag!F6 -> 0 | BG7: =ZigZag!G6 -> 5183 | BH7: =Dual_Tema!E6 -> 5191.36 | BI7: =Dual_Tema!F6 -> 5187.17 | BJ7: =Pinbar!E6 -> 0 | BK7: =SSA!E6 -> 5187.8513 | BL7: =SSA!F6 -> 5187.8481 | BN7: =IF(D7>E7,"Green Candle",IF(D7<E7,"Red Candle","Doji")) -> Green Candle | BW7: 96 | BX7: =F7-G7 -> 3.73 | BY7: =ABS(F7-D6) -> 2.28 | BZ7: =ABS(G7-D6) -> 1.45 | CA7: =MAX(BX7:BZ7) -> 3.73 | CZ7: =IF(AND(D7>BH7,D7>E7),"Bullish Trigger","-----") -> ----- | DA7: =IF(AND(D7<BI7,D7<E7),"Bearish Trigger","-----") -> ----- | DB7: =IF(AND(W7=BE7,W7>0,BE7>0),"Important High","------") -> ------ | DC7: =IF(AND(X7=BF7,X7>0,BF7>0),"Important Low","------") -> ------ | DD7: =IF(AND(DB7="Important High",DC7="-----",BJ7=1),"Imp High Rej","-----") -> ----- | DE7: =IF(AND(DB7="-----",DC7="Important Low",BJ7=1),"Imp Low Rej","-----") -> ----- | DF7: =IF(Y7>AM7,"Overbought",IF(Y7>AO7,"Bullish Momentum",IF(Y7>AQ7,"Flat Momentum","-----"))) -> Flat Momentum | DG7: =IF(Y7<AV7,"Oversold",IF(Y7<AT7,"Bearish Momentum",IF(Y7<AR7,"Flat Momentum","-----"))) -> ----- | DH7: =IF(AND(DF7="Overbought",AD7=2),"Culminated Thrust","-----") -> ----- | DI7: =IF(AND(DG7="Oversold",AD7=5),"Culminated Thrust","-----") -> ----- | DJ7: =(Q7-$D7)/$D7 -> -1 | DK7: =(R7-$D7)/$D7 -> -1 | DL7: =(S7-$D7)/$D7 -> -1 | DM7: =(T7-$D7)/$D7 -> -1 | DN7: =(U7-$D7)/$D7 -> -1 | DO7: =(V7-$D7)/$D7 -> -1 | DP7: =LARGE($DJ7:$DO7,1) -> -1 | DQ7: =LARGE($DJ7:$DO7,2) -> -1 | DR7: =LARGE($DJ7:$DO7,3) -> -1 | DS7: =LARGE($DJ7:$DO7,4) -> -1 | DT7: =LARGE($DJ7:$DO7,5) -> -1 | DU7: =LARGE($DJ7:$DO7,6) -> -1 | DV7: =IF($D7>Q7,"SUP","RES") -> SUP | DW7: =IF($D7>R7,"SUP","RES") -> SUP | DX7: =IF($D7>S7,"SUP","RES") -> SUP | DY7: =IF($D7>T7,"SUP","RES") -> SUP | DZ7: =IF($D7>U7,"SUP","RES") -> SUP | EA7: =IF($D7>V7,"SUP","RES") -> SUP | EB7: =COUNTIF(DV7:EA7,"RES") -> 0 | EC7: =COUNTIF(DV7:EA7,"SUP") -> 6 | ED7: =IF(EB7=0,"All Sup","-----") -> All Sup | EE7: =IF(EC7=0,"All Res","-----") -> ----- | EF7: =IF(OR(ED7="All Sup",EE7="All Res"),"na",((D7-MIN(Q7:V7))/(MAX(Q7:V7)-MIN(Q7:V7)))) -> na | EG7: 0.00015 | EH7: =Q7*(1+$EG7) -> 0 | EI7: =Q7*(1-$EG7) -> 0 | EJ7: =R7*(1+$EG7) -> 0 | EK7: =R7*(1-$EG7) -> 0 | EL7: =S7*(1+$EG7) -> 0 | EM7: =S7*(1-$EG7) -> 0 | EN7: =T7*(1+$EG7) -> 0 | EO7: =T7*(1-$EG7) -> 0 | EP7: =U7*(1+$EG7) -> 0 | EQ7: =U7*(1-$EG7) -> 0 | ER7: =V7*(1+$EG7) -> 0 | ES7: =V7*(1-$EG7) -> 0 | ET7: =IF(AND(MAX($D7,$E7)>=MIN(EH7,EI7),MAX(EH7,EI7)>=MIN($D7,$E7)),"TOUCH","-----") -> ----- | EU7: =IF(AND(MAX($D7,$E7)>=MIN(EJ7,EK7),MAX(EJ7,EK7)>=MIN($D7,$E7)),"TOUCH","-----") -> ----- | EV7: =IF(AND(MAX($D7,$E7)>=MIN(EL7,EM7),MAX(EL7,EM7)>=MIN($D7,$E7)),"TOUCH","-----") -> ----- | EW7: =IF(AND(MAX($D7,$E7)>=MIN(EN7,EO7),MAX(EN7,EO7)>=MIN($D7,$E7)),"TOUCH","-----") -> ----- | EX7: =IF(AND(MAX($D7,$E7)>=MIN(EP7,EQ7),MAX(EP7,EQ7)>=MIN($D7,$E7)),"TOUCH","-----") -> ----- | EY7: =IF(AND(MAX($D7,$E7)>=MIN(ER7,ES7),MAX(ER7,ES7)>=MIN($D7,$E7)),"TOUCH","-----") -> ----- | EZ7: =IF(ET7="TOUCH",0,EZ6+1) -> 5 | FA7: =IF(EU7="TOUCH",0,FA6+1) -> 5 | FB7: =IF(EV7="TOUCH",0,FB6+1) -> 5 | FC7: =IF(EW7="TOUCH",0,FC6+1) -> 5 | FD7: =IF(EX7="TOUCH",0,FD6+1) -> 5 | FE7: =IF(EY7="TOUCH",0,FE6+1) -> 5 | FF7: =IF(ET7="TOUCH",IF(EZ6>=3,1,FF6+1),FF6) -> 0 | FG7: =IF(EU7="TOUCH",IF(FA6>=3,1,FG6+1),FG6) -> 0 | FH7: =IF(EV7="TOUCH",IF(FB6>=3,1,FH6+1),FH6) -> 0 | FI7: =IF(EW7="TOUCH",IF(FC6>=3,1,FI6+1),FI6) -> 0 | FJ7: =IF(EX7="TOUCH",IF(FD6>=3,1,FJ6+1),FJ6) -> 0 | FK7: =IF(EY7="TOUCH",IF(FE6>=3,1,FK6+1),FK6) -> 0 | FL7: =IF(ET7="TOUCH",FF7,"-----") -> ----- | FM7: =IF(EU7="TOUCH",FG7,"-----") -> ----- | FN7: =IF(EV7="TOUCH",FH7,"-----") -> ----- | FO7: =IF(EW7="TOUCH",FI7,"-----") -> ----- | FP7: =IF(EX7="TOUCH",FJ7,"-----") -> ----- | FQ7: =IF(EY7="TOUCH",FK7,"-----") -> ----- | FR7: =IF(FL7="-----","-----",(D7-Q7)/Q7) -> ----- | FS7: =IF(FM7="-----","-----",(Q7-R7)/R7) -> ----- | FT7: =IF(FN7="-----","-----",(R7-S7)/S7) -> ----- | FU7: =IF(FO7="-----","-----",(S7-T7)/T7) -> ----- | FV7: =IF(FP7="-----","-----",(T7-U7)/U7) -> ----- | FW7: =IF(FQ7="-----","-----",(U7-V7)/V7) -> ----- | FX7: =IF(FR7="-----","-----",IF(FR7>0%,"Support","Resistant")) -> ----- | FY7: =IF(FS7="-----","-----",IF(FS7>0%,"Support","Resistant")) -> ----- | FZ7: =IF(FT7="-----","-----",IF(FT7>0%,"Support","Resistant")) -> ----- | GA7: =IF(FU7="-----","-----",IF(FU7>0%,"Support","Resistant")) -> ----- | GB7: =IF(FV7="-----","-----",IF(FV7>0%,"Support","Resistant")) -> ----- | GC7: =IF(FW7="-----","-----",IF(FW7>0%,"Support","Resistant")) -> ----- | GE7: =(Z7-BG7)/BG7 -> 0.0010071387 | GI7: =IF(Y7>Z7,"Bullish","Bearish") -> Bullish | GJ7: =IF(AND(D7>Y7,D6<Y6),"TEMA crossover","-----") -> ----- | GK7: =IF(AND(D7<Y7,D6>Y6),"TEMA crossunder","-----") -> ----- | GL7: =IF(GD7="Bearish","YES","-----") -> ----- | GM7: =IF(GH7="Reverse to Bearish","YES","-----") -> ----- | GN7: =IF(AND(GI7="Bullish",GI6="Bullish",GI5="Bullish",GI4="Bullish"),"YES","-----") -> YES | GO7: =IF(OR(GK7="TEMA crossunder",GK6="TEMA crossunder",GK5="TEMA crossunder",GK4="TEMA crossunder"),"YES","-----") -> YES | GP7: =IF(GD7="Bullish","YES","-----") -> ----- | GQ7: =IF(GH7="Reverse to Bullish","YES","-----") -> ----- | GR7: =IF(AND(GI7="Bearish",GI6="Bearish",GI5="Bearish",GI4="Bearish"),"YES","-----") -> ----- | GS7: =IF(OR(GJ7="TEMA crossover",GJ6="TEMA crossover",GJ5="TEMA crossover",GJ4="TEMA crossover"),"YES","-----") -> YES | GT7: =IF(AND(GL7="YES",GM7="YES",GN7="YES",GO7="YES"),"Open Sell / Close Buy","-----") -> ----- | GU7: =IF(AND(GP7="YES",GQ7="YES",GR7="YES",GS7="YES"),"Open Buy / Close Sell","-----") -> ----- | GV7: =IF(GT7<>"-----","YES",IF(GU7<>"-----","YES","-----")) -> ----- | GW7: =IF(AND(GP7="-----",GQ7="YES",GR7="YES",GS7="YES"),"Close Sell","-----") -> ----- | GX7: =IF(AND(GL7="-----",GM7="YES",GN7="YES",GO7="YES"),"Close Buy","-----") -> ----- | GY7: =IF(GW7<>"-----","YES",IF(GX7<>"-----","YES","-----")) -> ----- | GZ7: =IF(G7>BH7,"YES","-----") -> ----- | HA7: =IF(F7<BI7,"YES","-----") -> ----- | HB7: =BH7-BI7 -> 4.19 | HI7: =BI7-BK7 -> -0.68133 | HJ7: =BH7-BK7 -> 3.50867 | HQ7: =BK7-BL7 -> 0.00318 | HR7: =IF(HQ7>0,"Bull",IF(HQ7<0,"Bear","-----")) -> Bull | HS7: =ABS(HQ7) -> 0.00318
A8: =Validation!A7 -> 1772026500 | B8: =Price!B7 -> XAUUSD | C8: =Price!C7 -> M5 | D8: =Price!D7 -> 5189.61 | E8: =Price!E7 -> 5188.16 | F8: =Price!F7 -> 5190.35 | G8: =Price!G7 -> 5187.73 | H8: =Price!H7 -> 524 | I8: =Diagonals!E7 -> 0 | J8: =Diagonals!F7 -> 0 | K8: =Diagonals!G7 -> 0 | L8: =Diagonals!H7 -> 0 | M8: =Diagonals!I7 -> 0 | N8: =Diagonals!J7 -> 0 | O8: =Diagonals!K7 -> 0 | P8: =Diagonals!L7 -> 0 | Q8: =Trendlines!E7 -> 0 | R8: =Trendlines!F7 -> 0 | S8: =Trendlines!G7 -> 0 | T8: =Trendlines!H7 -> 0 | U8: =Trendlines!I7 -> 0 | V8: =Trendlines!J7 -> 0 | W8: =Trendlines!K7 -> 0 | X8: =Trendlines!L7 -> 0 | Y8: =Tema_Hrma_Smma!E7 -> 5189.54 | Z8: =Tema_Hrma_Smma!F7 -> 5188.77 | AA8: =Tema_Hrma_Smma!G7 -> 5182.33 | AB8: =ZScore!H7 -> 1 | AC8: =ZScore!I7 -> 0.60318 | AD8: =ZScore!J7 -> 0 | AE8: =HA!E7 -> 5188.46 | AF8: =HA!F7 -> 5190.35 | AG8: =HA!G7 -> 5187.73 | AH8: =HA!H7 -> 5188.96 | AI8: =HA!I7 -> 1 | AJ8: =HA!J7 -> 0.5 | AK8: =HA!K7 -> -0.94748 | AL8: =HA!L7 -> 1 | AM8: =KC!E7 -> 5206.483 | AN8: =KC!F7 -> 5200.952 | AO8: =KC!G7 -> 5195.421 | AP8: =KC!H7 -> 5189.8901 | AQ8: =KC!I7 -> 5184.3591 | AR8: =KC!J7 -> 5180.0665 | AS8: =KC!K7 -> 5174.5355 | AT8: =KC!L7 -> 5169.0045 | ... AV8: =KC!N7 -> 5157.9425 | AW8: =SR_Levels!E7 -> 5178.6 | AX8: =SR_Levels!F7 -> 5161.89 | AY8: =SR_Levels!G7 -> 5135.85 | AZ8: =SR_Levels!H7 -> 0 | BA8: =SR_Levels!I7 -> 5193.35 | BB8: =SR_Levels!J7 -> 5205.31 | BC8: =SR_Levels!K7 -> 0 | BD8: =SR_Levels!L7 -> 0 | BE8: =ZigZag!E7 -> 0 | BF8: =ZigZag!F7 -> 0 | BG8: =ZigZag!G7 -> 5183.45 | BH8: =Dual_Tema!E7 -> 5191.2 | BI8: =Dual_Tema!F7 -> 5187.78 | BJ8: =Pinbar!E7 -> 0 | BK8: =SSA!E7 -> 5187.8602 | BL8: =SSA!F7 -> 5187.8542 | BN8: =IF(D8>E8,"Green Candle",IF(D8<E8,"Red Candle","Doji")) -> Green Candle | BW8: 96 | BX8: =F8-G8 -> 2.62 | BY8: =ABS(F8-D7) -> 2.19 | BZ8: =ABS(G8-D7) -> 0.43 | CA8: =MAX(BX8:BZ8) -> 2.62 | CZ8: =IF(AND(D8>BH8,D8>E8),"Bullish Trigger","-----") -> ----- | DA8: =IF(AND(D8<BI8,D8<E8),"Bearish Trigger","-----") -> ----- | DB8: =IF(AND(W8=BE8,W8>0,BE8>0),"Important High","------") -> ------ | DC8: =IF(AND(X8=BF8,X8>0,BF8>0),"Important Low","------") -> ------ | DD8: =IF(AND(DB8="Important High",DC8="-----",BJ8=1),"Imp High Rej","-----") -> ----- | DE8: =IF(AND(DB8="-----",DC8="Important Low",BJ8=1),"Imp Low Rej","-----") -> ----- | DF8: =IF(Y8>AM8,"Overbought",IF(Y8>AO8,"Bullish Momentum",IF(Y8>AQ8,"Flat Momentum","-----"))) -> Flat Momentum | DG8: =IF(Y8<AV8,"Oversold",IF(Y8<AT8,"Bearish Momentum",IF(Y8<AR8,"Flat Momentum","-----"))) -> ----- | DH8: =IF(AND(DF8="Overbought",AD8=2),"Culminated Thrust","-----") -> ----- | DI8: =IF(AND(DG8="Oversold",AD8=5),"Culminated Thrust","-----") -> ----- | DJ8: =(Q8-$D8)/$D8 -> -1 | DK8: =(R8-$D8)/$D8 -> -1 | DL8: =(S8-$D8)/$D8 -> -1 | DM8: =(T8-$D8)/$D8 -> -1 | DN8: =(U8-$D8)/$D8 -> -1 | DO8: =(V8-$D8)/$D8 -> -1 | DP8: =LARGE($DJ8:$DO8,1) -> -1 | DQ8: =LARGE($DJ8:$DO8,2) -> -1 | DR8: =LARGE($DJ8:$DO8,3) -> -1 | DS8: =LARGE($DJ8:$DO8,4) -> -1 | DT8: =LARGE($DJ8:$DO8,5) -> -1 | DU8: =LARGE($DJ8:$DO8,6) -> -1 | DV8: =IF($D8>Q8,"SUP","RES") -> SUP | DW8: =IF($D8>R8,"SUP","RES") -> SUP | DX8: =IF($D8>S8,"SUP","RES") -> SUP | DY8: =IF($D8>T8,"SUP","RES") -> SUP | DZ8: =IF($D8>U8,"SUP","RES") -> SUP | EA8: =IF($D8>V8,"SUP","RES") -> SUP | EB8: =COUNTIF(DV8:EA8,"RES") -> 0 | EC8: =COUNTIF(DV8:EA8,"SUP") -> 6 | ED8: =IF(EB8=0,"All Sup","-----") -> All Sup | EE8: =IF(EC8=0,"All Res","-----") -> ----- | EF8: =IF(OR(ED8="All Sup",EE8="All Res"),"na",((D8-MIN(Q8:V8))/(MAX(Q8:V8)-MIN(Q8:V8)))) -> na | EG8: 0.00015 | EH8: =Q8*(1+$EG8) -> 0 | EI8: =Q8*(1-$EG8) -> 0 | EJ8: =R8*(1+$EG8) -> 0 | EK8: =R8*(1-$EG8) -> 0 | EL8: =S8*(1+$EG8) -> 0 | EM8: =S8*(1-$EG8) -> 0 | EN8: =T8*(1+$EG8) -> 0 | EO8: =T8*(1-$EG8) -> 0 | EP8: =U8*(1+$EG8) -> 0 | EQ8: =U8*(1-$EG8) -> 0 | ER8: =V8*(1+$EG8) -> 0 | ES8: =V8*(1-$EG8) -> 0 | ET8: =IF(AND(MAX($D8,$E8)>=MIN(EH8,EI8),MAX(EH8,EI8)>=MIN($D8,$E8)),"TOUCH","-----") -> ----- | EU8: =IF(AND(MAX($D8,$E8)>=MIN(EJ8,EK8),MAX(EJ8,EK8)>=MIN($D8,$E8)),"TOUCH","-----") -> ----- | EV8: =IF(AND(MAX($D8,$E8)>=MIN(EL8,EM8),MAX(EL8,EM8)>=MIN($D8,$E8)),"TOUCH","-----") -> ----- | EW8: =IF(AND(MAX($D8,$E8)>=MIN(EN8,EO8),MAX(EN8,EO8)>=MIN($D8,$E8)),"TOUCH","-----") -> ----- | EX8: =IF(AND(MAX($D8,$E8)>=MIN(EP8,EQ8),MAX(EP8,EQ8)>=MIN($D8,$E8)),"TOUCH","-----") -> ----- | EY8: =IF(AND(MAX($D8,$E8)>=MIN(ER8,ES8),MAX(ER8,ES8)>=MIN($D8,$E8)),"TOUCH","-----") -> ----- | EZ8: =IF(ET8="TOUCH",0,EZ7+1) -> 6 | FA8: =IF(EU8="TOUCH",0,FA7+1) -> 6 | FB8: =IF(EV8="TOUCH",0,FB7+1) -> 6 | FC8: =IF(EW8="TOUCH",0,FC7+1) -> 6 | FD8: =IF(EX8="TOUCH",0,FD7+1) -> 6 | FE8: =IF(EY8="TOUCH",0,FE7+1) -> 6 | FF8: =IF(ET8="TOUCH",IF(EZ7>=3,1,FF7+1),FF7) -> 0 | FG8: =IF(EU8="TOUCH",IF(FA7>=3,1,FG7+1),FG7) -> 0 | FH8: =IF(EV8="TOUCH",IF(FB7>=3,1,FH7+1),FH7) -> 0 | FI8: =IF(EW8="TOUCH",IF(FC7>=3,1,FI7+1),FI7) -> 0 | FJ8: =IF(EX8="TOUCH",IF(FD7>=3,1,FJ7+1),FJ7) -> 0 | FK8: =IF(EY8="TOUCH",IF(FE7>=3,1,FK7+1),FK7) -> 0 | FL8: =IF(ET8="TOUCH",FF8,"-----") -> ----- | FM8: =IF(EU8="TOUCH",FG8,"-----") -> ----- | FN8: =IF(EV8="TOUCH",FH8,"-----") -> ----- | FO8: =IF(EW8="TOUCH",FI8,"-----") -> ----- | FP8: =IF(EX8="TOUCH",FJ8,"-----") -> ----- | FQ8: =IF(EY8="TOUCH",FK8,"-----") -> ----- | FR8: =IF(FL8="-----","-----",(D8-Q8)/Q8) -> ----- | FS8: =IF(FM8="-----","-----",(Q8-R8)/R8) -> ----- | FT8: =IF(FN8="-----","-----",(R8-S8)/S8) -> ----- | FU8: =IF(FO8="-----","-----",(S8-T8)/T8) -> ----- | FV8: =IF(FP8="-----","-----",(T8-U8)/U8) -> ----- | FW8: =IF(FQ8="-----","-----",(U8-V8)/V8) -> ----- | FX8: =IF(FR8="-----","-----",IF(FR8>0%,"Support","Resistant")) -> ----- | FY8: =IF(FS8="-----","-----",IF(FS8>0%,"Support","Resistant")) -> ----- | FZ8: =IF(FT8="-----","-----",IF(FT8>0%,"Support","Resistant")) -> ----- | GA8: =IF(FU8="-----","-----",IF(FU8>0%,"Support","Resistant")) -> ----- | GB8: =IF(FV8="-----","-----",IF(FV8>0%,"Support","Resistant")) -> ----- | GC8: =IF(FW8="-----","-----",IF(FW8>0%,"Support","Resistant")) -> ----- | GE8: =(Z8-BG8)/BG8 -> 0.0010263435 | GI8: =IF(Y8>Z8,"Bullish","Bearish") -> Bullish | GJ8: =IF(AND(D8>Y8,D7<Y7),"TEMA crossover","-----") -> TEMA crossover | GK8: =IF(AND(D8<Y8,D7>Y7),"TEMA crossunder","-----") -> ----- | GL8: =IF(GD8="Bearish","YES","-----") -> ----- | GM8: =IF(GH8="Reverse to Bearish","YES","-----") -> ----- | GN8: =IF(AND(GI8="Bullish",GI7="Bullish",GI6="Bullish",GI5="Bullish"),"YES","-----") -> YES | GO8: =IF(OR(GK8="TEMA crossunder",GK7="TEMA crossunder",GK6="TEMA crossunder",GK5="TEMA crossunder"),"YES","-----") -> YES | GP8: =IF(GD8="Bullish","YES","-----") -> ----- | GQ8: =IF(GH8="Reverse to Bullish","YES","-----") -> ----- | GR8: =IF(AND(GI8="Bearish",GI7="Bearish",GI6="Bearish",GI5="Bearish"),"YES","-----") -> ----- | GS8: =IF(OR(GJ8="TEMA crossover",GJ7="TEMA crossover",GJ6="TEMA crossover",GJ5="TEMA crossover"),"YES","-----") -> YES | GT8: =IF(AND(GL8="YES",GM8="YES",GN8="YES",GO8="YES"),"Open Sell / Close Buy","-----") -> ----- | GU8: =IF(AND(GP8="YES",GQ8="YES",GR8="YES",GS8="YES"),"Open Buy / Close Sell","-----") -> ----- | GV8: =IF(GT8<>"-----","YES",IF(GU8<>"-----","YES","-----")) -> ----- | GW8: =IF(AND(GP8="-----",GQ8="YES",GR8="YES",GS8="YES"),"Close Sell","-----") -> ----- | GX8: =IF(AND(GL8="-----",GM8="YES",GN8="YES",GO8="YES"),"Close Buy","-----") -> ----- | GY8: =IF(GW8<>"-----","YES",IF(GX8<>"-----","YES","-----")) -> ----- | GZ8: =IF(G8>BH8,"YES","-----") -> ----- | HA8: =IF(F8<BI8,"YES","-----") -> ----- | HB8: =BH8-BI8 -> 3.42 | HI8: =BI8-BK8 -> -0.08023 | HJ8: =BH8-BK8 -> 3.33977 | HQ8: =BK8-BL8 -> 0.00604 | HR8: =IF(HQ8>0,"Bull",IF(HQ8<0,"Bear","-----")) -> Bull | HS8: =ABS(HQ8) -> 0.00604
A9: =Validation!A8 -> 1772026800 | B9: =Price!B8 -> XAUUSD | C9: =Price!C8 -> M5 | D9: =Price!D8 -> 5186.84 | E9: =Price!E8 -> 5189.93 | F9: =Price!F8 -> 5191.33 | G9: =Price!G8 -> 5182.03 | H9: =Price!H8 -> 660 | I9: =Diagonals!E8 -> 0 | J9: =Diagonals!F8 -> 0 | K9: =Diagonals!G8 -> 0 | L9: =Diagonals!H8 -> 0 | M9: =Diagonals!I8 -> 0 | N9: =Diagonals!J8 -> 0 | O9: =Diagonals!K8 -> 0 | P9: =Diagonals!L8 -> 0 | Q9: =Trendlines!E8 -> 0 | R9: =Trendlines!F8 -> 0 | S9: =Trendlines!G8 -> 0 | T9: =Trendlines!H8 -> 0 | U9: =Trendlines!I8 -> 0 | V9: =Trendlines!J8 -> 0 | W9: =Trendlines!K8 -> 0 | X9: =Trendlines!L8 -> 0 | Y9: =Tema_Hrma_Smma!E8 -> 5188.45 | Z9: =Tema_Hrma_Smma!F8 -> 5188.96 | AA9: =Tema_Hrma_Smma!G8 -> 5182.49 | AB9: =ZScore!H8 -> -1 | AC9: =ZScore!I8 -> 0.10542 | AD9: =ZScore!J8 -> 3 | AE9: =HA!E8 -> 5188.71 | AF9: =HA!F8 -> 5191.33 | AG9: =HA!G8 -> 5182.03 | AH9: =HA!H8 -> 5187.53 | AI9: =HA!I8 -> -1 | AJ9: =HA!J8 -> 1.18 | AK9: =HA!K8 -> -0.71688 | AL9: =HA!L8 -> -1 | AM9: =KC!E8 -> 5207.2125 | AN9: =KC!F8 -> 5201.6517 | AO9: =KC!G8 -> 5196.091 | AP9: =KC!H8 -> 5190.5303 | AQ9: =KC!I8 -> 5184.9695 | AR9: =KC!J8 -> 5180.5984 | AS9: =KC!K8 -> 5175.0376 | AT9: =KC!L8 -> 5169.4769 | ... AV9: =KC!N8 -> 5158.3554 | AW9: =SR_Levels!E8 -> 5178.6 | AX9: =SR_Levels!F8 -> 5161.89 | AY9: =SR_Levels!G8 -> 5135.85 | AZ9: =SR_Levels!H8 -> 0 | BA9: =SR_Levels!I8 -> 5193.35 | BB9: =SR_Levels!J8 -> 5205.31 | BC9: =SR_Levels!K8 -> 0 | BD9: =SR_Levels!L8 -> 0 | BE9: =ZigZag!E8 -> 0 | BF9: =ZigZag!F8 -> 0 | BG9: =ZigZag!G8 -> 5183.68 | BH9: =Dual_Tema!E8 -> 5191.5 | BI9: =Dual_Tema!F8 -> 5185.31 | BJ9: =Pinbar!E8 -> 0 | BK9: =SSA!E8 -> 5188.0224 | BL9: =SSA!F8 -> 5187.9383 | BN9: =IF(D9>E9,"Green Candle",IF(D9<E9,"Red Candle","Doji")) -> Red Candle | BO9: =(D9/D3)-1 -> -6.9401604e-05 | BS9: =((BO9+1)^(1/6))-1 -> -1.1567268e-05 | BW9: 96 | BX9: =F9-G9 -> 9.3 | BY9: =ABS(F9-D8) -> 1.72 | BZ9: =ABS(G9-D8) -> 7.58 | CA9: =MAX(BX9:BZ9) -> 9.3 | CZ9: =IF(AND(D9>BH9,D9>E9),"Bullish Trigger","-----") -> ----- | DA9: =IF(AND(D9<BI9,D9<E9),"Bearish Trigger","-----") -> ----- | DB9: =IF(AND(W9=BE9,W9>0,BE9>0),"Important High","------") -> ------ | DC9: =IF(AND(X9=BF9,X9>0,BF9>0),"Important Low","------") -> ------ | DD9: =IF(AND(DB9="Important High",DC9="-----",BJ9=1),"Imp High Rej","-----") -> ----- | DE9: =IF(AND(DB9="-----",DC9="Important Low",BJ9=1),"Imp Low Rej","-----") -> ----- | DF9: =IF(Y9>AM9,"Overbought",IF(Y9>AO9,"Bullish Momentum",IF(Y9>AQ9,"Flat Momentum","-----"))) -> Flat Momentum | DG9: =IF(Y9<AV9,"Oversold",IF(Y9<AT9,"Bearish Momentum",IF(Y9<AR9,"Flat Momentum","-----"))) -> ----- | DH9: =IF(AND(DF9="Overbought",AD9=2),"Culminated Thrust","-----") -> ----- | DI9: =IF(AND(DG9="Oversold",AD9=5),"Culminated Thrust","-----") -> ----- | DJ9: =(Q9-$D9)/$D9 -> -1 | DK9: =(R9-$D9)/$D9 -> -1 | DL9: =(S9-$D9)/$D9 -> -1 | DM9: =(T9-$D9)/$D9 -> -1 | DN9: =(U9-$D9)/$D9 -> -1 | DO9: =(V9-$D9)/$D9 -> -1 | DP9: =LARGE($DJ9:$DO9,1) -> -1 | DQ9: =LARGE($DJ9:$DO9,2) -> -1 | DR9: =LARGE($DJ9:$DO9,3) -> -1 | DS9: =LARGE($DJ9:$DO9,4) -> -1 | DT9: =LARGE($DJ9:$DO9,5) -> -1 | DU9: =LARGE($DJ9:$DO9,6) -> -1 | DV9: =IF($D9>Q9,"SUP","RES") -> SUP | DW9: =IF($D9>R9,"SUP","RES") -> SUP | DX9: =IF($D9>S9,"SUP","RES") -> SUP | DY9: =IF($D9>T9,"SUP","RES") -> SUP | DZ9: =IF($D9>U9,"SUP","RES") -> SUP | EA9: =IF($D9>V9,"SUP","RES") -> SUP | EB9: =COUNTIF(DV9:EA9,"RES") -> 0 | EC9: =COUNTIF(DV9:EA9,"SUP") -> 6 | ED9: =IF(EB9=0,"All Sup","-----") -> All Sup | EE9: =IF(EC9=0,"All Res","-----") -> ----- | EF9: =IF(OR(ED9="All Sup",EE9="All Res"),"na",((D9-MIN(Q9:V9))/(MAX(Q9:V9)-MIN(Q9:V9)))) -> na | EG9: 0.00015 | EH9: =Q9*(1+$EG9) -> 0 | EI9: =Q9*(1-$EG9) -> 0 | EJ9: =R9*(1+$EG9) -> 0 | EK9: =R9*(1-$EG9) -> 0 | EL9: =S9*(1+$EG9) -> 0 | EM9: =S9*(1-$EG9) -> 0 | EN9: =T9*(1+$EG9) -> 0 | EO9: =T9*(1-$EG9) -> 0 | EP9: =U9*(1+$EG9) -> 0 | EQ9: =U9*(1-$EG9) -> 0 | ER9: =V9*(1+$EG9) -> 0 | ES9: =V9*(1-$EG9) -> 0 | ET9: =IF(AND(MAX($D9,$E9)>=MIN(EH9,EI9),MAX(EH9,EI9)>=MIN($D9,$E9)),"TOUCH","-----") -> ----- | EU9: =IF(AND(MAX($D9,$E9)>=MIN(EJ9,EK9),MAX(EJ9,EK9)>=MIN($D9,$E9)),"TOUCH","-----") -> ----- | EV9: =IF(AND(MAX($D9,$E9)>=MIN(EL9,EM9),MAX(EL9,EM9)>=MIN($D9,$E9)),"TOUCH","-----") -> ----- | EW9: =IF(AND(MAX($D9,$E9)>=MIN(EN9,EO9),MAX(EN9,EO9)>=MIN($D9,$E9)),"TOUCH","-----") -> ----- | EX9: =IF(AND(MAX($D9,$E9)>=MIN(EP9,EQ9),MAX(EP9,EQ9)>=MIN($D9,$E9)),"TOUCH","-----") -> ----- | EY9: =IF(AND(MAX($D9,$E9)>=MIN(ER9,ES9),MAX(ER9,ES9)>=MIN($D9,$E9)),"TOUCH","-----") -> ----- | EZ9: =IF(ET9="TOUCH",0,EZ8+1) -> 7 | FA9: =IF(EU9="TOUCH",0,FA8+1) -> 7 | FB9: =IF(EV9="TOUCH",0,FB8+1) -> 7 | FC9: =IF(EW9="TOUCH",0,FC8+1) -> 7 | FD9: =IF(EX9="TOUCH",0,FD8+1) -> 7 | FE9: =IF(EY9="TOUCH",0,FE8+1) -> 7 | FF9: =IF(ET9="TOUCH",IF(EZ8>=3,1,FF8+1),FF8) -> 0 | FG9: =IF(EU9="TOUCH",IF(FA8>=3,1,FG8+1),FG8) -> 0 | FH9: =IF(EV9="TOUCH",IF(FB8>=3,1,FH8+1),FH8) -> 0 | FI9: =IF(EW9="TOUCH",IF(FC8>=3,1,FI8+1),FI8) -> 0 | FJ9: =IF(EX9="TOUCH",IF(FD8>=3,1,FJ8+1),FJ8) -> 0 | FK9: =IF(EY9="TOUCH",IF(FE8>=3,1,FK8+1),FK8) -> 0 | FL9: =IF(ET9="TOUCH",FF9,"-----") -> ----- | FM9: =IF(EU9="TOUCH",FG9,"-----") -> ----- | FN9: =IF(EV9="TOUCH",FH9,"-----") -> ----- | FO9: =IF(EW9="TOUCH",FI9,"-----") -> ----- | FP9: =IF(EX9="TOUCH",FJ9,"-----") -> ----- | FQ9: =IF(EY9="TOUCH",FK9,"-----") -> ----- | FR9: =IF(FL9="-----","-----",(D9-Q9)/Q9) -> ----- | FS9: =IF(FM9="-----","-----",(Q9-R9)/R9) -> ----- | FT9: =IF(FN9="-----","-----",(R9-S9)/S9) -> ----- | FU9: =IF(FO9="-----","-----",(S9-T9)/T9) -> ----- | FV9: =IF(FP9="-----","-----",(T9-U9)/U9) -> ----- | FW9: =IF(FQ9="-----","-----",(U9-V9)/V9) -> ----- | FX9: =IF(FR9="-----","-----",IF(FR9>0%,"Support","Resistant")) -> ----- | FY9: =IF(FS9="-----","-----",IF(FS9>0%,"Support","Resistant")) -> ----- | FZ9: =IF(FT9="-----","-----",IF(FT9>0%,"Support","Resistant")) -> ----- | GA9: =IF(FU9="-----","-----",IF(FU9>0%,"Support","Resistant")) -> ----- | GB9: =IF(FV9="-----","-----",IF(FV9>0%,"Support","Resistant")) -> ----- | GC9: =IF(FW9="-----","-----",IF(FW9>0%,"Support","Resistant")) -> ----- | GE9: =(Z9-BG9)/BG9 -> 0.0010185814 | GI9: =IF(Y9>Z9,"Bullish","Bearish") -> Bearish | GJ9: =IF(AND(D9>Y9,D8<Y8),"TEMA crossover","-----") -> ----- | GK9: =IF(AND(D9<Y9,D8>Y8),"TEMA crossunder","-----") -> TEMA crossunder | GL9: =IF(GD9="Bearish","YES","-----") -> ----- | GM9: =IF(GH9="Reverse to Bearish","YES","-----") -> ----- | GN9: =IF(AND(GI9="Bullish",GI8="Bullish",GI7="Bullish",GI6="Bullish"),"YES","-----") -> ----- | GO9: =IF(OR(GK9="TEMA crossunder",GK8="TEMA crossunder",GK7="TEMA crossunder",GK6="TEMA crossunder"),"YES","-----") -> YES | GP9: =IF(GD9="Bullish","YES","-----") -> ----- | GQ9: =IF(GH9="Reverse to Bullish","YES","-----") -> ----- | GR9: =IF(AND(GI9="Bearish",GI8="Bearish",GI7="Bearish",GI6="Bearish"),"YES","-----") -> ----- | GS9: =IF(OR(GJ9="TEMA crossover",GJ8="TEMA crossover",GJ7="TEMA crossover",GJ6="TEMA crossover"),"YES","-----") -> YES | GT9: =IF(AND(GL9="YES",GM9="YES",GN9="YES",GO9="YES"),"Open Sell / Close Buy","-----") -> ----- | GU9: =IF(AND(GP9="YES",GQ9="YES",GR9="YES",GS9="YES"),"Open Buy / Close Sell","-----") -> ----- | GV9: =IF(GT9<>"-----","YES",IF(GU9<>"-----","YES","-----")) -> ----- | GW9: =IF(AND(GP9="-----",GQ9="YES",GR9="YES",GS9="YES"),"Close Sell","-----") -> ----- | GX9: =IF(AND(GL9="-----",GM9="YES",GN9="YES",GO9="YES"),"Close Buy","-----") -> ----- | GY9: =IF(GW9<>"-----","YES",IF(GX9<>"-----","YES","-----")) -> ----- | GZ9: =IF(G9>BH9,"YES","-----") -> ----- | HA9: =IF(F9<BI9,"YES","-----") -> ----- | HB9: =BH9-BI9 -> 6.19 | HI9: =BI9-BK9 -> -2.7124 | HJ9: =BH9-BK9 -> 3.4776 | HQ9: =BK9-BL9 -> 0.0841 | HR9: =IF(HQ9>0,"Bull",IF(HQ9<0,"Bear","-----")) -> Bull | HS9: =ABS(HQ9) -> 0.0841
