Workbook

Sheet Price
A1: timestamp | B1: symbol | C1: timeframe | D1: close | E1: open | F1: high | G1: low | H1: volume | J1: convert_to_readable_datetime | K1: round_to_nearest_datetime_5m | L1: timestamp_adjusted
A2: 1772024998 | B2: XAUUSD | C2: M5 | D2: 5187.2 | E2: 5188.44 | F2: 5189.22 | G2: 5185.5 | H2: 567 | J2: =(A2/86400)+25569 -> 46078.549 | K2: =CEILING(INT(J2*1440)/1440*288,1)/288 -> 46078.549 | L2: =MROUND((K2-25569)*86400,300) -> 1772025000
A3: 1772025298 | B3: XAUUSD | C3: M5 | D3: 5187 | E3: 5187.22 | F3: 5189.54 | G3: 5185.97 | H3: 574 | J3: =(A3/86400)+25569 -> 46078.552 | K3: =CEILING(INT(J3*1440)/1440*288,1)/288 -> 46078.552 | L3: =MROUND((K3-25569)*86400,300) -> 1772025300
A4: 1772025598 | B4: XAUUSD | C4: M5 | D4: 5191.13 | E4: 5186.81 | F4: 5191.47 | G4: 5186.14 | H4: 583 | J4: =(A4/86400)+25569 -> 46078.556 | K4: =CEILING(INT(J4*1440)/1440*288,1)/288 -> 46078.556 | L4: =MROUND((K4-25569)*86400,300) -> 1772025600
A5: 1772025898 | B5: XAUUSD | C5: M5 | D5: 5188.07 | E5: 5191.14 | F5: 5191.36 | G5: 5186.93 | H5: 547 | J5: =(A5/86400)+25569 -> 46078.559 | K5: =CEILING(INT(J5*1440)/1440*288,1)/288 -> 46078.559 | L5: =MROUND((K5-25569)*86400,300) -> 1772025900
A6: 1772026198 | B6: XAUUSD | C6: M5 | D6: 5188.16 | E6: 5188.07 | F6: 5190.35 | G6: 5186.62 | H6: 516 | J6: =(A6/86400)+25569 -> 46078.562 | K6: =CEILING(INT(J6*1440)/1440*288,1)/288 -> 46078.562 | L6: =MROUND((K6-25569)*86400,300) -> 1772026200
A7: 1772026498 | B7: XAUUSD | C7: M5 | D7: 5189.61 | E7: 5188.16 | F7: 5190.35 | G7: 5187.73 | H7: 524 | J7: =(A7/86400)+25569 -> 46078.566 | K7: =CEILING(INT(J7*1440)/1440*288,1)/288 -> 46078.566 | L7: =MROUND((K7-25569)*86400,300) -> 1772026500
A8: 1772026798 | B8: XAUUSD | C8: M5 | D8: 5186.84 | E8: 5189.93 | F8: 5191.33 | G8: 5182.03 | H8: 660 | J8: =(A8/86400)+25569 -> 46078.569 | K8: =CEILING(INT(J8*1440)/1440*288,1)/288 -> 46078.569 | L8: =MROUND((K8-25569)*86400,300) -> 1772026800
A9: 1772027098 | B9: XAUUSD | C9: M5 | D9: 5186.59 | E9: 5187.12 | F9: 5191.12 | G9: 5185.65 | H9: 585 | J9: =(A9/86400)+25569 -> 46078.573 | K9: =CEILING(INT(J9*1440)/1440*288,1)/288 -> 46078.573 | L9: =MROUND((K9-25569)*86400,300) -> 1772027100
A10: 1772027398 | B10: XAUUSD | C10: M5 | D10: 5186.07 | E10: 5187.03 | F10: 5187.42 | G10: 5184.3 | H10: 628 | J10: =(A10/86400)+25569 -> 46078.576 | K10: =CEILING(INT(J10*1440)/1440*288,1)/288 -> 46078.576 | L10: =MROUND((K10-25569)*86400,300) -> 1772027400
A11: 1772027698 | B11: XAUUSD | C11: M5 | D11: 5185.23 | E11: 5186.04 | F11: 5188.5 | G11: 5184.76 | H11: 572 | J11: =(A11/86400)+25569 -> 46078.58 | K11: =CEILING(INT(J11*1440)/1440*288,1)/288 -> 46078.58 | L11: =MROUND((K11-25569)*86400,300) -> 1772027700
A12: 1772027998 | B12: XAUUSD | C12: M5 | D12: 5187.18 | E12: 5185.22 | F12: 5187.34 | G12: 5183.76 | H12: 641 | J12: =(A12/86400)+25569 -> 46078.583 | K12: =CEILING(INT(J12*1440)/1440*288,1)/288 -> 46078.583 | L12: =MROUND((K12-25569)*86400,300) -> 1772028000
A13: 1772028298 | B13: XAUUSD | C13: M5 | D13: 5189.99 | E13: 5187.18 | F13: 5191.07 | G13: 5186.8 | H13: 582 | J13: =(A13/86400)+25569 -> 46078.587 | K13: =CEILING(INT(J13*1440)/1440*288,1)/288 -> 46078.587 | L13: =MROUND((K13-25569)*86400,300) -> 1772028300
... A501: 1772181898 | B501: XAUUSD | C501: M5 | D501: 5181.66 | E501: 5180.32 | F501: 5182.14 | G501: 5179.99 | H501: 92 | J501: =(A501/86400)+25569 -> 46080.365 | K501: =CEILING(INT(J501*1440)/1440*288,1)/288 -> 46080.365 | L501: =MROUND((K501-25569)*86400,300) -> 1772181900

Sheet Trendlines
A1: timestamp | B1: symbol | C1: timeframe | D1: close | E1: horiz_peak_line_1 | F1: horiz_peak_line_2 | G1: horiz_peak_line_3 | H1: horiz_bottom_line_1 | I1: horiz_bottom_line_2 | J1: horiz_bottom_line_3 | K1: horiz_high_map | L1: horiz_low_map | O1: convert_to_readable_datetime | P1: round_to_nearest_datetime_5m | Q1: timestamp_adjusted
A2: 1772024999 | B2: XAUUSD | C2: M5 | D2: 5187.2 | O2: =(A2/86400)+25569 -> 46078.549 | P2: =CEILING(INT(O2*1440)/1440*288,1)/288 -> 46078.549 | Q2: =MROUND((P2-25569)*86400,300) -> 1772025000
A3: 1772025299 | B3: XAUUSD | C3: M5 | D3: 5187 | O3: =(A3/86400)+25569 -> 46078.552 | P3: =CEILING(INT(O3*1440)/1440*288,1)/288 -> 46078.552 | Q3: =MROUND((P3-25569)*86400,300) -> 1772025300
A4: 1772025599 | B4: XAUUSD | C4: M5 | D4: 5191.13 | K4: 5191.47 | O4: =(A4/86400)+25569 -> 46078.556 | P4: =CEILING(INT(O4*1440)/1440*288,1)/288 -> 46078.556 | Q4: =MROUND((P4-25569)*86400,300) -> 1772025600
A5: 1772025899 | B5: XAUUSD | C5: M5 | D5: 5188.07 | O5: =(A5/86400)+25569 -> 46078.559 | P5: =CEILING(INT(O5*1440)/1440*288,1)/288 -> 46078.559 | Q5: =MROUND((P5-25569)*86400,300) -> 1772025900
A6: 1772026199 | B6: XAUUSD | C6: M5 | D6: 5188.16 | O6: =(A6/86400)+25569 -> 46078.562 | P6: =CEILING(INT(O6*1440)/1440*288,1)/288 -> 46078.562 | Q6: =MROUND((P6-25569)*86400,300) -> 1772026200
A7: 1772026499 | B7: XAUUSD | C7: M5 | D7: 5189.61 | O7: =(A7/86400)+25569 -> 46078.566 | P7: =CEILING(INT(O7*1440)/1440*288,1)/288 -> 46078.566 | Q7: =MROUND((P7-25569)*86400,300) -> 1772026500
A8: 1772026799 | B8: XAUUSD | C8: M5 | D8: 5186.84 | O8: =(A8/86400)+25569 -> 46078.569 | P8: =CEILING(INT(O8*1440)/1440*288,1)/288 -> 46078.569 | Q8: =MROUND((P8-25569)*86400,300) -> 1772026800
A9: 1772027099 | B9: XAUUSD | C9: M5 | D9: 5186.59 | O9: =(A9/86400)+25569 -> 46078.573 | P9: =CEILING(INT(O9*1440)/1440*288,1)/288 -> 46078.573 | Q9: =MROUND((P9-25569)*86400,300) -> 1772027100
A10: 1772027399 | B10: XAUUSD | C10: M5 | D10: 5186.07 | O10: =(A10/86400)+25569 -> 46078.576 | P10: =CEILING(INT(O10*1440)/1440*288,1)/288 -> 46078.576 | Q10: =MROUND((P10-25569)*86400,300) -> 1772027400
A11: 1772027699 | B11: XAUUSD | C11: M5 | D11: 5185.23 | O11: =(A11/86400)+25569 -> 46078.58 | P11: =CEILING(INT(O11*1440)/1440*288,1)/288 -> 46078.58 | Q11: =MROUND((P11-25569)*86400,300) -> 1772027700
A12: 1772027999 | B12: XAUUSD | C12: M5 | D12: 5187.18 | O12: =(A12/86400)+25569 -> 46078.583 | P12: =CEILING(INT(O12*1440)/1440*288,1)/288 -> 46078.583 | Q12: =MROUND((P12-25569)*86400,300) -> 1772028000
A13: 1772028299 | B13: XAUUSD | C13: M5 | D13: 5189.99 | O13: =(A13/86400)+25569 -> 46078.587 | P13: =CEILING(INT(O13*1440)/1440*288,1)/288 -> 46078.587 | Q13: =MROUND((P13-25569)*86400,300) -> 1772028300
A14: 1772028599 | B14: XAUUSD | C14: M5 | D14: 5185.44 | O14: =(A14/86400)+25569 -> 46078.59 | P14: =CEILING(INT(O14*1440)/1440*288,1)/288 -> 46078.59 | Q14: =MROUND((P14-25569)*86400,300) -> 1772028600
A15: 1772028899 | B15: XAUUSD | C15: M5 | D15: 5182.68 | O15: =(A15/86400)+25569 -> 46078.594 | P15: =CEILING(INT(O15*1440)/1440*288,1)/288 -> 46078.594 | Q15: =MROUND((P15-25569)*86400,300) -> 1772028900
A16: 1772029199 | B16: XAUUSD | C16: M5 | D16: 5181.49 | O16: =(A16/86400)+25569 -> 46078.597 | P16: =CEILING(INT(O16*1440)/1440*288,1)/288 -> 46078.597 | Q16: =MROUND((P16-25569)*86400,300) -> 1772029200
... A18: 1772029799 | B18: XAUUSD | C18: M5 | D18: 5174.14 | O18: =(A18/86400)+25569 -> 46078.604 | P18: =CEILING(INT(O18*1440)/1440*288,1)/288 -> 46078.604 | Q18: =MROUND((P18-25569)*86400,300) -> 1772029800
A19: 1772030099 | B19: XAUUSD | C19: M5 | D19: 5159.73 | L19: 5158.94 | O19: =(A19/86400)+25569 -> 46078.608 | P19: =CEILING(INT(O19*1440)/1440*288,1)/288 -> 46078.608 | Q19: =MROUND((P19-25569)*86400,300) -> 1772030100
A20: 1772030399 | B20: XAUUSD | C20: M5 | D20: 5174.91 | O20: =(A20/86400)+25569 -> 46078.611 | P20: =CEILING(INT(O20*1440)/1440*288,1)/288 -> 46078.611 | Q20: =MROUND((P20-25569)*86400,300) -> 1772030400
A21: 1772030699 | B21: XAUUSD | C21: M5 | D21: 5181.79 | O21: =(A21/86400)+25569 -> 46078.615 | P21: =CEILING(INT(O21*1440)/1440*288,1)/288 -> 46078.615 | Q21: =MROUND((P21-25569)*86400,300) -> 1772030700
A22: 1772030999 | B22: XAUUSD | C22: M5 | D22: 5188.55 | O22: =(A22/86400)+25569 -> 46078.618 | P22: =CEILING(INT(O22*1440)/1440*288,1)/288 -> 46078.618 | Q22: =MROUND((P22-25569)*86400,300) -> 1772031000
A23: 1772031299 | B23: XAUUSD | C23: M5 | D23: 5191.25 | O23: =(A23/86400)+25569 -> 46078.622 | P23: =CEILING(INT(O23*1440)/1440*288,1)/288 -> 46078.622 | Q23: =MROUND((P23-25569)*86400,300) -> 1772031300
A24: 1772031599 | B24: XAUUSD | C24: M5 | D24: 5198.64 | O24: =(A24/86400)+25569 -> 46078.625 | P24: =CEILING(INT(O24*1440)/1440*288,1)/288 -> 46078.625 | Q24: =MROUND((P24-25569)*86400,300) -> 1772031600
A25: 1772031899 | B25: XAUUSD | C25: M5 | D25: 5195.89 | O25: =(A25/86400)+25569 -> 46078.628 | P25: =CEILING(INT(O25*1440)/1440*288,1)/288 -> 46078.628 | Q25: =MROUND((P25-25569)*86400,300) -> 1772031900
A26: 1772032199 | B26: XAUUSD | C26: M5 | D26: 5193.17 | O26: =(A26/86400)+25569 -> 46078.632 | P26: =CEILING(INT(O26*1440)/1440*288,1)/288 -> 46078.632 | Q26: =MROUND((P26-25569)*86400,300) -> 1772032200
A27: 1772032499 | B27: XAUUSD | C27: M5 | D27: 5188.97 | O27: =(A27/86400)+25569 -> 46078.635 | P27: =CEILING(INT(O27*1440)/1440*288,1)/288 -> 46078.635 | Q27: =MROUND((P27-25569)*86400,300) -> 1772032500
A28: 1772032799 | B28: XAUUSD | C28: M5 | D28: 5185.46 | O28: =(A28/86400)+25569 -> 46078.639 | P28: =CEILING(INT(O28*1440)/1440*288,1)/288 -> 46078.639 | Q28: =MROUND((P28-25569)*86400,300) -> 1772032800
A29: 1772033099 | B29: XAUUSD | C29: M5 | D29: 5180.33 | O29: =(A29/86400)+25569 -> 46078.642 | P29: =CEILING(INT(O29*1440)/1440*288,1)/288 -> 46078.642 | Q29: =MROUND((P29-25569)*86400,300) -> 1772033100
A30: 1772033399 | B30: XAUUSD | C30: M5 | D30: 5181.68 | O30: =(A30/86400)+25569 -> 46078.646 | P30: =CEILING(INT(O30*1440)/1440*288,1)/288 -> 46078.646 | Q30: =MROUND((P30-25569)*86400,300) -> 1772033400
A31: 1772033699 | B31: XAUUSD | C31: M5 | D31: 5187.95 | O31: =(A31/86400)+25569 -> 46078.649 | P31: =CEILING(INT(O31*1440)/1440*288,1)/288 -> 46078.649 | Q31: =MROUND((P31-25569)*86400,300) -> 1772033700
... A49: 1772039099 | B49: XAUUSD | C49: M5 | D49: 5214.69 | O49: =(A49/86400)+25569 -> 46078.712 | P49: =CEILING(INT(O49*1440)/1440*288,1)/288 -> 46078.712 | Q49: =MROUND((P49-25569)*86400,300) -> 1772039100
A50: 1772039399 | B50: XAUUSD | C50: M5 | D50: 5215.17 | K50: 5217.63 | O50: =(A50/86400)+25569 -> 46078.715 | P50: =CEILING(INT(O50*1440)/1440*288,1)/288 -> 46078.715 | Q50: =MROUND((P50-25569)*86400,300) -> 1772039400
A51: 1772039699 | B51: XAUUSD | C51: M5 | D51: 5214.53 | O51: =(A51/86400)+25569 -> 46078.719 | P51: =CEILING(INT(O51*1440)/1440*288,1)/288 -> 46078.719 | Q51: =MROUND((P51-25569)*86400,300) -> 1772039700
A52: 1772039999 | B52: XAUUSD | C52: M5 | D52: 5213.27 | O52: =(A52/86400)+25569 -> 46078.722 | P52: =CEILING(INT(O52*1440)/1440*288,1)/288 -> 46078.722 | Q52: =MROUND((P52-25569)*86400,300) -> 1772040000
A53: 1772040299 | B53: XAUUSD | C53: M5 | D53: 5213.1 | O53: =(A53/86400)+25569 -> 46078.726 | P53: =CEILING(INT(O53*1440)/1440*288,1)/288 -> 46078.726 | Q53: =MROUND((P53-25569)*86400,300) -> 1772040300
A54: 1772040599 | B54: XAUUSD | C54: M5 | D54: 5211.85 | O54: =(A54/86400)+25569 -> 46078.729 | P54: =CEILING(INT(O54*1440)/1440*288,1)/288 -> 46078.729 | Q54: =MROUND((P54-25569)*86400,300) -> 1772040600
A55: 1772040899 | B55: XAUUSD | C55: M5 | D55: 5213.17 | O55: =(A55/86400)+25569 -> 46078.733 | P55: =CEILING(INT(O55*1440)/1440*288,1)/288 -> 46078.733 | Q55: =MROUND((P55-25569)*86400,300) -> 1772040900
A56: 1772041199 | B56: XAUUSD | C56: M5 | D56: 5208.33 | O56: =(A56/86400)+25569 -> 46078.736 | P56: =CEILING(INT(O56*1440)/1440*288,1)/288 -> 46078.736 | Q56: =MROUND((P56-25569)*86400,300) -> 1772041200
A57: 1772041499 | B57: XAUUSD | C57: M5 | D57: 5206.71 | O57: =(A57/86400)+25569 -> 46078.74 | P57: =CEILING(INT(O57*1440)/1440*288,1)/288 -> 46078.74 | Q57: =MROUND((P57-25569)*86400,300) -> 1772041500
A58: 1772041799 | B58: XAUUSD | C58: M5 | D58: 5206.32 | O58: =(A58/86400)+25569 -> 46078.743 | P58: =CEILING(INT(O58*1440)/1440*288,1)/288 -> 46078.743 | Q58: =MROUND((P58-25569)*86400,300) -> 1772041800
A59: 1772042099 | B59: XAUUSD | C59: M5 | D59: 5206.82 | O59: =(A59/86400)+25569 -> 46078.747 | P59: =CEILING(INT(O59*1440)/1440*288,1)/288 -> 46078.747 | Q59: =MROUND((P59-25569)*86400,300) -> 1772042100
A60: 1772042399 | B60: XAUUSD | C60: M5 | D60: 5207.4 | O60: =(A60/86400)+25569 -> 46078.75 | P60: =CEILING(INT(O60*1440)/1440*288,1)/288 -> 46078.75 | Q60: =MROUND((P60-25569)*86400,300) -> 1772042400
A61: 1772042699 | B61: XAUUSD | C61: M5 | D61: 5207.07 | O61: =(A61/86400)+25569 -> 46078.753 | P61: =CEILING(INT(O61*1440)/1440*288,1)/288 -> 46078.753 | Q61: =MROUND((P61-25569)*86400,300) -> 1772042700
A62: 1772042999 | B62: XAUUSD | C62: M5 | D62: 5206.89 | O62: =(A62/86400)+25569 -> 46078.757 | P62: =CEILING(INT(O62*1440)/1440*288,1)/288 -> 46078.757 | Q62: =MROUND((P62-25569)*86400,300) -> 1772043000
... A81: 1772048699 | B81: XAUUSD | C81: M5 | D81: 5205 | O81: =(A81/86400)+25569 -> 46078.823 | P81: =CEILING(INT(O81*1440)/1440*288,1)/288 -> 46078.823 | Q81: =MROUND((P81-25569)*86400,300) -> 1772048700
A82: 1772048999 | B82: XAUUSD | C82: M5 | D82: 5204.97 | K82: 5208.32 | O82: =(A82/86400)+25569 -> 46078.826 | P82: =CEILING(INT(O82*1440)/1440*288,1)/288 -> 46078.826 | Q82: =MROUND((P82-25569)*86400,300) -> 1772049000
A83: 1772049299 | B83: XAUUSD | C83: M5 | D83: 5204.87 | O83: =(A83/86400)+25569 -> 46078.83 | P83: =CEILING(INT(O83*1440)/1440*288,1)/288 -> 46078.83 | Q83: =MROUND((P83-25569)*86400,300) -> 1772049300
A84: 1772049599 | B84: XAUUSD | C84: M5 | D84: 5201.76 | O84: =(A84/86400)+25569 -> 46078.833 | P84: =CEILING(INT(O84*1440)/1440*288,1)/288 -> 46078.833 | Q84: =MROUND((P84-25569)*86400,300) -> 1772049600
A85: 1772049899 | B85: XAUUSD | C85: M5 | D85: 5202.46 | O85: =(A85/86400)+25569 -> 46078.837 | P85: =CEILING(INT(O85*1440)/1440*288,1)/288 -> 46078.837 | Q85: =MROUND((P85-25569)*86400,300) -> 1772049900
A86: 1772050199 | B86: XAUUSD | C86: M5 | D86: 5195.27 | O86: =(A86/86400)+25569 -> 46078.84 | P86: =CEILING(INT(O86*1440)/1440*288,1)/288 -> 46078.84 | Q86: =MROUND((P86-25569)*86400,300) -> 1772050200
A87: 1772050499 | B87: XAUUSD | C87: M5 | D87: 5184.8 | O87: =(A87/86400)+25569 -> 46078.844 | P87: =CEILING(INT(O87*1440)/1440*288,1)/288 -> 46078.844 | Q87: =MROUND((P87-25569)*86400,300) -> 1772050500
A88: 1772050799 | B88: XAUUSD | C88: M5 | D88: 5189 | O88: =(A88/86400)+25569 -> 46078.847 | P88: =CEILING(INT(O88*1440)/1440*288,1)/288 -> 46078.847 | Q88: =MROUND((P88-25569)*86400,300) -> 1772050800
A89: 1772051099 | B89: XAUUSD | C89: M5 | D89: 5186.11 | O89: =(A89/86400)+25569 -> 46078.851 | P89: =CEILING(INT(O89*1440)/1440*288,1)/288 -> 46078.851 | Q89: =MROUND((P89-25569)*86400,300) -> 1772051100
A90: 1772051399 | B90: XAUUSD | C90: M5 | D90: 5188.12 | O90: =(A90/86400)+25569 -> 46078.854 | P90: =CEILING(INT(O90*1440)/1440*288,1)/288 -> 46078.854 | Q90: =MROUND((P90-25569)*86400,300) -> 1772051400
A91: 1772051699 | B91: XAUUSD | C91: M5 | D91: 5183.41 | O91: =(A91/86400)+25569 -> 46078.858 | P91: =CEILING(INT(O91*1440)/1440*288,1)/288 -> 46078.858 | Q91: =MROUND((P91-25569)*86400,300) -> 1772051700
A92: 1772051999 | B92: XAUUSD | C92: M5 | D92: 5181.48 | O92: =(A92/86400)+25569 -> 46078.861 | P92: =CEILING(INT(O92*1440)/1440*288,1)/288 -> 46078.861 | Q92: =MROUND((P92-25569)*86400,300) -> 1772052000
A93: 1772052299 | B93: XAUUSD | C93: M5 | D93: 5173.57 | O93: =(A93/86400)+25569 -> 46078.865 | P93: =CEILING(INT(O93*1440)/1440*288,1)/288 -> 46078.865 | Q93: =MROUND((P93-25569)*86400,300) -> 1772052300
A94: 1772052599 | B94: XAUUSD | C94: M5 | D94: 5178.01 | O94: =(A94/86400)+25569 -> 46078.868 | P94: =CEILING(INT(O94*1440)/1440*288,1)/288 -> 46078.868 | Q94: =MROUND((P94-25569)*86400,300) -> 1772052600
A95: 1772052899 | B95: XAUUSD | C95: M5 | D95: 5152.16 | L95: 5145.45 | O95: =(A95/86400)+25569 -> 46078.872 | P95: =CEILING(INT(O95*1440)/1440*288,1)/288 -> 46078.872 | Q95: =MROUND((P95-25569)*86400,300) -> 1772052900
A96: 1772053199 | B96: XAUUSD | C96: M5 | D96: 5156.08 | O96: =(A96/86400)+25569 -> 46078.875 | P96: =CEILING(INT(O96*1440)/1440*288,1)/288 -> 46078.875 | Q96: =MROUND((P96-25569)*86400,300) -> 1772053200
A97: 1772053499 | B97: XAUUSD | C97: M5 | D97: 5163.03 | O97: =(A97/86400)+25569 -> 46078.878 | P97: =CEILING(INT(O97*1440)/1440*288,1)/288 -> 46078.878 | Q97: =MROUND((P97-25569)*86400,300) -> 1772053500
A98: 1772053799 | B98: XAUUSD | C98: M5 | D98: 5161.84 | O98: =(A98/86400)+25569 -> 46078.882 | P98: =CEILING(INT(O98*1440)/1440*288,1)/288 -> 46078.882 | Q98: =MROUND((P98-25569)*86400,300) -> 1772053800
A99: 1772054099 | B99: XAUUSD | C99: M5 | D99: 5165.38 | O99: =(A99/86400)+25569 -> 46078.885 | P99: =CEILING(INT(O99*1440)/1440*288,1)/288 -> 46078.885 | Q99: =MROUND((P99-25569)*86400,300) -> 1772054100
A100: 1772054399 | B100: XAUUSD | C100: M5 | D100: 5169.17 | O100: =(A100/86400)+25569 -> 46078.889 | P100: =CEILING(INT(O100*1440)/1440*288,1)/288 -> 46078.889 | Q100: =MROUND((P100-25569)*86400,300) -> 1772054400
A101: 1772054699 | B101: XAUUSD | C101: M5 | D101: 5169.12 | O101: =(A101/86400)+25569 -> 46078.892 | P101: =CEILING(INT(O101*1440)/1440*288,1)/288 -> 46078.892 | Q101: =MROUND((P101-25569)*86400,300) -> 1772054700
A102: 1772054999 | B102: XAUUSD | C102: M5 | D102: 5168.22 | O102: =(A102/86400)+25569 -> 46078.896 | P102: =CEILING(INT(O102*1440)/1440*288,1)/288 -> 46078.896 | Q102: =MROUND((P102-25569)*86400,300) -> 1772055000
A103: 1772055299 | B103: XAUUSD | C103: M5 | D103: 5168.9 | O103: =(A103/86400)+25569 -> 46078.899 | P103: =CEILING(INT(O103*1440)/1440*288,1)/288 -> 46078.899 | Q103: =MROUND((P103-25569)*86400,300) -> 1772055300
A104: 1772055599 | B104: XAUUSD | C104: M5 | D104: 5170.25 | O104: =(A104/86400)+25569 -> 46078.903 | P104: =CEILING(INT(O104*1440)/1440*288,1)/288 -> 46078.903 | Q104: =MROUND((P104-25569)*86400,300) -> 1772055600
A105: 1772055899 | B105: XAUUSD | C105: M5 | D105: 5170.94 | O105: =(A105/86400)+25569 -> 46078.906 | P105: =CEILING(INT(O105*1440)/1440*288,1)/288 -> 46078.906 | Q105: =MROUND((P105-25569)*86400,300) -> 1772055900
A106: 1772056199 | B106: XAUUSD | C106: M5 | D106: 5164.31 | O106: =(A106/86400)+25569 -> 46078.91 | P106: =CEILING(INT(O106*1440)/1440*288,1)/288 -> 46078.91 | Q106: =MROUND((P106-25569)*86400,300) -> 1772056200
A107: 1772056499 | B107: XAUUSD | C107: M5 | D107: 5164.89 | O107: =(A107/86400)+25569 -> 46078.913 | P107: =CEILING(INT(O107*1440)/1440*288,1)/288 -> 46078.913 | Q107: =MROUND((P107-25569)*86400,300) -> 1772056500
... A119: 1772063699 | B119: XAUUSD | C119: M5 | D119: 5163.13 | O119: =(A119/86400)+25569 -> 46078.997 | P119: =CEILING(INT(O119*1440)/1440*288,1)/288 -> 46078.997 | Q119: =MROUND((P119-25569)*86400,300) -> 1772063700
A120: 1772063999 | B120: XAUUSD | C120: M5 | D120: 5160.24 | H120: 5155.71 | J120: 5155.71 | L120: 5155.71 | O120: =(A120/86400)+25569 -> 46079 | P120: =CEILING(INT(O120*1440)/1440*288,1)/288 -> 46079 | Q120: =MROUND((P120-25569)*86400,300) -> 1772064000
A121: 1772064299 | B121: XAUUSD | C121: M5 | D121: 5161.95 | H121: 5155.79 | J121: 5155.75 | O121: =(A121/86400)+25569 -> 46079.003 | P121: =CEILING(INT(O121*1440)/1440*288,1)/288 -> 46079.003 | Q121: =MROUND((P121-25569)*86400,300) -> 1772064300
A122: 1772064599 | B122: XAUUSD | C122: M5 | D122: 5167.67 | H122: 5155.86 | J122: 5155.79 | O122: =(A122/86400)+25569 -> 46079.007 | P122: =CEILING(INT(O122*1440)/1440*288,1)/288 -> 46079.007 | Q122: =MROUND((P122-25569)*86400,300) -> 1772064600
A123: 1772064899 | B123: XAUUSD | C123: M5 | D123: 5169.72 | H123: 5155.94 | J123: 5155.83 | O123: =(A123/86400)+25569 -> 46079.01 | P123: =CEILING(INT(O123*1440)/1440*288,1)/288 -> 46079.01 | Q123: =MROUND((P123-25569)*86400,300) -> 1772064900
A124: 1772065199 | B124: XAUUSD | C124: M5 | D124: 5180.94 | H124: 5156.01 | J124: 5155.86 | O124: =(A124/86400)+25569 -> 46079.014 | P124: =CEILING(INT(O124*1440)/1440*288,1)/288 -> 46079.014 | Q124: =MROUND((P124-25569)*86400,300) -> 1772065200
A125: 1772065499 | B125: XAUUSD | C125: M5 | D125: 5185.25 | H125: 5156.09 | J125: 5155.9 | O125: =(A125/86400)+25569 -> 46079.017 | P125: =CEILING(INT(O125*1440)/1440*288,1)/288 -> 46079.017 | Q125: =MROUND((P125-25569)*86400,300) -> 1772065500
A126: 1772065799 | B126: XAUUSD | C126: M5 | D126: 5182.32 | H126: 5156.16 | J126: 5155.94 | O126: =(A126/86400)+25569 -> 46079.021 | P126: =CEILING(INT(O126*1440)/1440*288,1)/288 -> 46079.021 | Q126: =MROUND((P126-25569)*86400,300) -> 1772065800
A127: 1772066099 | B127: XAUUSD | C127: M5 | D127: 5182.63 | H127: 5156.24 | J127: 5155.98 | O127: =(A127/86400)+25569 -> 46079.024 | P127: =CEILING(INT(O127*1440)/1440*288,1)/288 -> 46079.024 | Q127: =MROUND((P127-25569)*86400,300) -> 1772066100
A128: 1772066399 | B128: XAUUSD | C128: M5 | D128: 5188.37 | H128: 5156.32 | J128: 5156.02 | O128: =(A128/86400)+25569 -> 46079.028 | P128: =CEILING(INT(O128*1440)/1440*288,1)/288 -> 46079.028 | Q128: =MROUND((P128-25569)*86400,300) -> 1772066400
A129: 1772066699 | B129: XAUUSD | C129: M5 | D129: 5185.97 | H129: 5156.39 | J129: 5156.06 | O129: =(A129/86400)+25569 -> 46079.031 | P129: =CEILING(INT(O129*1440)/1440*288,1)/288 -> 46079.031 | Q129: =MROUND((P129-25569)*86400,300) -> 1772066700
A130: 1772066999 | B130: XAUUSD | C130: M5 | D130: 5189.7 | H130: 5156.47 | J130: 5156.1 | O130: =(A130/86400)+25569 -> 46079.035 | P130: =CEILING(INT(O130*1440)/1440*288,1)/288 -> 46079.035 | Q130: =MROUND((P130-25569)*86400,300) -> 1772067000
A131: 1772067299 | B131: XAUUSD | C131: M5 | D131: 5188.31 | H131: 5156.54 | J131: 5156.14 | O131: =(A131/86400)+25569 -> 46079.038 | P131: =CEILING(INT(O131*1440)/1440*288,1)/288 -> 46079.038 | Q131: =MROUND((P131-25569)*86400,300) -> 1772067300
A132: 1772067599 | B132: XAUUSD | C132: M5 | D132: 5194.75 | E132: 5198.49 | F132: 5198.49 | H132: 5156.62 | J132: 5156.17 | K132: 5198.49 | O132: =(A132/86400)+25569 -> 46079.042 | P132: =CEILING(INT(O132*1440)/1440*288,1)/288 -> 46079.042 | Q132: =MROUND((P132-25569)*86400,300) -> 1772067600
A133: 1772067899 | B133: XAUUSD | C133: M5 | D133: 5183.93 | E133: 5198.5 | F133: 5198.46 | H133: 5156.69 | J133: 5156.21 | O133: =(A133/86400)+25569 -> 46079.045 | P133: =CEILING(INT(O133*1440)/1440*288,1)/288 -> 46079.045 | Q133: =MROUND((P133-25569)*86400,300) -> 1772067900
A134: 1772068199 | B134: XAUUSD | C134: M5 | D134: 5187.53 | E134: 5198.5 | F134: 5198.44 | H134: 5156.77 | J134: 5156.25 | O134: =(A134/86400)+25569 -> 46079.049 | P134: =CEILING(INT(O134*1440)/1440*288,1)/288 -> 46079.049 | Q134: =MROUND((P134-25569)*86400,300) -> 1772068200
A135: 1772068499 | B135: XAUUSD | C135: M5 | D135: 5189.46 | E135: 5198.51 | F135: 5198.41 | H135: 5156.84 | J135: 5156.29 | O135: =(A135/86400)+25569 -> 46079.052 | P135: =CEILING(INT(O135*1440)/1440*288,1)/288 -> 46079.052 | Q135: =MROUND((P135-25569)*86400,300) -> 1772068500
A136: 1772068799 | B136: XAUUSD | C136: M5 | D136: 5186.05 | E136: 5198.51 | F136: 5198.39 | H136: 5156.92 | J136: 5156.33 | O136: =(A136/86400)+25569 -> 46079.056 | P136: =CEILING(INT(O136*1440)/1440*288,1)/288 -> 46079.056 | Q136: =MROUND((P136-25569)*86400,300) -> 1772068800
A137: 1772069099 | B137: XAUUSD | C137: M5 | D137: 5180.54 | E137: 5198.52 | F137: 5198.36 | H137: 5157 | J137: 5156.37 | O137: =(A137/86400)+25569 -> 46079.059 | P137: =CEILING(INT(O137*1440)/1440*288,1)/288 -> 46079.059 | Q137: =MROUND((P137-25569)*86400,300) -> 1772069100
A138: 1772069399 | B138: XAUUSD | C138: M5 | D138: 5187.99 | E138: 5198.52 | F138: 5198.33 | H138: 5157.07 | J138: 5156.41 | O138: =(A138/86400)+25569 -> 46079.062 | P138: =CEILING(INT(O138*1440)/1440*288,1)/288 -> 46079.062 | Q138: =MROUND((P138-25569)*86400,300) -> 1772069400
A139: 1772069699 | B139: XAUUSD | C139: M5 | D139: 5185.42 | E139: 5198.53 | F139: 5198.31 | H139: 5157.15 | J139: 5156.45 | O139: =(A139/86400)+25569 -> 46079.066 | P139: =CEILING(INT(O139*1440)/1440*288,1)/288 -> 46079.066 | Q139: =MROUND((P139-25569)*86400,300) -> 1772069700
A140: 1772069999 | B140: XAUUSD | C140: M5 | D140: 5189.54 | E140: 5198.53 | F140: 5198.28 | H140: 5157.22 | J140: 5156.48 | O140: =(A140/86400)+25569 -> 46079.069 | P140: =CEILING(INT(O140*1440)/1440*288,1)/288 -> 46079.069 | Q140: =MROUND((P140-25569)*86400,300) -> 1772070000
A141: 1772070299 | B141: XAUUSD | C141: M5 | D141: 5189.93 | E141: 5198.54 | F141: 5198.26 | H141: 5157.3 | J141: 5156.52 | O141: =(A141/86400)+25569 -> 46079.073 | P141: =CEILING(INT(O141*1440)/1440*288,1)/288 -> 46079.073 | Q141: =MROUND((P141-25569)*86400,300) -> 1772070300
A142: 1772070599 | B142: XAUUSD | C142: M5 | D142: 5191.16 | E142: 5198.55 | F142: 5198.23 | H142: 5157.37 | J142: 5156.56 | O142: =(A142/86400)+25569 -> 46079.076 | P142: =CEILING(INT(O142*1440)/1440*288,1)/288 -> 46079.076 | Q142: =MROUND((P142-25569)*86400,300) -> 1772070600
A143: 1772070899 | B143: XAUUSD | C143: M5 | D143: 5191.71 | E143: 5198.55 | F143: 5198.2 | H143: 5157.45 | J143: 5156.6 | O143: =(A143/86400)+25569 -> 46079.08 | P143: =CEILING(INT(O143*1440)/1440*288,1)/288 -> 46079.08 | Q143: =MROUND((P143-25569)*86400,300) -> 1772070900
A144: 1772071199 | B144: XAUUSD | C144: M5 | D144: 5190.17 | E144: 5198.56 | F144: 5198.18 | H144: 5157.53 | J144: 5156.64 | O144: =(A144/86400)+25569 -> 46079.083 | P144: =CEILING(INT(O144*1440)/1440*288,1)/288 -> 46079.083 | Q144: =MROUND((P144-25569)*86400,300) -> 1772071200
... A151: 1772073299 | B151: XAUUSD | C151: M5 | D151: 5180.52 | E151: 5198.6 | F151: 5198 | H151: 5158.05 | J151: 5156.91 | O151: =(A151/86400)+25569 -> 46079.108 | P151: =CEILING(INT(O151*1440)/1440*288,1)/288 -> 46079.108 | Q151: =MROUND((P151-25569)*86400,300) -> 1772073300
A152: 1772073599 | B152: XAUUSD | C152: M5 | D152: 5176.09 | E152: 5198.6 | F152: 5197.97 | H152: 5158.13 | I152: 5174.34 | J152: 5156.95 | L152: 5174.34 | O152: =(A152/86400)+25569 -> 46079.111 | P152: =CEILING(INT(O152*1440)/1440*288,1)/288 -> 46079.111 | Q152: =MROUND((P152-25569)*86400,300) -> 1772073600
A153: 1772073899 | B153: XAUUSD | C153: M5 | D153: 5180.78 | E153: 5198.61 | F153: 5197.94 | H153: 5158.21 | I153: 5174.36 | J153: 5156.99 | O153: =(A153/86400)+25569 -> 46079.115 | P153: =CEILING(INT(O153*1440)/1440*288,1)/288 -> 46079.115 | Q153: =MROUND((P153-25569)*86400,300) -> 1772073900
...

Sheet ZigZag
A1: timestamp | B1: symbol | C1: timeframe | D1: close | E1: zigzag_high | F1: zigzag_low | G1: ema | I1: convert_to_readable_datetime | J1: round_to_nearest_datetime_5m | K1: timestamp_adjusted
A2: 1772024998 | B2: XAUUSD | C2: M5 | D2: 5187.2 | E2: 0 | F2: 0 | G2: 5181.08 | I2: =(A2/86400)+25569 -> 46078.549 | J2: =CEILING(INT(I2*1440)/1440*288,1)/288 -> 46078.549 | K2: =MROUND((J2-25569)*86400,300) -> 1772025000
A3: 1772025298 | B3: XAUUSD | C3: M5 | D3: 5187 | E3: 0 | F3: 0 | G3: 5181.54 | I3: =(A3/86400)+25569 -> 46078.552 | J3: =CEILING(INT(I3*1440)/1440*288,1)/288 -> 46078.552 | K3: =MROUND((J3-25569)*86400,300) -> 1772025300
A4: 1772025598 | B4: XAUUSD | C4: M5 | D4: 5191.13 | E4: 5191.47 | F4: 0 | G4: 5182.12 | I4: =(A4/86400)+25569 -> 46078.556 | J4: =CEILING(INT(I4*1440)/1440*288,1)/288 -> 46078.556 | K4: =MROUND((J4-25569)*86400,300) -> 1772025600
A5: 1772025898 | B5: XAUUSD | C5: M5 | D5: 5188.07 | E5: 0 | F5: 0 | G5: 5182.59 | I5: =(A5/86400)+25569 -> 46078.559 | J5: =CEILING(INT(I5*1440)/1440*288,1)/288 -> 46078.559 | K5: =MROUND((J5-25569)*86400,300) -> 1772025900
A6: 1772026198 | B6: XAUUSD | C6: M5 | D6: 5188.16 | E6: 0 | F6: 0 | G6: 5183 | I6: =(A6/86400)+25569 -> 46078.562 | J6: =CEILING(INT(I6*1440)/1440*288,1)/288 -> 46078.562 | K6: =MROUND((J6-25569)*86400,300) -> 1772026200
A7: 1772026498 | B7: XAUUSD | C7: M5 | D7: 5189.61 | E7: 0 | F7: 0 | G7: 5183.45 | I7: =(A7/86400)+25569 -> 46078.566 | J7: =CEILING(INT(I7*1440)/1440*288,1)/288 -> 46078.566 | K7: =MROUND((J7-25569)*86400,300) -> 1772026500
A8: 1772026798 | B8: XAUUSD | C8: M5 | D8: 5186.84 | E8: 0 | F8: 0 | G8: 5183.68 | I8: =(A8/86400)+25569 -> 46078.569 | J8: =CEILING(INT(I8*1440)/1440*288,1)/288 -> 46078.569 | K8: =MROUND((J8-25569)*86400,300) -> 1772026800
A9: 1772027098 | B9: XAUUSD | C9: M5 | D9: 5186.59 | E9: 0 | F9: 0 | G9: 5183.98 | I9: =(A9/86400)+25569 -> 46078.573 | J9: =CEILING(INT(I9*1440)/1440*288,1)/288 -> 46078.573 | K9: =MROUND((J9-25569)*86400,300) -> 1772027100
A10: 1772027398 | B10: XAUUSD | C10: M5 | D10: 5186.07 | E10: 0 | F10: 0 | G10: 5184.12 | I10: =(A10/86400)+25569 -> 46078.576 | J10: =CEILING(INT(I10*1440)/1440*288,1)/288 -> 46078.576 | K10: =MROUND((J10-25569)*86400,300) -> 1772027400
A11: 1772027698 | B11: XAUUSD | C11: M5 | D11: 5185.23 | E11: 0 | F11: 0 | G11: 5184.26 | I11: =(A11/86400)+25569 -> 46078.58 | J11: =CEILING(INT(I11*1440)/1440*288,1)/288 -> 46078.58 | K11: =MROUND((J11-25569)*86400,300) -> 1772027700
A12: 1772027998 | B12: XAUUSD | C12: M5 | D12: 5187.18 | E12: 0 | F12: 0 | G12: 5184.39 | I12: =(A12/86400)+25569 -> 46078.583 | J12: =CEILING(INT(I12*1440)/1440*288,1)/288 -> 46078.583 | K12: =MROUND((J12-25569)*86400,300) -> 1772028000
A13: 1772028298 | B13: XAUUSD | C13: M5 | D13: 5189.99 | E13: 0 | F13: 0 | G13: 5184.74 | I13: =(A13/86400)+25569 -> 46078.587 | J13: =CEILING(INT(I13*1440)/1440*288,1)/288 -> 46078.587 | K13: =MROUND((J13-25569)*86400,300) -> 1772028300
... A501: 1772181898 | B501: XAUUSD | C501: M5 | D501: 5180.67 | E501: 0 | F501: 0 | G501: 5182.26 | I501: =(A501/86400)+25569 -> 46080.365 | J501: =CEILING(INT(I501*1440)/1440*288,1)/288 -> 46080.365 | K501: =MROUND((J501-25569)*86400,300) -> 1772181900

Sheet Dual_Tema
A1: timestamp | B1: symbol | C1: timeframe | D1: close | E1: dual_tema_high | F1: dual_tema_low | H1: convert_to_readable_datetime | I1: round_to_nearest_datetime_5m | J1: timestamp_adjusted
A2: 1772024998 | B2: XAUUSD | C2: M5 | D2: 5187.2 | E2: 5188.55 | F2: 5184.29 | H2: =(A2/86400)+25569 -> 46078.549 | I2: =CEILING(INT(H2*1440)/1440*288,1)/288 -> 46078.549 | J2: =MROUND((I2-25569)*86400,300) -> 1772025000
A3: 1772025298 | B3: XAUUSD | C3: M5 | D3: 5187 | E3: 5189.36 | F3: 5185.43 | H3: =(A3/86400)+25569 -> 46078.552 | I3: =CEILING(INT(H3*1440)/1440*288,1)/288 -> 46078.552 | J3: =MROUND((I3-25569)*86400,300) -> 1772025300
A4: 1772025598 | B4: XAUUSD | C4: M5 | D4: 5191.13 | E4: 5190.73 | F4: 5186.16 | H4: =(A4/86400)+25569 -> 46078.556 | I4: =CEILING(INT(H4*1440)/1440*288,1)/288 -> 46078.556 | J4: =MROUND((I4-25569)*86400,300) -> 1772025600
A5: 1772025898 | B5: XAUUSD | C5: M5 | D5: 5188.07 | E5: 5191.47 | F5: 5186.92 | H5: =(A5/86400)+25569 -> 46078.559 | I5: =CEILING(INT(H5*1440)/1440*288,1)/288 -> 46078.559 | J5: =MROUND((I5-25569)*86400,300) -> 1772025900
A6: 1772026198 | B6: XAUUSD | C6: M5 | D6: 5188.16 | E6: 5191.36 | F6: 5187.17 | H6: =(A6/86400)+25569 -> 46078.562 | I6: =CEILING(INT(H6*1440)/1440*288,1)/288 -> 46078.562 | J6: =MROUND((I6-25569)*86400,300) -> 1772026200
A7: 1772026498 | B7: XAUUSD | C7: M5 | D7: 5189.61 | E7: 5191.2 | F7: 5187.78 | H7: =(A7/86400)+25569 -> 46078.566 | I7: =CEILING(INT(H7*1440)/1440*288,1)/288 -> 46078.566 | J7: =MROUND((I7-25569)*86400,300) -> 1772026500
A8: 1772026798 | B8: XAUUSD | C8: M5 | D8: 5186.84 | E8: 5191.5 | F8: 5185.31 | H8: =(A8/86400)+25569 -> 46078.569 | I8: =CEILING(INT(H8*1440)/1440*288,1)/288 -> 46078.569 | J8: =MROUND((I8-25569)*86400,300) -> 1772026800
A9: 1772027098 | B9: XAUUSD | C9: M5 | D9: 5186.59 | E9: 5191.53 | F9: 5185.45 | H9: =(A9/86400)+25569 -> 46078.573 | I9: =CEILING(INT(H9*1440)/1440*288,1)/288 -> 46078.573 | J9: =MROUND((I9-25569)*86400,300) -> 1772027100
A10: 1772027398 | B10: XAUUSD | C10: M5 | D10: 5186.07 | E10: 5189.69 | F10: 5184.86 | H10: =(A10/86400)+25569 -> 46078.576 | I10: =CEILING(INT(H10*1440)/1440*288,1)/288 -> 46078.576 | J10: =MROUND((I10-25569)*86400,300) -> 1772027400
A11: 1772027698 | B11: XAUUSD | C11: M5 | D11: 5185.23 | E11: 5189.01 | F11: 5184.7 | H11: =(A11/86400)+25569 -> 46078.58 | I11: =CEILING(INT(H11*1440)/1440*288,1)/288 -> 46078.58 | J11: =MROUND((I11-25569)*86400,300) -> 1772027700
A12: 1772027998 | B12: XAUUSD | C12: M5 | D12: 5187.18 | E12: 5188.01 | F12: 5184.11 | H12: =(A12/86400)+25569 -> 46078.583 | I12: =CEILING(INT(H12*1440)/1440*288,1)/288 -> 46078.583 | J12: =MROUND((I12-25569)*86400,300) -> 1772028000
A13: 1772028298 | B13: XAUUSD | C13: M5 | D13: 5189.99 | E13: 5189.22 | F13: 5185.22 | H13: =(A13/86400)+25569 -> 46078.587 | I13: =CEILING(INT(H13*1440)/1440*288,1)/288 -> 46078.587 | J13: =MROUND((I13-25569)*86400,300) -> 1772028300
... A501: 1772181898 | B501: XAUUSD | C501: M5 | D501: 5180 | E501: 5181.09 | F501: 5179.72 | H501: =(A501/86400)+25569 -> 46080.365 | I501: =CEILING(INT(H501*1440)/1440*288,1)/288 -> 46080.365 | J501: =MROUND((I501-25569)*86400,300) -> 1772181900

Sheet Pinbar
A1: timestamp | B1: symbol | C1: timeframe | D1: close | E1: pinbar | G1: convert_to_readable_datetime | H1: round_to_nearest_datetime_5m | I1: timestamp_adjusted
A2: 1772024998 | B2: XAUUSD | C2: M5 | D2: 5187.2 | E2: 0 | G2: =(A2/86400)+25569 -> 46078.549 | H2: =CEILING(INT(G2*1440)/1440*288,1)/288 -> 46078.549 | I2: =MROUND((H2-25569)*86400,300) -> 1772025000
A3: 1772025298 | B3: XAUUSD | C3: M5 | D3: 5187 | E3: 0 | G3: =(A3/86400)+25569 -> 46078.552 | H3: =CEILING(INT(G3*1440)/1440*288,1)/288 -> 46078.552 | I3: =MROUND((H3-25569)*86400,300) -> 1772025300
A4: 1772025598 | B4: XAUUSD | C4: M5 | D4: 5191.13 | E4: 0 | G4: =(A4/86400)+25569 -> 46078.556 | H4: =CEILING(INT(G4*1440)/1440*288,1)/288 -> 46078.556 | I4: =MROUND((H4-25569)*86400,300) -> 1772025600
A5: 1772025898 | B5: XAUUSD | C5: M5 | D5: 5188.07 | E5: 0 | G5: =(A5/86400)+25569 -> 46078.559 | H5: =CEILING(INT(G5*1440)/1440*288,1)/288 -> 46078.559 | I5: =MROUND((H5-25569)*86400,300) -> 1772025900
A6: 1772026198 | B6: XAUUSD | C6: M5 | D6: 5188.16 | E6: 0 | G6: =(A6/86400)+25569 -> 46078.562 | H6: =CEILING(INT(G6*1440)/1440*288,1)/288 -> 46078.562 | I6: =MROUND((H6-25569)*86400,300) -> 1772026200
A7: 1772026498 | B7: XAUUSD | C7: M5 | D7: 5189.61 | E7: 0 | G7: =(A7/86400)+25569 -> 46078.566 | H7: =CEILING(INT(G7*1440)/1440*288,1)/288 -> 46078.566 | I7: =MROUND((H7-25569)*86400,300) -> 1772026500
A8: 1772026798 | B8: XAUUSD | C8: M5 | D8: 5186.84 | E8: 0 | G8: =(A8/86400)+25569 -> 46078.569 | H8: =CEILING(INT(G8*1440)/1440*288,1)/288 -> 46078.569 | I8: =MROUND((H8-25569)*86400,300) -> 1772026800
A9: 1772027098 | B9: XAUUSD | C9: M5 | D9: 5186.59 | E9: 0 | G9: =(A9/86400)+25569 -> 46078.573 | H9: =CEILING(INT(G9*1440)/1440*288,1)/288 -> 46078.573 | I9: =MROUND((H9-25569)*86400,300) -> 1772027100
A10: 1772027398 | B10: XAUUSD | C10: M5 | D10: 5186.07 | E10: 0 | G10: =(A10/86400)+25569 -> 46078.576 | H10: =CEILING(INT(G10*1440)/1440*288,1)/288 -> 46078.576 | I10: =MROUND((H10-25569)*86400,300) -> 1772027400
A11: 1772027698 | B11: XAUUSD | C11: M5 | D11: 5185.23 | E11: 0 | G11: =(A11/86400)+25569 -> 46078.58 | H11: =CEILING(INT(G11*1440)/1440*288,1)/288 -> 46078.58 | I11: =MROUND((H11-25569)*86400,300) -> 1772027700
A12: 1772027998 | B12: XAUUSD | C12: M5 | D12: 5187.18 | E12: 0 | G12: =(A12/86400)+25569 -> 46078.583 | H12: =CEILING(INT(G12*1440)/1440*288,1)/288 -> 46078.583 | I12: =MROUND((H12-25569)*86400,300) -> 1772028000
A13: 1772028298 | B13: XAUUSD | C13: M5 | D13: 5189.99 | E13: 0 | G13: =(A13/86400)+25569 -> 46078.587 | H13: =CEILING(INT(G13*1440)/1440*288,1)/288 -> 46078.587 | I13: =MROUND((H13-25569)*86400,300) -> 1772028300
... A501: 1772181898 | B501: XAUUSD | C501: M5 | D501: 5181.1 | E501: 0 | G501: =(A501/86400)+25569 -> 46080.365 | H501: =CEILING(INT(G501*1440)/1440*288,1)/288 -> 46080.365 | I501: =MROUND((H501-25569)*86400,300) -> 1772181900

Sheet SSA
A1: timestamp | B1: symbol | C1: timeframe | D1: close | E1: ssa | F1: ema_ssa | H1: convert_to_readable_datetime | I1: round_to_nearest_datetime_5m | J1: timestamp_adjusted
A2: 1772025000 | B2: XAUUSD | C2: M5 | D2: 5187.2 | E2: 5187.5351 | F2: 5186.6253 | H2: =(A2/86400)+25569 -> 46078.549 | I2: =CEILING(INT(H2*1440)/1440*288,1)/288 -> 46078.549 | J2: =MROUND((I2-25569)*86400,300) -> 1772025000
A3: 1772025300 | B3: XAUUSD | C3: M5 | D3: 5187 | E3: 5187.9737 | F3: 5187.2995 | H3: =(A3/86400)+25569 -> 46078.552 | I3: =CEILING(INT(H3*1440)/1440*288,1)/288 -> 46078.552 | J3: =MROUND((I3-25569)*86400,300) -> 1772025300
A4: 1772025600 | B4: XAUUSD | C4: M5 | D4: 5191.13 | E4: 5188.112 | F4: 5187.7058 | H4: =(A4/86400)+25569 -> 46078.556 | I4: =CEILING(INT(H4*1440)/1440*288,1)/288 -> 46078.556 | J4: =MROUND((I4-25569)*86400,300) -> 1772025600
A5: 1772025900 | B5: XAUUSD | C5: M5 | D5: 5188.07 | E5: 5187.9842 | F5: 5187.845 | H5: =(A5/86400)+25569 -> 46078.559 | I5: =CEILING(INT(H5*1440)/1440*288,1)/288 -> 46078.559 | J5: =MROUND((I5-25569)*86400,300) -> 1772025900
A6: 1772026200 | B6: XAUUSD | C6: M5 | D6: 5188.16 | E6: 5187.8513 | F6: 5187.8481 | H6: =(A6/86400)+25569 -> 46078.562 | I6: =CEILING(INT(H6*1440)/1440*288,1)/288 -> 46078.562 | J6: =MROUND((I6-25569)*86400,300) -> 1772026200
A7: 1772026500 | B7: XAUUSD | C7: M5 | D7: 5189.61 | E7: 5187.8602 | F7: 5187.8542 | H7: =(A7/86400)+25569 -> 46078.566 | I7: =CEILING(INT(H7*1440)/1440*288,1)/288 -> 46078.566 | J7: =MROUND((I7-25569)*86400,300) -> 1772026500
A8: 1772026800 | B8: XAUUSD | C8: M5 | D8: 5186.84 | E8: 5188.0224 | F8: 5187.9383 | H8: =(A8/86400)+25569 -> 46078.569 | I8: =CEILING(INT(H8*1440)/1440*288,1)/288 -> 46078.569 | J8: =MROUND((I8-25569)*86400,300) -> 1772026800
A9: 1772027100 | B9: XAUUSD | C9: M5 | D9: 5186.59 | E9: 5188.327 | F9: 5188.1327 | H9: =(A9/86400)+25569 -> 46078.573 | I9: =CEILING(INT(H9*1440)/1440*288,1)/288 -> 46078.573 | J9: =MROUND((I9-25569)*86400,300) -> 1772027100
A10: 1772027400 | B10: XAUUSD | C10: M5 | D10: 5186.07 | E10: 5188.5571 | F10: 5188.3449 | H10: =(A10/86400)+25569 -> 46078.576 | I10: =CEILING(INT(H10*1440)/1440*288,1)/288 -> 46078.576 | J10: =MROUND((I10-25569)*86400,300) -> 1772027400
A11: 1772027700 | B11: XAUUSD | C11: M5 | D11: 5185.23 | E11: 5188.4097 | F11: 5188.3773 | H11: =(A11/86400)+25569 -> 46078.58 | I11: =CEILING(INT(H11*1440)/1440*288,1)/288 -> 46078.58 | J11: =MROUND((I11-25569)*86400,300) -> 1772027700
A12: 1772028000 | B12: XAUUSD | C12: M5 | D12: 5187.18 | E12: 5187.6246 | F12: 5188.0009 | H12: =(A12/86400)+25569 -> 46078.583 | I12: =CEILING(INT(H12*1440)/1440*288,1)/288 -> 46078.583 | J12: =MROUND((I12-25569)*86400,300) -> 1772028000
A13: 1772028300 | B13: XAUUSD | C13: M5 | D13: 5189.99 | E13: 5185.986 | F13: 5186.9935 | H13: =(A13/86400)+25569 -> 46078.587 | I13: =CEILING(INT(H13*1440)/1440*288,1)/288 -> 46078.587 | J13: =MROUND((I13-25569)*86400,300) -> 1772028300
... A500: 1772181600 | B500: XAUUSD | C500: M5 | D500: 5180.32 | E500: 5179.5827 | F500: 5179.4282 | H500: =(A500/86400)+25569 -> 46080.361 | I500: =CEILING(INT(H500*1440)/1440*288,1)/288 -> 46080.361 | J500: =MROUND((I500-25569)*86400,300) -> 1772181600

Sheet SSA_new
A1: timestamp | B1: symbol | C1: timeframe | D1: high | E1: low | F1: ssa | G1: ema_ssa | H1: ssa_high | I1: ssa_low | K1: convert_to_readable_datetime | L1: round_to_nearest_datetime_5m | M1: timestamp_adjusted
A2: 1773636603 | B2: XAUUSD | C2: M5 | D2: 5016 | E2: 5013.94 | F2: 5013.6718 | G2: 5013.7627 | H2: 5015.5347 | I2: 5013.3035 | K2: =(A2/86400)+25569 -> 46097.201 | L2: =CEILING(INT(K2*1440)/1440*288,1)/288 -> 46097.201 | M2: =MROUND((L2-25569)*86400,300) -> 1773636600
A3: 1773636903 | B3: XAUUSD | C3: M5 | D3: 5015.23 | E3: 5012.56 | F3: 5013.4438 | G3: 5013.6033 | H3: 5015.3755 | I3: 5012.6907 | K3: =(A3/86400)+25569 -> 46097.205 | L3: =CEILING(INT(K3*1440)/1440*288,1)/288 -> 46097.205 | M3: =MROUND((L3-25569)*86400,300) -> 1773636900
A4: 1773637203 | B4: XAUUSD | C4: M5 | D4: 5015.8 | E4: 5012.24 | F4: 5013.2638 | G4: 5013.4335 | H4: 5015.2864 | I4: 5012.0865 | K4: =(A4/86400)+25569 -> 46097.208 | L4: =CEILING(INT(K4*1440)/1440*288,1)/288 -> 46097.208 | M4: =MROUND((L4-25569)*86400,300) -> 1773637200
A5: 1773637503 | B5: XAUUSD | C5: M5 | D5: 5015.26 | E5: 5011.3 | F5: 5012.8401 | G5: 5013.1368 | H5: 5015.0382 | I5: 5011.323 | K5: =(A5/86400)+25569 -> 46097.212 | L5: =CEILING(INT(K5*1440)/1440*288,1)/288 -> 46097.212 | M5: =MROUND((L5-25569)*86400,300) -> 1773637500
A6: 1773637803 | B6: XAUUSD | C6: M5 | D6: 5014.91 | E6: 5011.98 | F6: 5012.2479 | G6: 5012.6924 | H6: 5014.6268 | I6: 5010.4915 | K6: =(A6/86400)+25569 -> 46097.215 | L6: =CEILING(INT(K6*1440)/1440*288,1)/288 -> 46097.215 | M6: =MROUND((L6-25569)*86400,300) -> 1773637800
A7: 1773638103 | B7: XAUUSD | C7: M5 | D7: 5013 | E7: 5008.17 | F7: 5011.5365 | G7: 5012.1144 | H7: 5014.0961 | I7: 5009.5117 | K7: =(A7/86400)+25569 -> 46097.219 | L7: =CEILING(INT(K7*1440)/1440*288,1)/288 -> 46097.219 | M7: =MROUND((L7-25569)*86400,300) -> 1773638100
A8: 1773638403 | B8: XAUUSD | C8: M5 | D8: 5012.93 | E8: 5008.79 | F8: 5010.8773 | G8: 5011.4959 | H8: 5013.5584 | I8: 5008.6122 | K8: =(A8/86400)+25569 -> 46097.222 | L8: =CEILING(INT(K8*1440)/1440*288,1)/288 -> 46097.222 | M8: =MROUND((L8-25569)*86400,300) -> 1773638400
A9: 1773638703 | B9: XAUUSD | C9: M5 | D9: 5013.24 | E9: 5008.88 | F9: 5010.3514 | G9: 5010.9236 | H9: 5013.1017 | I9: 5007.8467 | K9: =(A9/86400)+25569 -> 46097.226 | L9: =CEILING(INT(K9*1440)/1440*288,1)/288 -> 46097.226 | M9: =MROUND((L9-25569)*86400,300) -> 1773638700
A10: 1773639003 | B10: XAUUSD | C10: M5 | D10: 5010.97 | E10: 5004.12 | F10: 5010.2166 | G10: 5010.5701 | H10: 5012.8825 | I10: 5007.391 | K10: =(A10/86400)+25569 -> 46097.229 | L10: =CEILING(INT(K10*1440)/1440*288,1)/288 -> 46097.229 | M10: =MROUND((L10-25569)*86400,300) -> 1773639000
A11: 1773639303 | B11: XAUUSD | C11: M5 | D11: 5011.89 | E11: 5003.22 | F11: 5010.9042 | G11: 5010.7372 | H11: 5013.1678 | I11: 5007.6073 | K11: =(A11/86400)+25569 -> 46097.233 | L11: =CEILING(INT(K11*1440)/1440*288,1)/288 -> 46097.233 | M11: =MROUND((L11-25569)*86400,300) -> 1773639300
A12: 1773639603 | B12: XAUUSD | C12: M5 | D12: 5017.3 | E12: 5010.88 | F12: 5012.2555 | G12: 5011.4963 | H12: 5014.087 | I12: 5008.6286 | K12: =(A12/86400)+25569 -> 46097.236 | L12: =CEILING(INT(K12*1440)/1440*288,1)/288 -> 46097.236 | M12: =MROUND((L12-25569)*86400,300) -> 1773639600
A13: 1773639903 | B13: XAUUSD | C13: M5 | D13: 5017.9 | E13: 5015.92 | F13: 5014.2112 | G13: 5012.8538 | H13: 5015.5945 | I13: 5010.2851 | K13: =(A13/86400)+25569 -> 46097.24 | L13: =CEILING(INT(K13*1440)/1440*288,1)/288 -> 46097.24 | M13: =MROUND((L13-25569)*86400,300) -> 1773639900
... A500: 1773793203 | B500: XAUUSD | C500: M5 | D500: 5007.2 | E500: 5004.45 | F500: 5008.2216 | G500: 5008.187 | H500: 5010.9969 | I500: 5006.9621 | K500: =(A500/86400)+25569 -> 46099.014 | L500: =CEILING(INT(K500*1440)/1440*288,1)/288 -> 46099.014 | M500: =MROUND((L500-25569)*86400,300) -> 1773793200

Sheet Data Validation
A1: =Price!L1 -> timestamp_adjusted | B1: timestamp_adjusted_check | C1: =Price!B1 -> symbol | D1: symbol_check | E1: =Price!C1 -> timeframe | F1: timeframe_check | G1: =Price!D1 -> close | H1: close_check | J1: check_all | K1: check_all_batch
A2: =Price!L2 -> 1772025000 | B2: =AND(Price!L2=Trendlines!Q2,Price!L2=ZigZag!K2,Price!L2=Dual_Tema!J2,Price!L2=Pinbar!I2,Price!L2=SSA!J2) -> TRUE | C2: =Price!B2 -> XAUUSD | D2: =AND(Price!B2=Trendlines!B2,Price!B2=ZigZag!B2,Price!B2=Dual_Tema!B2,Price!B2=Pinbar!B2,Price!B2=SSA!B2) -> TRUE | E2: =Price!C2 -> M5 | F2: =AND(Price!C2=Trendlines!C2,Price!C2=ZigZag!C2,Price!C2=Dual_Tema!C2,Price!C2=Pinbar!C2,Price!C2=SSA!C2) -> TRUE | G2: =Price!D2 -> 5187.2 | H2: =AND(Price!D2=Trendlines!D2,Price!D2=ZigZag!D2,Price!D2=Pinbar!D2,Price!D2=SSA!D2) -> TRUE | J2: =AND(B2=TRUE,D2=TRUE,F2=TRUE,H2=TRUE) -> TRUE | K2: =AND(J2:J500) -> TRUE
A3: =Price!L3 -> 1772025300 | B3: =AND(Price!L3=Trendlines!Q3,Price!L3=ZigZag!K3,Price!L3=Dual_Tema!J3,Price!L3=Pinbar!I3,Price!L3=SSA!J3) -> TRUE | C3: =Price!B3 -> XAUUSD | D3: =AND(Price!B3=Trendlines!B3,Price!B3=ZigZag!B3,Price!B3=Dual_Tema!B3,Price!B3=Pinbar!B3,Price!B3=SSA!B3) -> TRUE | E3: =Price!C3 -> M5 | F3: =AND(Price!C3=Trendlines!C3,Price!C3=ZigZag!C3,Price!C3=Dual_Tema!C3,Price!C3=Pinbar!C3,Price!C3=SSA!C3) -> TRUE | G3: =Price!D3 -> 5187 | H3: =AND(Price!D3=Trendlines!D3,Price!D3=ZigZag!D3,Price!D3=Pinbar!D3,Price!D3=SSA!D3) -> TRUE | J3: =AND(B3=TRUE,D3=TRUE,F3=TRUE,H3=TRUE) -> TRUE
A4: =Price!L4 -> 1772025600 | B4: =AND(Price!L4=Trendlines!Q4,Price!L4=ZigZag!K4,Price!L4=Dual_Tema!J4,Price!L4=Pinbar!I4,Price!L4=SSA!J4) -> TRUE | C4: =Price!B4 -> XAUUSD | D4: =AND(Price!B4=Trendlines!B4,Price!B4=ZigZag!B4,Price!B4=Dual_Tema!B4,Price!B4=Pinbar!B4,Price!B4=SSA!B4) -> TRUE | E4: =Price!C4 -> M5 | F4: =AND(Price!C4=Trendlines!C4,Price!C4=ZigZag!C4,Price!C4=Dual_Tema!C4,Price!C4=Pinbar!C4,Price!C4=SSA!C4) -> TRUE | G4: =Price!D4 -> 5191.13 | H4: =AND(Price!D4=Trendlines!D4,Price!D4=ZigZag!D4,Price!D4=Pinbar!D4,Price!D4=SSA!D4) -> TRUE | J4: =AND(B4=TRUE,D4=TRUE,F4=TRUE,H4=TRUE) -> TRUE
A5: =Price!L5 -> 1772025900 | B5: =AND(Price!L5=Trendlines!Q5,Price!L5=ZigZag!K5,Price!L5=Dual_Tema!J5,Price!L5=Pinbar!I5,Price!L5=SSA!J5) -> TRUE | C5: =Price!B5 -> XAUUSD | D5: =AND(Price!B5=Trendlines!B5,Price!B5=ZigZag!B5,Price!B5=Dual_Tema!B5,Price!B5=Pinbar!B5,Price!B5=SSA!B5) -> TRUE | E5: =Price!C5 -> M5 | F5: =AND(Price!C5=Trendlines!C5,Price!C5=ZigZag!C5,Price!C5=Dual_Tema!C5,Price!C5=Pinbar!C5,Price!C5=SSA!C5) -> TRUE | G5: =Price!D5 -> 5188.07 | H5: =AND(Price!D5=Trendlines!D5,Price!D5=ZigZag!D5,Price!D5=Pinbar!D5,Price!D5=SSA!D5) -> TRUE | J5: =AND(B5=TRUE,D5=TRUE,F5=TRUE,H5=TRUE) -> TRUE
A6: =Price!L6 -> 1772026200 | B6: =AND(Price!L6=Trendlines!Q6,Price!L6=ZigZag!K6,Price!L6=Dual_Tema!J6,Price!L6=Pinbar!I6,Price!L6=SSA!J6) -> TRUE | C6: =Price!B6 -> XAUUSD | D6: =AND(Price!B6=Trendlines!B6,Price!B6=ZigZag!B6,Price!B6=Dual_Tema!B6,Price!B6=Pinbar!B6,Price!B6=SSA!B6) -> TRUE | E6: =Price!C6 -> M5 | F6: =AND(Price!C6=Trendlines!C6,Price!C6=ZigZag!C6,Price!C6=Dual_Tema!C6,Price!C6=Pinbar!C6,Price!C6=SSA!C6) -> TRUE | G6: =Price!D6 -> 5188.16 | H6: =AND(Price!D6=Trendlines!D6,Price!D6=ZigZag!D6,Price!D6=Pinbar!D6,Price!D6=SSA!D6) -> TRUE | J6: =AND(B6=TRUE,D6=TRUE,F6=TRUE,H6=TRUE) -> TRUE
A7: =Price!L7 -> 1772026500 | B7: =AND(Price!L7=Trendlines!Q7,Price!L7=ZigZag!K7,Price!L7=Dual_Tema!J7,Price!L7=Pinbar!I7,Price!L7=SSA!J7) -> TRUE | C7: =Price!B7 -> XAUUSD | D7: =AND(Price!B7=Trendlines!B7,Price!B7=ZigZag!B7,Price!B7=Dual_Tema!B7,Price!B7=Pinbar!B7,Price!B7=SSA!B7) -> TRUE | E7: =Price!C7 -> M5 | F7: =AND(Price!C7=Trendlines!C7,Price!C7=ZigZag!C7,Price!C7=Dual_Tema!C7,Price!C7=Pinbar!C7,Price!C7=SSA!C7) -> TRUE | G7: =Price!D7 -> 5189.61 | H7: =AND(Price!D7=Trendlines!D7,Price!D7=ZigZag!D7,Price!D7=Pinbar!D7,Price!D7=SSA!D7) -> TRUE | J7: =AND(B7=TRUE,D7=TRUE,F7=TRUE,H7=TRUE) -> TRUE
A8: =Price!L8 -> 1772026800 | B8: =AND(Price!L8=Trendlines!Q8,Price!L8=ZigZag!K8,Price!L8=Dual_Tema!J8,Price!L8=Pinbar!I8,Price!L8=SSA!J8) -> TRUE | C8: =Price!B8 -> XAUUSD | D8: =AND(Price!B8=Trendlines!B8,Price!B8=ZigZag!B8,Price!B8=Dual_Tema!B8,Price!B8=Pinbar!B8,Price!B8=SSA!B8) -> TRUE | E8: =Price!C8 -> M5 | F8: =AND(Price!C8=Trendlines!C8,Price!C8=ZigZag!C8,Price!C8=Dual_Tema!C8,Price!C8=Pinbar!C8,Price!C8=SSA!C8) -> TRUE | G8: =Price!D8 -> 5186.84 | H8: =AND(Price!D8=Trendlines!D8,Price!D8=ZigZag!D8,Price!D8=Pinbar!D8,Price!D8=SSA!D8) -> TRUE | J8: =AND(B8=TRUE,D8=TRUE,F8=TRUE,H8=TRUE) -> TRUE
A9: =Price!L9 -> 1772027100 | B9: =AND(Price!L9=Trendlines!Q9,Price!L9=ZigZag!K9,Price!L9=Dual_Tema!J9,Price!L9=Pinbar!I9,Price!L9=SSA!J9) -> TRUE | C9: =Price!B9 -> XAUUSD | D9: =AND(Price!B9=Trendlines!B9,Price!B9=ZigZag!B9,Price!B9=Dual_Tema!B9,Price!B9=Pinbar!B9,Price!B9=SSA!B9) -> TRUE | E9: =Price!C9 -> M5 | F9: =AND(Price!C9=Trendlines!C9,Price!C9=ZigZag!C9,Price!C9=Dual_Tema!C9,Price!C9=Pinbar!C9,Price!C9=SSA!C9) -> TRUE | G9: =Price!D9 -> 5186.59 | H9: =AND(Price!D9=Trendlines!D9,Price!D9=ZigZag!D9,Price!D9=Pinbar!D9,Price!D9=SSA!D9) -> TRUE | J9: =AND(B9=TRUE,D9=TRUE,F9=TRUE,H9=TRUE) -> TRUE
A10: =Price!L10 -> 1772027400 | B10: =AND(Price!L10=Trendlines!Q10,Price!L10=ZigZag!K10,Price!L10=Dual_Tema!J10,Price!L10=Pinbar!I10,Price!L10=SSA!J10) -> TRUE | C10: =Price!B10 -> XAUUSD | D10: =AND(Price!B10=Trendlines!B10,Price!B10=ZigZag!B10,Price!B10=Dual_Tema!B10,Price!B10=Pinbar!B10,Price!B10=SSA!B10) -> TRUE | E10: =Price!C10 -> M5 | F10: =AND(Price!C10=Trendlines!C10,Price!C10=ZigZag!C10,Price!C10=Dual_Tema!C10,Price!C10=Pinbar!C10,Price!C10=SSA!C10) -> TRUE | G10: =Price!D10 -> 5186.07 | H10: =AND(Price!D10=Trendlines!D10,Price!D10=ZigZag!D10,Price!D10=Pinbar!D10,Price!D10=SSA!D10) -> TRUE | J10: =AND(B10=TRUE,D10=TRUE,F10=TRUE,H10=TRUE) -> TRUE
A11: =Price!L11 -> 1772027700 | B11: =AND(Price!L11=Trendlines!Q11,Price!L11=ZigZag!K11,Price!L11=Dual_Tema!J11,Price!L11=Pinbar!I11,Price!L11=SSA!J11) -> TRUE | C11: =Price!B11 -> XAUUSD | D11: =AND(Price!B11=Trendlines!B11,Price!B11=ZigZag!B11,Price!B11=Dual_Tema!B11,Price!B11=Pinbar!B11,Price!B11=SSA!B11) -> TRUE | E11: =Price!C11 -> M5 | F11: =AND(Price!C11=Trendlines!C11,Price!C11=ZigZag!C11,Price!C11=Dual_Tema!C11,Price!C11=Pinbar!C11,Price!C11=SSA!C11) -> TRUE | G11: =Price!D11 -> 5185.23 | H11: =AND(Price!D11=Trendlines!D11,Price!D11=ZigZag!D11,Price!D11=Pinbar!D11,Price!D11=SSA!D11) -> TRUE | J11: =AND(B11=TRUE,D11=TRUE,F11=TRUE,H11=TRUE) -> TRUE
A12: =Price!L12 -> 1772028000 | B12: =AND(Price!L12=Trendlines!Q12,Price!L12=ZigZag!K12,Price!L12=Dual_Tema!J12,Price!L12=Pinbar!I12,Price!L12=SSA!J12) -> TRUE | C12: =Price!B12 -> XAUUSD | D12: =AND(Price!B12=Trendlines!B12,Price!B12=ZigZag!B12,Price!B12=Dual_Tema!B12,Price!B12=Pinbar!B12,Price!B12=SSA!B12) -> TRUE | E12: =Price!C12 -> M5 | F12: =AND(Price!C12=Trendlines!C12,Price!C12=ZigZag!C12,Price!C12=Dual_Tema!C12,Price!C12=Pinbar!C12,Price!C12=SSA!C12) -> TRUE | G12: =Price!D12 -> 5187.18 | H12: =AND(Price!D12=Trendlines!D12,Price!D12=ZigZag!D12,Price!D12=Pinbar!D12,Price!D12=SSA!D12) -> TRUE | J12: =AND(B12=TRUE,D12=TRUE,F12=TRUE,H12=TRUE) -> TRUE
A13: =Price!L13 -> 1772028300 | B13: =AND(Price!L13=Trendlines!Q13,Price!L13=ZigZag!K13,Price!L13=Dual_Tema!J13,Price!L13=Pinbar!I13,Price!L13=SSA!J13) -> TRUE | C13: =Price!B13 -> XAUUSD | D13: =AND(Price!B13=Trendlines!B13,Price!B13=ZigZag!B13,Price!B13=Dual_Tema!B13,Price!B13=Pinbar!B13,Price!B13=SSA!B13) -> TRUE | E13: =Price!C13 -> M5 | F13: =AND(Price!C13=Trendlines!C13,Price!C13=ZigZag!C13,Price!C13=Dual_Tema!C13,Price!C13=Pinbar!C13,Price!C13=SSA!C13) -> TRUE | G13: =Price!D13 -> 5189.99 | H13: =AND(Price!D13=Trendlines!D13,Price!D13=ZigZag!D13,Price!D13=Pinbar!D13,Price!D13=SSA!D13) -> TRUE | J13: =AND(B13=TRUE,D13=TRUE,F13=TRUE,H13=TRUE) -> TRUE
A14: =Price!L14 -> 1772028600 | B14: =AND(Price!L14=Trendlines!Q14,Price!L14=ZigZag!K14,Price!L14=Dual_Tema!J14,Price!L14=Pinbar!I14,Price!L14=SSA!J14) -> TRUE | C14: =Price!B14 -> XAUUSD | D14: =AND(Price!B14=Trendlines!B14,Price!B14=ZigZag!B14,Price!B14=Dual_Tema!B14,Price!B14=Pinbar!B14,Price!B14=SSA!B14) -> TRUE | E14: =Price!C14 -> M5 | F14: =AND(Price!C14=Trendlines!C14,Price!C14=ZigZag!C14,Price!C14=Dual_Tema!C14,Price!C14=Pinbar!C14,Price!C14=SSA!C14) -> TRUE | G14: =Price!D14 -> 5185.44 | H14: =AND(Price!D14=Trendlines!D14,Price!D14=ZigZag!D14,Price!D14=Pinbar!D14,Price!D14=SSA!D14) -> TRUE | J14: =AND(B14=TRUE,D14=TRUE,F14=TRUE,H14=TRUE) -> TRUE
... A500: =Price!L500 -> 1772181600 | B500: =AND(Price!L500=Trendlines!Q500,Price!L500=ZigZag!K500,Price!L500=Dual_Tema!J500,Price!L500=Pinbar!I500,Price!L500=SSA!J500) -> TRUE | C500: =Price!B500 -> XAUUSD | D500: =AND(Price!B500=Trendlines!B500,Price!B500=ZigZag!B500,Price!B500=Dual_Tema!B500,Price!B500=Pinbar!B500,Price!B500=SSA!B500) -> TRUE | E500: =Price!C500 -> M5 | F500: =AND(Price!C500=Trendlines!C500,Price!C500=ZigZag!C500,Price!C500=Dual_Tema!C500,Price!C500=Pinbar!C500,Price!C500=SSA!C500) -> TRUE | G500: =Price!D500 -> 5180.32 | H500: =AND(Price!D500=Trendlines!D500,Price!D500=ZigZag!D500,Price!D500=Pinbar!D500,Price!D500=SSA!D500) -> TRUE | J500: =AND(B500=TRUE,D500=TRUE,F500=TRUE,H500=TRUE) -> TRUE

Sheet Trendline Selection
A1: ='Data Validation'!A1 -> timestamp_adjusted | B1: ='Data Validation'!C1 -> symbol | C1: ='Data Validation'!E1 -> timeframe | D1: ='Data Validation'!G1 -> close | E1: =Trendlines!E1 -> horiz_peak_line_1 | F1: =Trendlines!F1 -> horiz_peak_line_2 | G1: =Trendlines!G1 -> horiz_peak_line_3 | H1: =Trendlines!H1 -> horiz_bottom_line_1 | I1: =Trendlines!I1 -> horiz_bottom_line_2 | J1: =Trendlines!J1 -> horiz_bottom_line_3 | K1: slope_period | L1: slope_p1 | M1: slope_2 | N1: slope_p3 | O1: slope_b1 | P1: slope_b2 | Q1: slope_b3 | S1: p1_p2 | T1: p1_p3 | U1: p1_b1 | V1: p1_b2 | W1: p1_b3 | X1: p2_p3 | Y1: p2_b1 | Z1: p2_b2 | AA1: p2_b3 | AB1: p3_b1 | AC1: p3_b2 | AD1: p3_b3 | AE1: b1_b2 | AF1: b1_b3 | AG1: b2_b3 | AI1: prox_p1_p2 | AJ1: prox_p1_p3 | AK1: prox_p1_b1 | AL1: prox_p1_b2 | AM1: prox_p1_b3 | AN1: prox_p2_p3 | AO1: prox_p2_b1 | AP1: prox_p2_b2 | AQ1: prox_p2_b3 | AR1: prox_p3_b1 | AS1: prox_p3_b2 | AT1: prox_p3_b3 | AU1: prox_b1_b2 | AV1: prox_b1_b3 | AW1: prox_b2_b3 | AY1: prox_p1_p2 | AZ1: prox_p1_p3 | BA1: prox_p1_b1 | BB1: prox_p1_b2 | BC1: prox_p1_b3 | BD1: prox_p2_p3 | BE1: prox_p2_b1 | BF1: prox_p2_b2 | BG1: prox_p2_b3 | BH1: prox_p3_b1 | BI1: prox_p3_b2 | BJ1: prox_p3_b3 | BK1: prox_b1_b2 | BL1: prox_b1_b3 | BM1: prox_b2_b3 | BO1: prox_p1p2_p1 | BP1: prox_p1p2_p2 | BQ1: prox_p1p3_p1 | BR1: prox_p1p3_p3 | BS1: prox_p1b1_p1 | BT1: prox_p1b1_b1 | BU1: prox_p1b2_p1 | BV1: prox_p1b2_b2 | BW1: prox_p1b3_p1 | BX1: prox_p1b3_b3 | BY1: prox_p2p3_p2 | BZ1: prox_p2p3_p3 | CA1: prox_p2b1_p2 | CB1: prox_p2b1_b1 | CC1: prox_p2b2_p2 | CD1: prox_p2b2_b2 | CE1: prox_p2b3_p2 | CF1: prox_p2b3_b3 | CG1: prox_p3b1_p3 | CH1: prox_p3b1_b1 | CI1: prox_p3b2_p3 | CJ1: prox_p3b2_b2 | CK1: prox_p3b3_p3 | CL1: prox_p3b3_b3 | CM1: prox_b1b2_b1 | CN1: prox_b1b2_b2 | CO1: prox_b1b3_b1 | CP1: prox_b1b3_b3 | CQ1: prox_b2b3_b2 | CR1: prox_b2b3_b3 | CT1: large_1 | CU1: large_2 | CV1: large_3 | CW1: large_4 | CY1: slope_large_1 | CZ1: slope_large_2 | DA1: slope_large_3 | DB1: slope_large_4 | DD1: angle_large_1 | DE1: angle_large_2 | DF1: angle_large_3 | DG1: angle_large_4 | DI1: sd_angle | DK1: max_allow_angle | DL1: min_allow_angle | DN1: slope_large_1_check | DO1: slope_large_2_check | DP1: slope_large_3_check | DQ1: slope_large_4_check | DS1: filter_large_1 | DT1: filter_large_2 | DU1: filter_large_3 | DV1: filter_large_4 | DX1: max_filter | DY1: min_filter | EA1: select_trendline_1 | EB1: select_trendline_2 | ED1: eff_trendline_1 | EE1: eff_trendline_2
A2: =IF('Data Validation'!$K$2<>TRUE,"",'Data Validation'!A304) -> 1772119200 | B2: =IF('Data Validation'!$K$2<>TRUE,"",'Data Validation'!C304) -> XAUUSD | C2: =IF('Data Validation'!$K$2<>TRUE,"",'Data Validation'!E304) -> M5 | D2: =IF('Data Validation'!$K$2<>TRUE,"",'Data Validation'!G304) -> 5154.46 | E2: =IF($C2<>"M5","",Trendlines!E304) -> 5199.45 | F2: =IF($C2<>"M5","",Trendlines!F304) -> 5194.02 | G2: =IF($C2<>"M5","",Trendlines!G304) -> 5203.22 | H2: =IF($C2<>"M5","",Trendlines!H304) -> 5169.63 | I2: =IF($C2<>"M5","",Trendlines!I304) -> 5177.71 | J2: =IF($C2<>"M5","",Trendlines!J304) -> 5162.83 | K2: 96 | CY2: =IFERROR(INDEX($L2:$Q2,MATCH(CT2,$E2:$J2,0)),"") | CZ2: =IFERROR(INDEX($L2:$Q2,MATCH(CU2,$E2:$J2,0)),"") | DA2: =IFERROR(INDEX($L2:$Q2,MATCH(CV2,$E2:$J2,0)),"") | DB2: =IFERROR(INDEX($L2:$Q2,MATCH(CW2,$E2:$J2,0)),"") | DD2: =IFERROR(DEGREES(ATAN(CY2)),"") | DE2: =IFERROR(DEGREES(ATAN(CZ2)),"") | DF2: =IFERROR(DEGREES(ATAN(DA2)),"") | DG2: =IFERROR(DEGREES(ATAN(DB2)),"")
A3: =IF('Data Validation'!$K$2<>TRUE,"",'Data Validation'!A305) -> 1772119500 | B3: =IF('Data Validation'!$K$2<>TRUE,"",'Data Validation'!C305) -> XAUUSD | C3: =IF('Data Validation'!$K$2<>TRUE,"",'Data Validation'!E305) -> M5 | D3: =IF('Data Validation'!$K$2<>TRUE,"",'Data Validation'!G305) -> 5141.51 | E3: =IF($C3<>"M5","",Trendlines!E305) -> 5199.46 | F3: =IF($C3<>"M5","",Trendlines!F305) -> 5194 | G3: =IF($C3<>"M5","",Trendlines!G305) -> 5203.2 | H3: =IF($C3<>"M5","",Trendlines!H305) -> 5169.7 | I3: =IF($C3<>"M5","",Trendlines!I305) -> 5177.73 | J3: =IF($C3<>"M5","",Trendlines!J305) -> 5162.87 | K3: 96 | CY3: =IFERROR(INDEX($L3:$Q3,MATCH(CT3,$E3:$J3,0)),"") | CZ3: =IFERROR(INDEX($L3:$Q3,MATCH(CU3,$E3:$J3,0)),"") | DA3: =IFERROR(INDEX($L3:$Q3,MATCH(CV3,$E3:$J3,0)),"") | DB3: =IFERROR(INDEX($L3:$Q3,MATCH(CW3,$E3:$J3,0)),"") | DD3: =IFERROR(DEGREES(ATAN(CY3)),"") | DE3: =IFERROR(DEGREES(ATAN(CZ3)),"") | DF3: =IFERROR(DEGREES(ATAN(DA3)),"") | DG3: =IFERROR(DEGREES(ATAN(DB3)),"")
A4: =IF('Data Validation'!$K$2<>TRUE,"",'Data Validation'!A306) -> 1772119800 | B4: =IF('Data Validation'!$K$2<>TRUE,"",'Data Validation'!C306) -> XAUUSD | C4: =IF('Data Validation'!$K$2<>TRUE,"",'Data Validation'!E306) -> M5 | D4: =IF('Data Validation'!$K$2<>TRUE,"",'Data Validation'!G306) -> 5153.62 | E4: =IF($C4<>"M5","",Trendlines!E306) -> 5199.46 | F4: =IF($C4<>"M5","",Trendlines!F306) -> 5193.97 | G4: =IF($C4<>"M5","",Trendlines!G306) -> 5203.19 | H4: =IF($C4<>"M5","",Trendlines!H306) -> 5169.78 | I4: =IF($C4<>"M5","",Trendlines!I306) -> 5177.75 | J4: =IF($C4<>"M5","",Trendlines!J306) -> 5162.91 | K4: 96 | CY4: =IFERROR(INDEX($L4:$Q4,MATCH(CT4,$E4:$J4,0)),"") | CZ4: =IFERROR(INDEX($L4:$Q4,MATCH(CU4,$E4:$J4,0)),"") | DA4: =IFERROR(INDEX($L4:$Q4,MATCH(CV4,$E4:$J4,0)),"") | DB4: =IFERROR(INDEX($L4:$Q4,MATCH(CW4,$E4:$J4,0)),"") | DD4: =IFERROR(DEGREES(ATAN(CY4)),"") | DE4: =IFERROR(DEGREES(ATAN(CZ4)),"") | DF4: =IFERROR(DEGREES(ATAN(DA4)),"") | DG4: =IFERROR(DEGREES(ATAN(DB4)),"")
A5: =IF('Data Validation'!$K$2<>TRUE,"",'Data Validation'!A307) -> 1772120100 | B5: =IF('Data Validation'!$K$2<>TRUE,"",'Data Validation'!C307) -> XAUUSD | C5: =IF('Data Validation'!$K$2<>TRUE,"",'Data Validation'!E307) -> M5 | D5: =IF('Data Validation'!$K$2<>TRUE,"",'Data Validation'!G307) -> 5169.23 | E5: =IF($C5<>"M5","",Trendlines!E307) -> 5199.47 | F5: =IF($C5<>"M5","",Trendlines!F307) -> 5193.95 | G5: =IF($C5<>"M5","",Trendlines!G307) -> 5203.17 | H5: =IF($C5<>"M5","",Trendlines!H307) -> 5169.86 | I5: =IF($C5<>"M5","",Trendlines!I307) -> 5177.77 | J5: =IF($C5<>"M5","",Trendlines!J307) -> 5162.95 | K5: 96 | CY5: =IFERROR(INDEX($L5:$Q5,MATCH(CT5,$E5:$J5,0)),"") | CZ5: =IFERROR(INDEX($L5:$Q5,MATCH(CU5,$E5:$J5,0)),"") | DA5: =IFERROR(INDEX($L5:$Q5,MATCH(CV5,$E5:$J5,0)),"") | DB5: =IFERROR(INDEX($L5:$Q5,MATCH(CW5,$E5:$J5,0)),"") | DD5: =IFERROR(DEGREES(ATAN(CY5)),"") | DE5: =IFERROR(DEGREES(ATAN(CZ5)),"") | DF5: =IFERROR(DEGREES(ATAN(DA5)),"") | DG5: =IFERROR(DEGREES(ATAN(DB5)),"")
A6: =IF('Data Validation'!$K$2<>TRUE,"",'Data Validation'!A308) -> 1772120400 | B6: =IF('Data Validation'!$K$2<>TRUE,"",'Data Validation'!C308) -> XAUUSD | C6: =IF('Data Validation'!$K$2<>TRUE,"",'Data Validation'!E308) -> M5 | D6: =IF('Data Validation'!$K$2<>TRUE,"",'Data Validation'!G308) -> 5175.56 | E6: =IF($C6<>"M5","",Trendlines!E308) -> 5199.47 | F6: =IF($C6<>"M5","",Trendlines!F308) -> 5193.92 | G6: =IF($C6<>"M5","",Trendlines!G308) -> 5203.15 | H6: =IF($C6<>"M5","",Trendlines!H308) -> 5169.93 | I6: =IF($C6<>"M5","",Trendlines!I308) -> 5177.79 | J6: =IF($C6<>"M5","",Trendlines!J308) -> 5162.99 | K6: 96 | CY6: =IFERROR(INDEX($L6:$Q6,MATCH(CT6,$E6:$J6,0)),"") | CZ6: =IFERROR(INDEX($L6:$Q6,MATCH(CU6,$E6:$J6,0)),"") | DA6: =IFERROR(INDEX($L6:$Q6,MATCH(CV6,$E6:$J6,0)),"") | DB6: =IFERROR(INDEX($L6:$Q6,MATCH(CW6,$E6:$J6,0)),"") | DD6: =IFERROR(DEGREES(ATAN(CY6)),"") | DE6: =IFERROR(DEGREES(ATAN(CZ6)),"") | DF6: =IFERROR(DEGREES(ATAN(DA6)),"") | DG6: =IFERROR(DEGREES(ATAN(DB6)),"")
A7: =IF('Data Validation'!$K$2<>TRUE,"",'Data Validation'!A309) -> 1772120700 | B7: =IF('Data Validation'!$K$2<>TRUE,"",'Data Validation'!C309) -> XAUUSD | C7: =IF('Data Validation'!$K$2<>TRUE,"",'Data Validation'!E309) -> M5 | D7: =IF('Data Validation'!$K$2<>TRUE,"",'Data Validation'!G309) -> 5182.38 | E7: =IF($C7<>"M5","",Trendlines!E309) -> 5199.48 | F7: =IF($C7<>"M5","",Trendlines!F309) -> 5193.89 | G7: =IF($C7<>"M5","",Trendlines!G309) -> 5203.13 | H7: =IF($C7<>"M5","",Trendlines!H309) -> 5170.01 | I7: =IF($C7<>"M5","",Trendlines!I309) -> 5177.82 | J7: =IF($C7<>"M5","",Trendlines!J309) -> 5163.03 | K7: 96 | CY7: =IFERROR(INDEX($L7:$Q7,MATCH(CT7,$E7:$J7,0)),"") | CZ7: =IFERROR(INDEX($L7:$Q7,MATCH(CU7,$E7:$J7,0)),"") | DA7: =IFERROR(INDEX($L7:$Q7,MATCH(CV7,$E7:$J7,0)),"") | DB7: =IFERROR(INDEX($L7:$Q7,MATCH(CW7,$E7:$J7,0)),"") | DD7: =IFERROR(DEGREES(ATAN(CY7)),"") | DE7: =IFERROR(DEGREES(ATAN(CZ7)),"") | DF7: =IFERROR(DEGREES(ATAN(DA7)),"") | DG7: =IFERROR(DEGREES(ATAN(DB7)),"")
A8: =IF('Data Validation'!$K$2<>TRUE,"",'Data Validation'!A310) -> 1772121000 | B8: =IF('Data Validation'!$K$2<>TRUE,"",'Data Validation'!C310) -> XAUUSD | C8: =IF('Data Validation'!$K$2<>TRUE,"",'Data Validation'!E310) -> M5 | D8: =IF('Data Validation'!$K$2<>TRUE,"",'Data Validation'!G310) -> 5189.7 | E8: =IF($C8<>"M5","",Trendlines!E310) -> 5199.48 | F8: =IF($C8<>"M5","",Trendlines!F310) -> 5193.87 | G8: =IF($C8<>"M5","",Trendlines!G310) -> 5203.12 | H8: =IF($C8<>"M5","",Trendlines!H310) -> 5170.08 | I8: =IF($C8<>"M5","",Trendlines!I310) -> 5177.84 | J8: =IF($C8<>"M5","",Trendlines!J310) -> 5163.07 | K8: 96 | CY8: =IFERROR(INDEX($L8:$Q8,MATCH(CT8,$E8:$J8,0)),"") | CZ8: =IFERROR(INDEX($L8:$Q8,MATCH(CU8,$E8:$J8,0)),"") | DA8: =IFERROR(INDEX($L8:$Q8,MATCH(CV8,$E8:$J8,0)),"") | DB8: =IFERROR(INDEX($L8:$Q8,MATCH(CW8,$E8:$J8,0)),"") | DD8: =IFERROR(DEGREES(ATAN(CY8)),"") | DE8: =IFERROR(DEGREES(ATAN(CZ8)),"") | DF8: =IFERROR(DEGREES(ATAN(DA8)),"") | DG8: =IFERROR(DEGREES(ATAN(DB8)),"")
A9: =IF('Data Validation'!$K$2<>TRUE,"",'Data Validation'!A311) -> 1772121300 | B9: =IF('Data Validation'!$K$2<>TRUE,"",'Data Validation'!C311) -> XAUUSD | C9: =IF('Data Validation'!$K$2<>TRUE,"",'Data Validation'!E311) -> M5 | D9: =IF('Data Validation'!$K$2<>TRUE,"",'Data Validation'!G311) -> 5185.86 | E9: =IF($C9<>"M5","",Trendlines!E311) -> 5199.49 | F9: =IF($C9<>"M5","",Trendlines!F311) -> 5193.84 | G9: =IF($C9<>"M5","",Trendlines!G311) -> 5203.1 | H9: =IF($C9<>"M5","",Trendlines!H311) -> 5170.16 | I9: =IF($C9<>"M5","",Trendlines!I311) -> 5177.86 | J9: =IF($C9<>"M5","",Trendlines!J311) -> 5163.11 | K9: 96 | CY9: =IFERROR(INDEX($L9:$Q9,MATCH(CT9,$E9:$J9,0)),"") | CZ9: =IFERROR(INDEX($L9:$Q9,MATCH(CU9,$E9:$J9,0)),"") | DA9: =IFERROR(INDEX($L9:$Q9,MATCH(CV9,$E9:$J9,0)),"") | DB9: =IFERROR(INDEX($L9:$Q9,MATCH(CW9,$E9:$J9,0)),"") | DD9: =IFERROR(DEGREES(ATAN(CY9)),"") | DE9: =IFERROR(DEGREES(ATAN(CZ9)),"") | DF9: =IFERROR(DEGREES(ATAN(DA9)),"") | DG9: =IFERROR(DEGREES(ATAN(DB9)),"")
A10: =IF('Data Validation'!$K$2<>TRUE,"",'Data Validation'!A312) -> 1772121600 | B10: =IF('Data Validation'!$K$2<>TRUE,"",'Data Validation'!C312) -> XAUUSD | C10: =IF('Data Validation'!$K$2<>TRUE,"",'Data Validation'!E312) -> M5 | D10: =IF('Data Validation'!$K$2<>TRUE,"",'Data Validation'!G312) -> 5178.92 | E10: =IF($C10<>"M5","",Trendlines!E312) -> 5199.49 | F10: =IF($C10<>"M5","",Trendlines!F312) -> 5193.82 | G10: =IF($C10<>"M5","",Trendlines!G312) -> 5203.08 | H10: =IF($C10<>"M5","",Trendlines!H312) -> 5170.23 | I10: =IF($C10<>"M5","",Trendlines!I312) -> 5177.88 | J10: =IF($C10<>"M5","",Trendlines!J312) -> 5163.14 | K10: 96 | CY10: =IFERROR(INDEX($L10:$Q10,MATCH(CT10,$E10:$J10,0)),"") | CZ10: =IFERROR(INDEX($L10:$Q10,MATCH(CU10,$E10:$J10,0)),"") | DA10: =IFERROR(INDEX($L10:$Q10,MATCH(CV10,$E10:$J10,0)),"") | DB10: =IFERROR(INDEX($L10:$Q10,MATCH(CW10,$E10:$J10,0)),"") | DD10: =IFERROR(DEGREES(ATAN(CY10)),"") | DE10: =IFERROR(DEGREES(ATAN(CZ10)),"") | DF10: =IFERROR(DEGREES(ATAN(DA10)),"") | DG10: =IFERROR(DEGREES(ATAN(DB10)),"")
A11: =IF('Data Validation'!$K$2<>TRUE,"",'Data Validation'!A313) -> 1772121900 | B11: =IF('Data Validation'!$K$2<>TRUE,"",'Data Validation'!C313) -> XAUUSD | C11: =IF('Data Validation'!$K$2<>TRUE,"",'Data Validation'!E313) -> M5 | D11: =IF('Data Validation'!$K$2<>TRUE,"",'Data Validation'!G313) -> 5177.76 | E11: =IF($C11<>"M5","",Trendlines!E313) -> 5199.5 | F11: =IF($C11<>"M5","",Trendlines!F313) -> 5193.79 | G11: =IF($C11<>"M5","",Trendlines!G313) -> 5203.06 | H11: =IF($C11<>"M5","",Trendlines!H313) -> 5170.31 | I11: =IF($C11<>"M5","",Trendlines!I313) -> 5177.91 | J11: =IF($C11<>"M5","",Trendlines!J313) -> 5163.18 | K11: 96 | CY11: =IFERROR(INDEX($L11:$Q11,MATCH(CT11,$E11:$J11,0)),"") | CZ11: =IFERROR(INDEX($L11:$Q11,MATCH(CU11,$E11:$J11,0)),"") | DA11: =IFERROR(INDEX($L11:$Q11,MATCH(CV11,$E11:$J11,0)),"") | DB11: =IFERROR(INDEX($L11:$Q11,MATCH(CW11,$E11:$J11,0)),"") | DD11: =IFERROR(DEGREES(ATAN(CY11)),"") | DE11: =IFERROR(DEGREES(ATAN(CZ11)),"") | DF11: =IFERROR(DEGREES(ATAN(DA11)),"") | DG11: =IFERROR(DEGREES(ATAN(DB11)),"")
A12: =IF('Data Validation'!$K$2<>TRUE,"",'Data Validation'!A314) -> 1772122200 | B12: =IF('Data Validation'!$K$2<>TRUE,"",'Data Validation'!C314) -> XAUUSD | C12: =IF('Data Validation'!$K$2<>TRUE,"",'Data Validation'!E314) -> M5 | D12: =IF('Data Validation'!$K$2<>TRUE,"",'Data Validation'!G314) -> 5176.76 | E12: =IF($C12<>"M5","",Trendlines!E314) -> 5199.51 | F12: =IF($C12<>"M5","",Trendlines!F314) -> 5193.76 | G12: =IF($C12<>"M5","",Trendlines!G314) -> 5203.05 | H12: =IF($C12<>"M5","",Trendlines!H314) -> 5170.38 | I12: =IF($C12<>"M5","",Trendlines!I314) -> 5177.93 | J12: =IF($C12<>"M5","",Trendlines!J314) -> 5163.22 | K12: 96 | CY12: =IFERROR(INDEX($L12:$Q12,MATCH(CT12,$E12:$J12,0)),"") | CZ12: =IFERROR(INDEX($L12:$Q12,MATCH(CU12,$E12:$J12,0)),"") | DA12: =IFERROR(INDEX($L12:$Q12,MATCH(CV12,$E12:$J12,0)),"") | DB12: =IFERROR(INDEX($L12:$Q12,MATCH(CW12,$E12:$J12,0)),"") | DD12: =IFERROR(DEGREES(ATAN(CY12)),"") | DE12: =IFERROR(DEGREES(ATAN(CZ12)),"") | DF12: =IFERROR(DEGREES(ATAN(DA12)),"") | DG12: =IFERROR(DEGREES(ATAN(DB12)),"")
A13: =IF('Data Validation'!$K$2<>TRUE,"",'Data Validation'!A315) -> 1772122500 | B13: =IF('Data Validation'!$K$2<>TRUE,"",'Data Validation'!C315) -> XAUUSD | C13: =IF('Data Validation'!$K$2<>TRUE,"",'Data Validation'!E315) -> M5 | D13: =IF('Data Validation'!$K$2<>TRUE,"",'Data Validation'!G315) -> 5181.4 | E13: =IF($C13<>"M5","",Trendlines!E315) -> 5199.51 | F13: =IF($C13<>"M5","",Trendlines!F315) -> 5193.74 | G13: =IF($C13<>"M5","",Trendlines!G315) -> 5203.03 | H13: =IF($C13<>"M5","",Trendlines!H315) -> 5170.46 | I13: =IF($C13<>"M5","",Trendlines!I315) -> 5177.95 | J13: =IF($C13<>"M5","",Trendlines!J315) -> 5163.26 | K13: 96 | CY13: =IFERROR(INDEX($L13:$Q13,MATCH(CT13,$E13:$J13,0)),"") | CZ13: =IFERROR(INDEX($L13:$Q13,MATCH(CU13,$E13:$J13,0)),"") | DA13: =IFERROR(INDEX($L13:$Q13,MATCH(CV13,$E13:$J13,0)),"") | DB13: =IFERROR(INDEX($L13:$Q13,MATCH(CW13,$E13:$J13,0)),"") | DD13: =IFERROR(DEGREES(ATAN(CY13)),"") | DE13: =IFERROR(DEGREES(ATAN(CZ13)),"") | DF13: =IFERROR(DEGREES(ATAN(DA13)),"") | DG13: =IFERROR(DEGREES(ATAN(DB13)),"")
... A97: =IF('Data Validation'!$K$2<>TRUE,"",'Data Validation'!A399) -> 1772151300 | B97: =IF('Data Validation'!$K$2<>TRUE,"",'Data Validation'!C399) -> XAUUSD | C97: =IF('Data Validation'!$K$2<>TRUE,"",'Data Validation'!E399) -> M5 | D97: =IF('Data Validation'!$K$2<>TRUE,"",'Data Validation'!G399) -> 5189.28 | E97: =IF($C97<>"M5","",Trendlines!E399) -> 5199.98 | F97: =IF($C97<>"M5","",Trendlines!F399) -> 5191.56 | G97: =IF($C97<>"M5","",Trendlines!G399) -> 5201.55 | H97: =IF($C97<>"M5","",Trendlines!H399) -> 5176.81 | I97: =IF($C97<>"M5","",Trendlines!I399) -> 5179.81 | J97: =IF($C97<>"M5","",Trendlines!J399) -> 5166.51 | K97: 96 | CY97: =IFERROR(INDEX($L97:$Q97,MATCH(CT97,$E97:$J97,0)),"") | CZ97: =IFERROR(INDEX($L97:$Q97,MATCH(CU97,$E97:$J97,0)),"") | DA97: =IFERROR(INDEX($L97:$Q97,MATCH(CV97,$E97:$J97,0)),"") | DB97: =IFERROR(INDEX($L97:$Q97,MATCH(CW97,$E97:$J97,0)),"") | DD97: =IFERROR(DEGREES(ATAN(CY97)),"") | DE97: =IFERROR(DEGREES(ATAN(CZ97)),"") | DF97: =IFERROR(DEGREES(ATAN(DA97)),"") | DG97: =IFERROR(DEGREES(ATAN(DB97)),"")
A98: =IF('Data Validation'!$K$2<>TRUE,"",'Data Validation'!A400) -> 1772151600 | B98: =IF('Data Validation'!$K$2<>TRUE,"",'Data Validation'!C400) -> XAUUSD | C98: =IF('Data Validation'!$K$2<>TRUE,"",'Data Validation'!E400) -> M5 | D98: =IF('Data Validation'!$K$2<>TRUE,"",'Data Validation'!G400) -> 5192.47 | E98: =IF($C98<>"M5","",Trendlines!E400) -> 5199.99 | F98: =IF($C98<>"M5","",Trendlines!F400) -> 5191.53 | G98: =IF($C98<>"M5","",Trendlines!G400) -> 5201.54 | H98: =IF($C98<>"M5","",Trendlines!H400) -> 5176.89 | I98: =IF($C98<>"M5","",Trendlines!I400) -> 5179.83 | J98: =IF($C98<>"M5","",Trendlines!J400) -> 5166.55 | K98: 96 | L98: =(E98-E2)/$K98 -> 0.005625 | M98: =(F98-F2)/$K98 -> -0.0259375 | N98: =(G98-G2)/$K98 -> -0.0175 | O98: =(H98-H2)/$K98 -> 0.075625 | P98: =(I98-I2)/$K98 -> 0.022083333 | Q98: =(J98-J2)/$K98 -> 0.03875 | S98: =ABS($E98-F98) -> 8.46 | T98: =ABS($E98-G98) -> 1.55 | U98: =ABS($E98-H98) -> 23.1 | V98: =ABS($E98-I98) -> 20.16 | W98: =ABS($E98-J98) -> 33.44 | X98: =ABS($F98-G98) -> 10.01 | Y98: =ABS($F98-H98) -> 14.64 | Z98: =ABS($F98-I98) -> 11.7 | AA98: =ABS($F98-J98) -> 24.98 | AB98: =ABS($G98-H98) -> 24.65 | AC98: =ABS($G98-I98) -> 21.71 | AD98: =ABS($G98-J98) -> 34.99 | AE98: =ABS($H98-I98) -> 2.94 | AF98: =ABS($H98-J98) -> 10.34 | AG98: =ABS(I98-J98) -> 13.28 | AI98: =AVERAGE(S$98:S$198) -> 10.03297 | AJ98: =AVERAGE(T$98:T$198) -> 0.65049505 | AK98: =AVERAGE(U$98:U$198) -> 19.593366 | AL98: =AVERAGE(V$98:V$198) -> 19.325941 | AM98: =AVERAGE(W$98:W$198) -> 31.777624 | AN98: =AVERAGE(X$98:X$198) -> 10.426238 | AO98: =AVERAGE(Y$98:Y$198) -> 9.560396 | AP98: =AVERAGE(Z$98:Z$198) -> 9.2929703 | ... AW98: =AVERAGE(AG$98:AG$198) -> 12.451683 | AY98: =_xlfn.RANK.EQ(AI98,$AI98:$AW98,1) -> 5 | AZ98: =_xlfn.RANK.EQ(AJ98,$AI98:$AW98,1) -> 1 | BA98: =_xlfn.RANK.EQ(AK98,$AI98:$AW98,1) -> 10 | BB98: =_xlfn.RANK.EQ(AL98,$AI98:$AW98,1) -> 9 | BC98: =_xlfn.RANK.EQ(AM98,$AI98:$AW98,1) -> 14 | BD98: =_xlfn.RANK.EQ(AN98,$AI98:$AW98,1) -> 6 | BE98: =_xlfn.RANK.EQ(AO98,$AI98:$AW98,1) -> 4 | BF98: =_xlfn.RANK.EQ(AP98,$AI98:$AW98,1) -> 3 | ... BM98: =_xlfn.RANK.EQ(AW98,$AI98:$AW98,1) -> 8 | BO98: =IF(OR(AY98=1,AY98=2),E98,"") | BP98: =IF(OR(AY98=1,AY98=2),F98,"") | BQ98: =IF(OR(AZ98=1,AZ98=2),E98,"") -> 5199.99 | BR98: =IF(OR(AZ98=1,AZ98=2),G98,"") -> 5201.54 | BS98: =IF(OR(BA98=1,BA98=2),E98,"") | BT98: =IF(OR(BA98=1,BA98=2),H98,"") | BU98: =IF(OR(BB98=1,BB98=2,),E98,"") | BV98: =IF(OR(BB98=1,BB98=2,),I98,"") | BW98: =IF(OR(BC98=1,BC98=2),E98,"") | BX98: =IF(OR(BC98=1,BC98=2),J98,"") | BY98: =IF(OR(BD98=1,BD98=2),F98,"") | BZ98: =IF(OR(BD98=1,BD98=2),G98,"") | CA98: =IF(OR(BE98=1,BE98=2),F98,"") | CB98: =IF(OR(BE98=1,BE98=2),H98,"") | CC98: =IF(OR(BF98=1,BF98=2),F98,"") | CD98: =IF(OR(BF98=1,BF98=2),I98,"") | CE98: =IF(OR(BG98=1,BG98=2),F98,"") | CF98: =IF(OR(BG98=1,BG98=2),J98,"") | CG98: =IF(OR(BH98=1,BH98=2),G98,"") | CH98: =IF(OR(BH98=1,BH98=2),H98,"") | CI98: =IF(OR(BI98=1,BI98=2),G98,"") | CJ98: =IF(OR(BI98=1,BI98=2),I98,"") | CK98: =IF(OR(BJ98=1,BJ98=2),G98,"") | CL98: =IF(OR(BJ98=1,BJ98=2),J98,"") | CM98: =IF(OR(BK98=1,BK98=2),H98,"") -> 5176.89 | CN98: =IF(OR(BK98=1,BK98=2),I98,"") -> 5179.83 | CO98: =IF(OR(BL98=1,BL98=2),H98,"") | CP98: =IF(OR(BL98=1,BL98=2),J98,"") | CQ98: =IF(OR(BM98=1,BM98=2),I98,"") | CR98: =IF(OR(BM98=1,BM98=2),J98,"") | CT98: =LARGE(BO98:CR98,1) -> 5201.54 | CU98: =LARGE(BO98:CR98,2) -> 5199.99 | CV98: =LARGE(BO98:CR98,3) -> 5179.83 | CW98: =LARGE(BO98:CR98,4) -> 5176.89 | CY98: =IFERROR(INDEX($L98:$Q98,MATCH(CT98,$E98:$J98,0)),"") -> -0.0175 | CZ98: =IFERROR(INDEX($L98:$Q98,MATCH(CU98,$E98:$J98,0)),"") -> 0.005625 | DA98: =IFERROR(INDEX($L98:$Q98,MATCH(CV98,$E98:$J98,0)),"") -> 0.022083333 | DB98: =IFERROR(INDEX($L98:$Q98,MATCH(CW98,$E98:$J98,0)),"") -> 0.075625 | DD98: =IFERROR(DEGREES(ATAN(CY98)),"") -> -1.0025738 | DE98: =IFERROR(DEGREES(ATAN(CZ98)),"") -> 0.32228536 | DF98: =IFERROR(DEGREES(ATAN(DA98)),"") -> 1.2650762 | DG98: =IFERROR(DEGREES(ATAN(DB98)),"") -> 4.3247612 | DI98: =_xlfn.STDEV.P(DD98:DG98) -> 1.9613185 | DK98: =ABS(DI98) -> 1.9613185 | DL98: =DK98*-1 -> -1.9613185 | DN98: =IF(OR(DD98<$DL98,DD98>$DK98),"Invalid Slope","") | DO98: =IF(OR(DE98<$DL98,DE98>$DK98),"Invalid Slope","") | DP98: =IF(OR(DF98<$DL98,DF98>$DK98),"Invalid Slope","") | DQ98: =IF(OR(DG98<$DL98,DG98>$DK98),"Invalid Slope","") -> Invalid Slope | DS98: =IF(DN98="",CT98,"") -> 5201.54 | DT98: =IF(DO98="",CU98,"") -> 5199.99 | DU98: =IF(DP98="",CV98,"") -> 5179.83 | DV98: =IF(DQ98="",CW98,"") | DX98: =MAX(DS98:DV98) -> 5201.54 | DY98: =MIN(DS98:DV98) -> 5179.83 | EA98: =IF(DX98=E98,$E$1,IF(DX98=F98,$F$1,IF(DX98=G98,$G$1,IF(DX98=H98,$H$1,IF(DX98=I98,$I$1,IF(DX98=J98,$J$1,"")))))) -> horiz_peak_line_3 | EB98: =IF(DY98=E98,$E$1,IF(DY98=F98,$F$1,IF(DY98=G98,$G$1,IF(DY98=H98,$H$1,IF(DY98=I98,$I$1,IF(DY98=J98,$J$1,"")))))) -> horiz_bottom_line_2 | ED98: =IF(EA98="horiz_peak_line_1","peak_line_1",IF(EA98="horiz_peak_line_2","peak_line_2",IF(EA98="horiz_peak_line_3","peak_line_3",IF(EA98="horiz_bottom_line_1","bottom_line_1",IF(EA98="horiz_bottom_line_2","bottom_line_2",IF(EA98="horiz_bottom_line_3","bottom_line_3","")))))) -> peak_line_3 | EE98: =IF(EB98="horiz_peak_line_1","peak_line_1",IF(EB98="horiz_peak_line_2","peak_line_2",IF(EB98="horiz_peak_line_3","peak_line_3",IF(EB98="horiz_bottom_line_1","bottom_line_1",IF(EB98="horiz_bottom_line_2","bottom_line_2",IF(EB98="horiz_bottom_line_3","bottom_line_3","")))))) -> bottom_line_2
A99: =IF('Data Validation'!$K$2<>TRUE,"",'Data Validation'!A401) -> 1772151900 | B99: =IF('Data Validation'!$K$2<>TRUE,"",'Data Validation'!C401) -> XAUUSD | C99: =IF('Data Validation'!$K$2<>TRUE,"",'Data Validation'!E401) -> M5 | D99: =IF('Data Validation'!$K$2<>TRUE,"",'Data Validation'!G401) -> 5188.14 | E99: =IF($C99<>"M5","",Trendlines!E401) -> 5199.99 | F99: =IF($C99<>"M5","",Trendlines!F401) -> 5191.5 | G99: =IF($C99<>"M5","",Trendlines!G401) -> 5201.52 | H99: =IF($C99<>"M5","",Trendlines!H401) -> 5176.97 | I99: =IF($C99<>"M5","",Trendlines!I401) -> 5179.85 | J99: =IF($C99<>"M5","",Trendlines!J401) -> 5166.59 | K99: 96 | L99: =(E99-E3)/$K99 -> 0.0055208333 | M99: =(F99-F3)/$K99 -> -0.026041667 | N99: =(G99-G3)/$K99 -> -0.0175 | O99: =(H99-H3)/$K99 -> 0.075729167 | P99: =(I99-I3)/$K99 -> 0.022083333 | Q99: =(J99-J3)/$K99 -> 0.03875 | S99: =ABS($E99-F99) -> 8.49 | T99: =ABS($E99-G99) -> 1.53 | U99: =ABS($E99-H99) -> 23.02 | V99: =ABS($E99-I99) -> 20.14 | W99: =ABS($E99-J99) -> 33.4 | X99: =ABS($F99-G99) -> 10.02 | Y99: =ABS($F99-H99) -> 14.53 | Z99: =ABS($F99-I99) -> 11.65 | AA99: =ABS($F99-J99) -> 24.91 | AB99: =ABS($G99-H99) -> 24.55 | AC99: =ABS($G99-I99) -> 21.67 | AD99: =ABS($G99-J99) -> 34.93 | AE99: =ABS($H99-I99) -> 2.88 | AF99: =ABS($H99-J99) -> 10.38 | AG99: =ABS(I99-J99) -> 13.26 | AI99: =AVERAGE(S$98:S$198) -> 10.03297 | AJ99: =AVERAGE(T$98:T$198) -> 0.65049505 | AK99: =AVERAGE(U$98:U$198) -> 19.593366 | AL99: =AVERAGE(V$98:V$198) -> 19.325941 | AM99: =AVERAGE(W$98:W$198) -> 31.777624 | AN99: =AVERAGE(X$98:X$198) -> 10.426238 | AO99: =AVERAGE(Y$98:Y$198) -> 9.560396 | AP99: =AVERAGE(Z$98:Z$198) -> 9.2929703 | ... AW99: =AVERAGE(AG$98:AG$198) -> 12.451683 | AY99: =_xlfn.RANK.EQ(AI99,$AI99:$AW99,1) -> 5 | AZ99: =_xlfn.RANK.EQ(AJ99,$AI99:$AW99,1) -> 1 | BA99: =_xlfn.RANK.EQ(AK99,$AI99:$AW99,1) -> 10 | BB99: =_xlfn.RANK.EQ(AL99,$AI99:$AW99,1) -> 9 | BC99: =_xlfn.RANK.EQ(AM99,$AI99:$AW99,1) -> 14 | BD99: =_xlfn.RANK.EQ(AN99,$AI99:$AW99,1) -> 6 | BE99: =_xlfn.RANK.EQ(AO99,$AI99:$AW99,1) -> 4 | BF99: =_xlfn.RANK.EQ(AP99,$AI99:$AW99,1) -> 3 | ... BM99: =_xlfn.RANK.EQ(AW99,$AI99:$AW99,1) -> 8 | BO99: =IF(OR(AY99=1,AY99=2),E99,"") | BP99: =IF(OR(AY99=1,AY99=2),F99,"") | BQ99: =IF(OR(AZ99=1,AZ99=2),E99,"") -> 5199.99 | BR99: =IF(OR(AZ99=1,AZ99=2),G99,"") -> 5201.52 | BS99: =IF(OR(BA99=1,BA99=2),E99,"") | BT99: =IF(OR(BA99=1,BA99=2),H99,"") | BU99: =IF(OR(BB99=1,BB99=2,),E99,"") | BV99: =IF(OR(BB99=1,BB99=2,),I99,"") | BW99: =IF(OR(BC99=1,BC99=2),E99,"") | BX99: =IF(OR(BC99=1,BC99=2),J99,"") | BY99: =IF(OR(BD99=1,BD99=2),F99,"") | BZ99: =IF(OR(BD99=1,BD99=2),G99,"") | CA99: =IF(OR(BE99=1,BE99=2),F99,"") | CB99: =IF(OR(BE99=1,BE99=2),H99,"") | CC99: =IF(OR(BF99=1,BF99=2),F99,"") | CD99: =IF(OR(BF99=1,BF99=2),I99,"") | CE99: =IF(OR(BG99=1,BG99=2),F99,"") | CF99: =IF(OR(BG99=1,BG99=2),J99,"") | CG99: =IF(OR(BH99=1,BH99=2),G99,"") | CH99: =IF(OR(BH99=1,BH99=2),H99,"") | CI99: =IF(OR(BI99=1,BI99=2),G99,"") | CJ99: =IF(OR(BI99=1,BI99=2),I99,"") | CK99: =IF(OR(BJ99=1,BJ99=2),G99,"") | CL99: =IF(OR(BJ99=1,BJ99=2),J99,"") | CM99: =IF(OR(BK99=1,BK99=2),H99,"") -> 5176.97 | CN99: =IF(OR(BK99=1,BK99=2),I99,"") -> 5179.85 | CO99: =IF(OR(BL99=1,BL99=2),H99,"") | CP99: =IF(OR(BL99=1,BL99=2),J99,"") | CQ99: =IF(OR(BM99=1,BM99=2),I99,"") | CR99: =IF(OR(BM99=1,BM99=2),J99,"") | CT99: =LARGE(BO99:CR99,1) -> 5201.52 | CU99: =LARGE(BO99:CR99,2) -> 5199.99 | CV99: =LARGE(BO99:CR99,3) -> 5179.85 | CW99: =LARGE(BO99:CR99,4) -> 5176.97 | CY99: =IFERROR(INDEX($L99:$Q99,MATCH(CT99,$E99:$J99,0)),"") -> -0.0175 | CZ99: =IFERROR(INDEX($L99:$Q99,MATCH(CU99,$E99:$J99,0)),"") -> 0.0055208333 | DA99: =IFERROR(INDEX($L99:$Q99,MATCH(CV99,$E99:$J99,0)),"") -> 0.022083333 | DB99: =IFERROR(INDEX($L99:$Q99,MATCH(CW99,$E99:$J99,0)),"") -> 0.075729167 | DD99: =IFERROR(DEGREES(ATAN(CY99)),"") -> -1.0025738 | DE99: =IFERROR(DEGREES(ATAN(CZ99)),"") -> 0.31631724 | DF99: =IFERROR(DEGREES(ATAN(DA99)),"") -> 1.2650762 | DG99: =IFERROR(DEGREES(ATAN(DB99)),"") -> 4.3306955 | DI99: =_xlfn.STDEV.P(DD99:DG99) -> 1.9643522 | DK99: =ABS(DI99) -> 1.9643522 | DL99: =DK99*-1 -> -1.9643522 | DN99: =IF(OR(DD99<$DL99,DD99>$DK99),"Invalid Slope","") | DO99: =IF(OR(DE99<$DL99,DE99>$DK99),"Invalid Slope","") | DP99: =IF(OR(DF99<$DL99,DF99>$DK99),"Invalid Slope","") | DQ99: =IF(OR(DG99<$DL99,DG99>$DK99),"Invalid Slope","") -> Invalid Slope | DS99: =IF(DN99="",CT99,"") -> 5201.52 | DT99: =IF(DO99="",CU99,"") -> 5199.99 | DU99: =IF(DP99="",CV99,"") -> 5179.85 | DV99: =IF(DQ99="",CW99,"") | DX99: =MAX(DS99:DV99) -> 5201.52 | DY99: =MIN(DS99:DV99) -> 5179.85 | EA99: =IF(DX99=E99,$E$1,IF(DX99=F99,$F$1,IF(DX99=G99,$G$1,IF(DX99=H99,$H$1,IF(DX99=I99,$I$1,IF(DX99=J99,$J$1,"")))))) -> horiz_peak_line_3 | EB99: =IF(DY99=E99,$E$1,IF(DY99=F99,$F$1,IF(DY99=G99,$G$1,IF(DY99=H99,$H$1,IF(DY99=I99,$I$1,IF(DY99=J99,$J$1,"")))))) -> horiz_bottom_line_2 | ED99: =IF(EA99="horiz_peak_line_1","peak_line_1",IF(EA99="horiz_peak_line_2","peak_line_2",IF(EA99="horiz_peak_line_3","peak_line_3",IF(EA99="horiz_bottom_line_1","bottom_line_1",IF(EA99="horiz_bottom_line_2","bottom_line_2",IF(EA99="horiz_bottom_line_3","bottom_line_3","")))))) -> peak_line_3 | EE99: =IF(EB99="horiz_peak_line_1","peak_line_1",IF(EB99="horiz_peak_line_2","peak_line_2",IF(EB99="horiz_peak_line_3","peak_line_3",IF(EB99="horiz_bottom_line_1","bottom_line_1",IF(EB99="horiz_bottom_line_2","bottom_line_2",IF(EB99="horiz_bottom_line_3","bottom_line_3","")))))) -> bottom_line_2
A100: =IF('Data Validation'!$K$2<>TRUE,"",'Data Validation'!A402) -> 1772152200 | B100: =IF('Data Validation'!$K$2<>TRUE,"",'Data Validation'!C402) -> XAUUSD | C100: =IF('Data Validation'!$K$2<>TRUE,"",'Data Validation'!E402) -> M5 | D100: =IF('Data Validation'!$K$2<>TRUE,"",'Data Validation'!G402) -> 5182.22 | E100: =IF($C100<>"M5","",Trendlines!E402) -> 5200 | F100: =IF($C100<>"M5","",Trendlines!F402) -> 5191.48 | G100: =IF($C100<>"M5","",Trendlines!G402) -> 5201.5 | H100: =IF($C100<>"M5","",Trendlines!H402) -> 5177.04 | I100: =IF($C100<>"M5","",Trendlines!I402) -> 5179.88 | J100: =IF($C100<>"M5","",Trendlines!J402) -> 5166.63 | K100: 96 | L100: =(E100-E4)/$K100 -> 0.005625 | M100: =(F100-F4)/$K100 -> -0.0259375 | N100: =(G100-G4)/$K100 -> -0.017604167 | O100: =(H100-H4)/$K100 -> 0.075625 | P100: =(I100-I4)/$K100 -> 0.0221875 | Q100: =(J100-J4)/$K100 -> 0.03875 | S100: =ABS($E100-F100) -> 8.52 | T100: =ABS($E100-G100) -> 1.5 | U100: =ABS($E100-H100) -> 22.96 | V100: =ABS($E100-I100) -> 20.12 | W100: =ABS($E100-J100) -> 33.37 | X100: =ABS($F100-G100) -> 10.02 | Y100: =ABS($F100-H100) -> 14.44 | Z100: =ABS($F100-I100) -> 11.6 | AA100: =ABS($F100-J100) -> 24.85 | AB100: =ABS($G100-H100) -> 24.46 | AC100: =ABS($G100-I100) -> 21.62 | AD100: =ABS($G100-J100) -> 34.87 | AE100: =ABS($H100-I100) -> 2.84 | AF100: =ABS($H100-J100) -> 10.41 | AG100: =ABS(I100-J100) -> 13.25 | AI100: =AVERAGE(S$98:S$198) -> 10.03297 | AJ100: =AVERAGE(T$98:T$198) -> 0.65049505 | AK100: =AVERAGE(U$98:U$198) -> 19.593366 | AL100: =AVERAGE(V$98:V$198) -> 19.325941 | AM100: =AVERAGE(W$98:W$198) -> 31.777624 | AN100: =AVERAGE(X$98:X$198) -> 10.426238 | AO100: =AVERAGE(Y$98:Y$198) -> 9.560396 | AP100: =AVERAGE(Z$98:Z$198) -> 9.2929703 | ... AW100: =AVERAGE(AG$98:AG$198) -> 12.451683 | AY100: =_xlfn.RANK.EQ(AI100,$AI100:$AW100,1) -> 5 | AZ100: =_xlfn.RANK.EQ(AJ100,$AI100:$AW100,1) -> 1 | BA100: =_xlfn.RANK.EQ(AK100,$AI100:$AW100,1) -> 10 | BB100: =_xlfn.RANK.EQ(AL100,$AI100:$AW100,1) -> 9 | BC100: =_xlfn.RANK.EQ(AM100,$AI100:$AW100,1) -> 14 | BD100: =_xlfn.RANK.EQ(AN100,$AI100:$AW100,1) -> 6 | BE100: =_xlfn.RANK.EQ(AO100,$AI100:$AW100,1) -> 4 | BF100: =_xlfn.RANK.EQ(AP100,$AI100:$AW100,1) -> 3 | ... BM100: =_xlfn.RANK.EQ(AW100,$AI100:$AW100,1) -> 8 | BO100: =IF(OR(AY100=1,AY100=2),E100,"") | BP100: =IF(OR(AY100=1,AY100=2),F100,"") | BQ100: =IF(OR(AZ100=1,AZ100=2),E100,"") -> 5200 | BR100: =IF(OR(AZ100=1,AZ100=2),G100,"") -> 5201.5 | BS100: =IF(OR(BA100=1,BA100=2),E100,"") | BT100: =IF(OR(BA100=1,BA100=2),H100,"") | BU100: =IF(OR(BB100=1,BB100=2,),E100,"") | BV100: =IF(OR(BB100=1,BB100=2,),I100,"") | BW100: =IF(OR(BC100=1,BC100=2),E100,"") | BX100: =IF(OR(BC100=1,BC100=2),J100,"") | BY100: =IF(OR(BD100=1,BD100=2),F100,"") | BZ100: =IF(OR(BD100=1,BD100=2),G100,"") | CA100: =IF(OR(BE100=1,BE100=2),F100,"") | CB100: =IF(OR(BE100=1,BE100=2),H100,"") | CC100: =IF(OR(BF100=1,BF100=2),F100,"") | CD100: =IF(OR(BF100=1,BF100=2),I100,"") | CE100: =IF(OR(BG100=1,BG100=2),F100,"") | CF100: =IF(OR(BG100=1,BG100=2),J100,"") | CG100: =IF(OR(BH100=1,BH100=2),G100,"") | CH100: =IF(OR(BH100=1,BH100=2),H100,"") | CI100: =IF(OR(BI100=1,BI100=2),G100,"") | CJ100: =IF(OR(BI100=1,BI100=2),I100,"") | CK100: =IF(OR(BJ100=1,BJ100=2),G100,"") | CL100: =IF(OR(BJ100=1,BJ100=2),J100,"") | CM100: =IF(OR(BK100=1,BK100=2),H100,"") -> 5177.04 | CN100: =IF(OR(BK100=1,BK100=2),I100,"") -> 5179.88 | CO100: =IF(OR(BL100=1,BL100=2),H100,"") | CP100: =IF(OR(BL100=1,BL100=2),J100,"") | CQ100: =IF(OR(BM100=1,BM100=2),I100,"") | CR100: =IF(OR(BM100=1,BM100=2),J100,"") | CT100: =LARGE(BO100:CR100,1) -> 5201.5 | CU100: =LARGE(BO100:CR100,2) -> 5200 | CV100: =LARGE(BO100:CR100,3) -> 5179.88 | CW100: =LARGE(BO100:CR100,4) -> 5177.04 | CY100: =IFERROR(INDEX($L100:$Q100,MATCH(CT100,$E100:$J100,0)),"") -> -0.017604167 | CZ100: =IFERROR(INDEX($L100:$Q100,MATCH(CU100,$E100:$J100,0)),"") -> 0.005625 | DA100: =IFERROR(INDEX($L100:$Q100,MATCH(CV100,$E100:$J100,0)),"") -> 0.0221875 | DB100: =IFERROR(INDEX($L100:$Q100,MATCH(CW100,$E100:$J100,0)),"") -> 0.075625 | DD100: =IFERROR(DEGREES(ATAN(CY100)),"") -> -1.0085403 | DE100: =IFERROR(DEGREES(ATAN(CZ100)),"") -> 0.32228536 | DF100: =IFERROR(DEGREES(ATAN(DA100)),"") -> 1.2710416 | DG100: =IFERROR(DEGREES(ATAN(DB100)),"") -> 4.3247612 | DI100: =_xlfn.STDEV.P(DD100:DG100) -> 1.9630469 | DK100: =ABS(DI100) -> 1.9630469 | DL100: =DK100*-1 -> -1.9630469 | DN100: =IF(OR(DD100<$DL100,DD100>$DK100),"Invalid Slope","") | DO100: =IF(OR(DE100<$DL100,DE100>$DK100),"Invalid Slope","") | DP100: =IF(OR(DF100<$DL100,DF100>$DK100),"Invalid Slope","") | DQ100: =IF(OR(DG100<$DL100,DG100>$DK100),"Invalid Slope","") -> Invalid Slope | DS100: =IF(DN100="",CT100,"") -> 5201.5 | DT100: =IF(DO100="",CU100,"") -> 5200 | DU100: =IF(DP100="",CV100,"") -> 5179.88 | DV100: =IF(DQ100="",CW100,"") | DX100: =MAX(DS100:DV100) -> 5201.5 | DY100: =MIN(DS100:DV100) -> 5179.88 | EA100: =IF(DX100=E100,$E$1,IF(DX100=F100,$F$1,IF(DX100=G100,$G$1,IF(DX100=H100,$H$1,IF(DX100=I100,$I$1,IF(DX100=J100,$J$1,"")))))) -> horiz_peak_line_3 | EB100: =IF(DY100=E100,$E$1,IF(DY100=F100,$F$1,IF(DY100=G100,$G$1,IF(DY100=H100,$H$1,IF(DY100=I100,$I$1,IF(DY100=J100,$J$1,"")))))) -> horiz_bottom_line_2 | ED100: =IF(EA100="horiz_peak_line_1","peak_line_1",IF(EA100="horiz_peak_line_2","peak_line_2",IF(EA100="horiz_peak_line_3","peak_line_3",IF(EA100="horiz_bottom_line_1","bottom_line_1",IF(EA100="horiz_bottom_line_2","bottom_line_2",IF(EA100="horiz_bottom_line_3","bottom_line_3","")))))) -> peak_line_3 | EE100: =IF(EB100="horiz_peak_line_1","peak_line_1",IF(EB100="horiz_peak_line_2","peak_line_2",IF(EB100="horiz_peak_line_3","peak_line_3",IF(EB100="horiz_bottom_line_1","bottom_line_1",IF(EB100="horiz_bottom_line_2","bottom_line_2",IF(EB100="horiz_bottom_line_3","bottom_line_3","")))))) -> bottom_line_2
A101: =IF('Data Validation'!$K$2<>TRUE,"",'Data Validation'!A403) -> 1772152500 | B101: =IF('Data Validation'!$K$2<>TRUE,"",'Data Validation'!C403) -> XAUUSD | C101: =IF('Data Validation'!$K$2<>TRUE,"",'Data Validation'!E403) -> M5 | D101: =IF('Data Validation'!$K$2<>TRUE,"",'Data Validation'!G403) -> 5174.71 | E101: =IF($C101<>"M5","",Trendlines!E403) -> 5200 | F101: =IF($C101<>"M5","",Trendlines!F403) -> 5191.45 | G101: =IF($C101<>"M5","",Trendlines!G403) -> 5201.48 | H101: =IF($C101<>"M5","",Trendlines!H403) -> 5177.12 | I101: =IF($C101<>"M5","",Trendlines!I403) -> 5179.9 | J101: =IF($C101<>"M5","",Trendlines!J403) -> 5166.67 | K101: 96 | L101: =(E101-E5)/$K101 -> 0.0055208333 | M101: =(F101-F5)/$K101 -> -0.026041667 | N101: =(G101-G5)/$K101 -> -0.017604167 | O101: =(H101-H5)/$K101 -> 0.075625 | P101: =(I101-I5)/$K101 -> 0.0221875 | Q101: =(J101-J5)/$K101 -> 0.03875 | S101: =ABS($E101-F101) -> 8.55 | T101: =ABS($E101-G101) -> 1.48 | U101: =ABS($E101-H101) -> 22.88 | V101: =ABS($E101-I101) -> 20.1 | W101: =ABS($E101-J101) -> 33.33 | X101: =ABS($F101-G101) -> 10.03 | Y101: =ABS($F101-H101) -> 14.33 | Z101: =ABS($F101-I101) -> 11.55 | AA101: =ABS($F101-J101) -> 24.78 | AB101: =ABS($G101-H101) -> 24.36 | AC101: =ABS($G101-I101) -> 21.58 | AD101: =ABS($G101-J101) -> 34.81 | AE101: =ABS($H101-I101) -> 2.78 | AF101: =ABS($H101-J101) -> 10.45 | AG101: =ABS(I101-J101) -> 13.23 | AI101: =AVERAGE(S$98:S$198) -> 10.03297 | AJ101: =AVERAGE(T$98:T$198) -> 0.65049505 | AK101: =AVERAGE(U$98:U$198) -> 19.593366 | AL101: =AVERAGE(V$98:V$198) -> 19.325941 | AM101: =AVERAGE(W$98:W$198) -> 31.777624 | AN101: =AVERAGE(X$98:X$198) -> 10.426238 | AO101: =AVERAGE(Y$98:Y$198) -> 9.560396 | AP101: =AVERAGE(Z$98:Z$198) -> 9.2929703 | ... AW101: =AVERAGE(AG$98:AG$198) -> 12.451683 | AY101: =_xlfn.RANK.EQ(AI101,$AI101:$AW101,1) -> 5 | AZ101: =_xlfn.RANK.EQ(AJ101,$AI101:$AW101,1) -> 1 | BA101: =_xlfn.RANK.EQ(AK101,$AI101:$AW101,1) -> 10 | BB101: =_xlfn.RANK.EQ(AL101,$AI101:$AW101,1) -> 9 | BC101: =_xlfn.RANK.EQ(AM101,$AI101:$AW101,1) -> 14 | BD101: =_xlfn.RANK.EQ(AN101,$AI101:$AW101,1) -> 6 | BE101: =_xlfn.RANK.EQ(AO101,$AI101:$AW101,1) -> 4 | BF101: =_xlfn.RANK.EQ(AP101,$AI101:$AW101,1) -> 3 | ... BM101: =_xlfn.RANK.EQ(AW101,$AI101:$AW101,1) -> 8 | BO101: =IF(OR(AY101=1,AY101=2),E101,"") | BP101: =IF(OR(AY101=1,AY101=2),F101,"") | BQ101: =IF(OR(AZ101=1,AZ101=2),E101,"") -> 5200 | BR101: =IF(OR(AZ101=1,AZ101=2),G101,"") -> 5201.48 | BS101: =IF(OR(BA101=1,BA101=2),E101,"") | BT101: =IF(OR(BA101=1,BA101=2),H101,"") | BU101: =IF(OR(BB101=1,BB101=2,),E101,"") | BV101: =IF(OR(BB101=1,BB101=2,),I101,"") | BW101: =IF(OR(BC101=1,BC101=2),E101,"") | BX101: =IF(OR(BC101=1,BC101=2),J101,"") | BY101: =IF(OR(BD101=1,BD101=2),F101,"") | BZ101: =IF(OR(BD101=1,BD101=2),G101,"") | CA101: =IF(OR(BE101=1,BE101=2),F101,"") | CB101: =IF(OR(BE101=1,BE101=2),H101,"") | CC101: =IF(OR(BF101=1,BF101=2),F101,"") | CD101: =IF(OR(BF101=1,BF101=2),I101,"") | CE101: =IF(OR(BG101=1,BG101=2),F101,"") | CF101: =IF(OR(BG101=1,BG101=2),J101,"") | CG101: =IF(OR(BH101=1,BH101=2),G101,"") | CH101: =IF(OR(BH101=1,BH101=2),H101,"") | CI101: =IF(OR(BI101=1,BI101=2),G101,"") | CJ101: =IF(OR(BI101=1,BI101=2),I101,"") | CK101: =IF(OR(BJ101=1,BJ101=2),G101,"") | CL101: =IF(OR(BJ101=1,BJ101=2),J101,"") | CM101: =IF(OR(BK101=1,BK101=2),H101,"") -> 5177.12 | CN101: =IF(OR(BK101=1,BK101=2),I101,"") -> 5179.9 | CO101: =IF(OR(BL101=1,BL101=2),H101,"") | CP101: =IF(OR(BL101=1,BL101=2),J101,"") | CQ101: =IF(OR(BM101=1,BM101=2),I101,"") | CR101: =IF(OR(BM101=1,BM101=2),J101,"") | CT101: =LARGE(BO101:CR101,1) -> 5201.48 | CU101: =LARGE(BO101:CR101,2) -> 5200 | CV101: =LARGE(BO101:CR101,3) -> 5179.9 | CW101: =LARGE(BO101:CR101,4) -> 5177.12 | CY101: =IFERROR(INDEX($L101:$Q101,MATCH(CT101,$E101:$J101,0)),"") -> -0.017604167 | CZ101: =IFERROR(INDEX($L101:$Q101,MATCH(CU101,$E101:$J101,0)),"") -> 0.0055208333 | DA101: =IFERROR(INDEX($L101:$Q101,MATCH(CV101,$E101:$J101,0)),"") -> 0.0221875 | DB101: =IFERROR(INDEX($L101:$Q101,MATCH(CW101,$E101:$J101,0)),"") -> 0.075625 | DD101: =IFERROR(DEGREES(ATAN(CY101)),"") -> -1.0085403 | DE101: =IFERROR(DEGREES(ATAN(CZ101)),"") -> 0.31631724 | DF101: =IFERROR(DEGREES(ATAN(DA101)),"") -> 1.2710416 | DG101: =IFERROR(DEGREES(ATAN(DB101)),"") -> 4.3247612 | DI101: =_xlfn.STDEV.P(DD101:DG101) -> 1.9637364 | DK101: =ABS(DI101) -> 1.9637364 | DL101: =DK101*-1 -> -1.9637364 | DN101: =IF(OR(DD101<$DL101,DD101>$DK101),"Invalid Slope","") | DO101: =IF(OR(DE101<$DL101,DE101>$DK101),"Invalid Slope","") | DP101: =IF(OR(DF101<$DL101,DF101>$DK101),"Invalid Slope","") | DQ101: =IF(OR(DG101<$DL101,DG101>$DK101),"Invalid Slope","") -> Invalid Slope | DS101: =IF(DN101="",CT101,"") -> 5201.48 | DT101: =IF(DO101="",CU101,"") -> 5200 | DU101: =IF(DP101="",CV101,"") -> 5179.9 | DV101: =IF(DQ101="",CW101,"") | DX101: =MAX(DS101:DV101) -> 5201.48 | DY101: =MIN(DS101:DV101) -> 5179.9 | EA101: =IF(DX101=E101,$E$1,IF(DX101=F101,$F$1,IF(DX101=G101,$G$1,IF(DX101=H101,$H$1,IF(DX101=I101,$I$1,IF(DX101=J101,$J$1,"")))))) -> horiz_peak_line_3 | EB101: =IF(DY101=E101,$E$1,IF(DY101=F101,$F$1,IF(DY101=G101,$G$1,IF(DY101=H101,$H$1,IF(DY101=I101,$I$1,IF(DY101=J101,$J$1,"")))))) -> horiz_bottom_line_2 | ED101: =IF(EA101="horiz_peak_line_1","peak_line_1",IF(EA101="horiz_peak_line_2","peak_line_2",IF(EA101="horiz_peak_line_3","peak_line_3",IF(EA101="horiz_bottom_line_1","bottom_line_1",IF(EA101="horiz_bottom_line_2","bottom_line_2",IF(EA101="horiz_bottom_line_3","bottom_line_3","")))))) -> peak_line_3 | EE101: =IF(EB101="horiz_peak_line_1","peak_line_1",IF(EB101="horiz_peak_line_2","peak_line_2",IF(EB101="horiz_peak_line_3","peak_line_3",IF(EB101="horiz_bottom_line_1","bottom_line_1",IF(EB101="horiz_bottom_line_2","bottom_line_2",IF(EB101="horiz_bottom_line_3","bottom_line_3","")))))) -> bottom_line_2
A102: =IF('Data Validation'!$K$2<>TRUE,"",'Data Validation'!A404) -> 1772152800 | B102: =IF('Data Validation'!$K$2<>TRUE,"",'Data Validation'!C404) -> XAUUSD | C102: =IF('Data Validation'!$K$2<>TRUE,"",'Data Validation'!E404) -> M5 | D102: =IF('Data Validation'!$K$2<>TRUE,"",'Data Validation'!G404) -> 5176.2 | E102: =IF($C102<>"M5","",Trendlines!E404) -> 5200.01 | F102: =IF($C102<>"M5","",Trendlines!F404) -> 5191.43 | G102: =IF($C102<>"M5","",Trendlines!G404) -> 5201.47 | H102: =IF($C102<>"M5","",Trendlines!H404) -> 5177.19 | I102: =IF($C102<>"M5","",Trendlines!I404) -> 5179.92 | J102: =IF($C102<>"M5","",Trendlines!J404) -> 5166.71 | K102: 96 | L102: =(E102-E6)/$K102 -> 0.005625 | M102: =(F102-F6)/$K102 -> -0.0259375 | N102: =(G102-G6)/$K102 -> -0.0175 | O102: =(H102-H6)/$K102 -> 0.075625 | P102: =(I102-I6)/$K102 -> 0.0221875 | Q102: =(J102-J6)/$K102 -> 0.03875 | S102: =ABS($E102-F102) -> 8.58 | T102: =ABS($E102-G102) -> 1.46 | U102: =ABS($E102-H102) -> 22.82 | V102: =ABS($E102-I102) -> 20.09 | W102: =ABS($E102-J102) -> 33.3 | X102: =ABS($F102-G102) -> 10.04 | Y102: =ABS($F102-H102) -> 14.24 | Z102: =ABS($F102-I102) -> 11.51 | AA102: =ABS($F102-J102) -> 24.72 | AB102: =ABS($G102-H102) -> 24.28 | AC102: =ABS($G102-I102) -> 21.55 | AD102: =ABS($G102-J102) -> 34.76 | AE102: =ABS($H102-I102) -> 2.73 | AF102: =ABS($H102-J102) -> 10.48 | AG102: =ABS(I102-J102) -> 13.21 | AI102: =AVERAGE(S$98:S$198) -> 10.03297 | AJ102: =AVERAGE(T$98:T$198) -> 0.65049505 | AK102: =AVERAGE(U$98:U$198) -> 19.593366 | AL102: =AVERAGE(V$98:V$198) -> 19.325941 | AM102: =AVERAGE(W$98:W$198) -> 31.777624 | AN102: =AVERAGE(X$98:X$198) -> 10.426238 | AO102: =AVERAGE(Y$98:Y$198) -> 9.560396 | AP102: =AVERAGE(Z$98:Z$198) -> 9.2929703 | ... AW102: =AVERAGE(AG$98:AG$198) -> 12.451683 | AY102: =_xlfn.RANK.EQ(AI102,$AI102:$AW102,1) -> 5 | AZ102: =_xlfn.RANK.EQ(AJ102,$AI102:$AW102,1) -> 1 | BA102: =_xlfn.RANK.EQ(AK102,$AI102:$AW102,1) -> 10 | BB102: =_xlfn.RANK.EQ(AL102,$AI102:$AW102,1) -> 9 | BC102: =_xlfn.RANK.EQ(AM102,$AI102:$AW102,1) -> 14 | BD102: =_xlfn.RANK.EQ(AN102,$AI102:$AW102,1) -> 6 | BE102: =_xlfn.RANK.EQ(AO102,$AI102:$AW102,1) -> 4 | BF102: =_xlfn.RANK.EQ(AP102,$AI102:$AW102,1) -> 3 | ... BM102: =_xlfn.RANK.EQ(AW102,$AI102:$AW102,1) -> 8 | BO102: =IF(OR(AY102=1,AY102=2),E102,"") | BP102: =IF(OR(AY102=1,AY102=2),F102,"") | BQ102: =IF(OR(AZ102=1,AZ102=2),E102,"") -> 5200.01 | BR102: =IF(OR(AZ102=1,AZ102=2),G102,"") -> 5201.47 | BS102: =IF(OR(BA102=1,BA102=2),E102,"") | BT102: =IF(OR(BA102=1,BA102=2),H102,"") | BU102: =IF(OR(BB102=1,BB102=2,),E102,"") | BV102: =IF(OR(BB102=1,BB102=2,),I102,"") | BW102: =IF(OR(BC102=1,BC102=2),E102,"") | BX102: =IF(OR(BC102=1,BC102=2),J102,"") | BY102: =IF(OR(BD102=1,BD102=2),F102,"") | BZ102: =IF(OR(BD102=1,BD102=2),G102,"") | CA102: =IF(OR(BE102=1,BE102=2),F102,"") | CB102: =IF(OR(BE102=1,BE102=2),H102,"") | CC102: =IF(OR(BF102=1,BF102=2),F102,"") | CD102: =IF(OR(BF102=1,BF102=2),I102,"") | CE102: =IF(OR(BG102=1,BG102=2),F102,"") | CF102: =IF(OR(BG102=1,BG102=2),J102,"") | CG102: =IF(OR(BH102=1,BH102=2),G102,"") | CH102: =IF(OR(BH102=1,BH102=2),H102,"") | CI102: =IF(OR(BI102=1,BI102=2),G102,"") | CJ102: =IF(OR(BI102=1,BI102=2),I102,"") | CK102: =IF(OR(BJ102=1,BJ102=2),G102,"") | CL102: =IF(OR(BJ102=1,BJ102=2),J102,"") | CM102: =IF(OR(BK102=1,BK102=2),H102,"") -> 5177.19 | CN102: =IF(OR(BK102=1,BK102=2),I102,"") -> 5179.92 | CO102: =IF(OR(BL102=1,BL102=2),H102,"") | CP102: =IF(OR(BL102=1,BL102=2),J102,"") | CQ102: =IF(OR(BM102=1,BM102=2),I102,"") | CR102: =IF(OR(BM102=1,BM102=2),J102,"") | CT102: =LARGE(BO102:CR102,1) -> 5201.47 | CU102: =LARGE(BO102:CR102,2) -> 5200.01 | CV102: =LARGE(BO102:CR102,3) -> 5179.92 | CW102: =LARGE(BO102:CR102,4) -> 5177.19 | CY102: =IFERROR(INDEX($L102:$Q102,MATCH(CT102,$E102:$J102,0)),"") -> -0.0175 | CZ102: =IFERROR(INDEX($L102:$Q102,MATCH(CU102,$E102:$J102,0)),"") -> 0.005625 | DA102: =IFERROR(INDEX($L102:$Q102,MATCH(CV102,$E102:$J102,0)),"") -> 0.0221875 | DB102: =IFERROR(INDEX($L102:$Q102,MATCH(CW102,$E102:$J102,0)),"") -> 0.075625 | DD102: =IFERROR(DEGREES(ATAN(CY102)),"") -> -1.0025738 | DE102: =IFERROR(DEGREES(ATAN(CZ102)),"") -> 0.32228536 | DF102: =IFERROR(DEGREES(ATAN(DA102)),"") -> 1.2710416 | DG102: =IFERROR(DEGREES(ATAN(DB102)),"") -> 4.3247612 | DI102: =_xlfn.STDEV.P(DD102:DG102) -> 1.9613489 | DK102: =ABS(DI102) -> 1.9613489 | DL102: =DK102*-1 -> -1.9613489 | DN102: =IF(OR(DD102<$DL102,DD102>$DK102),"Invalid Slope","") | DO102: =IF(OR(DE102<$DL102,DE102>$DK102),"Invalid Slope","") | DP102: =IF(OR(DF102<$DL102,DF102>$DK102),"Invalid Slope","") | DQ102: =IF(OR(DG102<$DL102,DG102>$DK102),"Invalid Slope","") -> Invalid Slope | DS102: =IF(DN102="",CT102,"") -> 5201.47 | DT102: =IF(DO102="",CU102,"") -> 5200.01 | DU102: =IF(DP102="",CV102,"") -> 5179.92 | DV102: =IF(DQ102="",CW102,"") | DX102: =MAX(DS102:DV102) -> 5201.47 | DY102: =MIN(DS102:DV102) -> 5179.92 | EA102: =IF(DX102=E102,$E$1,IF(DX102=F102,$F$1,IF(DX102=G102,$G$1,IF(DX102=H102,$H$1,IF(DX102=I102,$I$1,IF(DX102=J102,$J$1,"")))))) -> horiz_peak_line_3 | EB102: =IF(DY102=E102,$E$1,IF(DY102=F102,$F$1,IF(DY102=G102,$G$1,IF(DY102=H102,$H$1,IF(DY102=I102,$I$1,IF(DY102=J102,$J$1,"")))))) -> horiz_bottom_line_2 | ED102: =IF(EA102="horiz_peak_line_1","peak_line_1",IF(EA102="horiz_peak_line_2","peak_line_2",IF(EA102="horiz_peak_line_3","peak_line_3",IF(EA102="horiz_bottom_line_1","bottom_line_1",IF(EA102="horiz_bottom_line_2","bottom_line_2",IF(EA102="horiz_bottom_line_3","bottom_line_3","")))))) -> peak_line_3 | EE102: =IF(EB102="horiz_peak_line_1","peak_line_1",IF(EB102="horiz_peak_line_2","peak_line_2",IF(EB102="horiz_peak_line_3","peak_line_3",IF(EB102="horiz_bottom_line_1","bottom_line_1",IF(EB102="horiz_bottom_line_2","bottom_line_2",IF(EB102="horiz_bottom_line_3","bottom_line_3","")))))) -> bottom_line_2
A103: =IF('Data Validation'!$K$2<>TRUE,"",'Data Validation'!A405) -> 1772153100 | B103: =IF('Data Validation'!$K$2<>TRUE,"",'Data Validation'!C405) -> XAUUSD | C103: =IF('Data Validation'!$K$2<>TRUE,"",'Data Validation'!E405) -> M5 | D103: =IF('Data Validation'!$K$2<>TRUE,"",'Data Validation'!G405) -> 5173.9 | E103: =IF($C103<>"M5","",Trendlines!E405) -> 5200.01 | F103: =IF($C103<>"M5","",Trendlines!F405) -> 5191.4 | G103: =IF($C103<>"M5","",Trendlines!G405) -> 5201.45 | H103: =IF($C103<>"M5","",Trendlines!H405) -> 5177.27 | I103: =IF($C103<>"M5","",Trendlines!I405) -> 5179.94 | J103: =IF($C103<>"M5","",Trendlines!J405) -> 5166.75 | K103: 96 | L103: =(E103-E7)/$K103 -> 0.0055208333 | M103: =(F103-F7)/$K103 -> -0.0259375 | N103: =(G103-G7)/$K103 -> -0.0175 | O103: =(H103-H7)/$K103 -> 0.075625 | P103: =(I103-I7)/$K103 -> 0.022083333 | Q103: =(J103-J7)/$K103 -> 0.03875 | S103: =ABS($E103-F103) -> 8.61 | T103: =ABS($E103-G103) -> 1.44 | U103: =ABS($E103-H103) -> 22.74 | V103: =ABS($E103-I103) -> 20.07 | W103: =ABS($E103-J103) -> 33.26 | X103: =ABS($F103-G103) -> 10.05 | Y103: =ABS($F103-H103) -> 14.13 | Z103: =ABS($F103-I103) -> 11.46 | AA103: =ABS($F103-J103) -> 24.65 | AB103: =ABS($G103-H103) -> 24.18 | AC103: =ABS($G103-I103) -> 21.51 | AD103: =ABS($G103-J103) -> 34.7 | AE103: =ABS($H103-I103) -> 2.67 | AF103: =ABS($H103-J103) -> 10.52 | AG103: =ABS(I103-J103) -> 13.19 | AI103: =AVERAGE(S$98:S$198) -> 10.03297 | AJ103: =AVERAGE(T$98:T$198) -> 0.65049505 | AK103: =AVERAGE(U$98:U$198) -> 19.593366 | AL103: =AVERAGE(V$98:V$198) -> 19.325941 | AM103: =AVERAGE(W$98:W$198) -> 31.777624 | AN103: =AVERAGE(X$98:X$198) -> 10.426238 | AO103: =AVERAGE(Y$98:Y$198) -> 9.560396 | AP103: =AVERAGE(Z$98:Z$198) -> 9.2929703 | ... AW103: =AVERAGE(AG$98:AG$198) -> 12.451683 | AY103: =_xlfn.RANK.EQ(AI103,$AI103:$AW103,1) -> 5 | AZ103: =_xlfn.RANK.EQ(AJ103,$AI103:$AW103,1) -> 1 | BA103: =_xlfn.RANK.EQ(AK103,$AI103:$AW103,1) -> 10 | BB103: =_xlfn.RANK.EQ(AL103,$AI103:$AW103,1) -> 9 | BC103: =_xlfn.RANK.EQ(AM103,$AI103:$AW103,1) -> 14 | BD103: =_xlfn.RANK.EQ(AN103,$AI103:$AW103,1) -> 6 | BE103: =_xlfn.RANK.EQ(AO103,$AI103:$AW103,1) -> 4 | BF103: =_xlfn.RANK.EQ(AP103,$AI103:$AW103,1) -> 3 | ... BM103: =_xlfn.RANK.EQ(AW103,$AI103:$AW103,1) -> 8 | BO103: =IF(OR(AY103=1,AY103=2),E103,"") | BP103: =IF(OR(AY103=1,AY103=2),F103,"") | BQ103: =IF(OR(AZ103=1,AZ103=2),E103,"") -> 5200.01 | BR103: =IF(OR(AZ103=1,AZ103=2),G103,"") -> 5201.45 | BS103: =IF(OR(BA103=1,BA103=2),E103,"") | BT103: =IF(OR(BA103=1,BA103=2),H103,"") | BU103: =IF(OR(BB103=1,BB103=2,),E103,"") | BV103: =IF(OR(BB103=1,BB103=2,),I103,"") | BW103: =IF(OR(BC103=1,BC103=2),E103,"") | BX103: =IF(OR(BC103=1,BC103=2),J103,"") | BY103: =IF(OR(BD103=1,BD103=2),F103,"") | BZ103: =IF(OR(BD103=1,BD103=2),G103,"") | CA103: =IF(OR(BE103=1,BE103=2),F103,"") | CB103: =IF(OR(BE103=1,BE103=2),H103,"") | CC103: =IF(OR(BF103=1,BF103=2),F103,"") | CD103: =IF(OR(BF103=1,BF103=2),I103,"") | CE103: =IF(OR(BG103=1,BG103=2),F103,"") | CF103: =IF(OR(BG103=1,BG103=2),J103,"") | CG103: =IF(OR(BH103=1,BH103=2),G103,"") | CH103: =IF(OR(BH103=1,BH103=2),H103,"") | CI103: =IF(OR(BI103=1,BI103=2),G103,"") | CJ103: =IF(OR(BI103=1,BI103=2),I103,"") | CK103: =IF(OR(BJ103=1,BJ103=2),G103,"") | CL103: =IF(OR(BJ103=1,BJ103=2),J103,"") | CM103: =IF(OR(BK103=1,BK103=2),H103,"") -> 5177.27 | CN103: =IF(OR(BK103=1,BK103=2),I103,"") -> 5179.94 | CO103: =IF(OR(BL103=1,BL103=2),H103,"") | CP103: =IF(OR(BL103=1,BL103=2),J103,"") | CQ103: =IF(OR(BM103=1,BM103=2),I103,"") | CR103: =IF(OR(BM103=1,BM103=2),J103,"") | CT103: =LARGE(BO103:CR103,1) -> 5201.45 | CU103: =LARGE(BO103:CR103,2) -> 5200.01 | CV103: =LARGE(BO103:CR103,3) -> 5179.94 | CW103: =LARGE(BO103:CR103,4) -> 5177.27 | CY103: =IFERROR(INDEX($L103:$Q103,MATCH(CT103,$E103:$J103,0)),"") -> -0.0175 | CZ103: =IFERROR(INDEX($L103:$Q103,MATCH(CU103,$E103:$J103,0)),"") -> 0.0055208333 | DA103: =IFERROR(INDEX($L103:$Q103,MATCH(CV103,$E103:$J103,0)),"") -> 0.022083333 | DB103: =IFERROR(INDEX($L103:$Q103,MATCH(CW103,$E103:$J103,0)),"") -> 0.075625 | DD103: =IFERROR(DEGREES(ATAN(CY103)),"") -> -1.0025738 | DE103: =IFERROR(DEGREES(ATAN(CZ103)),"") -> 0.31631724 | DF103: =IFERROR(DEGREES(ATAN(DA103)),"") -> 1.2650762 | DG103: =IFERROR(DEGREES(ATAN(DB103)),"") -> 4.3247612 | DI103: =_xlfn.STDEV.P(DD103:DG103) -> 1.9620087 | DK103: =ABS(DI103) -> 1.9620087 | DL103: =DK103*-1 -> -1.9620087 | DN103: =IF(OR(DD103<$DL103,DD103>$DK103),"Invalid Slope","") | DO103: =IF(OR(DE103<$DL103,DE103>$DK103),"Invalid Slope","") | DP103: =IF(OR(DF103<$DL103,DF103>$DK103),"Invalid Slope","") | DQ103: =IF(OR(DG103<$DL103,DG103>$DK103),"Invalid Slope","") -> Invalid Slope | DS103: =IF(DN103="",CT103,"") -> 5201.45 | DT103: =IF(DO103="",CU103,"") -> 5200.01 | DU103: =IF(DP103="",CV103,"") -> 5179.94 | DV103: =IF(DQ103="",CW103,"") | DX103: =MAX(DS103:DV103) -> 5201.45 | DY103: =MIN(DS103:DV103) -> 5179.94 | EA103: =IF(DX103=E103,$E$1,IF(DX103=F103,$F$1,IF(DX103=G103,$G$1,IF(DX103=H103,$H$1,IF(DX103=I103,$I$1,IF(DX103=J103,$J$1,"")))))) -> horiz_peak_line_3 | EB103: =IF(DY103=E103,$E$1,IF(DY103=F103,$F$1,IF(DY103=G103,$G$1,IF(DY103=H103,$H$1,IF(DY103=I103,$I$1,IF(DY103=J103,$J$1,"")))))) -> horiz_bottom_line_2 | ED103: =IF(EA103="horiz_peak_line_1","peak_line_1",IF(EA103="horiz_peak_line_2","peak_line_2",IF(EA103="horiz_peak_line_3","peak_line_3",IF(EA103="horiz_bottom_line_1","bottom_line_1",IF(EA103="horiz_bottom_line_2","bottom_line_2",IF(EA103="horiz_bottom_line_3","bottom_line_3","")))))) -> peak_line_3 | EE103: =IF(EB103="horiz_peak_line_1","peak_line_1",IF(EB103="horiz_peak_line_2","peak_line_2",IF(EB103="horiz_peak_line_3","peak_line_3",IF(EB103="horiz_bottom_line_1","bottom_line_1",IF(EB103="horiz_bottom_line_2","bottom_line_2",IF(EB103="horiz_bottom_line_3","bottom_line_3","")))))) -> bottom_line_2
A104: =IF('Data Validation'!$K$2<>TRUE,"",'Data Validation'!A406) -> 1772153400 | B104: =IF('Data Validation'!$K$2<>TRUE,"",'Data Validation'!C406) -> XAUUSD | C104: =IF('Data Validation'!$K$2<>TRUE,"",'Data Validation'!E406) -> M5 | D104: =IF('Data Validation'!$K$2<>TRUE,"",'Data Validation'!G406) -> 5176.56 | E104: =IF($C104<>"M5","",Trendlines!E406) -> 5200.02 | F104: =IF($C104<>"M5","",Trendlines!F406) -> 5191.37 | G104: =IF($C104<>"M5","",Trendlines!G406) -> 5201.43 | H104: =IF($C104<>"M5","",Trendlines!H406) -> 5177.34 | I104: =IF($C104<>"M5","",Trendlines!I406) -> 5179.96 | J104: =IF($C104<>"M5","",Trendlines!J406) -> 5166.78 | K104: 96 | L104: =(E104-E8)/$K104 -> 0.005625 | M104: =(F104-F8)/$K104 -> -0.026041667 | N104: =(G104-G8)/$K104 -> -0.017604167 | O104: =(H104-H8)/$K104 -> 0.075625 | P104: =(I104-I8)/$K104 -> 0.022083333 | Q104: =(J104-J8)/$K104 -> 0.038645833 | S104: =ABS($E104-F104) -> 8.65 | T104: =ABS($E104-G104) -> 1.41 | U104: =ABS($E104-H104) -> 22.68 | V104: =ABS($E104-I104) -> 20.06 | W104: =ABS($E104-J104) -> 33.24 | X104: =ABS($F104-G104) -> 10.06 | Y104: =ABS($F104-H104) -> 14.03 | Z104: =ABS($F104-I104) -> 11.41 | AA104: =ABS($F104-J104) -> 24.59 | AB104: =ABS($G104-H104) -> 24.09 | AC104: =ABS($G104-I104) -> 21.47 | AD104: =ABS($G104-J104) -> 34.65 | AE104: =ABS($H104-I104) -> 2.62 | AF104: =ABS($H104-J104) -> 10.56 | AG104: =ABS(I104-J104) -> 13.18 | AI104: =AVERAGE(S$98:S$198) -> 10.03297 | AJ104: =AVERAGE(T$98:T$198) -> 0.65049505 | AK104: =AVERAGE(U$98:U$198) -> 19.593366 | AL104: =AVERAGE(V$98:V$198) -> 19.325941 | AM104: =AVERAGE(W$98:W$198) -> 31.777624 | AN104: =AVERAGE(X$98:X$198) -> 10.426238 | AO104: =AVERAGE(Y$98:Y$198) -> 9.560396 | AP104: =AVERAGE(Z$98:Z$198) -> 9.2929703 | ... AW104: =AVERAGE(AG$98:AG$198) -> 12.451683 | AY104: =_xlfn.RANK.EQ(AI104,$AI104:$AW104,1) -> 5 | AZ104: =_xlfn.RANK.EQ(AJ104,$AI104:$AW104,1) -> 1 | BA104: =_xlfn.RANK.EQ(AK104,$AI104:$AW104,1) -> 10 | BB104: =_xlfn.RANK.EQ(AL104,$AI104:$AW104,1) -> 9 | BC104: =_xlfn.RANK.EQ(AM104,$AI104:$AW104,1) -> 14 | BD104: =_xlfn.RANK.EQ(AN104,$AI104:$AW104,1) -> 6 | BE104: =_xlfn.RANK.EQ(AO104,$AI104:$AW104,1) -> 4 | BF104: =_xlfn.RANK.EQ(AP104,$AI104:$AW104,1) -> 3 | ... BM104: =_xlfn.RANK.EQ(AW104,$AI104:$AW104,1) -> 8 | BO104: =IF(OR(AY104=1,AY104=2),E104,"") | BP104: =IF(OR(AY104=1,AY104=2),F104,"") | BQ104: =IF(OR(AZ104=1,AZ104=2),E104,"") -> 5200.02 | BR104: =IF(OR(AZ104=1,AZ104=2),G104,"") -> 5201.43 | BS104: =IF(OR(BA104=1,BA104=2),E104,"") | BT104: =IF(OR(BA104=1,BA104=2),H104,"") | BU104: =IF(OR(BB104=1,BB104=2,),E104,"") | BV104: =IF(OR(BB104=1,BB104=2,),I104,"") | BW104: =IF(OR(BC104=1,BC104=2),E104,"") | BX104: =IF(OR(BC104=1,BC104=2),J104,"") | BY104: =IF(OR(BD104=1,BD104=2),F104,"") | BZ104: =IF(OR(BD104=1,BD104=2),G104,"") | CA104: =IF(OR(BE104=1,BE104=2),F104,"") | CB104: =IF(OR(BE104=1,BE104=2),H104,"") | CC104: =IF(OR(BF104=1,BF104=2),F104,"") | CD104: =IF(OR(BF104=1,BF104=2),I104,"") | CE104: =IF(OR(BG104=1,BG104=2),F104,"") | CF104: =IF(OR(BG104=1,BG104=2),J104,"") | CG104: =IF(OR(BH104=1,BH104=2),G104,"") | CH104: =IF(OR(BH104=1,BH104=2),H104,"") | CI104: =IF(OR(BI104=1,BI104=2),G104,"") | CJ104: =IF(OR(BI104=1,BI104=2),I104,"") | CK104: =IF(OR(BJ104=1,BJ104=2),G104,"") | CL104: =IF(OR(BJ104=1,BJ104=2),J104,"") | CM104: =IF(OR(BK104=1,BK104=2),H104,"") -> 5177.34 | CN104: =IF(OR(BK104=1,BK104=2),I104,"") -> 5179.96 | CO104: =IF(OR(BL104=1,BL104=2),H104,"") | CP104: =IF(OR(BL104=1,BL104=2),J104,"") | CQ104: =IF(OR(BM104=1,BM104=2),I104,"") | CR104: =IF(OR(BM104=1,BM104=2),J104,"") | CT104: =LARGE(BO104:CR104,1) -> 5201.43 | CU104: =LARGE(BO104:CR104,2) -> 5200.02 | CV104: =LARGE(BO104:CR104,3) -> 5179.96 | CW104: =LARGE(BO104:CR104,4) -> 5177.34 | CY104: =IFERROR(INDEX($L104:$Q104,MATCH(CT104,$E104:$J104,0)),"") -> -0.017604167 | CZ104: =IFERROR(INDEX($L104:$Q104,MATCH(CU104,$E104:$J104,0)),"") -> 0.005625 | DA104: =IFERROR(INDEX($L104:$Q104,MATCH(CV104,$E104:$J104,0)),"") -> 0.022083333 | DB104: =IFERROR(INDEX($L104:$Q104,MATCH(CW104,$E104:$J104,0)),"") -> 0.075625 | DD104: =IFERROR(DEGREES(ATAN(CY104)),"") -> -1.0085403 | DE104: =IFERROR(DEGREES(ATAN(CZ104)),"") -> 0.32228536 | DF104: =IFERROR(DEGREES(ATAN(DA104)),"") -> 1.2650762 | DG104: =IFERROR(DEGREES(ATAN(DB104)),"") -> 4.3247612 | DI104: =_xlfn.STDEV.P(DD104:DG104) -> 1.9630154 | DK104: =ABS(DI104) -> 1.9630154 | DL104: =DK104*-1 -> -1.9630154 | DN104: =IF(OR(DD104<$DL104,DD104>$DK104),"Invalid Slope","") | DO104: =IF(OR(DE104<$DL104,DE104>$DK104),"Invalid Slope","") | DP104: =IF(OR(DF104<$DL104,DF104>$DK104),"Invalid Slope","") | DQ104: =IF(OR(DG104<$DL104,DG104>$DK104),"Invalid Slope","") -> Invalid Slope | DS104: =IF(DN104="",CT104,"") -> 5201.43 | DT104: =IF(DO104="",CU104,"") -> 5200.02 | DU104: =IF(DP104="",CV104,"") -> 5179.96 | DV104: =IF(DQ104="",CW104,"") | DX104: =MAX(DS104:DV104) -> 5201.43 | DY104: =MIN(DS104:DV104) -> 5179.96 | EA104: =IF(DX104=E104,$E$1,IF(DX104=F104,$F$1,IF(DX104=G104,$G$1,IF(DX104=H104,$H$1,IF(DX104=I104,$I$1,IF(DX104=J104,$J$1,"")))))) -> horiz_peak_line_3 | EB104: =IF(DY104=E104,$E$1,IF(DY104=F104,$F$1,IF(DY104=G104,$G$1,IF(DY104=H104,$H$1,IF(DY104=I104,$I$1,IF(DY104=J104,$J$1,"")))))) -> horiz_bottom_line_2 | ED104: =IF(EA104="horiz_peak_line_1","peak_line_1",IF(EA104="horiz_peak_line_2","peak_line_2",IF(EA104="horiz_peak_line_3","peak_line_3",IF(EA104="horiz_bottom_line_1","bottom_line_1",IF(EA104="horiz_bottom_line_2","bottom_line_2",IF(EA104="horiz_bottom_line_3","bottom_line_3","")))))) -> peak_line_3 | EE104: =IF(EB104="horiz_peak_line_1","peak_line_1",IF(EB104="horiz_peak_line_2","peak_line_2",IF(EB104="horiz_peak_line_3","peak_line_3",IF(EB104="horiz_bottom_line_1","bottom_line_1",IF(EB104="horiz_bottom_line_2","bottom_line_2",IF(EB104="horiz_bottom_line_3","bottom_line_3","")))))) -> bottom_line_2
A105: =IF('Data Validation'!$K$2<>TRUE,"",'Data Validation'!A407) -> 1772153700 | B105: =IF('Data Validation'!$K$2<>TRUE,"",'Data Validation'!C407) -> XAUUSD | C105: =IF('Data Validation'!$K$2<>TRUE,"",'Data Validation'!E407) -> M5 | D105: =IF('Data Validation'!$K$2<>TRUE,"",'Data Validation'!G407) -> 5174.97 | E105: =IF($C105<>"M5","",Trendlines!E407) -> 5200.03 | F105: =IF($C105<>"M5","",Trendlines!F407) -> 5191.35 | G105: =IF($C105<>"M5","",Trendlines!G407) -> 5201.41 | H105: =IF($C105<>"M5","",Trendlines!H407) -> 5177.42 | I105: =IF($C105<>"M5","",Trendlines!I407) -> 5179.99 | J105: =IF($C105<>"M5","",Trendlines!J407) -> 5166.82 | K105: 96 | L105: =(E105-E9)/$K105 -> 0.005625 | M105: =(F105-F9)/$K105 -> -0.0259375 | N105: =(G105-G9)/$K105 -> -0.017604167 | O105: =(H105-H9)/$K105 -> 0.075625 | P105: =(I105-I9)/$K105 -> 0.0221875 | Q105: =(J105-J9)/$K105 -> 0.038645833 | S105: =ABS($E105-F105) -> 8.68 | T105: =ABS($E105-G105) -> 1.38 | U105: =ABS($E105-H105) -> 22.61 | V105: =ABS($E105-I105) -> 20.04 | W105: =ABS($E105-J105) -> 33.21 | X105: =ABS($F105-G105) -> 10.06 | Y105: =ABS($F105-H105) -> 13.93 | Z105: =ABS($F105-I105) -> 11.36 | AA105: =ABS($F105-J105) -> 24.53 | AB105: =ABS($G105-H105) -> 23.99 | AC105: =ABS($G105-I105) -> 21.42 | AD105: =ABS($G105-J105) -> 34.59 | AE105: =ABS($H105-I105) -> 2.57 | AF105: =ABS($H105-J105) -> 10.6 | AG105: =ABS(I105-J105) -> 13.17 | AI105: =AVERAGE(S$98:S$198) -> 10.03297 | AJ105: =AVERAGE(T$98:T$198) -> 0.65049505 | AK105: =AVERAGE(U$98:U$198) -> 19.593366 | AL105: =AVERAGE(V$98:V$198) -> 19.325941 | AM105: =AVERAGE(W$98:W$198) -> 31.777624 | AN105: =AVERAGE(X$98:X$198) -> 10.426238 | AO105: =AVERAGE(Y$98:Y$198) -> 9.560396 | AP105: =AVERAGE(Z$98:Z$198) -> 9.2929703 | ... AW105: =AVERAGE(AG$98:AG$198) -> 12.451683 | AY105: =_xlfn.RANK.EQ(AI105,$AI105:$AW105,1) -> 5 | AZ105: =_xlfn.RANK.EQ(AJ105,$AI105:$AW105,1) -> 1 | BA105: =_xlfn.RANK.EQ(AK105,$AI105:$AW105,1) -> 10 | BB105: =_xlfn.RANK.EQ(AL105,$AI105:$AW105,1) -> 9 | BC105: =_xlfn.RANK.EQ(AM105,$AI105:$AW105,1) -> 14 | BD105: =_xlfn.RANK.EQ(AN105,$AI105:$AW105,1) -> 6 | BE105: =_xlfn.RANK.EQ(AO105,$AI105:$AW105,1) -> 4 | BF105: =_xlfn.RANK.EQ(AP105,$AI105:$AW105,1) -> 3 | ... BM105: =_xlfn.RANK.EQ(AW105,$AI105:$AW105,1) -> 8 | BO105: =IF(OR(AY105=1,AY105=2),E105,"") | BP105: =IF(OR(AY105=1,AY105=2),F105,"") | BQ105: =IF(OR(AZ105=1,AZ105=2),E105,"") -> 5200.03 | BR105: =IF(OR(AZ105=1,AZ105=2),G105,"") -> 5201.41 | BS105: =IF(OR(BA105=1,BA105=2),E105,"") | BT105: =IF(OR(BA105=1,BA105=2),H105,"") | BU105: =IF(OR(BB105=1,BB105=2,),E105,"") | BV105: =IF(OR(BB105=1,BB105=2,),I105,"") | BW105: =IF(OR(BC105=1,BC105=2),E105,"") | BX105: =IF(OR(BC105=1,BC105=2),J105,"") | BY105: =IF(OR(BD105=1,BD105=2),F105,"") | BZ105: =IF(OR(BD105=1,BD105=2),G105,"") | CA105: =IF(OR(BE105=1,BE105=2),F105,"") | CB105: =IF(OR(BE105=1,BE105=2),H105,"") | CC105: =IF(OR(BF105=1,BF105=2),F105,"") | CD105: =IF(OR(BF105=1,BF105=2),I105,"") | CE105: =IF(OR(BG105=1,BG105=2),F105,"") | CF105: =IF(OR(BG105=1,BG105=2),J105,"") | CG105: =IF(OR(BH105=1,BH105=2),G105,"") | CH105: =IF(OR(BH105=1,BH105=2),H105,"") | CI105: =IF(OR(BI105=1,BI105=2),G105,"") | CJ105: =IF(OR(BI105=1,BI105=2),I105,"") | CK105: =IF(OR(BJ105=1,BJ105=2),G105,"") | CL105: =IF(OR(BJ105=1,BJ105=2),J105,"") | CM105: =IF(OR(BK105=1,BK105=2),H105,"") -> 5177.42 | CN105: =IF(OR(BK105=1,BK105=2),I105,"") -> 5179.99 | CO105: =IF(OR(BL105=1,BL105=2),H105,"") | CP105: =IF(OR(BL105=1,BL105=2),J105,"") | CQ105: =IF(OR(BM105=1,BM105=2),I105,"") | CR105: =IF(OR(BM105=1,BM105=2),J105,"") | CT105: =LARGE(BO105:CR105,1) -> 5201.41 | CU105: =LARGE(BO105:CR105,2) -> 5200.03 | CV105: =LARGE(BO105:CR105,3) -> 5179.99 | CW105: =LARGE(BO105:CR105,4) -> 5177.42 | CY105: =IFERROR(INDEX($L105:$Q105,MATCH(CT105,$E105:$J105,0)),"") -> -0.017604167 | CZ105: =IFERROR(INDEX($L105:$Q105,MATCH(CU105,$E105:$J105,0)),"") -> 0.005625 | DA105: =IFERROR(INDEX($L105:$Q105,MATCH(CV105,$E105:$J105,0)),"") -> 0.0221875 | DB105: =IFERROR(INDEX($L105:$Q105,MATCH(CW105,$E105:$J105,0)),"") -> 0.075625 | DD105: =IFERROR(DEGREES(ATAN(CY105)),"") -> -1.0085403 | DE105: =IFERROR(DEGREES(ATAN(CZ105)),"") -> 0.32228536 | DF105: =IFERROR(DEGREES(ATAN(DA105)),"") -> 1.2710416 | DG105: =IFERROR(DEGREES(ATAN(DB105)),"") -> 4.3247612 | DI105: =_xlfn.STDEV.P(DD105:DG105) -> 1.9630469 | DK105: =ABS(DI105) -> 1.9630469 | DL105: =DK105*-1 -> -1.9630469 | DN105: =IF(OR(DD105<$DL105,DD105>$DK105),"Invalid Slope","") | DO105: =IF(OR(DE105<$DL105,DE105>$DK105),"Invalid Slope","") | DP105: =IF(OR(DF105<$DL105,DF105>$DK105),"Invalid Slope","") | DQ105: =IF(OR(DG105<$DL105,DG105>$DK105),"Invalid Slope","") -> Invalid Slope | DS105: =IF(DN105="",CT105,"") -> 5201.41 | DT105: =IF(DO105="",CU105,"") -> 5200.03 | DU105: =IF(DP105="",CV105,"") -> 5179.99 | DV105: =IF(DQ105="",CW105,"") | DX105: =MAX(DS105:DV105) -> 5201.41 | DY105: =MIN(DS105:DV105) -> 5179.99 | EA105: =IF(DX105=E105,$E$1,IF(DX105=F105,$F$1,IF(DX105=G105,$G$1,IF(DX105=H105,$H$1,IF(DX105=I105,$I$1,IF(DX105=J105,$J$1,"")))))) -> horiz_peak_line_3 | EB105: =IF(DY105=E105,$E$1,IF(DY105=F105,$F$1,IF(DY105=G105,$G$1,IF(DY105=H105,$H$1,IF(DY105=I105,$I$1,IF(DY105=J105,$J$1,"")))))) -> horiz_bottom_line_2 | ED105: =IF(EA105="horiz_peak_line_1","peak_line_1",IF(EA105="horiz_peak_line_2","peak_line_2",IF(EA105="horiz_peak_line_3","peak_line_3",IF(EA105="horiz_bottom_line_1","bottom_line_1",IF(EA105="horiz_bottom_line_2","bottom_line_2",IF(EA105="horiz_bottom_line_3","bottom_line_3","")))))) -> peak_line_3 | EE105: =IF(EB105="horiz_peak_line_1","peak_line_1",IF(EB105="horiz_peak_line_2","peak_line_2",IF(EB105="horiz_peak_line_3","peak_line_3",IF(EB105="horiz_bottom_line_1","bottom_line_1",IF(EB105="horiz_bottom_line_2","bottom_line_2",IF(EB105="horiz_bottom_line_3","bottom_line_3","")))))) -> bottom_line_2
A106: =IF('Data Validation'!$K$2<>TRUE,"",'Data Validation'!A408) -> 1772154000 | B106: =IF('Data Validation'!$K$2<>TRUE,"",'Data Validation'!C408) -> XAUUSD | C106: =IF('Data Validation'!$K$2<>TRUE,"",'Data Validation'!E408) -> M5 | D106: =IF('Data Validation'!$K$2<>TRUE,"",'Data Validation'!G408) -> 5175.37 | E106: =IF($C106<>"M5","",Trendlines!E408) -> 5200.03 | F106: =IF($C106<>"M5","",Trendlines!F408) -> 5191.32 | G106: =IF($C106<>"M5","",Trendlines!G408) -> 5201.4 | H106: =IF($C106<>"M5","",Trendlines!H408) -> 5177.49 | I106: =IF($C106<>"M5","",Trendlines!I408) -> 5180.01 | J106: =IF($C106<>"M5","",Trendlines!J408) -> 5166.86 | K106: 96 | L106: =(E106-E10)/$K106 -> 0.005625 | M106: =(F106-F10)/$K106 -> -0.026041667 | N106: =(G106-G10)/$K106 -> -0.0175 | O106: =(H106-H10)/$K106 -> 0.075625 | P106: =(I106-I10)/$K106 -> 0.0221875 | Q106: =(J106-J10)/$K106 -> 0.03875 | S106: =ABS($E106-F106) -> 8.71 | T106: =ABS($E106-G106) -> 1.37 | U106: =ABS($E106-H106) -> 22.54 | V106: =ABS($E106-I106) -> 20.02 | W106: =ABS($E106-J106) -> 33.17 | X106: =ABS($F106-G106) -> 10.08 | Y106: =ABS($F106-H106) -> 13.83 | Z106: =ABS($F106-I106) -> 11.31 | AA106: =ABS($F106-J106) -> 24.46 | AB106: =ABS($G106-H106) -> 23.91 | AC106: =ABS($G106-I106) -> 21.39 | AD106: =ABS($G106-J106) -> 34.54 | AE106: =ABS($H106-I106) -> 2.52 | AF106: =ABS($H106-J106) -> 10.63 | AG106: =ABS(I106-J106) -> 13.15 | AI106: =AVERAGE(S$98:S$198) -> 10.03297 | AJ106: =AVERAGE(T$98:T$198) -> 0.65049505 | AK106: =AVERAGE(U$98:U$198) -> 19.593366 | AL106: =AVERAGE(V$98:V$198) -> 19.325941 | AM106: =AVERAGE(W$98:W$198) -> 31.777624 | AN106: =AVERAGE(X$98:X$198) -> 10.426238 | AO106: =AVERAGE(Y$98:Y$198) -> 9.560396 | AP106: =AVERAGE(Z$98:Z$198) -> 9.2929703 | ... AW106: =AVERAGE(AG$98:AG$198) -> 12.451683 | AY106: =_xlfn.RANK.EQ(AI106,$AI106:$AW106,1) -> 5 | AZ106: =_xlfn.RANK.EQ(AJ106,$AI106:$AW106,1) -> 1 | BA106: =_xlfn.RANK.EQ(AK106,$AI106:$AW106,1) -> 10 | BB106: =_xlfn.RANK.EQ(AL106,$AI106:$AW106,1) -> 9 | BC106: =_xlfn.RANK.EQ(AM106,$AI106:$AW106,1) -> 14 | BD106: =_xlfn.RANK.EQ(AN106,$AI106:$AW106,1) -> 6 | BE106: =_xlfn.RANK.EQ(AO106,$AI106:$AW106,1) -> 4 | BF106: =_xlfn.RANK.EQ(AP106,$AI106:$AW106,1) -> 3 | ... BM106: =_xlfn.RANK.EQ(AW106,$AI106:$AW106,1) -> 8 | BO106: =IF(OR(AY106=1,AY106=2),E106,"") | BP106: =IF(OR(AY106=1,AY106=2),F106,"") | BQ106: =IF(OR(AZ106=1,AZ106=2),E106,"") -> 5200.03 | BR106: =IF(OR(AZ106=1,AZ106=2),G106,"") -> 5201.4 | BS106: =IF(OR(BA106=1,BA106=2),E106,"") | BT106: =IF(OR(BA106=1,BA106=2),H106,"") | BU106: =IF(OR(BB106=1,BB106=2,),E106,"") | BV106: =IF(OR(BB106=1,BB106=2,),I106,"") | BW106: =IF(OR(BC106=1,BC106=2),E106,"") | BX106: =IF(OR(BC106=1,BC106=2),J106,"") | BY106: =IF(OR(BD106=1,BD106=2),F106,"") | BZ106: =IF(OR(BD106=1,BD106=2),G106,"") | CA106: =IF(OR(BE106=1,BE106=2),F106,"") | CB106: =IF(OR(BE106=1,BE106=2),H106,"") | CC106: =IF(OR(BF106=1,BF106=2),F106,"") | CD106: =IF(OR(BF106=1,BF106=2),I106,"") | CE106: =IF(OR(BG106=1,BG106=2),F106,"") | CF106: =IF(OR(BG106=1,BG106=2),J106,"") | CG106: =IF(OR(BH106=1,BH106=2),G106,"") | CH106: =IF(OR(BH106=1,BH106=2),H106,"") | CI106: =IF(OR(BI106=1,BI106=2),G106,"") | CJ106: =IF(OR(BI106=1,BI106=2),I106,"") | CK106: =IF(OR(BJ106=1,BJ106=2),G106,"") | CL106: =IF(OR(BJ106=1,BJ106=2),J106,"") | CM106: =IF(OR(BK106=1,BK106=2),H106,"") -> 5177.49 | CN106: =IF(OR(BK106=1,BK106=2),I106,"") -> 5180.01 | CO106: =IF(OR(BL106=1,BL106=2),H106,"") | CP106: =IF(OR(BL106=1,BL106=2),J106,"") | CQ106: =IF(OR(BM106=1,BM106=2),I106,"") | CR106: =IF(OR(BM106=1,BM106=2),J106,"") | CT106: =LARGE(BO106:CR106,1) -> 5201.4 | CU106: =LARGE(BO106:CR106,2) -> 5200.03 | CV106: =LARGE(BO106:CR106,3) -> 5180.01 | CW106: =LARGE(BO106:CR106,4) -> 5177.49 | CY106: =IFERROR(INDEX($L106:$Q106,MATCH(CT106,$E106:$J106,0)),"") -> -0.0175 | CZ106: =IFERROR(INDEX($L106:$Q106,MATCH(CU106,$E106:$J106,0)),"") -> 0.005625 | DA106: =IFERROR(INDEX($L106:$Q106,MATCH(CV106,$E106:$J106,0)),"") -> 0.0221875 | DB106: =IFERROR(INDEX($L106:$Q106,MATCH(CW106,$E106:$J106,0)),"") -> 0.075625 | DD106: =IFERROR(DEGREES(ATAN(CY106)),"") -> -1.0025738 | DE106: =IFERROR(DEGREES(ATAN(CZ106)),"") -> 0.32228536 | DF106: =IFERROR(DEGREES(ATAN(DA106)),"") -> 1.2710416 | DG106: =IFERROR(DEGREES(ATAN(DB106)),"") -> 4.3247612 | DI106: =_xlfn.STDEV.P(DD106:DG106) -> 1.9613489 | DK106: =ABS(DI106) -> 1.9613489 | DL106: =DK106*-1 -> -1.9613489 | DN106: =IF(OR(DD106<$DL106,DD106>$DK106),"Invalid Slope","") | DO106: =IF(OR(DE106<$DL106,DE106>$DK106),"Invalid Slope","") | DP106: =IF(OR(DF106<$DL106,DF106>$DK106),"Invalid Slope","") | DQ106: =IF(OR(DG106<$DL106,DG106>$DK106),"Invalid Slope","") -> Invalid Slope | DS106: =IF(DN106="",CT106,"") -> 5201.4 | DT106: =IF(DO106="",CU106,"") -> 5200.03 | DU106: =IF(DP106="",CV106,"") -> 5180.01 | DV106: =IF(DQ106="",CW106,"") | DX106: =MAX(DS106:DV106) -> 5201.4 | DY106: =MIN(DS106:DV106) -> 5180.01 | EA106: =IF(DX106=E106,$E$1,IF(DX106=F106,$F$1,IF(DX106=G106,$G$1,IF(DX106=H106,$H$1,IF(DX106=I106,$I$1,IF(DX106=J106,$J$1,"")))))) -> horiz_peak_line_3 | EB106: =IF(DY106=E106,$E$1,IF(DY106=F106,$F$1,IF(DY106=G106,$G$1,IF(DY106=H106,$H$1,IF(DY106=I106,$I$1,IF(DY106=J106,$J$1,"")))))) -> horiz_bottom_line_2 | ED106: =IF(EA106="horiz_peak_line_1","peak_line_1",IF(EA106="horiz_peak_line_2","peak_line_2",IF(EA106="horiz_peak_line_3","peak_line_3",IF(EA106="horiz_bottom_line_1","bottom_line_1",IF(EA106="horiz_bottom_line_2","bottom_line_2",IF(EA106="horiz_bottom_line_3","bottom_line_3","")))))) -> peak_line_3 | EE106: =IF(EB106="horiz_peak_line_1","peak_line_1",IF(EB106="horiz_peak_line_2","peak_line_2",IF(EB106="horiz_peak_line_3","peak_line_3",IF(EB106="horiz_bottom_line_1","bottom_line_1",IF(EB106="horiz_bottom_line_2","bottom_line_2",IF(EB106="horiz_bottom_line_3","bottom_line_3","")))))) -> bottom_line_2
A107: =IF('Data Validation'!$K$2<>TRUE,"",'Data Validation'!A409) -> 1772154300 | B107: =IF('Data Validation'!$K$2<>TRUE,"",'Data Validation'!C409) -> XAUUSD | C107: =IF('Data Validation'!$K$2<>TRUE,"",'Data Validation'!E409) -> M5 | D107: =IF('Data Validation'!$K$2<>TRUE,"",'Data Validation'!G409) -> 5174.86 | E107: =IF($C107<>"M5","",Trendlines!E409) -> 5200.04 | F107: =IF($C107<>"M5","",Trendlines!F409) -> 5191.3 | G107: =IF($C107<>"M5","",Trendlines!G409) -> 5201.38 | H107: =IF($C107<>"M5","",Trendlines!H409) -> 5177.57 | I107: =IF($C107<>"M5","",Trendlines!I409) -> 5180.03 | J107: =IF($C107<>"M5","",Trendlines!J409) -> 5166.9 | K107: 96 | L107: =(E107-E11)/$K107 -> 0.005625 | M107: =(F107-F11)/$K107 -> -0.0259375 | N107: =(G107-G11)/$K107 -> -0.0175 | O107: =(H107-H11)/$K107 -> 0.075625 | P107: =(I107-I11)/$K107 -> 0.022083333 | Q107: =(J107-J11)/$K107 -> 0.03875 | S107: =ABS($E107-F107) -> 8.74 | T107: =ABS($E107-G107) -> 1.34 | U107: =ABS($E107-H107) -> 22.47 | V107: =ABS($E107-I107) -> 20.01 | W107: =ABS($E107-J107) -> 33.14 | X107: =ABS($F107-G107) -> 10.08 | Y107: =ABS($F107-H107) -> 13.73 | Z107: =ABS($F107-I107) -> 11.27 | AA107: =ABS($F107-J107) -> 24.4 | AB107: =ABS($G107-H107) -> 23.81 | AC107: =ABS($G107-I107) -> 21.35 | AD107: =ABS($G107-J107) -> 34.48 | AE107: =ABS($H107-I107) -> 2.46 | AF107: =ABS($H107-J107) -> 10.67 | AG107: =ABS(I107-J107) -> 13.13 | AI107: =AVERAGE(S$98:S$198) -> 10.03297 | AJ107: =AVERAGE(T$98:T$198) -> 0.65049505 | AK107: =AVERAGE(U$98:U$198) -> 19.593366 | AL107: =AVERAGE(V$98:V$198) -> 19.325941 | AM107: =AVERAGE(W$98:W$198) -> 31.777624 | AN107: =AVERAGE(X$98:X$198) -> 10.426238 | AO107: =AVERAGE(Y$98:Y$198) -> 9.560396 | AP107: =AVERAGE(Z$98:Z$198) -> 9.2929703 | ... AW107: =AVERAGE(AG$98:AG$198) -> 12.451683 | AY107: =_xlfn.RANK.EQ(AI107,$AI107:$AW107,1) -> 5 | AZ107: =_xlfn.RANK.EQ(AJ107,$AI107:$AW107,1) -> 1 | BA107: =_xlfn.RANK.EQ(AK107,$AI107:$AW107,1) -> 10 | BB107: =_xlfn.RANK.EQ(AL107,$AI107:$AW107,1) -> 9 | BC107: =_xlfn.RANK.EQ(AM107,$AI107:$AW107,1) -> 14 | BD107: =_xlfn.RANK.EQ(AN107,$AI107:$AW107,1) -> 6 | BE107: =_xlfn.RANK.EQ(AO107,$AI107:$AW107,1) -> 4 | BF107: =_xlfn.RANK.EQ(AP107,$AI107:$AW107,1) -> 3 | ... BM107: =_xlfn.RANK.EQ(AW107,$AI107:$AW107,1) -> 8 | BO107: =IF(OR(AY107=1,AY107=2),E107,"") | BP107: =IF(OR(AY107=1,AY107=2),F107,"") | BQ107: =IF(OR(AZ107=1,AZ107=2),E107,"") -> 5200.04 | BR107: =IF(OR(AZ107=1,AZ107=2),G107,"") -> 5201.38 | BS107: =IF(OR(BA107=1,BA107=2),E107,"") | BT107: =IF(OR(BA107=1,BA107=2),H107,"") | BU107: =IF(OR(BB107=1,BB107=2,),E107,"") | BV107: =IF(OR(BB107=1,BB107=2,),I107,"") | BW107: =IF(OR(BC107=1,BC107=2),E107,"") | BX107: =IF(OR(BC107=1,BC107=2),J107,"") | BY107: =IF(OR(BD107=1,BD107=2),F107,"") | BZ107: =IF(OR(BD107=1,BD107=2),G107,"") | CA107: =IF(OR(BE107=1,BE107=2),F107,"") | CB107: =IF(OR(BE107=1,BE107=2),H107,"") | CC107: =IF(OR(BF107=1,BF107=2),F107,"") | CD107: =IF(OR(BF107=1,BF107=2),I107,"") | CE107: =IF(OR(BG107=1,BG107=2),F107,"") | CF107: =IF(OR(BG107=1,BG107=2),J107,"") | CG107: =IF(OR(BH107=1,BH107=2),G107,"") | CH107: =IF(OR(BH107=1,BH107=2),H107,"") | CI107: =IF(OR(BI107=1,BI107=2),G107,"") | CJ107: =IF(OR(BI107=1,BI107=2),I107,"") | CK107: =IF(OR(BJ107=1,BJ107=2),G107,"") | CL107: =IF(OR(BJ107=1,BJ107=2),J107,"") | CM107: =IF(OR(BK107=1,BK107=2),H107,"") -> 5177.57 | CN107: =IF(OR(BK107=1,BK107=2),I107,"") -> 5180.03 | CO107: =IF(OR(BL107=1,BL107=2),H107,"") | CP107: =IF(OR(BL107=1,BL107=2),J107,"") | CQ107: =IF(OR(BM107=1,BM107=2),I107,"") | CR107: =IF(OR(BM107=1,BM107=2),J107,"") | CT107: =LARGE(BO107:CR107,1) -> 5201.38 | CU107: =LARGE(BO107:CR107,2) -> 5200.04 | CV107: =LARGE(BO107:CR107,3) -> 5180.03 | CW107: =LARGE(BO107:CR107,4) -> 5177.57 | CY107: =IFERROR(INDEX($L107:$Q107,MATCH(CT107,$E107:$J107,0)),"") -> -0.0175 | CZ107: =IFERROR(INDEX($L107:$Q107,MATCH(CU107,$E107:$J107,0)),"") -> 0.005625 | DA107: =IFERROR(INDEX($L107:$Q107,MATCH(CV107,$E107:$J107,0)),"") -> 0.022083333 | DB107: =IFERROR(INDEX($L107:$Q107,MATCH(CW107,$E107:$J107,0)),"") -> 0.075625 | DD107: =IFERROR(DEGREES(ATAN(CY107)),"") -> -1.0025738 | DE107: =IFERROR(DEGREES(ATAN(CZ107)),"") -> 0.32228536 | DF107: =IFERROR(DEGREES(ATAN(DA107)),"") -> 1.2650762 | DG107: =IFERROR(DEGREES(ATAN(DB107)),"") -> 4.3247612 | DI107: =_xlfn.STDEV.P(DD107:DG107) -> 1.9613185 | DK107: =ABS(DI107) -> 1.9613185 | DL107: =DK107*-1 -> -1.9613185 | DN107: =IF(OR(DD107<$DL107,DD107>$DK107),"Invalid Slope","") | DO107: =IF(OR(DE107<$DL107,DE107>$DK107),"Invalid Slope","") | DP107: =IF(OR(DF107<$DL107,DF107>$DK107),"Invalid Slope","") | DQ107: =IF(OR(DG107<$DL107,DG107>$DK107),"Invalid Slope","") -> Invalid Slope | DS107: =IF(DN107="",CT107,"") -> 5201.38 | DT107: =IF(DO107="",CU107,"") -> 5200.04 | DU107: =IF(DP107="",CV107,"") -> 5180.03 | DV107: =IF(DQ107="",CW107,"") | DX107: =MAX(DS107:DV107) -> 5201.38 | DY107: =MIN(DS107:DV107) -> 5180.03 | EA107: =IF(DX107=E107,$E$1,IF(DX107=F107,$F$1,IF(DX107=G107,$G$1,IF(DX107=H107,$H$1,IF(DX107=I107,$I$1,IF(DX107=J107,$J$1,"")))))) -> horiz_peak_line_3 | EB107: =IF(DY107=E107,$E$1,IF(DY107=F107,$F$1,IF(DY107=G107,$G$1,IF(DY107=H107,$H$1,IF(DY107=I107,$I$1,IF(DY107=J107,$J$1,"")))))) -> horiz_bottom_line_2 | ED107: =IF(EA107="horiz_peak_line_1","peak_line_1",IF(EA107="horiz_peak_line_2","peak_line_2",IF(EA107="horiz_peak_line_3","peak_line_3",IF(EA107="horiz_bottom_line_1","bottom_line_1",IF(EA107="horiz_bottom_line_2","bottom_line_2",IF(EA107="horiz_bottom_line_3","bottom_line_3","")))))) -> peak_line_3 | EE107: =IF(EB107="horiz_peak_line_1","peak_line_1",IF(EB107="horiz_peak_line_2","peak_line_2",IF(EB107="horiz_peak_line_3","peak_line_3",IF(EB107="horiz_bottom_line_1","bottom_line_1",IF(EB107="horiz_bottom_line_2","bottom_line_2",IF(EB107="horiz_bottom_line_3","bottom_line_3","")))))) -> bottom_line_2
A108: =IF('Data Validation'!$K$2<>TRUE,"",'Data Validation'!A410) -> 1772154600 | B108: =IF('Data Validation'!$K$2<>TRUE,"",'Data Validation'!C410) -> XAUUSD | C108: =IF('Data Validation'!$K$2<>TRUE,"",'Data Validation'!E410) -> M5 | D108: =IF('Data Validation'!$K$2<>TRUE,"",'Data Validation'!G410) -> 5176.58 | E108: =IF($C108<>"M5","",Trendlines!E410) -> 5200.04 | F108: =IF($C108<>"M5","",Trendlines!F410) -> 5191.27 | G108: =IF($C108<>"M5","",Trendlines!G410) -> 5201.36 | H108: =IF($C108<>"M5","",Trendlines!H410) -> 5177.65 | I108: =IF($C108<>"M5","",Trendlines!I410) -> 5180.05 | J108: =IF($C108<>"M5","",Trendlines!J410) -> 5166.94 | K108: 96 | L108: =(E108-E12)/$K108 -> 0.0055208333 | M108: =(F108-F12)/$K108 -> -0.0259375 | N108: =(G108-G12)/$K108 -> -0.017604167 | O108: =(H108-H12)/$K108 -> 0.075729167 | P108: =(I108-I12)/$K108 -> 0.022083333 | Q108: =(J108-J12)/$K108 -> 0.03875 | S108: =ABS($E108-F108) -> 8.77 | T108: =ABS($E108-G108) -> 1.32 | U108: =ABS($E108-H108) -> 22.39 | V108: =ABS($E108-I108) -> 19.99 | W108: =ABS($E108-J108) -> 33.1 | X108: =ABS($F108-G108) -> 10.09 | Y108: =ABS($F108-H108) -> 13.62 | Z108: =ABS($F108-I108) -> 11.22 | AA108: =ABS($F108-J108) -> 24.33 | AB108: =ABS($G108-H108) -> 23.71 | AC108: =ABS($G108-I108) -> 21.31 | AD108: =ABS($G108-J108) -> 34.42 | AE108: =ABS($H108-I108) -> 2.4 | AF108: =ABS($H108-J108) -> 10.71 | AG108: =ABS(I108-J108) -> 13.11 | AI108: =AVERAGE(S$98:S$198) -> 10.03297 | AJ108: =AVERAGE(T$98:T$198) -> 0.65049505 | AK108: =AVERAGE(U$98:U$198) -> 19.593366 | AL108: =AVERAGE(V$98:V$198) -> 19.325941 | AM108: =AVERAGE(W$98:W$198) -> 31.777624 | AN108: =AVERAGE(X$98:X$198) -> 10.426238 | AO108: =AVERAGE(Y$98:Y$198) -> 9.560396 | AP108: =AVERAGE(Z$98:Z$198) -> 9.2929703 | ... AW108: =AVERAGE(AG$98:AG$198) -> 12.451683 | AY108: =_xlfn.RANK.EQ(AI108,$AI108:$AW108,1) -> 5 | AZ108: =_xlfn.RANK.EQ(AJ108,$AI108:$AW108,1) -> 1 | BA108: =_xlfn.RANK.EQ(AK108,$AI108:$AW108,1) -> 10 | BB108: =_xlfn.RANK.EQ(AL108,$AI108:$AW108,1) -> 9 | BC108: =_xlfn.RANK.EQ(AM108,$AI108:$AW108,1) -> 14 | BD108: =_xlfn.RANK.EQ(AN108,$AI108:$AW108,1) -> 6 | BE108: =_xlfn.RANK.EQ(AO108,$AI108:$AW108,1) -> 4 | BF108: =_xlfn.RANK.EQ(AP108,$AI108:$AW108,1) -> 3 | ... BM108: =_xlfn.RANK.EQ(AW108,$AI108:$AW108,1) -> 8 | BO108: =IF(OR(AY108=1,AY108=2),E108,"") | BP108: =IF(OR(AY108=1,AY108=2),F108,"") | BQ108: =IF(OR(AZ108=1,AZ108=2),E108,"") -> 5200.04 | BR108: =IF(OR(AZ108=1,AZ108=2),G108,"") -> 5201.36 | BS108: =IF(OR(BA108=1,BA108=2),E108,"") | BT108: =IF(OR(BA108=1,BA108=2),H108,"") | BU108: =IF(OR(BB108=1,BB108=2,),E108,"") | BV108: =IF(OR(BB108=1,BB108=2,),I108,"") | BW108: =IF(OR(BC108=1,BC108=2),E108,"") | BX108: =IF(OR(BC108=1,BC108=2),J108,"") | BY108: =IF(OR(BD108=1,BD108=2),F108,"") | BZ108: =IF(OR(BD108=1,BD108=2),G108,"") | CA108: =IF(OR(BE108=1,BE108=2),F108,"") | CB108: =IF(OR(BE108=1,BE108=2),H108,"") | CC108: =IF(OR(BF108=1,BF108=2),F108,"") | CD108: =IF(OR(BF108=1,BF108=2),I108,"") | CE108: =IF(OR(BG108=1,BG108=2),F108,"") | CF108: =IF(OR(BG108=1,BG108=2),J108,"") | CG108: =IF(OR(BH108=1,BH108=2),G108,"") | CH108: =IF(OR(BH108=1,BH108=2),H108,"") | CI108: =IF(OR(BI108=1,BI108=2),G108,"") | CJ108: =IF(OR(BI108=1,BI108=2),I108,"") | CK108: =IF(OR(BJ108=1,BJ108=2),G108,"") | CL108: =IF(OR(BJ108=1,BJ108=2),J108,"") | CM108: =IF(OR(BK108=1,BK108=2),H108,"") -> 5177.65 | CN108: =IF(OR(BK108=1,BK108=2),I108,"") -> 5180.05 | CO108: =IF(OR(BL108=1,BL108=2),H108,"") | CP108: =IF(OR(BL108=1,BL108=2),J108,"") | CQ108: =IF(OR(BM108=1,BM108=2),I108,"") | CR108: =IF(OR(BM108=1,BM108=2),J108,"") | CT108: =LARGE(BO108:CR108,1) -> 5201.36 | CU108: =LARGE(BO108:CR108,2) -> 5200.04 | CV108: =LARGE(BO108:CR108,3) -> 5180.05 | CW108: =LARGE(BO108:CR108,4) -> 5177.65 | CY108: =IFERROR(INDEX($L108:$Q108,MATCH(CT108,$E108:$J108,0)),"") -> -0.017604167 | CZ108: =IFERROR(INDEX($L108:$Q108,MATCH(CU108,$E108:$J108,0)),"") -> 0.0055208333 | DA108: =IFERROR(INDEX($L108:$Q108,MATCH(CV108,$E108:$J108,0)),"") -> 0.022083333 | DB108: =IFERROR(INDEX($L108:$Q108,MATCH(CW108,$E108:$J108,0)),"") -> 0.075729167 | DD108: =IFERROR(DEGREES(ATAN(CY108)),"") -> -1.0085403 | DE108: =IFERROR(DEGREES(ATAN(CZ108)),"") -> 0.31631724 | DF108: =IFERROR(DEGREES(ATAN(DA108)),"") -> 1.2650762 | DG108: =IFERROR(DEGREES(ATAN(DB108)),"") -> 4.3306955 | DI108: =_xlfn.STDEV.P(DD108:DG108) -> 1.9660464 | DK108: =ABS(DI108) -> 1.9660464 | DL108: =DK108*-1 -> -1.9660464 | DN108: =IF(OR(DD108<$DL108,DD108>$DK108),"Invalid Slope","") | DO108: =IF(OR(DE108<$DL108,DE108>$DK108),"Invalid Slope","") | DP108: =IF(OR(DF108<$DL108,DF108>$DK108),"Invalid Slope","") | DQ108: =IF(OR(DG108<$DL108,DG108>$DK108),"Invalid Slope","") -> Invalid Slope | DS108: =IF(DN108="",CT108,"") -> 5201.36 | DT108: =IF(DO108="",CU108,"") -> 5200.04 | DU108: =IF(DP108="",CV108,"") -> 5180.05 | DV108: =IF(DQ108="",CW108,"") | DX108: =MAX(DS108:DV108) -> 5201.36 | DY108: =MIN(DS108:DV108) -> 5180.05 | EA108: =IF(DX108=E108,$E$1,IF(DX108=F108,$F$1,IF(DX108=G108,$G$1,IF(DX108=H108,$H$1,IF(DX108=I108,$I$1,IF(DX108=J108,$J$1,"")))))) -> horiz_peak_line_3 | EB108: =IF(DY108=E108,$E$1,IF(DY108=F108,$F$1,IF(DY108=G108,$G$1,IF(DY108=H108,$H$1,IF(DY108=I108,$I$1,IF(DY108=J108,$J$1,"")))))) -> horiz_bottom_line_2 | ED108: =IF(EA108="horiz_peak_line_1","peak_line_1",IF(EA108="horiz_peak_line_2","peak_line_2",IF(EA108="horiz_peak_line_3","peak_line_3",IF(EA108="horiz_bottom_line_1","bottom_line_1",IF(EA108="horiz_bottom_line_2","bottom_line_2",IF(EA108="horiz_bottom_line_3","bottom_line_3","")))))) -> peak_line_3 | EE108: =IF(EB108="horiz_peak_line_1","peak_line_1",IF(EB108="horiz_peak_line_2","peak_line_2",IF(EB108="horiz_peak_line_3","peak_line_3",IF(EB108="horiz_bottom_line_1","bottom_line_1",IF(EB108="horiz_bottom_line_2","bottom_line_2",IF(EB108="horiz_bottom_line_3","bottom_line_3","")))))) -> bottom_line_2
A109: =IF('Data Validation'!$K$2<>TRUE,"",'Data Validation'!A411) -> 1772154900 | B109: =IF('Data Validation'!$K$2<>TRUE,"",'Data Validation'!C411) -> XAUUSD | C109: =IF('Data Validation'!$K$2<>TRUE,"",'Data Validation'!E411) -> M5 | D109: =IF('Data Validation'!$K$2<>TRUE,"",'Data Validation'!G411) -> 5177.91 | E109: =IF($C109<>"M5","",Trendlines!E411) -> 5200.05 | F109: =IF($C109<>"M5","",Trendlines!F411) -> 5191.24 | G109: =IF($C109<>"M5","",Trendlines!G411) -> 5201.34 | H109: =IF($C109<>"M5","",Trendlines!H411) -> 5177.72 | I109: =IF($C109<>"M5","",Trendlines!I411) -> 5180.08 | J109: =IF($C109<>"M5","",Trendlines!J411) -> 5166.98 | K109: 96 | L109: =(E109-E13)/$K109 -> 0.005625 | M109: =(F109-F13)/$K109 -> -0.026041667 | N109: =(G109-G13)/$K109 -> -0.017604167 | O109: =(H109-H13)/$K109 -> 0.075625 | P109: =(I109-I13)/$K109 -> 0.0221875 | Q109: =(J109-J13)/$K109 -> 0.03875 | S109: =ABS($E109-F109) -> 8.81 | T109: =ABS($E109-G109) -> 1.29 | U109: =ABS($E109-H109) -> 22.33 | V109: =ABS($E109-I109) -> 19.97 | W109: =ABS($E109-J109) -> 33.07 | X109: =ABS($F109-G109) -> 10.1 | Y109: =ABS($F109-H109) -> 13.52 | Z109: =ABS($F109-I109) -> 11.16 | AA109: =ABS($F109-J109) -> 24.26 | AB109: =ABS($G109-H109) -> 23.62 | AC109: =ABS($G109-I109) -> 21.26 | AD109: =ABS($G109-J109) -> 34.36 | AE109: =ABS($H109-I109) -> 2.36 | AF109: =ABS($H109-J109) -> 10.74 | AG109: =ABS(I109-J109) -> 13.1 | AI109: =AVERAGE(S$98:S$198) -> 10.03297 | AJ109: =AVERAGE(T$98:T$198) -> 0.65049505 | AK109: =AVERAGE(U$98:U$198) -> 19.593366 | AL109: =AVERAGE(V$98:V$198) -> 19.325941 | AM109: =AVERAGE(W$98:W$198) -> 31.777624 | AN109: =AVERAGE(X$98:X$198) -> 10.426238 | AO109: =AVERAGE(Y$98:Y$198) -> 9.560396 | AP109: =AVERAGE(Z$98:Z$198) -> 9.2929703 | ... AW109: =AVERAGE(AG$98:AG$198) -> 12.451683 | AY109: =_xlfn.RANK.EQ(AI109,$AI109:$AW109,1) -> 5 | AZ109: =_xlfn.RANK.EQ(AJ109,$AI109:$AW109,1) -> 1 | BA109: =_xlfn.RANK.EQ(AK109,$AI109:$AW109,1) -> 10 | BB109: =_xlfn.RANK.EQ(AL109,$AI109:$AW109,1) -> 9 | BC109: =_xlfn.RANK.EQ(AM109,$AI109:$AW109,1) -> 14 | BD109: =_xlfn.RANK.EQ(AN109,$AI109:$AW109,1) -> 6 | BE109: =_xlfn.RANK.EQ(AO109,$AI109:$AW109,1) -> 4 | BF109: =_xlfn.RANK.EQ(AP109,$AI109:$AW109,1) -> 3 | ... BM109: =_xlfn.RANK.EQ(AW109,$AI109:$AW109,1) -> 8 | BO109: =IF(OR(AY109=1,AY109=2),E109,"") | BP109: =IF(OR(AY109=1,AY109=2),F109,"") | BQ109: =IF(OR(AZ109=1,AZ109=2),E109,"") -> 5200.05 | BR109: =IF(OR(AZ109=1,AZ109=2),G109,"") -> 5201.34 | BS109: =IF(OR(BA109=1,BA109=2),E109,"") | BT109: =IF(OR(BA109=1,BA109=2),H109,"") | BU109: =IF(OR(BB109=1,BB109=2,),E109,"") | BV109: =IF(OR(BB109=1,BB109=2,),I109,"") | BW109: =IF(OR(BC109=1,BC109=2),E109,"") | BX109: =IF(OR(BC109=1,BC109=2),J109,"") | BY109: =IF(OR(BD109=1,BD109=2),F109,"") | BZ109: =IF(OR(BD109=1,BD109=2),G109,"") | CA109: =IF(OR(BE109=1,BE109=2),F109,"") | CB109: =IF(OR(BE109=1,BE109=2),H109,"") | CC109: =IF(OR(BF109=1,BF109=2),F109,"") | CD109: =IF(OR(BF109=1,BF109=2),I109,"") | CE109: =IF(OR(BG109=1,BG109=2),F109,"") | CF109: =IF(OR(BG109=1,BG109=2),J109,"") | CG109: =IF(OR(BH109=1,BH109=2),G109,"") | CH109: =IF(OR(BH109=1,BH109=2),H109,"") | CI109: =IF(OR(BI109=1,BI109=2),G109,"") | CJ109: =IF(OR(BI109=1,BI109=2),I109,"") | CK109: =IF(OR(BJ109=1,BJ109=2),G109,"") | CL109: =IF(OR(BJ109=1,BJ109=2),J109,"") | CM109: =IF(OR(BK109=1,BK109=2),H109,"") -> 5177.72 | CN109: =IF(OR(BK109=1,BK109=2),I109,"") -> 5180.08 | CO109: =IF(OR(BL109=1,BL109=2),H109,"") | CP109: =IF(OR(BL109=1,BL109=2),J109,"") | CQ109: =IF(OR(BM109=1,BM109=2),I109,"") | CR109: =IF(OR(BM109=1,BM109=2),J109,"") | CT109: =LARGE(BO109:CR109,1) -> 5201.34 | CU109: =LARGE(BO109:CR109,2) -> 5200.05 | CV109: =LARGE(BO109:CR109,3) -> 5180.08 | CW109: =LARGE(BO109:CR109,4) -> 5177.72 | CY109: =IFERROR(INDEX($L109:$Q109,MATCH(CT109,$E109:$J109,0)),"") -> -0.017604167 | CZ109: =IFERROR(INDEX($L109:$Q109,MATCH(CU109,$E109:$J109,0)),"") -> 0.005625 | DA109: =IFERROR(INDEX($L109:$Q109,MATCH(CV109,$E109:$J109,0)),"") -> 0.0221875 | DB109: =IFERROR(INDEX($L109:$Q109,MATCH(CW109,$E109:$J109,0)),"") -> 0.075625 | DD109: =IFERROR(DEGREES(ATAN(CY109)),"") -> -1.0085403 | DE109: =IFERROR(DEGREES(ATAN(CZ109)),"") -> 0.32228536 | DF109: =IFERROR(DEGREES(ATAN(DA109)),"") -> 1.2710416 | DG109: =IFERROR(DEGREES(ATAN(DB109)),"") -> 4.3247612 | DI109: =_xlfn.STDEV.P(DD109:DG109) -> 1.9630469 | DK109: =ABS(DI109) -> 1.9630469 | DL109: =DK109*-1 -> -1.9630469 | DN109: =IF(OR(DD109<$DL109,DD109>$DK109),"Invalid Slope","") | DO109: =IF(OR(DE109<$DL109,DE109>$DK109),"Invalid Slope","") | DP109: =IF(OR(DF109<$DL109,DF109>$DK109),"Invalid Slope","") | DQ109: =IF(OR(DG109<$DL109,DG109>$DK109),"Invalid Slope","") -> Invalid Slope | DS109: =IF(DN109="",CT109,"") -> 5201.34 | DT109: =IF(DO109="",CU109,"") -> 5200.05 | DU109: =IF(DP109="",CV109,"") -> 5180.08 | DV109: =IF(DQ109="",CW109,"") | DX109: =MAX(DS109:DV109) -> 5201.34 | DY109: =MIN(DS109:DV109) -> 5180.08 | EA109: =IF(DX109=E109,$E$1,IF(DX109=F109,$F$1,IF(DX109=G109,$G$1,IF(DX109=H109,$H$1,IF(DX109=I109,$I$1,IF(DX109=J109,$J$1,"")))))) -> horiz_peak_line_3 | EB109: =IF(DY109=E109,$E$1,IF(DY109=F109,$F$1,IF(DY109=G109,$G$1,IF(DY109=H109,$H$1,IF(DY109=I109,$I$1,IF(DY109=J109,$J$1,"")))))) -> horiz_bottom_line_2 | ED109: =IF(EA109="horiz_peak_line_1","peak_line_1",IF(EA109="horiz_peak_line_2","peak_line_2",IF(EA109="horiz_peak_line_3","peak_line_3",IF(EA109="horiz_bottom_line_1","bottom_line_1",IF(EA109="horiz_bottom_line_2","bottom_line_2",IF(EA109="horiz_bottom_line_3","bottom_line_3","")))))) -> peak_line_3 | EE109: =IF(EB109="horiz_peak_line_1","peak_line_1",IF(EB109="horiz_peak_line_2","peak_line_2",IF(EB109="horiz_peak_line_3","peak_line_3",IF(EB109="horiz_bottom_line_1","bottom_line_1",IF(EB109="horiz_bottom_line_2","bottom_line_2",IF(EB109="horiz_bottom_line_3","bottom_line_3","")))))) -> bottom_line_2
... A198: =IF('Data Validation'!$K$2<>TRUE,"",'Data Validation'!A500) -> 1772181600 | B198: =IF('Data Validation'!$K$2<>TRUE,"",'Data Validation'!C500) -> XAUUSD | C198: =IF('Data Validation'!$K$2<>TRUE,"",'Data Validation'!E500) -> M5 | D198: =IF('Data Validation'!$K$2<>TRUE,"",'Data Validation'!G500) -> 5180.32 | E198: =IF($C198<>"M5","",Trendlines!E500) -> 5200.54 | F198: =IF($C198<>"M5","",Trendlines!F500) -> 5188.93 | G198: =IF($C198<>"M5","",Trendlines!G500) -> 5199.78 | H198: =IF($C198<>"M5","",Trendlines!H500) -> 5184.45 | I198: =IF($C198<>"M5","",Trendlines!I500) -> 5182.05 | J198: =IF($C198<>"M5","",Trendlines!J500) -> 5170.42 | K198: 96 | L198: =(E198-E102)/$K198 -> 0.0055208333 | M198: =(F198-F102)/$K198 -> -0.026041667 | N198: =(G198-G102)/$K198 -> -0.017604167 | O198: =(H198-H102)/$K198 -> 0.075625 | P198: =(I198-I102)/$K198 -> 0.0221875 | Q198: =(J198-J102)/$K198 -> 0.038645833 | S198: =ABS($E198-F198) -> 11.61 | T198: =ABS($E198-G198) -> 0.76 | U198: =ABS($E198-H198) -> 16.09 | V198: =ABS($E198-I198) -> 18.49 | W198: =ABS($E198-J198) -> 30.12 | X198: =ABS($F198-G198) -> 10.85 | Y198: =ABS($F198-H198) -> 4.48 | Z198: =ABS($F198-I198) -> 6.88 | AA198: =ABS($F198-J198) -> 18.51 | AB198: =ABS($G198-H198) -> 15.33 | AC198: =ABS($G198-I198) -> 17.73 | AD198: =ABS($G198-J198) -> 29.36 | AE198: =ABS($H198-I198) -> 2.4 | AF198: =ABS($H198-J198) -> 14.03 | AG198: =ABS(I198-J198) -> 11.63 | AI198: =AVERAGE(S$98:S$198) -> 10.03297 | AJ198: =AVERAGE(T$98:T$198) -> 0.65049505 | AK198: =AVERAGE(U$98:U$198) -> 19.593366 | AL198: =AVERAGE(V$98:V$198) -> 19.325941 | AM198: =AVERAGE(W$98:W$198) -> 31.777624 | AN198: =AVERAGE(X$98:X$198) -> 10.426238 | AO198: =AVERAGE(Y$98:Y$198) -> 9.560396 | AP198: =AVERAGE(Z$98:Z$198) -> 9.2929703 | ... AW198: =AVERAGE(AG$98:AG$198) -> 12.451683 | AY198: =_xlfn.RANK.EQ(AI198,$AI198:$AW198,1) -> 5 | AZ198: =_xlfn.RANK.EQ(AJ198,$AI198:$AW198,1) -> 1 | BA198: =_xlfn.RANK.EQ(AK198,$AI198:$AW198,1) -> 10 | BB198: =_xlfn.RANK.EQ(AL198,$AI198:$AW198,1) -> 9 | BC198: =_xlfn.RANK.EQ(AM198,$AI198:$AW198,1) -> 14 | BD198: =_xlfn.RANK.EQ(AN198,$AI198:$AW198,1) -> 6 | BE198: =_xlfn.RANK.EQ(AO198,$AI198:$AW198,1) -> 4 | BF198: =_xlfn.RANK.EQ(AP198,$AI198:$AW198,1) -> 3 | ... BM198: =_xlfn.RANK.EQ(AW198,$AI198:$AW198,1) -> 8 | BO198: =IF(OR(AY198=1,AY198=2),E198,"") | BP198: =IF(OR(AY198=1,AY198=2),F198,"") | BQ198: =IF(OR(AZ198=1,AZ198=2),E198,"") -> 5200.54 | BR198: =IF(OR(AZ198=1,AZ198=2),G198,"") -> 5199.78 | BS198: =IF(OR(BA198=1,BA198=2),E198,"") | BT198: =IF(OR(BA198=1,BA198=2),H198,"") | BU198: =IF(OR(BB198=1,BB198=2,),E198,"") | BV198: =IF(OR(BB198=1,BB198=2,),I198,"") | BW198: =IF(OR(BC198=1,BC198=2),E198,"") | BX198: =IF(OR(BC198=1,BC198=2),J198,"") | BY198: =IF(OR(BD198=1,BD198=2),F198,"") | BZ198: =IF(OR(BD198=1,BD198=2),G198,"") | CA198: =IF(OR(BE198=1,BE198=2),F198,"") | CB198: =IF(OR(BE198=1,BE198=2),H198,"") | CC198: =IF(OR(BF198=1,BF198=2),F198,"") | CD198: =IF(OR(BF198=1,BF198=2),I198,"") | CE198: =IF(OR(BG198=1,BG198=2),F198,"") | CF198: =IF(OR(BG198=1,BG198=2),J198,"") | CG198: =IF(OR(BH198=1,BH198=2),G198,"") | CH198: =IF(OR(BH198=1,BH198=2),H198,"") | CI198: =IF(OR(BI198=1,BI198=2),G198,"") | CJ198: =IF(OR(BI198=1,BI198=2),I198,"") | CK198: =IF(OR(BJ198=1,BJ198=2),G198,"") | CL198: =IF(OR(BJ198=1,BJ198=2),J198,"") | CM198: =IF(OR(BK198=1,BK198=2),H198,"") -> 5184.45 | CN198: =IF(OR(BK198=1,BK198=2),I198,"") -> 5182.05 | CO198: =IF(OR(BL198=1,BL198=2),H198,"") | CP198: =IF(OR(BL198=1,BL198=2),J198,"") | CQ198: =IF(OR(BM198=1,BM198=2),I198,"") | CR198: =IF(OR(BM198=1,BM198=2),J198,"") | CT198: =LARGE(BO198:CR198,1) -> 5200.54 | CU198: =LARGE(BO198:CR198,2) -> 5199.78 | CV198: =LARGE(BO198:CR198,3) -> 5184.45 | CW198: =LARGE(BO198:CR198,4) -> 5182.05 | CY198: =IFERROR(INDEX($L198:$Q198,MATCH(CT198,$E198:$J198,0)),"") -> 0.0055208333 | CZ198: =IFERROR(INDEX($L198:$Q198,MATCH(CU198,$E198:$J198,0)),"") -> -0.017604167 | DA198: =IFERROR(INDEX($L198:$Q198,MATCH(CV198,$E198:$J198,0)),"") -> 0.075625 | DB198: =IFERROR(INDEX($L198:$Q198,MATCH(CW198,$E198:$J198,0)),"") -> 0.0221875 | DD198: =IFERROR(DEGREES(ATAN(CY198)),"") -> 0.31631724 | DE198: =IFERROR(DEGREES(ATAN(CZ198)),"") -> -1.0085403 | DF198: =IFERROR(DEGREES(ATAN(DA198)),"") -> 4.3247612 | DG198: =IFERROR(DEGREES(ATAN(DB198)),"") -> 1.2710416 | DI198: =_xlfn.STDEV.P(DD198:DG198) -> 1.9637364 | DK198: =ABS(DI198) -> 1.9637364 | DL198: =DK198*-1 -> -1.9637364 | DN198: =IF(OR(DD198<$DL198,DD198>$DK198),"Invalid Slope","") | DO198: =IF(OR(DE198<$DL198,DE198>$DK198),"Invalid Slope","") | DP198: =IF(OR(DF198<$DL198,DF198>$DK198),"Invalid Slope","") -> Invalid Slope | DQ198: =IF(OR(DG198<$DL198,DG198>$DK198),"Invalid Slope","") | DS198: =IF(DN198="",CT198,"") -> 5200.54 | DT198: =IF(DO198="",CU198,"") -> 5199.78 | DU198: =IF(DP198="",CV198,"") | DV198: =IF(DQ198="",CW198,"") -> 5182.05 | DX198: =MAX(DS198:DV198) -> 5200.54 | DY198: =MIN(DS198:DV198) -> 5182.05 | EA198: =IF(DX198=E198,$E$1,IF(DX198=F198,$F$1,IF(DX198=G198,$G$1,IF(DX198=H198,$H$1,IF(DX198=I198,$I$1,IF(DX198=J198,$J$1,"")))))) -> horiz_peak_line_1 | EB198: =IF(DY198=E198,$E$1,IF(DY198=F198,$F$1,IF(DY198=G198,$G$1,IF(DY198=H198,$H$1,IF(DY198=I198,$I$1,IF(DY198=J198,$J$1,"")))))) -> horiz_bottom_line_2 | ED198: =IF(EA198="horiz_peak_line_1","peak_line_1",IF(EA198="horiz_peak_line_2","peak_line_2",IF(EA198="horiz_peak_line_3","peak_line_3",IF(EA198="horiz_bottom_line_1","bottom_line_1",IF(EA198="horiz_bottom_line_2","bottom_line_2",IF(EA198="horiz_bottom_line_3","bottom_line_3","")))))) -> peak_line_1 | EE198: =IF(EB198="horiz_peak_line_1","peak_line_1",IF(EB198="horiz_peak_line_2","peak_line_2",IF(EB198="horiz_peak_line_3","peak_line_3",IF(EB198="horiz_bottom_line_1","bottom_line_1",IF(EB198="horiz_bottom_line_2","bottom_line_2",IF(EB198="horiz_bottom_line_3","bottom_line_3","")))))) -> bottom_line_2

Sheet S&R Level Analysis
A1: ='Data Validation'!A1 -> timestamp_adjusted | B1: ='Data Validation'!C1 -> symbol | C1: ='Data Validation'!E1 -> timeframe | D1: ='Data Validation'!G1 -> close | E1: =Price!F1 -> high | F1: =Price!G1 -> low | G1: =Price!H1 -> volume | H1: =SSA!E1 -> ssa | I1: =SSA!F1 -> ema_ssa | J1: =Dual_Tema!E1 -> dual_tema_high | K1: =Dual_Tema!F1 -> dual_tema_low | L1: =Trendlines!K1 -> horiz_high_map | M1: =Trendlines!L1 -> horiz_low_map | N1: =ZigZag!E1 -> zigzag_high | O1: =ZigZag!F1 -> zigzag_low | P1: =Pinbar!E1 -> pinbar | Q1: peak_line_1 | R1: peak_line_2 | S1: peak_line_3 | T1: bottom_line_1 | U1: bottom_line_2 | V1: bottom_line_3 | W1: prev_high | X1: prev_low | Y1: high_diff | Z1: low_diff | AA1: h_l | AB1: h_prev_close | AC1: l_prev_close | AD1: tr | AE1: high_temahigh | AF1: low_temalow | AH1: ssa_p1_nearness | AI1: ssa_p1_direction | AJ1: ssa_p1_counter | AK1: ssa_p1_touch | AL1: ssa_p1_status | AM1: ssa_p2_nearness | AN1: ssa_p2_direction | AO1: ssa_p2_counter | AP1: ssa_p2_touch | AQ1: ssa_p2_status | AR1: ssa_p3_nearness | AS1: ssa_p3_direction | AT1: ssa_p3_counter | AU1: ssa_p3_touch | AV1: ssa_p3_status | AW1: ssa_b1_nearness | AX1: ssa_b1_direction | AY1: ssa_b1_counter | AZ1: ssa_b1_touch | BA1: ssa_b1_status | BB1: ssa_b2_nearness | BC1: ssa_b2_direction | BD1: ssa_b2_counter | BE1: ssa_b2_touch | BF1: ssa_b2_status | BG1: ssa_b3_nearness | BH1: ssa_b3_direction | BI1: ssa_b3_counter | BJ1: ssa_b3_touch | BK1: ssa_b3_status | BL1: imp_high | BM1: imp_low | BN1: eqh | BO1: high_value | BP1: ssa_around_eqh | BQ1: emassa_around_eqh | BR1: eqh_touch | BS1: eql | BT1: low_value | BU1: ssa_around_eql | BV1: emassa_around_eql | BW1: eql_touch | BX1: ssa_emassa | BY1: ssa_emassa_direction | BZ1: ssa_ema_counter | CA1: ssa_emassa_crossover | CB1: ssa_emassa_crossunder | CC1: tl_touch_zone | CD1: count_valid | CE1: ssa_tl_staus | CF1: eqhl_touch | CG1: ssa_emassa_status | CH1: Volatility Surge | CI1: high_spike | CJ1: Low_spike | CK1: volume_surge | CL1: pin_check | CM1: turb_sum | CN1: turb_index | CO1: turb_eval
A2: =IF('Data Validation'!$K$2<>TRUE,"",'Data Validation'!A2) -> 1772025000 | B2: =IF('Data Validation'!$K$2<>TRUE,"",'Data Validation'!C2) -> XAUUSD | C2: =IF('Data Validation'!$K$2<>TRUE,"",'Data Validation'!E2) -> M5 | D2: =IF('Data Validation'!$K$2<>TRUE,"",'Data Validation'!G2) -> 5187.2 | E2: =IF($C2<>"M5","",Price!F2) -> 5189.22 | F2: =IF($C2<>"M5","",Price!G2) -> 5185.5 | G2: =IF($C2<>"M5","",Price!H2) -> 567 | H2: =IF($C2<>"M5","",SSA!E2) -> 5187.5351 | I2: =IF($C2<>"M5","",SSA!F2) -> 5186.6253 | J2: =IF($C2<>"M5","",Dual_Tema!E2) -> 5188.55 | K2: =IF($C2<>"M5","",Dual_Tema!F2) -> 5184.29 | L2: =IF($C2<>"M5","",Trendlines!K2) -> 0 | M2: =IF($C2<>"M5","",Trendlines!L2) -> 0 | N2: =IF($C2<>"M5","",ZigZag!E2) -> 0 | O2: =IF($C2<>"M5","",ZigZag!F2) -> 0 | P2: =IF($C2<>"M5","",Pinbar!E2) -> 0 | Q2: =IF(Q$1='Trendline Selection'!$ED$198,Trendlines!E2,IF(Q$1='Trendline Selection'!$EE$198,Trendlines!E2,"")) -> 0 | R2: =IF(R$1='Trendline Selection'!$ED$198,Trendlines!F2,IF(R$1='Trendline Selection'!$EE$198,Trendlines!F2,"")) | S2: =IF(S$1='Trendline Selection'!$ED$198,Trendlines!G2,IF(S$1='Trendline Selection'!$EE$198,Trendlines!G2,"")) | T2: =IF(T$1='Trendline Selection'!$ED$198,Trendlines!H2,IF(T$1='Trendline Selection'!$EE$198,Trendlines!H2,"")) | U2: =IF(U$1='Trendline Selection'!$ED$198,Trendlines!I2,IF(U$1='Trendline Selection'!$EE$198,Trendlines!I2,"")) -> 0 | V2: =IF(V$1='Trendline Selection'!$ED$198,Trendlines!J2,IF(V$1='Trendline Selection'!$EE$198,Trendlines!J2,"")) | AA2: =E2-F2 -> 3.72 | AD2: =AA2 -> 3.72 | AE2: =E2-J2 -> 0.67 | AF2: =(F2-K2)/K2 -> 0.00023339744 | AH2: =IF(OR(Q2=0,Q2=""),"",((H2-Q2)/Q2)) | AI2: =IF(AH2="","",IF(AH2>=0,1,-1)) | AK2: =IF(AH2="","",IF(AND(AH2>-0.1%,AH2<0.1%),"Touch Zone","-----")) | AL2: =IF(AH2="","",IF(AND(AK2="Touch Zone",AH2>0%),"Above",IF(AND(AK2="Touch Zone",AH2<0%),"Below","-----"))) | AM2: =IF(OR(R2=0,R2=""),"",((H2-R2)/R2)) | AN2: =IF(AM2="","",IF(AM2>=0,1,-1)) | AP2: =IF(AM2="","",IF(AND(AM2>-0.1%,AM2<0.1%),"Touch Zone","-----")) | AQ2: =IF(AM2="","",IF(AND(AP2="Touch Zone",AM2>0%),"Above",IF(AND(AP2="Touch Zone",AM2<0%),"Below","-----"))) | AR2: =IF(OR(S2=0,S2=""),"",((H2-S2)/S2)) | AS2: =IF(AR2="","",IF(AR2>=0,1,-1)) | AU2: =IF(AR2="","",IF(AND(AR2>-0.1%,AR2<0.1%),"Touch Zone","-----")) | AV2: =IF(AR2="","",IF(AND(AU2="Touch Zone",AR2>0%),"Above",IF(AND(AU2="Touch Zone",AR2<0%),"Below","-----"))) | AW2: =IF(OR(T2=0,T2=""),"",((H2-T2)/T2)) | AX2: =IF(AW2="","",IF(AW2>=0,1,-1)) | AZ2: =IF(AW2="","",IF(AND(AW2>-0.1%,AW2<0.1%),"Touch Zone","-----")) | BA2: =IF(AW2="","",IF(AND(AZ2="Touch Zone",AW2>0%),"Above",IF(AND(AZ2="Touch Zone",AW2<0%),"Below","-----"))) | BB2: =IF(OR(U2=0,U2=""),"",((H2-U2)/U2)) | BC2: =IF(BB2="","",IF(BB2>=0,1,-1)) | BE2: =IF(BB2="","",IF(AND(BB2>-0.1%,BB2<0.1%),"Touch Zone","-----")) | BF2: =IF(BB2="","",IF(AND(BE2="Touch Zone",BB2>0%),"Above",IF(AND(BE2="Touch Zone",BB2<0%),"Below","-----"))) | BG2: =IF(OR(V2=0,V2=""),"",((H2-V2)/V2)) | BH2: =IF(BG2="","",IF(BG2>=0,1,-1)) | BJ2: =IF(BG2="","",IF(AND(BG2>-0.1%,BG2<0.1%),"Touch Zone","-----")) | BK2: =IF(BG2="","",IF(AND(BJ2="Touch Zone",BG2>0%),"Above",IF(AND(BJ2="Touch Zone",BG2<0%),"Below","-----"))) | BL2: =IF(AND(L2=N2,L2>0,N2>0),"Important High","------") -> ------ | BM2: =IF(AND(M2=O2,M2>0,O2>0),"Important Low","------") -> ------ | BX2: =H2-I2 -> 0.90983 | CC2: =IF(OR(AK2="Touch Zone",AP2="Touch Zone",AU2="Touch Zone",AZ2="Touch Zone",BE2="Touch Zone",BJ2="Touch Zone"),"TL Touch Zone","") | CD2: =COUNTIF(AL2,"Above")+COUNTIF(AL2,"Below")+COUNTIF(AQ2,"Above")+COUNTIF(AQ2,"Below")+COUNTIF(AV2,"Above")+COUNTIF(AV2,"Below")+COUNTIF(BA2,"Above")+COUNTIF(BA2,"Below")+COUNTIF(BF2,"Above")+COUNTIF(BF2,"Below")+COUNTIF(BK2,"Above")+COUNTIF(BK2,"Below") -> 0 | CE2: {=IF(CD2<>1,"-----",_xlfn.IFS(OR(AL2="Above",AL2="Below"),AL2,OR(AQ2="Above",AQ2="Below"),AQ2,OR(AV2="Above",AV2="Below"),AV2,OR(BA2="Above",BA2="Below"),BA2,OR(BF2="Above",BF2="Below"),BF2,OR(BK2="Above",BK2="Below"),BK2,TRUE,"-----"))} -> ----- | CG2: =IF(BX2>0,"UP","DOWN") -> UP | CL2: =IF(P2=0,"",1)
A3: =IF('Data Validation'!$K$2<>TRUE,"",'Data Validation'!A3) -> 1772025300 | B3: =IF('Data Validation'!$K$2<>TRUE,"",'Data Validation'!C3) -> XAUUSD | C3: =IF('Data Validation'!$K$2<>TRUE,"",'Data Validation'!E3) -> M5 | D3: =IF('Data Validation'!$K$2<>TRUE,"",'Data Validation'!G3) -> 5187 | E3: =IF($C3<>"M5","",Price!F3) -> 5189.54 | F3: =IF($C3<>"M5","",Price!G3) -> 5185.97 | G3: =IF($C3<>"M5","",Price!H3) -> 574 | H3: =IF($C3<>"M5","",SSA!E3) -> 5187.9737 | I3: =IF($C3<>"M5","",SSA!F3) -> 5187.2995 | J3: =IF($C3<>"M5","",Dual_Tema!E3) -> 5189.36 | K3: =IF($C3<>"M5","",Dual_Tema!F3) -> 5185.43 | L3: =IF($C3<>"M5","",Trendlines!K3) -> 0 | M3: =IF($C3<>"M5","",Trendlines!L3) -> 0 | N3: =IF($C3<>"M5","",ZigZag!E3) -> 0 | O3: =IF($C3<>"M5","",ZigZag!F3) -> 0 | P3: =IF($C3<>"M5","",Pinbar!E3) -> 0 | Q3: =IF(Q$1='Trendline Selection'!$ED$198,Trendlines!E3,IF(Q$1='Trendline Selection'!$EE$198,Trendlines!E3,"")) -> 0 | R3: =IF(R$1='Trendline Selection'!$ED$198,Trendlines!F3,IF(R$1='Trendline Selection'!$EE$198,Trendlines!F3,"")) | S3: =IF(S$1='Trendline Selection'!$ED$198,Trendlines!G3,IF(S$1='Trendline Selection'!$EE$198,Trendlines!G3,"")) | T3: =IF(T$1='Trendline Selection'!$ED$198,Trendlines!H3,IF(T$1='Trendline Selection'!$EE$198,Trendlines!H3,"")) | U3: =IF(U$1='Trendline Selection'!$ED$198,Trendlines!I3,IF(U$1='Trendline Selection'!$EE$198,Trendlines!I3,"")) -> 0 | V3: =IF(V$1='Trendline Selection'!$ED$198,Trendlines!J3,IF(V$1='Trendline Selection'!$EE$198,Trendlines!J3,"")) | AA3: =E3-F3 -> 3.57 | AB3: =ABS(E3-D2) -> 2.34 | AC3: =ABS(F3-D2) -> 1.23 | AD3: =MAX(AA3:AC3) -> 3.57 | AE3: =E3-J3 -> 0.18 | AF3: =(F3-K3)/K3 -> 0.00010413794 | AH3: =IF(OR(Q3=0,Q3=""),"",((H3-Q3)/Q3)) | AI3: =IF(AH3="","",IF(AH3>=0,1,-1)) | AJ3: =IF(AI3="","",IF(AI3=AI2,AJ2+AI3,AI3)) | AK3: =IF(AH3="","",IF(AND(AH3>-0.1%,AH3<0.1%),"Touch Zone","-----")) | AL3: =IF(AH3="","",IF(AND(AK3="Touch Zone",AH3>0%),"Above",IF(AND(AK3="Touch Zone",AH3<0%),"Below","-----"))) | AM3: =IF(OR(R3=0,R3=""),"",((H3-R3)/R3)) | AN3: =IF(AM3="","",IF(AM3>=0,1,-1)) | AO3: =IF(AN3="","",IF(AN3=AN2,AO2+AN3,AN3)) | AP3: =IF(AM3="","",IF(AND(AM3>-0.1%,AM3<0.1%),"Touch Zone","-----")) | AQ3: =IF(AM3="","",IF(AND(AP3="Touch Zone",AM3>0%),"Above",IF(AND(AP3="Touch Zone",AM3<0%),"Below","-----"))) | AR3: =IF(OR(S3=0,S3=""),"",((H3-S3)/S3)) | AS3: =IF(AR3="","",IF(AR3>=0,1,-1)) | AT3: =IF(AS3="","",IF(AS3=AS2,AT2+AS3,AS3)) | AU3: =IF(AR3="","",IF(AND(AR3>-0.1%,AR3<0.1%),"Touch Zone","-----")) | AV3: =IF(AR3="","",IF(AND(AU3="Touch Zone",AR3>0%),"Above",IF(AND(AU3="Touch Zone",AR3<0%),"Below","-----"))) | AW3: =IF(OR(T3=0,T3=""),"",((H3-T3)/T3)) | AX3: =IF(AW3="","",IF(AW3>=0,1,-1)) | AY3: =IF(AX3="","",IF(AX3=AX2,AY2+AX3,AX3)) | AZ3: =IF(AW3="","",IF(AND(AW3>-0.1%,AW3<0.1%),"Touch Zone","-----")) | BA3: =IF(AW3="","",IF(AND(AZ3="Touch Zone",AW3>0%),"Above",IF(AND(AZ3="Touch Zone",AW3<0%),"Below","-----"))) | BB3: =IF(OR(U3=0,U3=""),"",((H3-U3)/U3)) | BC3: =IF(BB3="","",IF(BB3>=0,1,-1)) | BD3: =IF(BC3="","",IF(BC3=BC2,BD2+BC3,BC3)) | BE3: =IF(BB3="","",IF(AND(BB3>-0.1%,BB3<0.1%),"Touch Zone","-----")) | BF3: =IF(BB3="","",IF(AND(BE3="Touch Zone",BB3>0%),"Above",IF(AND(BE3="Touch Zone",BB3<0%),"Below","-----"))) | BG3: =IF(OR(V3=0,V3=""),"",((H3-V3)/V3)) | BH3: =IF(BG3="","",IF(BG3>=0,1,-1)) | BI3: =IF(BH3="","",IF(BH3=BH2,BI2+BH3,BH3)) | BJ3: =IF(BG3="","",IF(AND(BG3>-0.1%,BG3<0.1%),"Touch Zone","-----")) | BK3: =IF(BG3="","",IF(AND(BJ3="Touch Zone",BG3>0%),"Above",IF(AND(BJ3="Touch Zone",BG3<0%),"Below","-----"))) | BL3: =IF(AND(L3=N3,L3>0,N3>0),"Important High","------") -> ------ | BM3: =IF(AND(M3=O3,M3>0,O3>0),"Important Low","------") -> ------ | BX3: =H3-I3 -> 0.67423 | BY3: =IF(BX3>=0,1,-1) -> 1 | BZ3: =IF(BY3=BY2,BZ2+BY3,BY3) -> 1 | CA3: =IF(AND(H3>I3,H2<I2),"crossover","-----") -> ----- | CB3: =IF(AND(H3<I3,H2>I2),"crossunder","-----") -> ----- | CC3: =IF(OR(AK3="Touch Zone",AP3="Touch Zone",AU3="Touch Zone",AZ3="Touch Zone",BE3="Touch Zone",BJ3="Touch Zone"),"TL Touch Zone","") | CD3: =COUNTIF(AL3,"Above")+COUNTIF(AL3,"Below")+COUNTIF(AQ3,"Above")+COUNTIF(AQ3,"Below")+COUNTIF(AV3,"Above")+COUNTIF(AV3,"Below")+COUNTIF(BA3,"Above")+COUNTIF(BA3,"Below")+COUNTIF(BF3,"Above")+COUNTIF(BF3,"Below")+COUNTIF(BK3,"Above")+COUNTIF(BK3,"Below") -> 0 | CE3: {=IF(CD3<>1,"-----",_xlfn.IFS(OR(AL3="Above",AL3="Below"),AL3,OR(AQ3="Above",AQ3="Below"),AQ3,OR(AV3="Above",AV3="Below"),AV3,OR(BA3="Above",BA3="Below"),BA3,OR(BF3="Above",BF3="Below"),BF3,OR(BK3="Above",BK3="Below"),BK3,TRUE,"-----"))} -> ----- | CG3: =IF(BX3>0,"UP","DOWN") -> UP | CI3: =IF(AE3>0.05%,1,"") -> 1 | CJ3: =IF(AF3<-0.05%,1,"") | CL3: =IF(P3=0,"",1)
A4: =IF('Data Validation'!$K$2<>TRUE,"",'Data Validation'!A4) -> 1772025600 | B4: =IF('Data Validation'!$K$2<>TRUE,"",'Data Validation'!C4) -> XAUUSD | C4: =IF('Data Validation'!$K$2<>TRUE,"",'Data Validation'!E4) -> M5 | D4: =IF('Data Validation'!$K$2<>TRUE,"",'Data Validation'!G4) -> 5191.13 | E4: =IF($C4<>"M5","",Price!F4) -> 5191.47 | F4: =IF($C4<>"M5","",Price!G4) -> 5186.14 | G4: =IF($C4<>"M5","",Price!H4) -> 583 | H4: =IF($C4<>"M5","",SSA!E4) -> 5188.112 | I4: =IF($C4<>"M5","",SSA!F4) -> 5187.7058 | J4: =IF($C4<>"M5","",Dual_Tema!E4) -> 5190.73 | K4: =IF($C4<>"M5","",Dual_Tema!F4) -> 5186.16 | L4: =IF($C4<>"M5","",Trendlines!K4) -> 5191.47 | M4: =IF($C4<>"M5","",Trendlines!L4) -> 0 | N4: =IF($C4<>"M5","",ZigZag!E4) -> 5191.47 | O4: =IF($C4<>"M5","",ZigZag!F4) -> 0 | P4: =IF($C4<>"M5","",Pinbar!E4) -> 0 | Q4: =IF(Q$1='Trendline Selection'!$ED$198,Trendlines!E4,IF(Q$1='Trendline Selection'!$EE$198,Trendlines!E4,"")) -> 0 | R4: =IF(R$1='Trendline Selection'!$ED$198,Trendlines!F4,IF(R$1='Trendline Selection'!$EE$198,Trendlines!F4,"")) | S4: =IF(S$1='Trendline Selection'!$ED$198,Trendlines!G4,IF(S$1='Trendline Selection'!$EE$198,Trendlines!G4,"")) | T4: =IF(T$1='Trendline Selection'!$ED$198,Trendlines!H4,IF(T$1='Trendline Selection'!$EE$198,Trendlines!H4,"")) | U4: =IF(U$1='Trendline Selection'!$ED$198,Trendlines!I4,IF(U$1='Trendline Selection'!$EE$198,Trendlines!I4,"")) -> 0 | V4: =IF(V$1='Trendline Selection'!$ED$198,Trendlines!J4,IF(V$1='Trendline Selection'!$EE$198,Trendlines!J4,"")) | AA4: =E4-F4 -> 5.33 | AB4: =ABS(E4-D3) -> 4.47 | AC4: =ABS(F4-D3) -> 0.86 | AD4: =MAX(AA4:AC4) -> 5.33 | AE4: =(E4-J4)/J4 -> 0.00014256184 | AF4: =(F4-K4)/K4 -> -3.8564179e-06 | AH4: =IF(OR(Q4=0,Q4=""),"",((H4-Q4)/Q4)) | AI4: =IF(AH4="","",IF(AH4>=0,1,-1)) | AJ4: =IF(AI4="","",IF(AI4=AI3,AJ3+AI4,AI4)) | AK4: =IF(AH4="","",IF(AND(AH4>-0.1%,AH4<0.1%),"Touch Zone","-----")) | AL4: =IF(AH4="","",IF(AND(AK4="Touch Zone",AH4>0%),"Above",IF(AND(AK4="Touch Zone",AH4<0%),"Below","-----"))) | AM4: =IF(OR(R4=0,R4=""),"",((H4-R4)/R4)) | AN4: =IF(AM4="","",IF(AM4>=0,1,-1)) | AO4: =IF(AN4="","",IF(AN4=AN3,AO3+AN4,AN4)) | AP4: =IF(AM4="","",IF(AND(AM4>-0.1%,AM4<0.1%),"Touch Zone","-----")) | AQ4: =IF(AM4="","",IF(AND(AP4="Touch Zone",AM4>0%),"Above",IF(AND(AP4="Touch Zone",AM4<0%),"Below","-----"))) | AR4: =IF(OR(S4=0,S4=""),"",((H4-S4)/S4)) | AS4: =IF(AR4="","",IF(AR4>=0,1,-1)) | AT4: =IF(AS4="","",IF(AS4=AS3,AT3+AS4,AS4)) | AU4: =IF(AR4="","",IF(AND(AR4>-0.1%,AR4<0.1%),"Touch Zone","-----")) | AV4: =IF(AR4="","",IF(AND(AU4="Touch Zone",AR4>0%),"Above",IF(AND(AU4="Touch Zone",AR4<0%),"Below","-----"))) | AW4: =IF(OR(T4=0,T4=""),"",((H4-T4)/T4)) | AX4: =IF(AW4="","",IF(AW4>=0,1,-1)) | AY4: =IF(AX4="","",IF(AX4=AX3,AY3+AX4,AX4)) | AZ4: =IF(AW4="","",IF(AND(AW4>-0.1%,AW4<0.1%),"Touch Zone","-----")) | BA4: =IF(AW4="","",IF(AND(AZ4="Touch Zone",AW4>0%),"Above",IF(AND(AZ4="Touch Zone",AW4<0%),"Below","-----"))) | BB4: =IF(OR(U4=0,U4=""),"",((H4-U4)/U4)) | BC4: =IF(BB4="","",IF(BB4>=0,1,-1)) | BD4: =IF(BC4="","",IF(BC4=BC3,BD3+BC4,BC4)) | BE4: =IF(BB4="","",IF(AND(BB4>-0.1%,BB4<0.1%),"Touch Zone","-----")) | BF4: =IF(BB4="","",IF(AND(BE4="Touch Zone",BB4>0%),"Above",IF(AND(BE4="Touch Zone",BB4<0%),"Below","-----"))) | BG4: =IF(OR(V4=0,V4=""),"",((H4-V4)/V4)) | BH4: =IF(BG4="","",IF(BG4>=0,1,-1)) | BI4: =IF(BH4="","",IF(BH4=BH3,BI3+BH4,BH4)) | BJ4: =IF(BG4="","",IF(AND(BG4>-0.1%,BG4<0.1%),"Touch Zone","-----")) | BK4: =IF(BG4="","",IF(AND(BJ4="Touch Zone",BG4>0%),"Above",IF(AND(BJ4="Touch Zone",BG4<0%),"Below","-----"))) | BL4: =IF(AND(L4=N4,L4>0,N4>0),"Important High","------") -> Important High | BM4: =IF(AND(M4=O4,M4>0,O4>0),"Important Low","------") -> ------ | BX4: =H4-I4 -> 0.40624 | BY4: =IF(BX4>=0,1,-1) -> 1 | BZ4: =IF(BY4=BY3,BZ3+BY4,BY4) -> 2 | CA4: =IF(AND(H4>I4,H3<I3),"crossover","-----") -> ----- | CB4: =IF(AND(H4<I4,H3>I3),"crossunder","-----") -> ----- | CC4: =IF(OR(AK4="Touch Zone",AP4="Touch Zone",AU4="Touch Zone",AZ4="Touch Zone",BE4="Touch Zone",BJ4="Touch Zone"),"TL Touch Zone","") | CD4: =COUNTIF(AL4,"Above")+COUNTIF(AL4,"Below")+COUNTIF(AQ4,"Above")+COUNTIF(AQ4,"Below")+COUNTIF(AV4,"Above")+COUNTIF(AV4,"Below")+COUNTIF(BA4,"Above")+COUNTIF(BA4,"Below")+COUNTIF(BF4,"Above")+COUNTIF(BF4,"Below")+COUNTIF(BK4,"Above")+COUNTIF(BK4,"Below") -> 0 | CE4: {=IF(CD4<>1,"-----",_xlfn.IFS(OR(AL4="Above",AL4="Below"),AL4,OR(AQ4="Above",AQ4="Below"),AQ4,OR(AV4="Above",AV4="Below"),AV4,OR(BA4="Above",BA4="Below"),BA4,OR(BF4="Above",BF4="Below"),BF4,OR(BK4="Above",BK4="Below"),BK4,TRUE,"-----"))} -> ----- | CG4: =IF(BX4>0,"UP","DOWN") -> UP | CI4: =IF(AE4>0.05%,1,"") | CJ4: =IF(AF4<-0.05%,1,"") | CL4: =IF(P4=0,"",1)
A5: =IF('Data Validation'!$K$2<>TRUE,"",'Data Validation'!A5) -> 1772025900 | B5: =IF('Data Validation'!$K$2<>TRUE,"",'Data Validation'!C5) -> XAUUSD | C5: =IF('Data Validation'!$K$2<>TRUE,"",'Data Validation'!E5) -> M5 | D5: =IF('Data Validation'!$K$2<>TRUE,"",'Data Validation'!G5) -> 5188.07 | E5: =IF($C5<>"M5","",Price!F5) -> 5191.36 | F5: =IF($C5<>"M5","",Price!G5) -> 5186.93 | G5: =IF($C5<>"M5","",Price!H5) -> 547 | H5: =IF($C5<>"M5","",SSA!E5) -> 5187.9842 | I5: =IF($C5<>"M5","",SSA!F5) -> 5187.845 | J5: =IF($C5<>"M5","",Dual_Tema!E5) -> 5191.47 | K5: =IF($C5<>"M5","",Dual_Tema!F5) -> 5186.92 | L5: =IF($C5<>"M5","",Trendlines!K5) -> 0 | M5: =IF($C5<>"M5","",Trendlines!L5) -> 0 | N5: =IF($C5<>"M5","",ZigZag!E5) -> 0 | O5: =IF($C5<>"M5","",ZigZag!F5) -> 0 | P5: =IF($C5<>"M5","",Pinbar!E5) -> 0 | Q5: =IF(Q$1='Trendline Selection'!$ED$198,Trendlines!E5,IF(Q$1='Trendline Selection'!$EE$198,Trendlines!E5,"")) -> 0 | R5: =IF(R$1='Trendline Selection'!$ED$198,Trendlines!F5,IF(R$1='Trendline Selection'!$EE$198,Trendlines!F5,"")) | S5: =IF(S$1='Trendline Selection'!$ED$198,Trendlines!G5,IF(S$1='Trendline Selection'!$EE$198,Trendlines!G5,"")) | T5: =IF(T$1='Trendline Selection'!$ED$198,Trendlines!H5,IF(T$1='Trendline Selection'!$EE$198,Trendlines!H5,"")) | U5: =IF(U$1='Trendline Selection'!$ED$198,Trendlines!I5,IF(U$1='Trendline Selection'!$EE$198,Trendlines!I5,"")) -> 0 | V5: =IF(V$1='Trendline Selection'!$ED$198,Trendlines!J5,IF(V$1='Trendline Selection'!$EE$198,Trendlines!J5,"")) | AA5: =E5-F5 -> 4.43 | AB5: =ABS(E5-D4) -> 0.23 | AC5: =ABS(F5-D4) -> 4.2 | AD5: =MAX(AA5:AC5) -> 4.43 | AE5: =(E5-J5)/J5 -> -2.1188604e-05 | AF5: =(F5-K5)/K5 -> 1.9279264e-06 | AH5: =IF(OR(Q5=0,Q5=""),"",((H5-Q5)/Q5)) | AI5: =IF(AH5="","",IF(AH5>=0,1,-1)) | AJ5: =IF(AI5="","",IF(AI5=AI4,AJ4+AI5,AI5)) | AK5: =IF(AH5="","",IF(AND(AH5>-0.1%,AH5<0.1%),"Touch Zone","-----")) | AL5: =IF(AH5="","",IF(AND(AK5="Touch Zone",AH5>0%),"Above",IF(AND(AK5="Touch Zone",AH5<0%),"Below","-----"))) | AM5: =IF(OR(R5=0,R5=""),"",((H5-R5)/R5)) | AN5: =IF(AM5="","",IF(AM5>=0,1,-1)) | AO5: =IF(AN5="","",IF(AN5=AN4,AO4+AN5,AN5)) | AP5: =IF(AM5="","",IF(AND(AM5>-0.1%,AM5<0.1%),"Touch Zone","-----")) | AQ5: =IF(AM5="","",IF(AND(AP5="Touch Zone",AM5>0%),"Above",IF(AND(AP5="Touch Zone",AM5<0%),"Below","-----"))) | AR5: =IF(OR(S5=0,S5=""),"",((H5-S5)/S5)) | AS5: =IF(AR5="","",IF(AR5>=0,1,-1)) | AT5: =IF(AS5="","",IF(AS5=AS4,AT4+AS5,AS5)) | AU5: =IF(AR5="","",IF(AND(AR5>-0.1%,AR5<0.1%),"Touch Zone","-----")) | AV5: =IF(AR5="","",IF(AND(AU5="Touch Zone",AR5>0%),"Above",IF(AND(AU5="Touch Zone",AR5<0%),"Below","-----"))) | AW5: =IF(OR(T5=0,T5=""),"",((H5-T5)/T5)) | AX5: =IF(AW5="","",IF(AW5>=0,1,-1)) | AY5: =IF(AX5="","",IF(AX5=AX4,AY4+AX5,AX5)) | AZ5: =IF(AW5="","",IF(AND(AW5>-0.1%,AW5<0.1%),"Touch Zone","-----")) | BA5: =IF(AW5="","",IF(AND(AZ5="Touch Zone",AW5>0%),"Above",IF(AND(AZ5="Touch Zone",AW5<0%),"Below","-----"))) | BB5: =IF(OR(U5=0,U5=""),"",((H5-U5)/U5)) | BC5: =IF(BB5="","",IF(BB5>=0,1,-1)) | BD5: =IF(BC5="","",IF(BC5=BC4,BD4+BC5,BC5)) | BE5: =IF(BB5="","",IF(AND(BB5>-0.1%,BB5<0.1%),"Touch Zone","-----")) | BF5: =IF(BB5="","",IF(AND(BE5="Touch Zone",BB5>0%),"Above",IF(AND(BE5="Touch Zone",BB5<0%),"Below","-----"))) | BG5: =IF(OR(V5=0,V5=""),"",((H5-V5)/V5)) | BH5: =IF(BG5="","",IF(BG5>=0,1,-1)) | BI5: =IF(BH5="","",IF(BH5=BH4,BI4+BH5,BH5)) | BJ5: =IF(BG5="","",IF(AND(BG5>-0.1%,BG5<0.1%),"Touch Zone","-----")) | BK5: =IF(BG5="","",IF(AND(BJ5="Touch Zone",BG5>0%),"Above",IF(AND(BJ5="Touch Zone",BG5<0%),"Below","-----"))) | BL5: =IF(AND(L5=N5,L5>0,N5>0),"Important High","------") -> ------ | BM5: =IF(AND(M5=O5,M5>0,O5>0),"Important Low","------") -> ------ | BX5: =H5-I5 -> 0.13922 | BY5: =IF(BX5>=0,1,-1) -> 1 | BZ5: =IF(BY5=BY4,BZ4+BY5,BY5) -> 3 | CA5: =IF(AND(H5>I5,H4<I4),"crossover","-----") -> ----- | CB5: =IF(AND(H5<I5,H4>I4),"crossunder","-----") -> ----- | CC5: =IF(OR(AK5="Touch Zone",AP5="Touch Zone",AU5="Touch Zone",AZ5="Touch Zone",BE5="Touch Zone",BJ5="Touch Zone"),"TL Touch Zone","") | CD5: =COUNTIF(AL5,"Above")+COUNTIF(AL5,"Below")+COUNTIF(AQ5,"Above")+COUNTIF(AQ5,"Below")+COUNTIF(AV5,"Above")+COUNTIF(AV5,"Below")+COUNTIF(BA5,"Above")+COUNTIF(BA5,"Below")+COUNTIF(BF5,"Above")+COUNTIF(BF5,"Below")+COUNTIF(BK5,"Above")+COUNTIF(BK5,"Below") -> 0 | CE5: {=IF(CD5<>1,"-----",_xlfn.IFS(OR(AL5="Above",AL5="Below"),AL5,OR(AQ5="Above",AQ5="Below"),AQ5,OR(AV5="Above",AV5="Below"),AV5,OR(BA5="Above",BA5="Below"),BA5,OR(BF5="Above",BF5="Below"),BF5,OR(BK5="Above",BK5="Below"),BK5,TRUE,"-----"))} -> ----- | CG5: =IF(BX5>0,"UP","DOWN") -> UP | CI5: =IF(AE5>0.05%,1,"") | CJ5: =IF(AF5<-0.05%,1,"") | CL5: =IF(P5=0,"",1)
A6: =IF('Data Validation'!$K$2<>TRUE,"",'Data Validation'!A6) -> 1772026200 | B6: =IF('Data Validation'!$K$2<>TRUE,"",'Data Validation'!C6) -> XAUUSD | C6: =IF('Data Validation'!$K$2<>TRUE,"",'Data Validation'!E6) -> M5 | D6: =IF('Data Validation'!$K$2<>TRUE,"",'Data Validation'!G6) -> 5188.16 | E6: =IF($C6<>"M5","",Price!F6) -> 5190.35 | F6: =IF($C6<>"M5","",Price!G6) -> 5186.62 | G6: =IF($C6<>"M5","",Price!H6) -> 516 | H6: =IF($C6<>"M5","",SSA!E6) -> 5187.8513 | I6: =IF($C6<>"M5","",SSA!F6) -> 5187.8481 | J6: =IF($C6<>"M5","",Dual_Tema!E6) -> 5191.36 | K6: =IF($C6<>"M5","",Dual_Tema!F6) -> 5187.17 | L6: =IF($C6<>"M5","",Trendlines!K6) -> 0 | M6: =IF($C6<>"M5","",Trendlines!L6) -> 0 | N6: =IF($C6<>"M5","",ZigZag!E6) -> 0 | O6: =IF($C6<>"M5","",ZigZag!F6) -> 0 | P6: =IF($C6<>"M5","",Pinbar!E6) -> 0 | Q6: =IF(Q$1='Trendline Selection'!$ED$198,Trendlines!E6,IF(Q$1='Trendline Selection'!$EE$198,Trendlines!E6,"")) -> 0 | R6: =IF(R$1='Trendline Selection'!$ED$198,Trendlines!F6,IF(R$1='Trendline Selection'!$EE$198,Trendlines!F6,"")) | S6: =IF(S$1='Trendline Selection'!$ED$198,Trendlines!G6,IF(S$1='Trendline Selection'!$EE$198,Trendlines!G6,"")) | T6: =IF(T$1='Trendline Selection'!$ED$198,Trendlines!H6,IF(T$1='Trendline Selection'!$EE$198,Trendlines!H6,"")) | U6: =IF(U$1='Trendline Selection'!$ED$198,Trendlines!I6,IF(U$1='Trendline Selection'!$EE$198,Trendlines!I6,"")) -> 0 | V6: =IF(V$1='Trendline Selection'!$ED$198,Trendlines!J6,IF(V$1='Trendline Selection'!$EE$198,Trendlines!J6,"")) | AA6: =E6-F6 -> 3.73 | AB6: =ABS(E6-D5) -> 2.28 | AC6: =ABS(F6-D5) -> 1.45 | AD6: =MAX(AA6:AC6) -> 3.73 | AE6: =(E6-J6)/J6 -> -0.00019455403 | AF6: =(F6-K6)/K6 -> -0.00010603084 | AH6: =IF(OR(Q6=0,Q6=""),"",((H6-Q6)/Q6)) | AI6: =IF(AH6="","",IF(AH6>=0,1,-1)) | AJ6: =IF(AI6="","",IF(AI6=AI5,AJ5+AI6,AI6)) | AK6: =IF(AH6="","",IF(AND(AH6>-0.1%,AH6<0.1%),"Touch Zone","-----")) | AL6: =IF(AH6="","",IF(AND(AK6="Touch Zone",AH6>0%),"Above",IF(AND(AK6="Touch Zone",AH6<0%),"Below","-----"))) | AM6: =IF(OR(R6=0,R6=""),"",((H6-R6)/R6)) | AN6: =IF(AM6="","",IF(AM6>=0,1,-1)) | AO6: =IF(AN6="","",IF(AN6=AN5,AO5+AN6,AN6)) | AP6: =IF(AM6="","",IF(AND(AM6>-0.1%,AM6<0.1%),"Touch Zone","-----")) | AQ6: =IF(AM6="","",IF(AND(AP6="Touch Zone",AM6>0%),"Above",IF(AND(AP6="Touch Zone",AM6<0%),"Below","-----"))) | AR6: =IF(OR(S6=0,S6=""),"",((H6-S6)/S6)) | AS6: =IF(AR6="","",IF(AR6>=0,1,-1)) | AT6: =IF(AS6="","",IF(AS6=AS5,AT5+AS6,AS6)) | AU6: =IF(AR6="","",IF(AND(AR6>-0.1%,AR6<0.1%),"Touch Zone","-----")) | AV6: =IF(AR6="","",IF(AND(AU6="Touch Zone",AR6>0%),"Above",IF(AND(AU6="Touch Zone",AR6<0%),"Below","-----"))) | AW6: =IF(OR(T6=0,T6=""),"",((H6-T6)/T6)) | AX6: =IF(AW6="","",IF(AW6>=0,1,-1)) | AY6: =IF(AX6="","",IF(AX6=AX5,AY5+AX6,AX6)) | AZ6: =IF(AW6="","",IF(AND(AW6>-0.1%,AW6<0.1%),"Touch Zone","-----")) | BA6: =IF(AW6="","",IF(AND(AZ6="Touch Zone",AW6>0%),"Above",IF(AND(AZ6="Touch Zone",AW6<0%),"Below","-----"))) | BB6: =IF(OR(U6=0,U6=""),"",((H6-U6)/U6)) | BC6: =IF(BB6="","",IF(BB6>=0,1,-1)) | BD6: =IF(BC6="","",IF(BC6=BC5,BD5+BC6,BC6)) | BE6: =IF(BB6="","",IF(AND(BB6>-0.1%,BB6<0.1%),"Touch Zone","-----")) | BF6: =IF(BB6="","",IF(AND(BE6="Touch Zone",BB6>0%),"Above",IF(AND(BE6="Touch Zone",BB6<0%),"Below","-----"))) | BG6: =IF(OR(V6=0,V6=""),"",((H6-V6)/V6)) | BH6: =IF(BG6="","",IF(BG6>=0,1,-1)) | BI6: =IF(BH6="","",IF(BH6=BH5,BI5+BH6,BH6)) | BJ6: =IF(BG6="","",IF(AND(BG6>-0.1%,BG6<0.1%),"Touch Zone","-----")) | BK6: =IF(BG6="","",IF(AND(BJ6="Touch Zone",BG6>0%),"Above",IF(AND(BJ6="Touch Zone",BG6<0%),"Below","-----"))) | BL6: =IF(AND(L6=N6,L6>0,N6>0),"Important High","------") -> ------ | BM6: =IF(AND(M6=O6,M6>0,O6>0),"Important Low","------") -> ------ | BX6: =H6-I6 -> 0.00318 | BY6: =IF(BX6>=0,1,-1) -> 1 | BZ6: =IF(BY6=BY5,BZ5+BY6,BY6) -> 4 | CA6: =IF(AND(H6>I6,H5<I5),"crossover","-----") -> ----- | CB6: =IF(AND(H6<I6,H5>I5),"crossunder","-----") -> ----- | CC6: =IF(OR(AK6="Touch Zone",AP6="Touch Zone",AU6="Touch Zone",AZ6="Touch Zone",BE6="Touch Zone",BJ6="Touch Zone"),"TL Touch Zone","") | CD6: =COUNTIF(AL6,"Above")+COUNTIF(AL6,"Below")+COUNTIF(AQ6,"Above")+COUNTIF(AQ6,"Below")+COUNTIF(AV6,"Above")+COUNTIF(AV6,"Below")+COUNTIF(BA6,"Above")+COUNTIF(BA6,"Below")+COUNTIF(BF6,"Above")+COUNTIF(BF6,"Below")+COUNTIF(BK6,"Above")+COUNTIF(BK6,"Below") -> 0 | CE6: {=IF(CD6<>1,"-----",_xlfn.IFS(OR(AL6="Above",AL6="Below"),AL6,OR(AQ6="Above",AQ6="Below"),AQ6,OR(AV6="Above",AV6="Below"),AV6,OR(BA6="Above",BA6="Below"),BA6,OR(BF6="Above",BF6="Below"),BF6,OR(BK6="Above",BK6="Below"),BK6,TRUE,"-----"))} -> ----- | CG6: =IF(BX6>0,"UP","DOWN") -> UP | CI6: =IF(AE6>0.05%,1,"") | CJ6: =IF(AF6<-0.05%,1,"") | CL6: =IF(P6=0,"",1)
A7: =IF('Data Validation'!$K$2<>TRUE,"",'Data Validation'!A7) -> 1772026500 | B7: =IF('Data Validation'!$K$2<>TRUE,"",'Data Validation'!C7) -> XAUUSD | C7: =IF('Data Validation'!$K$2<>TRUE,"",'Data Validation'!E7) -> M5 | D7: =IF('Data Validation'!$K$2<>TRUE,"",'Data Validation'!G7) -> 5189.61 | E7: =IF($C7<>"M5","",Price!F7) -> 5190.35 | F7: =IF($C7<>"M5","",Price!G7) -> 5187.73 | G7: =IF($C7<>"M5","",Price!H7) -> 524 | H7: =IF($C7<>"M5","",SSA!E7) -> 5187.8602 | I7: =IF($C7<>"M5","",SSA!F7) -> 5187.8542 | J7: =IF($C7<>"M5","",Dual_Tema!E7) -> 5191.2 | K7: =IF($C7<>"M5","",Dual_Tema!F7) -> 5187.78 | L7: =IF($C7<>"M5","",Trendlines!K7) -> 0 | M7: =IF($C7<>"M5","",Trendlines!L7) -> 0 | N7: =IF($C7<>"M5","",ZigZag!E7) -> 0 | O7: =IF($C7<>"M5","",ZigZag!F7) -> 0 | P7: =IF($C7<>"M5","",Pinbar!E7) -> 0 | Q7: =IF(Q$1='Trendline Selection'!$ED$198,Trendlines!E7,IF(Q$1='Trendline Selection'!$EE$198,Trendlines!E7,"")) -> 0 | R7: =IF(R$1='Trendline Selection'!$ED$198,Trendlines!F7,IF(R$1='Trendline Selection'!$EE$198,Trendlines!F7,"")) | S7: =IF(S$1='Trendline Selection'!$ED$198,Trendlines!G7,IF(S$1='Trendline Selection'!$EE$198,Trendlines!G7,"")) | T7: =IF(T$1='Trendline Selection'!$ED$198,Trendlines!H7,IF(T$1='Trendline Selection'!$EE$198,Trendlines!H7,"")) | U7: =IF(U$1='Trendline Selection'!$ED$198,Trendlines!I7,IF(U$1='Trendline Selection'!$EE$198,Trendlines!I7,"")) -> 0 | V7: =IF(V$1='Trendline Selection'!$ED$198,Trendlines!J7,IF(V$1='Trendline Selection'!$EE$198,Trendlines!J7,"")) | AA7: =E7-F7 -> 2.62 | AB7: =ABS(E7-D6) -> 2.19 | AC7: =ABS(F7-D6) -> 0.43 | AD7: =MAX(AA7:AC7) -> 2.62 | AE7: =(E7-J7)/J7 -> -0.00016373863 | AF7: =(F7-K7)/K7 -> -9.638034e-06 | AH7: =IF(OR(Q7=0,Q7=""),"",((H7-Q7)/Q7)) | AI7: =IF(AH7="","",IF(AH7>=0,1,-1)) | AJ7: =IF(AI7="","",IF(AI7=AI6,AJ6+AI7,AI7)) | AK7: =IF(AH7="","",IF(AND(AH7>-0.1%,AH7<0.1%),"Touch Zone","-----")) | AL7: =IF(AH7="","",IF(AND(AK7="Touch Zone",AH7>0%),"Above",IF(AND(AK7="Touch Zone",AH7<0%),"Below","-----"))) | AM7: =IF(OR(R7=0,R7=""),"",((H7-R7)/R7)) | AN7: =IF(AM7="","",IF(AM7>=0,1,-1)) | AO7: =IF(AN7="","",IF(AN7=AN6,AO6+AN7,AN7)) | AP7: =IF(AM7="","",IF(AND(AM7>-0.1%,AM7<0.1%),"Touch Zone","-----")) | AQ7: =IF(AM7="","",IF(AND(AP7="Touch Zone",AM7>0%),"Above",IF(AND(AP7="Touch Zone",AM7<0%),"Below","-----"))) | AR7: =IF(OR(S7=0,S7=""),"",((H7-S7)/S7)) | AS7: =IF(AR7="","",IF(AR7>=0,1,-1)) | AT7: =IF(AS7="","",IF(AS7=AS6,AT6+AS7,AS7)) | AU7: =IF(AR7="","",IF(AND(AR7>-0.1%,AR7<0.1%),"Touch Zone","-----")) | AV7: =IF(AR7="","",IF(AND(AU7="Touch Zone",AR7>0%),"Above",IF(AND(AU7="Touch Zone",AR7<0%),"Below","-----"))) | AW7: =IF(OR(T7=0,T7=""),"",((H7-T7)/T7)) | AX7: =IF(AW7="","",IF(AW7>=0,1,-1)) | AY7: =IF(AX7="","",IF(AX7=AX6,AY6+AX7,AX7)) | AZ7: =IF(AW7="","",IF(AND(AW7>-0.1%,AW7<0.1%),"Touch Zone","-----")) | BA7: =IF(AW7="","",IF(AND(AZ7="Touch Zone",AW7>0%),"Above",IF(AND(AZ7="Touch Zone",AW7<0%),"Below","-----"))) | BB7: =IF(OR(U7=0,U7=""),"",((H7-U7)/U7)) | BC7: =IF(BB7="","",IF(BB7>=0,1,-1)) | BD7: =IF(BC7="","",IF(BC7=BC6,BD6+BC7,BC7)) | BE7: =IF(BB7="","",IF(AND(BB7>-0.1%,BB7<0.1%),"Touch Zone","-----")) | BF7: =IF(BB7="","",IF(AND(BE7="Touch Zone",BB7>0%),"Above",IF(AND(BE7="Touch Zone",BB7<0%),"Below","-----"))) | BG7: =IF(OR(V7=0,V7=""),"",((H7-V7)/V7)) | BH7: =IF(BG7="","",IF(BG7>=0,1,-1)) | BI7: =IF(BH7="","",IF(BH7=BH6,BI6+BH7,BH7)) | BJ7: =IF(BG7="","",IF(AND(BG7>-0.1%,BG7<0.1%),"Touch Zone","-----")) | BK7: =IF(BG7="","",IF(AND(BJ7="Touch Zone",BG7>0%),"Above",IF(AND(BJ7="Touch Zone",BG7<0%),"Below","-----"))) | BL7: =IF(AND(L7=N7,L7>0,N7>0),"Important High","------") -> ------ | BM7: =IF(AND(M7=O7,M7>0,O7>0),"Important Low","------") -> ------ | BX7: =H7-I7 -> 0.00604 | BY7: =IF(BX7>=0,1,-1) -> 1 | BZ7: =IF(BY7=BY6,BZ6+BY7,BY7) -> 5 | CA7: =IF(AND(H7>I7,H6<I6),"crossover","-----") -> ----- | CB7: =IF(AND(H7<I7,H6>I6),"crossunder","-----") -> ----- | CC7: =IF(OR(AK7="Touch Zone",AP7="Touch Zone",AU7="Touch Zone",AZ7="Touch Zone",BE7="Touch Zone",BJ7="Touch Zone"),"TL Touch Zone","") | CD7: =COUNTIF(AL7,"Above")+COUNTIF(AL7,"Below")+COUNTIF(AQ7,"Above")+COUNTIF(AQ7,"Below")+COUNTIF(AV7,"Above")+COUNTIF(AV7,"Below")+COUNTIF(BA7,"Above")+COUNTIF(BA7,"Below")+COUNTIF(BF7,"Above")+COUNTIF(BF7,"Below")+COUNTIF(BK7,"Above")+COUNTIF(BK7,"Below") -> 0 | CE7: {=IF(CD7<>1,"-----",_xlfn.IFS(OR(AL7="Above",AL7="Below"),AL7,OR(AQ7="Above",AQ7="Below"),AQ7,OR(AV7="Above",AV7="Below"),AV7,OR(BA7="Above",BA7="Below"),BA7,OR(BF7="Above",BF7="Below"),BF7,OR(BK7="Above",BK7="Below"),BK7,TRUE,"-----"))} -> ----- | CG7: =IF(BX7>0,"UP","DOWN") -> UP | CI7: =IF(AE7>0.05%,1,"") | CJ7: =IF(AF7<-0.05%,1,"") | CL7: =IF(P7=0,"",1)
A8: =IF('Data Validation'!$K$2<>TRUE,"",'Data Validation'!A8) -> 1772026800 | B8: =IF('Data Validation'!$K$2<>TRUE,"",'Data Validation'!C8) -> XAUUSD | C8: =IF('Data Validation'!$K$2<>TRUE,"",'Data Validation'!E8) -> M5 | D8: =IF('Data Validation'!$K$2<>TRUE,"",'Data Validation'!G8) -> 5186.84 | E8: =IF($C8<>"M5","",Price!F8) -> 5191.33 | F8: =IF($C8<>"M5","",Price!G8) -> 5182.03 | G8: =IF($C8<>"M5","",Price!H8) -> 660 | H8: =IF($C8<>"M5","",SSA!E8) -> 5188.0224 | I8: =IF($C8<>"M5","",SSA!F8) -> 5187.9383 | J8: =IF($C8<>"M5","",Dual_Tema!E8) -> 5191.5 | K8: =IF($C8<>"M5","",Dual_Tema!F8) -> 5185.31 | L8: =IF($C8<>"M5","",Trendlines!K8) -> 0 | M8: =IF($C8<>"M5","",Trendlines!L8) -> 0 | N8: =IF($C8<>"M5","",ZigZag!E8) -> 0 | O8: =IF($C8<>"M5","",ZigZag!F8) -> 0 | P8: =IF($C8<>"M5","",Pinbar!E8) -> 0 | Q8: =IF(Q$1='Trendline Selection'!$ED$198,Trendlines!E8,IF(Q$1='Trendline Selection'!$EE$198,Trendlines!E8,"")) -> 0 | R8: =IF(R$1='Trendline Selection'!$ED$198,Trendlines!F8,IF(R$1='Trendline Selection'!$EE$198,Trendlines!F8,"")) | S8: =IF(S$1='Trendline Selection'!$ED$198,Trendlines!G8,IF(S$1='Trendline Selection'!$EE$198,Trendlines!G8,"")) | T8: =IF(T$1='Trendline Selection'!$ED$198,Trendlines!H8,IF(T$1='Trendline Selection'!$EE$198,Trendlines!H8,"")) | U8: =IF(U$1='Trendline Selection'!$ED$198,Trendlines!I8,IF(U$1='Trendline Selection'!$EE$198,Trendlines!I8,"")) -> 0 | V8: =IF(V$1='Trendline Selection'!$ED$198,Trendlines!J8,IF(V$1='Trendline Selection'!$EE$198,Trendlines!J8,"")) | AA8: =E8-F8 -> 9.3 | AB8: =ABS(E8-D7) -> 1.72 | AC8: =ABS(F8-D7) -> 7.58 | AD8: =MAX(AA8:AC8) -> 9.3 | AE8: =(E8-J8)/J8 -> -3.2745835e-05 | AF8: =(F8-K8)/K8 -> -0.0006325562 | AH8: =IF(OR(Q8=0,Q8=""),"",((H8-Q8)/Q8)) | AI8: =IF(AH8="","",IF(AH8>=0,1,-1)) | AJ8: =IF(AI8="","",IF(AI8=AI7,AJ7+AI8,AI8)) | AK8: =IF(AH8="","",IF(AND(AH8>-0.1%,AH8<0.1%),"Touch Zone","-----")) | AL8: =IF(AH8="","",IF(AND(AK8="Touch Zone",AH8>0%),"Above",IF(AND(AK8="Touch Zone",AH8<0%),"Below","-----"))) | AM8: =IF(OR(R8=0,R8=""),"",((H8-R8)/R8)) | AN8: =IF(AM8="","",IF(AM8>=0,1,-1)) | AO8: =IF(AN8="","",IF(AN8=AN7,AO7+AN8,AN8)) | AP8: =IF(AM8="","",IF(AND(AM8>-0.1%,AM8<0.1%),"Touch Zone","-----")) | AQ8: =IF(AM8="","",IF(AND(AP8="Touch Zone",AM8>0%),"Above",IF(AND(AP8="Touch Zone",AM8<0%),"Below","-----"))) | AR8: =IF(OR(S8=0,S8=""),"",((H8-S8)/S8)) | AS8: =IF(AR8="","",IF(AR8>=0,1,-1)) | AT8: =IF(AS8="","",IF(AS8=AS7,AT7+AS8,AS8)) | AU8: =IF(AR8="","",IF(AND(AR8>-0.1%,AR8<0.1%),"Touch Zone","-----")) | AV8: =IF(AR8="","",IF(AND(AU8="Touch Zone",AR8>0%),"Above",IF(AND(AU8="Touch Zone",AR8<0%),"Below","-----"))) | AW8: =IF(OR(T8=0,T8=""),"",((H8-T8)/T8)) | AX8: =IF(AW8="","",IF(AW8>=0,1,-1)) | AY8: =IF(AX8="","",IF(AX8=AX7,AY7+AX8,AX8)) | AZ8: =IF(AW8="","",IF(AND(AW8>-0.1%,AW8<0.1%),"Touch Zone","-----")) | BA8: =IF(AW8="","",IF(AND(AZ8="Touch Zone",AW8>0%),"Above",IF(AND(AZ8="Touch Zone",AW8<0%),"Below","-----"))) | BB8: =IF(OR(U8=0,U8=""),"",((H8-U8)/U8)) | BC8: =IF(BB8="","",IF(BB8>=0,1,-1)) | BD8: =IF(BC8="","",IF(BC8=BC7,BD7+BC8,BC8)) | BE8: =IF(BB8="","",IF(AND(BB8>-0.1%,BB8<0.1%),"Touch Zone","-----")) | BF8: =IF(BB8="","",IF(AND(BE8="Touch Zone",BB8>0%),"Above",IF(AND(BE8="Touch Zone",BB8<0%),"Below","-----"))) | BG8: =IF(OR(V8=0,V8=""),"",((H8-V8)/V8)) | BH8: =IF(BG8="","",IF(BG8>=0,1,-1)) | BI8: =IF(BH8="","",IF(BH8=BH7,BI7+BH8,BH8)) | BJ8: =IF(BG8="","",IF(AND(BG8>-0.1%,BG8<0.1%),"Touch Zone","-----")) | BK8: =IF(BG8="","",IF(AND(BJ8="Touch Zone",BG8>0%),"Above",IF(AND(BJ8="Touch Zone",BG8<0%),"Below","-----"))) | BL8: =IF(AND(L8=N8,L8>0,N8>0),"Important High","------") -> ------ | BM8: =IF(AND(M8=O8,M8>0,O8>0),"Important Low","------") -> ------ | BX8: =H8-I8 -> 0.0841 | BY8: =IF(BX8>=0,1,-1) -> 1 | BZ8: =IF(BY8=BY7,BZ7+BY8,BY8) -> 6 | CA8: =IF(AND(H8>I8,H7<I7),"crossover","-----") -> ----- | CB8: =IF(AND(H8<I8,H7>I7),"crossunder","-----") -> ----- | CC8: =IF(OR(AK8="Touch Zone",AP8="Touch Zone",AU8="Touch Zone",AZ8="Touch Zone",BE8="Touch Zone",BJ8="Touch Zone"),"TL Touch Zone","") | CD8: =COUNTIF(AL8,"Above")+COUNTIF(AL8,"Below")+COUNTIF(AQ8,"Above")+COUNTIF(AQ8,"Below")+COUNTIF(AV8,"Above")+COUNTIF(AV8,"Below")+COUNTIF(BA8,"Above")+COUNTIF(BA8,"Below")+COUNTIF(BF8,"Above")+COUNTIF(BF8,"Below")+COUNTIF(BK8,"Above")+COUNTIF(BK8,"Below") -> 0 | CE8: {=IF(CD8<>1,"-----",_xlfn.IFS(OR(AL8="Above",AL8="Below"),AL8,OR(AQ8="Above",AQ8="Below"),AQ8,OR(AV8="Above",AV8="Below"),AV8,OR(BA8="Above",BA8="Below"),BA8,OR(BF8="Above",BF8="Below"),BF8,OR(BK8="Above",BK8="Below"),BK8,TRUE,"-----"))} -> ----- | CG8: =IF(BX8>0,"UP","DOWN") -> UP | CI8: =IF(AE8>0.05%,1,"") | CJ8: =IF(AF8<-0.05%,1,"") -> 1 | CL8: =IF(P8=0,"",1)
A9: =IF('Data Validation'!$K$2<>TRUE,"",'Data Validation'!A9) -> 1772027100 | B9: =IF('Data Validation'!$K$2<>TRUE,"",'Data Validation'!C9) -> XAUUSD | C9: =IF('Data Validation'!$K$2<>TRUE,"",'Data Validation'!E9) -> M5 | D9: =IF('Data Validation'!$K$2<>TRUE,"",'Data Validation'!G9) -> 5186.59 | E9: =IF($C9<>"M5","",Price!F9) -> 5191.12 | F9: =IF($C9<>"M5","",Price!G9) -> 5185.65 | G9: =IF($C9<>"M5","",Price!H9) -> 585 | H9: =IF($C9<>"M5","",SSA!E9) -> 5188.327 | I9: =IF($C9<>"M5","",SSA!F9) -> 5188.1327 | J9: =IF($C9<>"M5","",Dual_Tema!E9) -> 5191.53 | K9: =IF($C9<>"M5","",Dual_Tema!F9) -> 5185.45 | L9: =IF($C9<>"M5","",Trendlines!K9) -> 0 | M9: =IF($C9<>"M5","",Trendlines!L9) -> 0 | N9: =IF($C9<>"M5","",ZigZag!E9) -> 0 | O9: =IF($C9<>"M5","",ZigZag!F9) -> 0 | P9: =IF($C9<>"M5","",Pinbar!E9) -> 0 | Q9: =IF(Q$1='Trendline Selection'!$ED$198,Trendlines!E9,IF(Q$1='Trendline Selection'!$EE$198,Trendlines!E9,"")) -> 0 | R9: =IF(R$1='Trendline Selection'!$ED$198,Trendlines!F9,IF(R$1='Trendline Selection'!$EE$198,Trendlines!F9,"")) | S9: =IF(S$1='Trendline Selection'!$ED$198,Trendlines!G9,IF(S$1='Trendline Selection'!$EE$198,Trendlines!G9,"")) | T9: =IF(T$1='Trendline Selection'!$ED$198,Trendlines!H9,IF(T$1='Trendline Selection'!$EE$198,Trendlines!H9,"")) | U9: =IF(U$1='Trendline Selection'!$ED$198,Trendlines!I9,IF(U$1='Trendline Selection'!$EE$198,Trendlines!I9,"")) -> 0 | V9: =IF(V$1='Trendline Selection'!$ED$198,Trendlines!J9,IF(V$1='Trendline Selection'!$EE$198,Trendlines!J9,"")) | AA9: =E9-F9 -> 5.47 | AB9: =ABS(E9-D8) -> 4.28 | AC9: =ABS(F9-D8) -> 1.19 | AD9: =MAX(AA9:AC9) -> 5.47 | AE9: =(E9-J9)/J9 -> -7.8974792e-05 | AF9: =(F9-K9)/K9 -> 3.8569459e-05 | AH9: =IF(OR(Q9=0,Q9=""),"",((H9-Q9)/Q9)) | AI9: =IF(AH9="","",IF(AH9>=0,1,-1)) | AJ9: =IF(AI9="","",IF(AI9=AI8,AJ8+AI9,AI9)) | AK9: =IF(AH9="","",IF(AND(AH9>-0.1%,AH9<0.1%),"Touch Zone","-----")) | AL9: =IF(AH9="","",IF(AND(AK9="Touch Zone",AH9>0%),"Above",IF(AND(AK9="Touch Zone",AH9<0%),"Below","-----"))) | AM9: =IF(OR(R9=0,R9=""),"",((H9-R9)/R9)) | AN9: =IF(AM9="","",IF(AM9>=0,1,-1)) | AO9: =IF(AN9="","",IF(AN9=AN8,AO8+AN9,AN9)) | AP9: =IF(AM9="","",IF(AND(AM9>-0.1%,AM9<0.1%),"Touch Zone","-----")) | AQ9: =IF(AM9="","",IF(AND(AP9="Touch Zone",AM9>0%),"Above",IF(AND(AP9="Touch Zone",AM9<0%),"Below","-----"))) | AR9: =IF(OR(S9=0,S9=""),"",((H9-S9)/S9)) | AS9: =IF(AR9="","",IF(AR9>=0,1,-1)) | AT9: =IF(AS9="","",IF(AS9=AS8,AT8+AS9,AS9)) | AU9: =IF(AR9="","",IF(AND(AR9>-0.1%,AR9<0.1%),"Touch Zone","-----")) | AV9: =IF(AR9="","",IF(AND(AU9="Touch Zone",AR9>0%),"Above",IF(AND(AU9="Touch Zone",AR9<0%),"Below","-----"))) | AW9: =IF(OR(T9=0,T9=""),"",((H9-T9)/T9)) | AX9: =IF(AW9="","",IF(AW9>=0,1,-1)) | AY9: =IF(AX9="","",IF(AX9=AX8,AY8+AX9,AX9)) | AZ9: =IF(AW9="","",IF(AND(AW9>-0.1%,AW9<0.1%),"Touch Zone","-----")) | BA9: =IF(AW9="","",IF(AND(AZ9="Touch Zone",AW9>0%),"Above",IF(AND(AZ9="Touch Zone",AW9<0%),"Below","-----"))) | BB9: =IF(OR(U9=0,U9=""),"",((H9-U9)/U9)) | BC9: =IF(BB9="","",IF(BB9>=0,1,-1)) | BD9: =IF(BC9="","",IF(BC9=BC8,BD8+BC9,BC9)) | BE9: =IF(BB9="","",IF(AND(BB9>-0.1%,BB9<0.1%),"Touch Zone","-----")) | BF9: =IF(BB9="","",IF(AND(BE9="Touch Zone",BB9>0%),"Above",IF(AND(BE9="Touch Zone",BB9<0%),"Below","-----"))) | BG9: =IF(OR(V9=0,V9=""),"",((H9-V9)/V9)) | BH9: =IF(BG9="","",IF(BG9>=0,1,-1)) | BI9: =IF(BH9="","",IF(BH9=BH8,BI8+BH9,BH9)) | BJ9: =IF(BG9="","",IF(AND(BG9>-0.1%,BG9<0.1%),"Touch Zone","-----")) | BK9: =IF(BG9="","",IF(AND(BJ9="Touch Zone",BG9>0%),"Above",IF(AND(BJ9="Touch Zone",BG9<0%),"Below","-----"))) | BL9: =IF(AND(L9=N9,L9>0,N9>0),"Important High","------") -> ------ | BM9: =IF(AND(M9=O9,M9>0,O9>0),"Important Low","------") -> ------ | BX9: =H9-I9 -> 0.19437 | BY9: =IF(BX9>=0,1,-1) -> 1 | BZ9: =IF(BY9=BY8,BZ8+BY9,BY9) -> 7 | CA9: =IF(AND(H9>I9,H8<I8),"crossover","-----") -> ----- | CB9: =IF(AND(H9<I9,H8>I8),"crossunder","-----") -> ----- | CC9: =IF(OR(AK9="Touch Zone",AP9="Touch Zone",AU9="Touch Zone",AZ9="Touch Zone",BE9="Touch Zone",BJ9="Touch Zone"),"TL Touch Zone","") | CD9: =COUNTIF(AL9,"Above")+COUNTIF(AL9,"Below")+COUNTIF(AQ9,"Above")+COUNTIF(AQ9,"Below")+COUNTIF(AV9,"Above")+COUNTIF(AV9,"Below")+COUNTIF(BA9,"Above")+COUNTIF(BA9,"Below")+COUNTIF(BF9,"Above")+COUNTIF(BF9,"Below")+COUNTIF(BK9,"Above")+COUNTIF(BK9,"Below") -> 0 | CE9: {=IF(CD9<>1,"-----",_xlfn.IFS(OR(AL9="Above",AL9="Below"),AL9,OR(AQ9="Above",AQ9="Below"),AQ9,OR(AV9="Above",AV9="Below"),AV9,OR(BA9="Above",BA9="Below"),BA9,OR(BF9="Above",BF9="Below"),BF9,OR(BK9="Above",BK9="Below"),BK9,TRUE,"-----"))} -> ----- | CG9: =IF(BX9>0,"UP","DOWN") -> UP | CI9: =IF(AE9>0.05%,1,"") | CJ9: =IF(AF9<-0.05%,1,"") | CL9: =IF(P9=0,"",1)
A10: =IF('Data Validation'!$K$2<>TRUE,"",'Data Validation'!A10) -> 1772027400 | B10: =IF('Data Validation'!$K$2<>TRUE,"",'Data Validation'!C10) -> XAUUSD | C10: =IF('Data Validation'!$K$2<>TRUE,"",'Data Validation'!E10) -> M5 | D10: =IF('Data Validation'!$K$2<>TRUE,"",'Data Validation'!G10) -> 5186.07 | E10: =IF($C10<>"M5","",Price!F10) -> 5187.42 | F10: =IF($C10<>"M5","",Price!G10) -> 5184.3 | G10: =IF($C10<>"M5","",Price!H10) -> 628 | H10: =IF($C10<>"M5","",SSA!E10) -> 5188.5571 | I10: =IF($C10<>"M5","",SSA!F10) -> 5188.3449 | J10: =IF($C10<>"M5","",Dual_Tema!E10) -> 5189.69 | K10: =IF($C10<>"M5","",Dual_Tema!F10) -> 5184.86 | L10: =IF($C10<>"M5","",Trendlines!K10) -> 0 | M10: =IF($C10<>"M5","",Trendlines!L10) -> 0 | N10: =IF($C10<>"M5","",ZigZag!E10) -> 0 | O10: =IF($C10<>"M5","",ZigZag!F10) -> 0 | P10: =IF($C10<>"M5","",Pinbar!E10) -> 0 | Q10: =IF(Q$1='Trendline Selection'!$ED$198,Trendlines!E10,IF(Q$1='Trendline Selection'!$EE$198,Trendlines!E10,"")) -> 0 | R10: =IF(R$1='Trendline Selection'!$ED$198,Trendlines!F10,IF(R$1='Trendline Selection'!$EE$198,Trendlines!F10,"")) | S10: =IF(S$1='Trendline Selection'!$ED$198,Trendlines!G10,IF(S$1='Trendline Selection'!$EE$198,Trendlines!G10,"")) | T10: =IF(T$1='Trendline Selection'!$ED$198,Trendlines!H10,IF(T$1='Trendline Selection'!$EE$198,Trendlines!H10,"")) | U10: =IF(U$1='Trendline Selection'!$ED$198,Trendlines!I10,IF(U$1='Trendline Selection'!$EE$198,Trendlines!I10,"")) -> 0 | V10: =IF(V$1='Trendline Selection'!$ED$198,Trendlines!J10,IF(V$1='Trendline Selection'!$EE$198,Trendlines!J10,"")) | AA10: =E10-F10 -> 3.12 | AB10: =ABS(E10-D9) -> 0.83 | AC10: =ABS(F10-D9) -> 2.29 | AD10: =MAX(AA10:AC10) -> 3.12 | AE10: =(E10-J10)/J10 -> -0.0004374057 | AF10: =(F10-K10)/K10 -> -0.00010800677 | AH10: =IF(OR(Q10=0,Q10=""),"",((H10-Q10)/Q10)) | AI10: =IF(AH10="","",IF(AH10>=0,1,-1)) | AJ10: =IF(AI10="","",IF(AI10=AI9,AJ9+AI10,AI10)) | AK10: =IF(AH10="","",IF(AND(AH10>-0.1%,AH10<0.1%),"Touch Zone","-----")) | AL10: =IF(AH10="","",IF(AND(AK10="Touch Zone",AH10>0%),"Above",IF(AND(AK10="Touch Zone",AH10<0%),"Below","-----"))) | AM10: =IF(OR(R10=0,R10=""),"",((H10-R10)/R10)) | AN10: =IF(AM10="","",IF(AM10>=0,1,-1)) | AO10: =IF(AN10="","",IF(AN10=AN9,AO9+AN10,AN10)) | AP10: =IF(AM10="","",IF(AND(AM10>-0.1%,AM10<0.1%),"Touch Zone","-----")) | AQ10: =IF(AM10="","",IF(AND(AP10="Touch Zone",AM10>0%),"Above",IF(AND(AP10="Touch Zone",AM10<0%),"Below","-----"))) | AR10: =IF(OR(S10=0,S10=""),"",((H10-S10)/S10)) | AS10: =IF(AR10="","",IF(AR10>=0,1,-1)) | AT10: =IF(AS10="","",IF(AS10=AS9,AT9+AS10,AS10)) | AU10: =IF(AR10="","",IF(AND(AR10>-0.1%,AR10<0.1%),"Touch Zone","-----")) | AV10: =IF(AR10="","",IF(AND(AU10="Touch Zone",AR10>0%),"Above",IF(AND(AU10="Touch Zone",AR10<0%),"Below","-----"))) | AW10: =IF(OR(T10=0,T10=""),"",((H10-T10)/T10)) | AX10: =IF(AW10="","",IF(AW10>=0,1,-1)) | AY10: =IF(AX10="","",IF(AX10=AX9,AY9+AX10,AX10)) | AZ10: =IF(AW10="","",IF(AND(AW10>-0.1%,AW10<0.1%),"Touch Zone","-----")) | BA10: =IF(AW10="","",IF(AND(AZ10="Touch Zone",AW10>0%),"Above",IF(AND(AZ10="Touch Zone",AW10<0%),"Below","-----"))) | BB10: =IF(OR(U10=0,U10=""),"",((H10-U10)/U10)) | BC10: =IF(BB10="","",IF(BB10>=0,1,-1)) | BD10: =IF(BC10="","",IF(BC10=BC9,BD9+BC10,BC10)) | BE10: =IF(BB10="","",IF(AND(BB10>-0.1%,BB10<0.1%),"Touch Zone","-----")) | BF10: =IF(BB10="","",IF(AND(BE10="Touch Zone",BB10>0%),"Above",IF(AND(BE10="Touch Zone",BB10<0%),"Below","-----"))) | BG10: =IF(OR(V10=0,V10=""),"",((H10-V10)/V10)) | BH10: =IF(BG10="","",IF(BG10>=0,1,-1)) | BI10: =IF(BH10="","",IF(BH10=BH9,BI9+BH10,BH10)) | BJ10: =IF(BG10="","",IF(AND(BG10>-0.1%,BG10<0.1%),"Touch Zone","-----")) | BK10: =IF(BG10="","",IF(AND(BJ10="Touch Zone",BG10>0%),"Above",IF(AND(BJ10="Touch Zone",BG10<0%),"Below","-----"))) | BL10: =IF(AND(L10=N10,L10>0,N10>0),"Important High","------") -> ------ | BM10: =IF(AND(M10=O10,M10>0,O10>0),"Important Low","------") -> ------ | BX10: =H10-I10 -> 0.21219 | BY10: =IF(BX10>=0,1,-1) -> 1 | BZ10: =IF(BY10=BY9,BZ9+BY10,BY10) -> 8 | CA10: =IF(AND(H10>I10,H9<I9),"crossover","-----") -> ----- | CB10: =IF(AND(H10<I10,H9>I9),"crossunder","-----") -> ----- | CC10: =IF(OR(AK10="Touch Zone",AP10="Touch Zone",AU10="Touch Zone",AZ10="Touch Zone",BE10="Touch Zone",BJ10="Touch Zone"),"TL Touch Zone","") | CD10: =COUNTIF(AL10,"Above")+COUNTIF(AL10,"Below")+COUNTIF(AQ10,"Above")+COUNTIF(AQ10,"Below")+COUNTIF(AV10,"Above")+COUNTIF(AV10,"Below")+COUNTIF(BA10,"Above")+COUNTIF(BA10,"Below")+COUNTIF(BF10,"Above")+COUNTIF(BF10,"Below")+COUNTIF(BK10,"Above")+COUNTIF(BK10,"Below") -> 0 | CE10: {=IF(CD10<>1,"-----",_xlfn.IFS(OR(AL10="Above",AL10="Below"),AL10,OR(AQ10="Above",AQ10="Below"),AQ10,OR(AV10="Above",AV10="Below"),AV10,OR(BA10="Above",BA10="Below"),BA10,OR(BF10="Above",BF10="Below"),BF10,OR(BK10="Above",BK10="Below"),BK10,TRUE,"-----"))} -> ----- | CG10: =IF(BX10>0,"UP","DOWN") -> UP | CI10: =IF(AE10>0.05%,1,"") | CJ10: =IF(AF10<-0.05%,1,"") | CL10: =IF(P10=0,"",1)
A11: =IF('Data Validation'!$K$2<>TRUE,"",'Data Validation'!A11) -> 1772027700 | B11: =IF('Data Validation'!$K$2<>TRUE,"",'Data Validation'!C11) -> XAUUSD | C11: =IF('Data Validation'!$K$2<>TRUE,"",'Data Validation'!E11) -> M5 | D11: =IF('Data Validation'!$K$2<>TRUE,"",'Data Validation'!G11) -> 5185.23 | E11: =IF($C11<>"M5","",Price!F11) -> 5188.5 | F11: =IF($C11<>"M5","",Price!G11) -> 5184.76 | G11: =IF($C11<>"M5","",Price!H11) -> 572 | H11: =IF($C11<>"M5","",SSA!E11) -> 5188.4097 | I11: =IF($C11<>"M5","",SSA!F11) -> 5188.3773 | J11: =IF($C11<>"M5","",Dual_Tema!E11) -> 5189.01 | K11: =IF($C11<>"M5","",Dual_Tema!F11) -> 5184.7 | L11: =IF($C11<>"M5","",Trendlines!K11) -> 0 | M11: =IF($C11<>"M5","",Trendlines!L11) -> 0 | N11: =IF($C11<>"M5","",ZigZag!E11) -> 0 | O11: =IF($C11<>"M5","",ZigZag!F11) -> 0 | P11: =IF($C11<>"M5","",Pinbar!E11) -> 0 | Q11: =IF(Q$1='Trendline Selection'!$ED$198,Trendlines!E11,IF(Q$1='Trendline Selection'!$EE$198,Trendlines!E11,"")) -> 0 | R11: =IF(R$1='Trendline Selection'!$ED$198,Trendlines!F11,IF(R$1='Trendline Selection'!$EE$198,Trendlines!F11,"")) | S11: =IF(S$1='Trendline Selection'!$ED$198,Trendlines!G11,IF(S$1='Trendline Selection'!$EE$198,Trendlines!G11,"")) | T11: =IF(T$1='Trendline Selection'!$ED$198,Trendlines!H11,IF(T$1='Trendline Selection'!$EE$198,Trendlines!H11,"")) | U11: =IF(U$1='Trendline Selection'!$ED$198,Trendlines!I11,IF(U$1='Trendline Selection'!$EE$198,Trendlines!I11,"")) -> 0 | V11: =IF(V$1='Trendline Selection'!$ED$198,Trendlines!J11,IF(V$1='Trendline Selection'!$EE$198,Trendlines!J11,"")) | AA11: =E11-F11 -> 3.74 | AB11: =ABS(E11-D10) -> 2.43 | AC11: =ABS(F11-D10) -> 1.31 | AD11: =MAX(AA11:AC11) -> 3.74 | AE11: =(E11-J11)/J11 -> -9.8284644e-05 | AF11: =(F11-K11)/K11 -> 1.1572511e-05 | AH11: =IF(OR(Q11=0,Q11=""),"",((H11-Q11)/Q11)) | AI11: =IF(AH11="","",IF(AH11>=0,1,-1)) | AJ11: =IF(AI11="","",IF(AI11=AI10,AJ10+AI11,AI11)) | AK11: =IF(AH11="","",IF(AND(AH11>-0.1%,AH11<0.1%),"Touch Zone","-----")) | AL11: =IF(AH11="","",IF(AND(AK11="Touch Zone",AH11>0%),"Above",IF(AND(AK11="Touch Zone",AH11<0%),"Below","-----"))) | AM11: =IF(OR(R11=0,R11=""),"",((H11-R11)/R11)) | AN11: =IF(AM11="","",IF(AM11>=0,1,-1)) | AO11: =IF(AN11="","",IF(AN11=AN10,AO10+AN11,AN11)) | AP11: =IF(AM11="","",IF(AND(AM11>-0.1%,AM11<0.1%),"Touch Zone","-----")) | AQ11: =IF(AM11="","",IF(AND(AP11="Touch Zone",AM11>0%),"Above",IF(AND(AP11="Touch Zone",AM11<0%),"Below","-----"))) | AR11: =IF(OR(S11=0,S11=""),"",((H11-S11)/S11)) | AS11: =IF(AR11="","",IF(AR11>=0,1,-1)) | AT11: =IF(AS11="","",IF(AS11=AS10,AT10+AS11,AS11)) | AU11: =IF(AR11="","",IF(AND(AR11>-0.1%,AR11<0.1%),"Touch Zone","-----")) | AV11: =IF(AR11="","",IF(AND(AU11="Touch Zone",AR11>0%),"Above",IF(AND(AU11="Touch Zone",AR11<0%),"Below","-----"))) | AW11: =IF(OR(T11=0,T11=""),"",((H11-T11)/T11)) | AX11: =IF(AW11="","",IF(AW11>=0,1,-1)) | AY11: =IF(AX11="","",IF(AX11=AX10,AY10+AX11,AX11)) | AZ11: =IF(AW11="","",IF(AND(AW11>-0.1%,AW11<0.1%),"Touch Zone","-----")) | BA11: =IF(AW11="","",IF(AND(AZ11="Touch Zone",AW11>0%),"Above",IF(AND(AZ11="Touch Zone",AW11<0%),"Below","-----"))) | BB11: =IF(OR(U11=0,U11=""),"",((H11-U11)/U11)) | BC11: =IF(BB11="","",IF(BB11>=0,1,-1)) | BD11: =IF(BC11="","",IF(BC11=BC10,BD10+BC11,BC11)) | BE11: =IF(BB11="","",IF(AND(BB11>-0.1%,BB11<0.1%),"Touch Zone","-----")) | BF11: =IF(BB11="","",IF(AND(BE11="Touch Zone",BB11>0%),"Above",IF(AND(BE11="Touch Zone",BB11<0%),"Below","-----"))) | BG11: =IF(OR(V11=0,V11=""),"",((H11-V11)/V11)) | BH11: =IF(BG11="","",IF(BG11>=0,1,-1)) | BI11: =IF(BH11="","",IF(BH11=BH10,BI10+BH11,BH11)) | BJ11: =IF(BG11="","",IF(AND(BG11>-0.1%,BG11<0.1%),"Touch Zone","-----")) | BK11: =IF(BG11="","",IF(AND(BJ11="Touch Zone",BG11>0%),"Above",IF(AND(BJ11="Touch Zone",BG11<0%),"Below","-----"))) | BL11: =IF(AND(L11=N11,L11>0,N11>0),"Important High","------") -> ------ | BM11: =IF(AND(M11=O11,M11>0,O11>0),"Important Low","------") -> ------ | BX11: =H11-I11 -> 0.03241 | BY11: =IF(BX11>=0,1,-1) -> 1 | BZ11: =IF(BY11=BY10,BZ10+BY11,BY11) -> 9 | CA11: =IF(AND(H11>I11,H10<I10),"crossover","-----") -> ----- | CB11: =IF(AND(H11<I11,H10>I10),"crossunder","-----") -> ----- | CC11: =IF(OR(AK11="Touch Zone",AP11="Touch Zone",AU11="Touch Zone",AZ11="Touch Zone",BE11="Touch Zone",BJ11="Touch Zone"),"TL Touch Zone","") | CD11: =COUNTIF(AL11,"Above")+COUNTIF(AL11,"Below")+COUNTIF(AQ11,"Above")+COUNTIF(AQ11,"Below")+COUNTIF(AV11,"Above")+COUNTIF(AV11,"Below")+COUNTIF(BA11,"Above")+COUNTIF(BA11,"Below")+COUNTIF(BF11,"Above")+COUNTIF(BF11,"Below")+COUNTIF(BK11,"Above")+COUNTIF(BK11,"Below") -> 0 | CE11: {=IF(CD11<>1,"-----",_xlfn.IFS(OR(AL11="Above",AL11="Below"),AL11,OR(AQ11="Above",AQ11="Below"),AQ11,OR(AV11="Above",AV11="Below"),AV11,OR(BA11="Above",BA11="Below"),BA11,OR(BF11="Above",BF11="Below"),BF11,OR(BK11="Above",BK11="Below"),BK11,TRUE,"-----"))} -> ----- | CG11: =IF(BX11>0,"UP","DOWN") -> UP | CI11: =IF(AE11>0.05%,1,"") | CJ11: =IF(AF11<-0.05%,1,"") | CL11: =IF(P11=0,"",1)
A12: =IF('Data Validation'!$K$2<>TRUE,"",'Data Validation'!A12) -> 1772028000 | B12: =IF('Data Validation'!$K$2<>TRUE,"",'Data Validation'!C12) -> XAUUSD | C12: =IF('Data Validation'!$K$2<>TRUE,"",'Data Validation'!E12) -> M5 | D12: =IF('Data Validation'!$K$2<>TRUE,"",'Data Validation'!G12) -> 5187.18 | E12: =IF($C12<>"M5","",Price!F12) -> 5187.34 | F12: =IF($C12<>"M5","",Price!G12) -> 5183.76 | G12: =IF($C12<>"M5","",Price!H12) -> 641 | H12: =IF($C12<>"M5","",SSA!E12) -> 5187.6246 | I12: =IF($C12<>"M5","",SSA!F12) -> 5188.0009 | J12: =IF($C12<>"M5","",Dual_Tema!E12) -> 5188.01 | K12: =IF($C12<>"M5","",Dual_Tema!F12) -> 5184.11 | L12: =IF($C12<>"M5","",Trendlines!K12) -> 0 | M12: =IF($C12<>"M5","",Trendlines!L12) -> 0 | N12: =IF($C12<>"M5","",ZigZag!E12) -> 0 | O12: =IF($C12<>"M5","",ZigZag!F12) -> 0 | P12: =IF($C12<>"M5","",Pinbar!E12) -> 0 | Q12: =IF(Q$1='Trendline Selection'!$ED$198,Trendlines!E12,IF(Q$1='Trendline Selection'!$EE$198,Trendlines!E12,"")) -> 0 | R12: =IF(R$1='Trendline Selection'!$ED$198,Trendlines!F12,IF(R$1='Trendline Selection'!$EE$198,Trendlines!F12,"")) | S12: =IF(S$1='Trendline Selection'!$ED$198,Trendlines!G12,IF(S$1='Trendline Selection'!$EE$198,Trendlines!G12,"")) | T12: =IF(T$1='Trendline Selection'!$ED$198,Trendlines!H12,IF(T$1='Trendline Selection'!$EE$198,Trendlines!H12,"")) | U12: =IF(U$1='Trendline Selection'!$ED$198,Trendlines!I12,IF(U$1='Trendline Selection'!$EE$198,Trendlines!I12,"")) -> 0 | V12: =IF(V$1='Trendline Selection'!$ED$198,Trendlines!J12,IF(V$1='Trendline Selection'!$EE$198,Trendlines!J12,"")) | AA12: =E12-F12 -> 3.58 | AB12: =ABS(E12-D11) -> 2.11 | AC12: =ABS(F12-D11) -> 1.47 | AD12: =MAX(AA12:AC12) -> 3.58 | AE12: =(E12-J12)/J12 -> -0.00012914393 | AF12: =(F12-K12)/K12 -> -6.7514e-05 | AH12: =IF(OR(Q12=0,Q12=""),"",((H12-Q12)/Q12)) | AI12: =IF(AH12="","",IF(AH12>=0,1,-1)) | AJ12: =IF(AI12="","",IF(AI12=AI11,AJ11+AI12,AI12)) | AK12: =IF(AH12="","",IF(AND(AH12>-0.1%,AH12<0.1%),"Touch Zone","-----")) | AL12: =IF(AH12="","",IF(AND(AK12="Touch Zone",AH12>0%),"Above",IF(AND(AK12="Touch Zone",AH12<0%),"Below","-----"))) | AM12: =IF(OR(R12=0,R12=""),"",((H12-R12)/R12)) | AN12: =IF(AM12="","",IF(AM12>=0,1,-1)) | AO12: =IF(AN12="","",IF(AN12=AN11,AO11+AN12,AN12)) | AP12: =IF(AM12="","",IF(AND(AM12>-0.1%,AM12<0.1%),"Touch Zone","-----")) | AQ12: =IF(AM12="","",IF(AND(AP12="Touch Zone",AM12>0%),"Above",IF(AND(AP12="Touch Zone",AM12<0%),"Below","-----"))) | AR12: =IF(OR(S12=0,S12=""),"",((H12-S12)/S12)) | AS12: =IF(AR12="","",IF(AR12>=0,1,-1)) | AT12: =IF(AS12="","",IF(AS12=AS11,AT11+AS12,AS12)) | AU12: =IF(AR12="","",IF(AND(AR12>-0.1%,AR12<0.1%),"Touch Zone","-----")) | AV12: =IF(AR12="","",IF(AND(AU12="Touch Zone",AR12>0%),"Above",IF(AND(AU12="Touch Zone",AR12<0%),"Below","-----"))) | AW12: =IF(OR(T12=0,T12=""),"",((H12-T12)/T12)) | AX12: =IF(AW12="","",IF(AW12>=0,1,-1)) | AY12: =IF(AX12="","",IF(AX12=AX11,AY11+AX12,AX12)) | AZ12: =IF(AW12="","",IF(AND(AW12>-0.1%,AW12<0.1%),"Touch Zone","-----")) | BA12: =IF(AW12="","",IF(AND(AZ12="Touch Zone",AW12>0%),"Above",IF(AND(AZ12="Touch Zone",AW12<0%),"Below","-----"))) | BB12: =IF(OR(U12=0,U12=""),"",((H12-U12)/U12)) | BC12: =IF(BB12="","",IF(BB12>=0,1,-1)) | BD12: =IF(BC12="","",IF(BC12=BC11,BD11+BC12,BC12)) | BE12: =IF(BB12="","",IF(AND(BB12>-0.1%,BB12<0.1%),"Touch Zone","-----")) | BF12: =IF(BB12="","",IF(AND(BE12="Touch Zone",BB12>0%),"Above",IF(AND(BE12="Touch Zone",BB12<0%),"Below","-----"))) | BG12: =IF(OR(V12=0,V12=""),"",((H12-V12)/V12)) | BH12: =IF(BG12="","",IF(BG12>=0,1,-1)) | BI12: =IF(BH12="","",IF(BH12=BH11,BI11+BH12,BH12)) | BJ12: =IF(BG12="","",IF(AND(BG12>-0.1%,BG12<0.1%),"Touch Zone","-----")) | BK12: =IF(BG12="","",IF(AND(BJ12="Touch Zone",BG12>0%),"Above",IF(AND(BJ12="Touch Zone",BG12<0%),"Below","-----"))) | BL12: =IF(AND(L12=N12,L12>0,N12>0),"Important High","------") -> ------ | BM12: =IF(AND(M12=O12,M12>0,O12>0),"Important Low","------") -> ------ | BX12: =H12-I12 -> -0.37634 | BY12: =IF(BX12>=0,1,-1) -> -1 | BZ12: =IF(BY12=BY11,BZ11+BY12,BY12) -> -1 | CA12: =IF(AND(H12>I12,H11<I11),"crossover","-----") -> ----- | CB12: =IF(AND(H12<I12,H11>I11),"crossunder","-----") -> crossunder | CC12: =IF(OR(AK12="Touch Zone",AP12="Touch Zone",AU12="Touch Zone",AZ12="Touch Zone",BE12="Touch Zone",BJ12="Touch Zone"),"TL Touch Zone","") | CD12: =COUNTIF(AL12,"Above")+COUNTIF(AL12,"Below")+COUNTIF(AQ12,"Above")+COUNTIF(AQ12,"Below")+COUNTIF(AV12,"Above")+COUNTIF(AV12,"Below")+COUNTIF(BA12,"Above")+COUNTIF(BA12,"Below")+COUNTIF(BF12,"Above")+COUNTIF(BF12,"Below")+COUNTIF(BK12,"Above")+COUNTIF(BK12,"Below") -> 0 | CE12: {=IF(CD12<>1,"-----",_xlfn.IFS(OR(AL12="Above",AL12="Below"),AL12,OR(AQ12="Above",AQ12="Below"),AQ12,OR(AV12="Above",AV12="Below"),AV12,OR(BA12="Above",BA12="Below"),BA12,OR(BF12="Above",BF12="Below"),BF12,OR(BK12="Above",BK12="Below"),BK12,TRUE,"-----"))} -> ----- | CG12: =IF(BX12>0,"UP","DOWN") -> DOWN | CI12: =IF(AE12>0.05%,1,"") | CJ12: =IF(AF12<-0.05%,1,"") | CL12: =IF(P12=0,"",1)
