Workbook

Sheet Price
A1: timestamp | B1: symbol | C1: timeframe | D1: close | E1: open | F1: high | G1: low | H1: volume | J1: convert_to_readable_datetime | K1: round_to_nearest_datetime_5m | L1: timestamp_adjusted
A2: 1772024998 | B2: XAUUSD | C2: M5 | D2: 5187.2 | E2: 5188.44 | F2: 5189.22 | G2: 5185.5 | H2: 567 | J2: =(A2/86400)+25569 -> 46078.549 | K2: =CEILING(INT(J2*1440)/1440*288,1)/288 -> 46078.549 | L2: =MROUND((K2-25569)*86400,300) -> 1772025000
A3: 1772025298 | B3: XAUUSD | C3: M5 | D3: 5187 | E3: 5187.22 | F3: 5189.54 | G3: 5185.97 | H3: 574 | J3: =(A3/86400)+25569 -> 46078.552 | K3: =CEILING(INT(J3*1440)/1440*288,1)/288 -> 46078.552 | L3: =MROUND((K3-25569)*86400,300) -> 1772025300
A4: 1772025598 | B4: XAUUSD | C4: M5 | D4: 5191.13 | E4: 5186.81 | F4: 5191.47 | G4: 5186.14 | H4: 583 | J4: =(A4/86400)+25569 -> 46078.556 | K4: =CEILING(INT(J4*1440)/1440*288,1)/288 -> 46078.556 | L4: =MROUND((K4-25569)*86400,300) -> 1772025600
A5: 1772025898 | B5: XAUUSD | C5: M5 | D5: 5188.07 | E5: 5191.14 | F5: 5191.36 | G5: 5186.93 | H5: 547 | J5: =(A5/86400)+25569 -> 46078.559 | K5: =CEILING(INT(J5*1440)/1440*288,1)/288 -> 46078.559 | L5: =MROUND((K5-25569)*86400,300) -> 1772025900
A6: 1772026198 | B6: XAUUSD | C6: M5 | D6: 5188.16 | E6: 5188.07 | F6: 5190.35 | G6: 5186.62 | H6: 516 | J6: =(A6/86400)+25569 -> 46078.562 | K6: =CEILING(INT(J6*1440)/1440*288,1)/288 -> 46078.562 | L6: =MROUND((K6-25569)*86400,300) -> 1772026200
A7: 1772026498 | B7: XAUUSD | C7: M5 | D7: 5189.61 | E7: 5188.16 | F7: 5190.35 | G7: 5187.73 | H7: 524 | J7: =(A7/86400)+25569 -> 46078.566 | K7: =CEILING(INT(J7*1440)/1440*288,1)/288 -> 46078.566 | L7: =MROUND((K7-25569)*86400,300) -> 1772026500
A8: 1772026798 | B8: XAUUSD | C8: M5 | D8: 5186.84 | E8: 5189.93 | F8: 5191.33 | G8: 5182.03 | H8: 660 | J8: =(A8/86400)+25569 -> 46078.569 | K8: =CEILING(INT(J8*1440)/1440*288,1)/288 -> 46078.569 | L8: =MROUND((K8-25569)*86400,300) -> 1772026800
A9: 1772027098 | B9: XAUUSD | C9: M5 | D9: 5186.59 | E9: 5187.12 | F9: 5191.12 | G9: 5185.65 | H9: 585 | J9: =(A9/86400)+25569 -> 46078.573 | K9: =CEILING(INT(J9*1440)/1440*288,1)/288 -> 46078.573 | L9: =MROUND((K9-25569)*86400,300) -> 1772027100
A10: 1772027398 | B10: XAUUSD | C10: M5 | D10: 5186.07 | E10: 5187.03 | F10: 5187.42 | G10: 5184.3 | H10: 628 | J10: =(A10/86400)+25569 -> 46078.576 | K10: =CEILING(INT(J10*1440)/1440*288,1)/288 -> 46078.576 | L10: =MROUND((K10-25569)*86400,300) -> 1772027400
A11: 1772027698 | B11: XAUUSD | C11: M5 | D11: 5185.23 | E11: 5186.04 | F11: 5188.5 | G11: 5184.76 | H11: 572 | J11: =(A11/86400)+25569 -> 46078.58 | K11: =CEILING(INT(J11*1440)/1440*288,1)/288 -> 46078.58 | L11: =MROUND((K11-25569)*86400,300) -> 1772027700
A12: 1772027998 | B12: XAUUSD | C12: M5 | D12: 5187.18 | E12: 5185.22 | F12: 5187.34 | G12: 5183.76 | H12: 641 | J12: =(A12/86400)+25569 -> 46078.583 | K12: =CEILING(INT(J12*1440)/1440*288,1)/288 -> 46078.583 | L12: =MROUND((K12-25569)*86400,300) -> 1772028000
A13: 1772028298 | B13: XAUUSD | C13: M5 | D13: 5189.99 | E13: 5187.18 | F13: 5191.07 | G13: 5186.8 | H13: 582 | J13: =(A13/86400)+25569 -> 46078.587 | K13: =CEILING(INT(J13*1440)/1440*288,1)/288 -> 46078.587 | L13: =MROUND((K13-25569)*86400,300) -> 1772028300
... A501: 1772181898 | B501: XAUUSD | C501: M5 | D501: 5181.66 | E501: 5180.32 | F501: 5182.14 | G501: 5179.99 | H501: 92 | J501: =(A501/86400)+25569 -> 46080.365 | K501: =CEILING(INT(J501*1440)/1440*288,1)/288 -> 46080.365 | L501: =MROUND((K501-25569)*86400,300) -> 1772181900

Sheet Trendlines
A1: timestamp | B1: symbol | C1: timeframe | D1: close | E1: horiz_peak_line_1 | F1: horiz_peak_line_2 | G1: horiz_peak_line_3 | H1: horiz_bottom_line_1 | I1: horiz_bottom_line_2 | J1: horiz_bottom_line_3 | K1: horiz_high_map | L1: horiz_low_map | O1: convert_to_readable_datetime | P1: round_to_nearest_datetime_5m | Q1: timestamp_adjusted
A2: 1772024999 | B2: XAUUSD | C2: M5 | D2: 5187.2 | O2: =(A2/86400)+25569 -> 46078.549 | P2: =CEILING(INT(O2*1440)/1440*288,1)/288 -> 46078.549 | Q2: =MROUND((P2-25569)*86400,300) -> 1772025000
A3: 1772025299 | B3: XAUUSD | C3: M5 | D3: 5187 | O3: =(A3/86400)+25569 -> 46078.552 | P3: =CEILING(INT(O3*1440)/1440*288,1)/288 -> 46078.552 | Q3: =MROUND((P3-25569)*86400,300) -> 1772025300
A4: 1772025599 | B4: XAUUSD | C4: M5 | D4: 5191.13 | K4: 5191.47 | O4: =(A4/86400)+25569 -> 46078.556 | P4: =CEILING(INT(O4*1440)/1440*288,1)/288 -> 46078.556 | Q4: =MROUND((P4-25569)*86400,300) -> 1772025600
A5: 1772025899 | B5: XAUUSD | C5: M5 | D5: 5188.07 | O5: =(A5/86400)+25569 -> 46078.559 | P5: =CEILING(INT(O5*1440)/1440*288,1)/288 -> 46078.559 | Q5: =MROUND((P5-25569)*86400,300) -> 1772025900
A6: 1772026199 | B6: XAUUSD | C6: M5 | D6: 5188.16 | O6: =(A6/86400)+25569 -> 46078.562 | P6: =CEILING(INT(O6*1440)/1440*288,1)/288 -> 46078.562 | Q6: =MROUND((P6-25569)*86400,300) -> 1772026200
A7: 1772026499 | B7: XAUUSD | C7: M5 | D7: 5189.61 | O7: =(A7/86400)+25569 -> 46078.566 | P7: =CEILING(INT(O7*1440)/1440*288,1)/288 -> 46078.566 | Q7: =MROUND((P7-25569)*86400,300) -> 1772026500
A8: 1772026799 | B8: XAUUSD | C8: M5 | D8: 5186.84 | O8: =(A8/86400)+25569 -> 46078.569 | P8: =CEILING(INT(O8*1440)/1440*288,1)/288 -> 46078.569 | Q8: =MROUND((P8-25569)*86400,300) -> 1772026800
A9: 1772027099 | B9: XAUUSD | C9: M5 | D9: 5186.59 | O9: =(A9/86400)+25569 -> 46078.573 | P9: =CEILING(INT(O9*1440)/1440*288,1)/288 -> 46078.573 | Q9: =MROUND((P9-25569)*86400,300) -> 1772027100
A10: 1772027399 | B10: XAUUSD | C10: M5 | D10: 5186.07 | O10: =(A10/86400)+25569 -> 46078.576 | P10: =CEILING(INT(O10*1440)/1440*288,1)/288 -> 46078.576 | Q10: =MROUND((P10-25569)*86400,300) -> 1772027400
A11: 1772027699 | B11: XAUUSD | C11: M5 | D11: 5185.23 | O11: =(A11/86400)+25569 -> 46078.58 | P11: =CEILING(INT(O11*1440)/1440*288,1)/288 -> 46078.58 | Q11: =MROUND((P11-25569)*86400,300) -> 1772027700
A12: 1772027999 | B12: XAUUSD | C12: M5 | D12: 5187.18 | O12: =(A12/86400)+25569 -> 46078.583 | P12: =CEILING(INT(O12*1440)/1440*288,1)/288 -> 46078.583 | Q12: =MROUND((P12-25569)*86400,300) -> 1772028000
A13: 1772028299 | B13: XAUUSD | C13: M5 | D13: 5189.99 | O13: =(A13/86400)+25569 -> 46078.587 | P13: =CEILING(INT(O13*1440)/1440*288,1)/288 -> 46078.587 | Q13: =MROUND((P13-25569)*86400,300) -> 1772028300
A14: 1772028599 | B14: XAUUSD | C14: M5 | D14: 5185.44 | O14: =(A14/86400)+25569 -> 46078.59 | P14: =CEILING(INT(O14*1440)/1440*288,1)/288 -> 46078.59 | Q14: =MROUND((P14-25569)*86400,300) -> 1772028600
A15: 1772028899 | B15: XAUUSD | C15: M5 | D15: 5182.68 | O15: =(A15/86400)+25569 -> 46078.594 | P15: =CEILING(INT(O15*1440)/1440*288,1)/288 -> 46078.594 | Q15: =MROUND((P15-25569)*86400,300) -> 1772028900
A16: 1772029199 | B16: XAUUSD | C16: M5 | D16: 5181.49 | O16: =(A16/86400)+25569 -> 46078.597 | P16: =CEILING(INT(O16*1440)/1440*288,1)/288 -> 46078.597 | Q16: =MROUND((P16-25569)*86400,300) -> 1772029200
... A18: 1772029799 | B18: XAUUSD | C18: M5 | D18: 5174.14 | O18: =(A18/86400)+25569 -> 46078.604 | P18: =CEILING(INT(O18*1440)/1440*288,1)/288 -> 46078.604 | Q18: =MROUND((P18-25569)*86400,300) -> 1772029800
A19: 1772030099 | B19: XAUUSD | C19: M5 | D19: 5159.73 | L19: 5158.94 | O19: =(A19/86400)+25569 -> 46078.608 | P19: =CEILING(INT(O19*1440)/1440*288,1)/288 -> 46078.608 | Q19: =MROUND((P19-25569)*86400,300) -> 1772030100
A20: 1772030399 | B20: XAUUSD | C20: M5 | D20: 5174.91 | O20: =(A20/86400)+25569 -> 46078.611 | P20: =CEILING(INT(O20*1440)/1440*288,1)/288 -> 46078.611 | Q20: =MROUND((P20-25569)*86400,300) -> 1772030400
A21: 1772030699 | B21: XAUUSD | C21: M5 | D21: 5181.79 | O21: =(A21/86400)+25569 -> 46078.615 | P21: =CEILING(INT(O21*1440)/1440*288,1)/288 -> 46078.615 | Q21: =MROUND((P21-25569)*86400,300) -> 1772030700
A22: 1772030999 | B22: XAUUSD | C22: M5 | D22: 5188.55 | O22: =(A22/86400)+25569 -> 46078.618 | P22: =CEILING(INT(O22*1440)/1440*288,1)/288 -> 46078.618 | Q22: =MROUND((P22-25569)*86400,300) -> 1772031000
A23: 1772031299 | B23: XAUUSD | C23: M5 | D23: 5191.25 | O23: =(A23/86400)+25569 -> 46078.622 | P23: =CEILING(INT(O23*1440)/1440*288,1)/288 -> 46078.622 | Q23: =MROUND((P23-25569)*86400,300) -> 1772031300
A24: 1772031599 | B24: XAUUSD | C24: M5 | D24: 5198.64 | O24: =(A24/86400)+25569 -> 46078.625 | P24: =CEILING(INT(O24*1440)/1440*288,1)/288 -> 46078.625 | Q24: =MROUND((P24-25569)*86400,300) -> 1772031600
A25: 1772031899 | B25: XAUUSD | C25: M5 | D25: 5195.89 | O25: =(A25/86400)+25569 -> 46078.628 | P25: =CEILING(INT(O25*1440)/1440*288,1)/288 -> 46078.628 | Q25: =MROUND((P25-25569)*86400,300) -> 1772031900
A26: 1772032199 | B26: XAUUSD | C26: M5 | D26: 5193.17 | O26: =(A26/86400)+25569 -> 46078.632 | P26: =CEILING(INT(O26*1440)/1440*288,1)/288 -> 46078.632 | Q26: =MROUND((P26-25569)*86400,300) -> 1772032200
A27: 1772032499 | B27: XAUUSD | C27: M5 | D27: 5188.97 | O27: =(A27/86400)+25569 -> 46078.635 | P27: =CEILING(INT(O27*1440)/1440*288,1)/288 -> 46078.635 | Q27: =MROUND((P27-25569)*86400,300) -> 1772032500
A28: 1772032799 | B28: XAUUSD | C28: M5 | D28: 5185.46 | O28: =(A28/86400)+25569 -> 46078.639 | P28: =CEILING(INT(O28*1440)/1440*288,1)/288 -> 46078.639 | Q28: =MROUND((P28-25569)*86400,300) -> 1772032800
A29: 1772033099 | B29: XAUUSD | C29: M5 | D29: 5180.33 | O29: =(A29/86400)+25569 -> 46078.642 | P29: =CEILING(INT(O29*1440)/1440*288,1)/288 -> 46078.642 | Q29: =MROUND((P29-25569)*86400,300) -> 1772033100
A30: 1772033399 | B30: XAUUSD | C30: M5 | D30: 5181.68 | O30: =(A30/86400)+25569 -> 46078.646 | P30: =CEILING(INT(O30*1440)/1440*288,1)/288 -> 46078.646 | Q30: =MROUND((P30-25569)*86400,300) -> 1772033400
A31: 1772033699 | B31: XAUUSD | C31: M5 | D31: 5187.95 | O31: =(A31/86400)+25569 -> 46078.649 | P31: =CEILING(INT(O31*1440)/1440*288,1)/288 -> 46078.649 | Q31: =MROUND((P31-25569)*86400,300) -> 1772033700
... A49: 1772039099 | B49: XAUUSD | C49: M5 | D49: 5214.69 | O49: =(A49/86400)+25569 -> 46078.712 | P49: =CEILING(INT(O49*1440)/1440*288,1)/288 -> 46078.712 | Q49: =MROUND((P49-25569)*86400,300) -> 1772039100
A50: 1772039399 | B50: XAUUSD | C50: M5 | D50: 5215.17 | K50: 5217.63 | O50: =(A50/86400)+25569 -> 46078.715 | P50: =CEILING(INT(O50*1440)/1440*288,1)/288 -> 46078.715 | Q50: =MROUND((P50-25569)*86400,300) -> 1772039400
A51: 1772039699 | B51: XAUUSD | C51: M5 | D51: 5214.53 | O51: =(A51/86400)+25569 -> 46078.719 | P51: =CEILING(INT(O51*1440)/1440*288,1)/288 -> 46078.719 | Q51: =MROUND((P51-25569)*86400,300) -> 1772039700
A52: 1772039999 | B52: XAUUSD | C52: M5 | D52: 5213.27 | O52: =(A52/86400)+25569 -> 46078.722 | P52: =CEILING(INT(O52*1440)/1440*288,1)/288 -> 46078.722 | Q52: =MROUND((P52-25569)*86400,300) -> 1772040000
A53: 1772040299 | B53: XAUUSD | C53: M5 | D53: 5213.1 | O53: =(A53/86400)+25569 -> 46078.726 | P53: =CEILING(INT(O53*1440)/1440*288,1)/288 -> 46078.726 | Q53: =MROUND((P53-25569)*86400,300) -> 1772040300
A54: 1772040599 | B54: XAUUSD | C54: M5 | D54: 5211.85 | O54: =(A54/86400)+25569 -> 46078.729 | P54: =CEILING(INT(O54*1440)/1440*288,1)/288 -> 46078.729 | Q54: =MROUND((P54-25569)*86400,300) -> 1772040600
A55: 1772040899 | B55: XAUUSD | C55: M5 | D55: 5213.17 | O55: =(A55/86400)+25569 -> 46078.733 | P55: =CEILING(INT(O55*1440)/1440*288,1)/288 -> 46078.733 | Q55: =MROUND((P55-25569)*86400,300) -> 1772040900
A56: 1772041199 | B56: XAUUSD | C56: M5 | D56: 5208.33 | O56: =(A56/86400)+25569 -> 46078.736 | P56: =CEILING(INT(O56*1440)/1440*288,1)/288 -> 46078.736 | Q56: =MROUND((P56-25569)*86400,300) -> 1772041200
A57: 1772041499 | B57: XAUUSD | C57: M5 | D57: 5206.71 | O57: =(A57/86400)+25569 -> 46078.74 | P57: =CEILING(INT(O57*1440)/1440*288,1)/288 -> 46078.74 | Q57: =MROUND((P57-25569)*86400,300) -> 1772041500
A58: 1772041799 | B58: XAUUSD | C58: M5 | D58: 5206.32 | O58: =(A58/86400)+25569 -> 46078.743 | P58: =CEILING(INT(O58*1440)/1440*288,1)/288 -> 46078.743 | Q58: =MROUND((P58-25569)*86400,300) -> 1772041800
A59: 1772042099 | B59: XAUUSD | C59: M5 | D59: 5206.82 | O59: =(A59/86400)+25569 -> 46078.747 | P59: =CEILING(INT(O59*1440)/1440*288,1)/288 -> 46078.747 | Q59: =MROUND((P59-25569)*86400,300) -> 1772042100
A60: 1772042399 | B60: XAUUSD | C60: M5 | D60: 5207.4 | O60: =(A60/86400)+25569 -> 46078.75 | P60: =CEILING(INT(O60*1440)/1440*288,1)/288 -> 46078.75 | Q60: =MROUND((P60-25569)*86400,300) -> 1772042400
A61: 1772042699 | B61: XAUUSD | C61: M5 | D61: 5207.07 | O61: =(A61/86400)+25569 -> 46078.753 | P61: =CEILING(INT(O61*1440)/1440*288,1)/288 -> 46078.753 | Q61: =MROUND((P61-25569)*86400,300) -> 1772042700
A62: 1772042999 | B62: XAUUSD | C62: M5 | D62: 5206.89 | O62: =(A62/86400)+25569 -> 46078.757 | P62: =CEILING(INT(O62*1440)/1440*288,1)/288 -> 46078.757 | Q62: =MROUND((P62-25569)*86400,300) -> 1772043000
... A81: 1772048699 | B81: XAUUSD | C81: M5 | D81: 5205 | O81: =(A81/86400)+25569 -> 46078.823 | P81: =CEILING(INT(O81*1440)/1440*288,1)/288 -> 46078.823 | Q81: =MROUND((P81-25569)*86400,300) -> 1772048700
A82: 1772048999 | B82: XAUUSD | C82: M5 | D82: 5204.97 | K82: 5208.32 | O82: =(A82/86400)+25569 -> 46078.826 | P82: =CEILING(INT(O82*1440)/1440*288,1)/288 -> 46078.826 | Q82: =MROUND((P82-25569)*86400,300) -> 1772049000
A83: 1772049299 | B83: XAUUSD | C83: M5 | D83: 5204.87 | O83: =(A83/86400)+25569 -> 46078.83 | P83: =CEILING(INT(O83*1440)/1440*288,1)/288 -> 46078.83 | Q83: =MROUND((P83-25569)*86400,300) -> 1772049300
A84: 1772049599 | B84: XAUUSD | C84: M5 | D84: 5201.76 | O84: =(A84/86400)+25569 -> 46078.833 | P84: =CEILING(INT(O84*1440)/1440*288,1)/288 -> 46078.833 | Q84: =MROUND((P84-25569)*86400,300) -> 1772049600
A85: 1772049899 | B85: XAUUSD | C85: M5 | D85: 5202.46 | O85: =(A85/86400)+25569 -> 46078.837 | P85: =CEILING(INT(O85*1440)/1440*288,1)/288 -> 46078.837 | Q85: =MROUND((P85-25569)*86400,300) -> 1772049900
A86: 1772050199 | B86: XAUUSD | C86: M5 | D86: 5195.27 | O86: =(A86/86400)+25569 -> 46078.84 | P86: =CEILING(INT(O86*1440)/1440*288,1)/288 -> 46078.84 | Q86: =MROUND((P86-25569)*86400,300) -> 1772050200
A87: 1772050499 | B87: XAUUSD | C87: M5 | D87: 5184.8 | O87: =(A87/86400)+25569 -> 46078.844 | P87: =CEILING(INT(O87*1440)/1440*288,1)/288 -> 46078.844 | Q87: =MROUND((P87-25569)*86400,300) -> 1772050500
A88: 1772050799 | B88: XAUUSD | C88: M5 | D88: 5189 | O88: =(A88/86400)+25569 -> 46078.847 | P88: =CEILING(INT(O88*1440)/1440*288,1)/288 -> 46078.847 | Q88: =MROUND((P88-25569)*86400,300) -> 1772050800
A89: 1772051099 | B89: XAUUSD | C89: M5 | D89: 5186.11 | O89: =(A89/86400)+25569 -> 46078.851 | P89: =CEILING(INT(O89*1440)/1440*288,1)/288 -> 46078.851 | Q89: =MROUND((P89-25569)*86400,300) -> 1772051100
A90: 1772051399 | B90: XAUUSD | C90: M5 | D90: 5188.12 | O90: =(A90/86400)+25569 -> 46078.854 | P90: =CEILING(INT(O90*1440)/1440*288,1)/288 -> 46078.854 | Q90: =MROUND((P90-25569)*86400,300) -> 1772051400
A91: 1772051699 | B91: XAUUSD | C91: M5 | D91: 5183.41 | O91: =(A91/86400)+25569 -> 46078.858 | P91: =CEILING(INT(O91*1440)/1440*288,1)/288 -> 46078.858 | Q91: =MROUND((P91-25569)*86400,300) -> 1772051700
A92: 1772051999 | B92: XAUUSD | C92: M5 | D92: 5181.48 | O92: =(A92/86400)+25569 -> 46078.861 | P92: =CEILING(INT(O92*1440)/1440*288,1)/288 -> 46078.861 | Q92: =MROUND((P92-25569)*86400,300) -> 1772052000
A93: 1772052299 | B93: XAUUSD | C93: M5 | D93: 5173.57 | O93: =(A93/86400)+25569 -> 46078.865 | P93: =CEILING(INT(O93*1440)/1440*288,1)/288 -> 46078.865 | Q93: =MROUND((P93-25569)*86400,300) -> 1772052300
A94: 1772052599 | B94: XAUUSD | C94: M5 | D94: 5178.01 | O94: =(A94/86400)+25569 -> 46078.868 | P94: =CEILING(INT(O94*1440)/1440*288,1)/288 -> 46078.868 | Q94: =MROUND((P94-25569)*86400,300) -> 1772052600
A95: 1772052899 | B95: XAUUSD | C95: M5 | D95: 5152.16 | L95: 5145.45 | O95: =(A95/86400)+25569 -> 46078.872 | P95: =CEILING(INT(O95*1440)/1440*288,1)/288 -> 46078.872 | Q95: =MROUND((P95-25569)*86400,300) -> 1772052900
A96: 1772053199 | B96: XAUUSD | C96: M5 | D96: 5156.08 | O96: =(A96/86400)+25569 -> 46078.875 | P96: =CEILING(INT(O96*1440)/1440*288,1)/288 -> 46078.875 | Q96: =MROUND((P96-25569)*86400,300) -> 1772053200
A97: 1772053499 | B97: XAUUSD | C97: M5 | D97: 5163.03 | O97: =(A97/86400)+25569 -> 46078.878 | P97: =CEILING(INT(O97*1440)/1440*288,1)/288 -> 46078.878 | Q97: =MROUND((P97-25569)*86400,300) -> 1772053500
A98: 1772053799 | B98: XAUUSD | C98: M5 | D98: 5161.84 | O98: =(A98/86400)+25569 -> 46078.882 | P98: =CEILING(INT(O98*1440)/1440*288,1)/288 -> 46078.882 | Q98: =MROUND((P98-25569)*86400,300) -> 1772053800
A99: 1772054099 | B99: XAUUSD | C99: M5 | D99: 5165.38 | O99: =(A99/86400)+25569 -> 46078.885 | P99: =CEILING(INT(O99*1440)/1440*288,1)/288 -> 46078.885 | Q99: =MROUND((P99-25569)*86400,300) -> 1772054100
A100: 1772054399 | B100: XAUUSD | C100: M5 | D100: 5169.17 | O100: =(A100/86400)+25569 -> 46078.889 | P100: =CEILING(INT(O100*1440)/1440*288,1)/288 -> 46078.889 | Q100: =MROUND((P100-25569)*86400,300) -> 1772054400
A101: 1772054699 | B101: XAUUSD | C101: M5 | D101: 5169.12 | O101: =(A101/86400)+25569 -> 46078.892 | P101: =CEILING(INT(O101*1440)/1440*288,1)/288 -> 46078.892 | Q101: =MROUND((P101-25569)*86400,300) -> 1772054700
A102: 1772054999 | B102: XAUUSD | C102: M5 | D102: 5168.22 | O102: =(A102/86400)+25569 -> 46078.896 | P102: =CEILING(INT(O102*1440)/1440*288,1)/288 -> 46078.896 | Q102: =MROUND((P102-25569)*86400,300) -> 1772055000
A103: 1772055299 | B103: XAUUSD | C103: M5 | D103: 5168.9 | O103: =(A103/86400)+25569 -> 46078.899 | P103: =CEILING(INT(O103*1440)/1440*288,1)/288 -> 46078.899 | Q103: =MROUND((P103-25569)*86400,300) -> 1772055300
A104: 1772055599 | B104: XAUUSD | C104: M5 | D104: 5170.25 | O104: =(A104/86400)+25569 -> 46078.903 | P104: =CEILING(INT(O104*1440)/1440*288,1)/288 -> 46078.903 | Q104: =MROUND((P104-25569)*86400,300) -> 1772055600
A105: 1772055899 | B105: XAUUSD | C105: M5 | D105: 5170.94 | O105: =(A105/86400)+25569 -> 46078.906 | P105: =CEILING(INT(O105*1440)/1440*288,1)/288 -> 46078.906 | Q105: =MROUND((P105-25569)*86400,300) -> 1772055900
A106: 1772056199 | B106: XAUUSD | C106: M5 | D106: 5164.31 | O106: =(A106/86400)+25569 -> 46078.91 | P106: =CEILING(INT(O106*1440)/1440*288,1)/288 -> 46078.91 | Q106: =MROUND((P106-25569)*86400,300) -> 1772056200
A107: 1772056499 | B107: XAUUSD | C107: M5 | D107: 5164.89 | O107: =(A107/86400)+25569 -> 46078.913 | P107: =CEILING(INT(O107*1440)/1440*288,1)/288 -> 46078.913 | Q107: =MROUND((P107-25569)*86400,300) -> 1772056500
... A119: 1772063699 | B119: XAUUSD | C119: M5 | D119: 5163.13 | O119: =(A119/86400)+25569 -> 46078.997 | P119: =CEILING(INT(O119*1440)/1440*288,1)/288 -> 46078.997 | Q119: =MROUND((P119-25569)*86400,300) -> 1772063700
A120: 1772063999 | B120: XAUUSD | C120: M5 | D120: 5160.24 | H120: 5155.71 | J120: 5155.71 | L120: 5155.71 | O120: =(A120/86400)+25569 -> 46079 | P120: =CEILING(INT(O120*1440)/1440*288,1)/288 -> 46079 | Q120: =MROUND((P120-25569)*86400,300) -> 1772064000
A121: 1772064299 | B121: XAUUSD | C121: M5 | D121: 5161.95 | H121: 5155.79 | J121: 5155.75 | O121: =(A121/86400)+25569 -> 46079.003 | P121: =CEILING(INT(O121*1440)/1440*288,1)/288 -> 46079.003 | Q121: =MROUND((P121-25569)*86400,300) -> 1772064300
A122: 1772064599 | B122: XAUUSD | C122: M5 | D122: 5167.67 | H122: 5155.86 | J122: 5155.79 | O122: =(A122/86400)+25569 -> 46079.007 | P122: =CEILING(INT(O122*1440)/1440*288,1)/288 -> 46079.007 | Q122: =MROUND((P122-25569)*86400,300) -> 1772064600
A123: 1772064899 | B123: XAUUSD | C123: M5 | D123: 5169.72 | H123: 5155.94 | J123: 5155.83 | O123: =(A123/86400)+25569 -> 46079.01 | P123: =CEILING(INT(O123*1440)/1440*288,1)/288 -> 46079.01 | Q123: =MROUND((P123-25569)*86400,300) -> 1772064900
A124: 1772065199 | B124: XAUUSD | C124: M5 | D124: 5180.94 | H124: 5156.01 | J124: 5155.86 | O124: =(A124/86400)+25569 -> 46079.014 | P124: =CEILING(INT(O124*1440)/1440*288,1)/288 -> 46079.014 | Q124: =MROUND((P124-25569)*86400,300) -> 1772065200
A125: 1772065499 | B125: XAUUSD | C125: M5 | D125: 5185.25 | H125: 5156.09 | J125: 5155.9 | O125: =(A125/86400)+25569 -> 46079.017 | P125: =CEILING(INT(O125*1440)/1440*288,1)/288 -> 46079.017 | Q125: =MROUND((P125-25569)*86400,300) -> 1772065500
A126: 1772065799 | B126: XAUUSD | C126: M5 | D126: 5182.32 | H126: 5156.16 | J126: 5155.94 | O126: =(A126/86400)+25569 -> 46079.021 | P126: =CEILING(INT(O126*1440)/1440*288,1)/288 -> 46079.021 | Q126: =MROUND((P126-25569)*86400,300) -> 1772065800
A127: 1772066099 | B127: XAUUSD | C127: M5 | D127: 5182.63 | H127: 5156.24 | J127: 5155.98 | O127: =(A127/86400)+25569 -> 46079.024 | P127: =CEILING(INT(O127*1440)/1440*288,1)/288 -> 46079.024 | Q127: =MROUND((P127-25569)*86400,300) -> 1772066100
A128: 1772066399 | B128: XAUUSD | C128: M5 | D128: 5188.37 | H128: 5156.32 | J128: 5156.02 | O128: =(A128/86400)+25569 -> 46079.028 | P128: =CEILING(INT(O128*1440)/1440*288,1)/288 -> 46079.028 | Q128: =MROUND((P128-25569)*86400,300) -> 1772066400
A129: 1772066699 | B129: XAUUSD | C129: M5 | D129: 5185.97 | H129: 5156.39 | J129: 5156.06 | O129: =(A129/86400)+25569 -> 46079.031 | P129: =CEILING(INT(O129*1440)/1440*288,1)/288 -> 46079.031 | Q129: =MROUND((P129-25569)*86400,300) -> 1772066700
A130: 1772066999 | B130: XAUUSD | C130: M5 | D130: 5189.7 | H130: 5156.47 | J130: 5156.1 | O130: =(A130/86400)+25569 -> 46079.035 | P130: =CEILING(INT(O130*1440)/1440*288,1)/288 -> 46079.035 | Q130: =MROUND((P130-25569)*86400,300) -> 1772067000
A131: 1772067299 | B131: XAUUSD | C131: M5 | D131: 5188.31 | H131: 5156.54 | J131: 5156.14 | O131: =(A131/86400)+25569 -> 46079.038 | P131: =CEILING(INT(O131*1440)/1440*288,1)/288 -> 46079.038 | Q131: =MROUND((P131-25569)*86400,300) -> 1772067300
A132: 1772067599 | B132: XAUUSD | C132: M5 | D132: 5194.75 | E132: 5198.49 | F132: 5198.49 | H132: 5156.62 | J132: 5156.17 | K132: 5198.49 | O132: =(A132/86400)+25569 -> 46079.042 | P132: =CEILING(INT(O132*1440)/1440*288,1)/288 -> 46079.042 | Q132: =MROUND((P132-25569)*86400,300) -> 1772067600
A133: 1772067899 | B133: XAUUSD | C133: M5 | D133: 5183.93 | E133: 5198.5 | F133: 5198.46 | H133: 5156.69 | J133: 5156.21 | O133: =(A133/86400)+25569 -> 46079.045 | P133: =CEILING(INT(O133*1440)/1440*288,1)/288 -> 46079.045 | Q133: =MROUND((P133-25569)*86400,300) -> 1772067900
A134: 1772068199 | B134: XAUUSD | C134: M5 | D134: 5187.53 | E134: 5198.5 | F134: 5198.44 | H134: 5156.77 | J134: 5156.25 | O134: =(A134/86400)+25569 -> 46079.049 | P134: =CEILING(INT(O134*1440)/1440*288,1)/288 -> 46079.049 | Q134: =MROUND((P134-25569)*86400,300) -> 1772068200
A135: 1772068499 | B135: XAUUSD | C135: M5 | D135: 5189.46 | E135: 5198.51 | F135: 5198.41 | H135: 5156.84 | J135: 5156.29 | O135: =(A135/86400)+25569 -> 46079.052 | P135: =CEILING(INT(O135*1440)/1440*288,1)/288 -> 46079.052 | Q135: =MROUND((P135-25569)*86400,300) -> 1772068500
A136: 1772068799 | B136: XAUUSD | C136: M5 | D136: 5186.05 | E136: 5198.51 | F136: 5198.39 | H136: 5156.92 | J136: 5156.33 | O136: =(A136/86400)+25569 -> 46079.056 | P136: =CEILING(INT(O136*1440)/1440*288,1)/288 -> 46079.056 | Q136: =MROUND((P136-25569)*86400,300) -> 1772068800
A137: 1772069099 | B137: XAUUSD | C137: M5 | D137: 5180.54 | E137: 5198.52 | F137: 5198.36 | H137: 5157 | J137: 5156.37 | O137: =(A137/86400)+25569 -> 46079.059 | P137: =CEILING(INT(O137*1440)/1440*288,1)/288 -> 46079.059 | Q137: =MROUND((P137-25569)*86400,300) -> 1772069100
A138: 1772069399 | B138: XAUUSD | C138: M5 | D138: 5187.99 | E138: 5198.52 | F138: 5198.33 | H138: 5157.07 | J138: 5156.41 | O138: =(A138/86400)+25569 -> 46079.062 | P138: =CEILING(INT(O138*1440)/1440*288,1)/288 -> 46079.062 | Q138: =MROUND((P138-25569)*86400,300) -> 1772069400
A139: 1772069699 | B139: XAUUSD | C139: M5 | D139: 5185.42 | E139: 5198.53 | F139: 5198.31 | H139: 5157.15 | J139: 5156.45 | O139: =(A139/86400)+25569 -> 46079.066 | P139: =CEILING(INT(O139*1440)/1440*288,1)/288 -> 46079.066 | Q139: =MROUND((P139-25569)*86400,300) -> 1772069700
A140: 1772069999 | B140: XAUUSD | C140: M5 | D140: 5189.54 | E140: 5198.53 | F140: 5198.28 | H140: 5157.22 | J140: 5156.48 | O140: =(A140/86400)+25569 -> 46079.069 | P140: =CEILING(INT(O140*1440)/1440*288,1)/288 -> 46079.069 | Q140: =MROUND((P140-25569)*86400,300) -> 1772070000
A141: 1772070299 | B141: XAUUSD | C141: M5 | D141: 5189.93 | E141: 5198.54 | F141: 5198.26 | H141: 5157.3 | J141: 5156.52 | O141: =(A141/86400)+25569 -> 46079.073 | P141: =CEILING(INT(O141*1440)/1440*288,1)/288 -> 46079.073 | Q141: =MROUND((P141-25569)*86400,300) -> 1772070300
A142: 1772070599 | B142: XAUUSD | C142: M5 | D142: 5191.16 | E142: 5198.55 | F142: 5198.23 | H142: 5157.37 | J142: 5156.56 | O142: =(A142/86400)+25569 -> 46079.076 | P142: =CEILING(INT(O142*1440)/1440*288,1)/288 -> 46079.076 | Q142: =MROUND((P142-25569)*86400,300) -> 1772070600
A143: 1772070899 | B143: XAUUSD | C143: M5 | D143: 5191.71 | E143: 5198.55 | F143: 5198.2 | H143: 5157.45 | J143: 5156.6 | O143: =(A143/86400)+25569 -> 46079.08 | P143: =CEILING(INT(O143*1440)/1440*288,1)/288 -> 46079.08 | Q143: =MROUND((P143-25569)*86400,300) -> 1772070900
A144: 1772071199 | B144: XAUUSD | C144: M5 | D144: 5190.17 | E144: 5198.56 | F144: 5198.18 | H144: 5157.53 | J144: 5156.64 | O144: =(A144/86400)+25569 -> 46079.083 | P144: =CEILING(INT(O144*1440)/1440*288,1)/288 -> 46079.083 | Q144: =MROUND((P144-25569)*86400,300) -> 1772071200
... A151: 1772073299 | B151: XAUUSD | C151: M5 | D151: 5180.52 | E151: 5198.6 | F151: 5198 | H151: 5158.05 | J151: 5156.91 | O151: =(A151/86400)+25569 -> 46079.108 | P151: =CEILING(INT(O151*1440)/1440*288,1)/288 -> 46079.108 | Q151: =MROUND((P151-25569)*86400,300) -> 1772073300
A152: 1772073599 | B152: XAUUSD | C152: M5 | D152: 5176.09 | E152: 5198.6 | F152: 5197.97 | H152: 5158.13 | I152: 5174.34 | J152: 5156.95 | L152: 5174.34 | O152: =(A152/86400)+25569 -> 46079.111 | P152: =CEILING(INT(O152*1440)/1440*288,1)/288 -> 46079.111 | Q152: =MROUND((P152-25569)*86400,300) -> 1772073600
A153: 1772073899 | B153: XAUUSD | C153: M5 | D153: 5180.78 | E153: 5198.61 | F153: 5197.94 | H153: 5158.21 | I153: 5174.36 | J153: 5156.99 | O153: =(A153/86400)+25569 -> 46079.115 | P153: =CEILING(INT(O153*1440)/1440*288,1)/288 -> 46079.115 | Q153: =MROUND((P153-25569)*86400,300) -> 1772073900
...

Sheet ZigZag
A1: timestamp | B1: symbol | C1: timeframe | D1: close | E1: zigzag_high | F1: zigzag_low | G1: ema | I1: convert_to_readable_datetime | J1: round_to_nearest_datetime_5m | K1: timestamp_adjusted
A2: 1772024998 | B2: XAUUSD | C2: M5 | D2: 5187.2 | E2: 0 | F2: 0 | G2: 5181.08 | I2: =(A2/86400)+25569 -> 46078.549 | J2: =CEILING(INT(I2*1440)/1440*288,1)/288 -> 46078.549 | K2: =MROUND((J2-25569)*86400,300) -> 1772025000
A3: 1772025298 | B3: XAUUSD | C3: M5 | D3: 5187 | E3: 0 | F3: 0 | G3: 5181.54 | I3: =(A3/86400)+25569 -> 46078.552 | J3: =CEILING(INT(I3*1440)/1440*288,1)/288 -> 46078.552 | K3: =MROUND((J3-25569)*86400,300) -> 1772025300
A4: 1772025598 | B4: XAUUSD | C4: M5 | D4: 5191.13 | E4: 5191.47 | F4: 0 | G4: 5182.12 | I4: =(A4/86400)+25569 -> 46078.556 | J4: =CEILING(INT(I4*1440)/1440*288,1)/288 -> 46078.556 | K4: =MROUND((J4-25569)*86400,300) -> 1772025600
A5: 1772025898 | B5: XAUUSD | C5: M5 | D5: 5188.07 | E5: 0 | F5: 0 | G5: 5182.59 | I5: =(A5/86400)+25569 -> 46078.559 | J5: =CEILING(INT(I5*1440)/1440*288,1)/288 -> 46078.559 | K5: =MROUND((J5-25569)*86400,300) -> 1772025900
A6: 1772026198 | B6: XAUUSD | C6: M5 | D6: 5188.16 | E6: 0 | F6: 0 | G6: 5183 | I6: =(A6/86400)+25569 -> 46078.562 | J6: =CEILING(INT(I6*1440)/1440*288,1)/288 -> 46078.562 | K6: =MROUND((J6-25569)*86400,300) -> 1772026200
A7: 1772026498 | B7: XAUUSD | C7: M5 | D7: 5189.61 | E7: 0 | F7: 0 | G7: 5183.45 | I7: =(A7/86400)+25569 -> 46078.566 | J7: =CEILING(INT(I7*1440)/1440*288,1)/288 -> 46078.566 | K7: =MROUND((J7-25569)*86400,300) -> 1772026500
A8: 1772026798 | B8: XAUUSD | C8: M5 | D8: 5186.84 | E8: 0 | F8: 0 | G8: 5183.68 | I8: =(A8/86400)+25569 -> 46078.569 | J8: =CEILING(INT(I8*1440)/1440*288,1)/288 -> 46078.569 | K8: =MROUND((J8-25569)*86400,300) -> 1772026800
A9: 1772027098 | B9: XAUUSD | C9: M5 | D9: 5186.59 | E9: 0 | F9: 0 | G9: 5183.98 | I9: =(A9/86400)+25569 -> 46078.573 | J9: =CEILING(INT(I9*1440)/1440*288,1)/288 -> 46078.573 | K9: =MROUND((J9-25569)*86400,300) -> 1772027100
A10: 1772027398 | B10: XAUUSD | C10: M5 | D10: 5186.07 | E10: 0 | F10: 0 | G10: 5184.12 | I10: =(A10/86400)+25569 -> 46078.576 | J10: =CEILING(INT(I10*1440)/1440*288,1)/288 -> 46078.576 | K10: =MROUND((J10-25569)*86400,300) -> 1772027400
A11: 1772027698 | B11: XAUUSD | C11: M5 | D11: 5185.23 | E11: 0 | F11: 0 | G11: 5184.26 | I11: =(A11/86400)+25569 -> 46078.58 | J11: =CEILING(INT(I11*1440)/1440*288,1)/288 -> 46078.58 | K11: =MROUND((J11-25569)*86400,300) -> 1772027700
A12: 1772027998 | B12: XAUUSD | C12: M5 | D12: 5187.18 | E12: 0 | F12: 0 | G12: 5184.39 | I12: =(A12/86400)+25569 -> 46078.583 | J12: =CEILING(INT(I12*1440)/1440*288,1)/288 -> 46078.583 | K12: =MROUND((J12-25569)*86400,300) -> 1772028000
A13: 1772028298 | B13: XAUUSD | C13: M5 | D13: 5189.99 | E13: 0 | F13: 0 | G13: 5184.74 | I13: =(A13/86400)+25569 -> 46078.587 | J13: =CEILING(INT(I13*1440)/1440*288,1)/288 -> 46078.587 | K13: =MROUND((J13-25569)*86400,300) -> 1772028300
... A501: 1772181898 | B501: XAUUSD | C501: M5 | D501: 5180.67 | E501: 0 | F501: 0 | G501: 5182.26 | I501: =(A501/86400)+25569 -> 46080.365 | J501: =CEILING(INT(I501*1440)/1440*288,1)/288 -> 46080.365 | K501: =MROUND((J501-25569)*86400,300) -> 1772181900

Sheet Pinbar
A1: timestamp | B1: symbol | C1: timeframe | D1: close | E1: pinbar | G1: convert_to_readable_datetime | H1: round_to_nearest_datetime_5m | I1: timestamp_adjusted
A2: 1772024998 | B2: XAUUSD | C2: M5 | D2: 5187.2 | E2: 0 | G2: =(A2/86400)+25569 -> 46078.549 | H2: =CEILING(INT(G2*1440)/1440*288,1)/288 -> 46078.549 | I2: =MROUND((H2-25569)*86400,300) -> 1772025000
A3: 1772025298 | B3: XAUUSD | C3: M5 | D3: 5187 | E3: 0 | G3: =(A3/86400)+25569 -> 46078.552 | H3: =CEILING(INT(G3*1440)/1440*288,1)/288 -> 46078.552 | I3: =MROUND((H3-25569)*86400,300) -> 1772025300
A4: 1772025598 | B4: XAUUSD | C4: M5 | D4: 5191.13 | E4: 0 | G4: =(A4/86400)+25569 -> 46078.556 | H4: =CEILING(INT(G4*1440)/1440*288,1)/288 -> 46078.556 | I4: =MROUND((H4-25569)*86400,300) -> 1772025600
A5: 1772025898 | B5: XAUUSD | C5: M5 | D5: 5188.07 | E5: 0 | G5: =(A5/86400)+25569 -> 46078.559 | H5: =CEILING(INT(G5*1440)/1440*288,1)/288 -> 46078.559 | I5: =MROUND((H5-25569)*86400,300) -> 1772025900
A6: 1772026198 | B6: XAUUSD | C6: M5 | D6: 5188.16 | E6: 0 | G6: =(A6/86400)+25569 -> 46078.562 | H6: =CEILING(INT(G6*1440)/1440*288,1)/288 -> 46078.562 | I6: =MROUND((H6-25569)*86400,300) -> 1772026200
A7: 1772026498 | B7: XAUUSD | C7: M5 | D7: 5189.61 | E7: 0 | G7: =(A7/86400)+25569 -> 46078.566 | H7: =CEILING(INT(G7*1440)/1440*288,1)/288 -> 46078.566 | I7: =MROUND((H7-25569)*86400,300) -> 1772026500
A8: 1772026798 | B8: XAUUSD | C8: M5 | D8: 5186.84 | E8: 0 | G8: =(A8/86400)+25569 -> 46078.569 | H8: =CEILING(INT(G8*1440)/1440*288,1)/288 -> 46078.569 | I8: =MROUND((H8-25569)*86400,300) -> 1772026800
A9: 1772027098 | B9: XAUUSD | C9: M5 | D9: 5186.59 | E9: 0 | G9: =(A9/86400)+25569 -> 46078.573 | H9: =CEILING(INT(G9*1440)/1440*288,1)/288 -> 46078.573 | I9: =MROUND((H9-25569)*86400,300) -> 1772027100
A10: 1772027398 | B10: XAUUSD | C10: M5 | D10: 5186.07 | E10: 0 | G10: =(A10/86400)+25569 -> 46078.576 | H10: =CEILING(INT(G10*1440)/1440*288,1)/288 -> 46078.576 | I10: =MROUND((H10-25569)*86400,300) -> 1772027400
A11: 1772027698 | B11: XAUUSD | C11: M5 | D11: 5185.23 | E11: 0 | G11: =(A11/86400)+25569 -> 46078.58 | H11: =CEILING(INT(G11*1440)/1440*288,1)/288 -> 46078.58 | I11: =MROUND((H11-25569)*86400,300) -> 1772027700
A12: 1772027998 | B12: XAUUSD | C12: M5 | D12: 5187.18 | E12: 0 | G12: =(A12/86400)+25569 -> 46078.583 | H12: =CEILING(INT(G12*1440)/1440*288,1)/288 -> 46078.583 | I12: =MROUND((H12-25569)*86400,300) -> 1772028000
A13: 1772028298 | B13: XAUUSD | C13: M5 | D13: 5189.99 | E13: 0 | G13: =(A13/86400)+25569 -> 46078.587 | H13: =CEILING(INT(G13*1440)/1440*288,1)/288 -> 46078.587 | I13: =MROUND((H13-25569)*86400,300) -> 1772028300
... A501: 1772181898 | B501: XAUUSD | C501: M5 | D501: 5181.1 | E501: 0 | G501: =(A501/86400)+25569 -> 46080.365 | H501: =CEILING(INT(G501*1440)/1440*288,1)/288 -> 46080.365 | I501: =MROUND((H501-25569)*86400,300) -> 1772181900

Sheet SSA
A1: timestamp | B1: symbol | C1: timeframe | D1: close | E1: ssa | F1: ema_ssa | G1: ssa_high | H1: ssa_low | J1: convert_to_readable_datetime | K1: round_to_nearest_datetime_5m | L1: timestamp_adjusted
A2: 1773636603 | B2: XAUUSD | C2: M5 | D2: 5187.2 | E2: 5013.6718 | F2: 5013.7627 | G2: 5015.5347 | H2: 5013.3035 | J2: =(A2/86400)+25569 -> 46097.201 | K2: =CEILING(INT(J2*1440)/1440*288,1)/288 -> 46097.201 | L2: =MROUND((K2-25569)*86400,300) -> 1773636600
A3: 1773636903 | B3: XAUUSD | C3: M5 | D3: 5187 | E3: 5013.4438 | F3: 5013.6033 | G3: 5015.3755 | H3: 5012.6907 | J3: =(A3/86400)+25569 -> 46097.205 | K3: =CEILING(INT(J3*1440)/1440*288,1)/288 -> 46097.205 | L3: =MROUND((K3-25569)*86400,300) -> 1773636900
A4: 1773637203 | B4: XAUUSD | C4: M5 | D4: 5191.13 | E4: 5013.2638 | F4: 5013.4335 | G4: 5015.2864 | H4: 5012.0865 | J4: =(A4/86400)+25569 -> 46097.208 | K4: =CEILING(INT(J4*1440)/1440*288,1)/288 -> 46097.208 | L4: =MROUND((K4-25569)*86400,300) -> 1773637200
A5: 1773637503 | B5: XAUUSD | C5: M5 | D5: 5188.07 | E5: 5012.8401 | F5: 5013.1368 | G5: 5015.0382 | H5: 5011.323 | J5: =(A5/86400)+25569 -> 46097.212 | K5: =CEILING(INT(J5*1440)/1440*288,1)/288 -> 46097.212 | L5: =MROUND((K5-25569)*86400,300) -> 1773637500
A6: 1773637803 | B6: XAUUSD | C6: M5 | D6: 5188.16 | E6: 5012.2479 | F6: 5012.6924 | G6: 5014.6268 | H6: 5010.4915 | J6: =(A6/86400)+25569 -> 46097.215 | K6: =CEILING(INT(J6*1440)/1440*288,1)/288 -> 46097.215 | L6: =MROUND((K6-25569)*86400,300) -> 1773637800
A7: 1773638103 | B7: XAUUSD | C7: M5 | D7: 5189.61 | E7: 5011.5365 | F7: 5012.1144 | G7: 5014.0961 | H7: 5009.5117 | J7: =(A7/86400)+25569 -> 46097.219 | K7: =CEILING(INT(J7*1440)/1440*288,1)/288 -> 46097.219 | L7: =MROUND((K7-25569)*86400,300) -> 1773638100
A8: 1773638403 | B8: XAUUSD | C8: M5 | D8: 5186.84 | E8: 5010.8773 | F8: 5011.4959 | G8: 5013.5584 | H8: 5008.6122 | J8: =(A8/86400)+25569 -> 46097.222 | K8: =CEILING(INT(J8*1440)/1440*288,1)/288 -> 46097.222 | L8: =MROUND((K8-25569)*86400,300) -> 1773638400
A9: 1773638703 | B9: XAUUSD | C9: M5 | D9: 5186.59 | E9: 5010.3514 | F9: 5010.9236 | G9: 5013.1017 | H9: 5007.8467 | J9: =(A9/86400)+25569 -> 46097.226 | K9: =CEILING(INT(J9*1440)/1440*288,1)/288 -> 46097.226 | L9: =MROUND((K9-25569)*86400,300) -> 1773638700
A10: 1773639003 | B10: XAUUSD | C10: M5 | D10: 5186.07 | E10: 5010.2166 | F10: 5010.5701 | G10: 5012.8825 | H10: 5007.391 | J10: =(A10/86400)+25569 -> 46097.229 | K10: =CEILING(INT(J10*1440)/1440*288,1)/288 -> 46097.229 | L10: =MROUND((K10-25569)*86400,300) -> 1773639000
A11: 1773639303 | B11: XAUUSD | C11: M5 | D11: 5185.23 | E11: 5010.9042 | F11: 5010.7372 | G11: 5013.1678 | H11: 5007.6073 | J11: =(A11/86400)+25569 -> 46097.233 | K11: =CEILING(INT(J11*1440)/1440*288,1)/288 -> 46097.233 | L11: =MROUND((K11-25569)*86400,300) -> 1773639300
A12: 1773639603 | B12: XAUUSD | C12: M5 | D12: 5187.18 | E12: 5012.2555 | F12: 5011.4963 | G12: 5014.087 | H12: 5008.6286 | J12: =(A12/86400)+25569 -> 46097.236 | K12: =CEILING(INT(J12*1440)/1440*288,1)/288 -> 46097.236 | L12: =MROUND((K12-25569)*86400,300) -> 1773639600
A13: 1773639903 | B13: XAUUSD | C13: M5 | D13: 5189.99 | E13: 5014.2112 | F13: 5012.8538 | G13: 5015.5945 | H13: 5010.2851 | J13: =(A13/86400)+25569 -> 46097.24 | K13: =CEILING(INT(J13*1440)/1440*288,1)/288 -> 46097.24 | L13: =MROUND((K13-25569)*86400,300) -> 1773639900
... A500: 1773793203 | B500: XAUUSD | C500: M5 | D500: 5180.32 | E500: 5008.2216 | F500: 5008.187 | G500: 5010.9969 | H500: 5006.9621 | J500: =(A500/86400)+25569 -> 46099.014 | K500: =CEILING(INT(J500*1440)/1440*288,1)/288 -> 46099.014 | L500: =MROUND((K500-25569)*86400,300) -> 1773793200

Sheet Data Validation
A1: =Price!L1 -> timestamp_adjusted | B1: timestamp_adjusted_check | C1: =Price!B1 -> symbol | D1: symbol_check | E1: =Price!C1 -> timeframe | F1: timeframe_check | G1: =Price!D1 -> close | H1: close_check | J1: check_all | K1: check_all_batch
A2: =Price!L2 -> 1772025000 | B2: =AND(Price!L2=Trendlines!Q2,Price!L2=ZigZag!K2,Price!L2=Pinbar!I2,Price!L2=SSA!L2) -> FALSE | C2: =Price!B2 -> XAUUSD | D2: =AND(Price!B2=Trendlines!B2,Price!B2=ZigZag!B2,Price!B2=Pinbar!B2,Price!B2=SSA!B2) -> TRUE | E2: =Price!C2 -> M5 | F2: =AND(Price!C2=Trendlines!C2,Price!C2=ZigZag!C2,Price!C2=Pinbar!C2,Price!C2=SSA!C2) -> TRUE | G2: =Price!D2 -> 5187.2 | H2: =AND(Price!D2=Trendlines!D2,Price!D2=ZigZag!D2,Price!D2=Pinbar!D2,Price!D2=SSA!D2) -> TRUE | J2: =AND(B2=TRUE,D2=TRUE,F2=TRUE,H2=TRUE) -> FALSE | K2: =AND(J2:J500) -> FALSE
A3: =Price!L3 -> 1772025300 | B3: =AND(Price!L3=Trendlines!Q3,Price!L3=ZigZag!K3,Price!L3=Pinbar!I3,Price!L3=SSA!L3) -> FALSE | C3: =Price!B3 -> XAUUSD | D3: =AND(Price!B3=Trendlines!B3,Price!B3=ZigZag!B3,Price!B3=Pinbar!B3,Price!B3=SSA!B3) -> TRUE | E3: =Price!C3 -> M5 | F3: =AND(Price!C3=Trendlines!C3,Price!C3=ZigZag!C3,Price!C3=Pinbar!C3,Price!C3=SSA!C3) -> TRUE | G3: =Price!D3 -> 5187 | H3: =AND(Price!D3=Trendlines!D3,Price!D3=ZigZag!D3,Price!D3=Pinbar!D3,Price!D3=SSA!D3) -> TRUE | J3: =AND(B3=TRUE,D3=TRUE,F3=TRUE,H3=TRUE) -> FALSE
A4: =Price!L4 -> 1772025600 | B4: =AND(Price!L4=Trendlines!Q4,Price!L4=ZigZag!K4,Price!L4=Pinbar!I4,Price!L4=SSA!L4) -> FALSE | C4: =Price!B4 -> XAUUSD | D4: =AND(Price!B4=Trendlines!B4,Price!B4=ZigZag!B4,Price!B4=Pinbar!B4,Price!B4=SSA!B4) -> TRUE | E4: =Price!C4 -> M5 | F4: =AND(Price!C4=Trendlines!C4,Price!C4=ZigZag!C4,Price!C4=Pinbar!C4,Price!C4=SSA!C4) -> TRUE | G4: =Price!D4 -> 5191.13 | H4: =AND(Price!D4=Trendlines!D4,Price!D4=ZigZag!D4,Price!D4=Pinbar!D4,Price!D4=SSA!D4) -> TRUE | J4: =AND(B4=TRUE,D4=TRUE,F4=TRUE,H4=TRUE) -> FALSE
A5: =Price!L5 -> 1772025900 | B5: =AND(Price!L5=Trendlines!Q5,Price!L5=ZigZag!K5,Price!L5=Pinbar!I5,Price!L5=SSA!L5) -> FALSE | C5: =Price!B5 -> XAUUSD | D5: =AND(Price!B5=Trendlines!B5,Price!B5=ZigZag!B5,Price!B5=Pinbar!B5,Price!B5=SSA!B5) -> TRUE | E5: =Price!C5 -> M5 | F5: =AND(Price!C5=Trendlines!C5,Price!C5=ZigZag!C5,Price!C5=Pinbar!C5,Price!C5=SSA!C5) -> TRUE | G5: =Price!D5 -> 5188.07 | H5: =AND(Price!D5=Trendlines!D5,Price!D5=ZigZag!D5,Price!D5=Pinbar!D5,Price!D5=SSA!D5) -> TRUE | J5: =AND(B5=TRUE,D5=TRUE,F5=TRUE,H5=TRUE) -> FALSE
A6: =Price!L6 -> 1772026200 | B6: =AND(Price!L6=Trendlines!Q6,Price!L6=ZigZag!K6,Price!L6=Pinbar!I6,Price!L6=SSA!L6) -> FALSE | C6: =Price!B6 -> XAUUSD | D6: =AND(Price!B6=Trendlines!B6,Price!B6=ZigZag!B6,Price!B6=Pinbar!B6,Price!B6=SSA!B6) -> TRUE | E6: =Price!C6 -> M5 | F6: =AND(Price!C6=Trendlines!C6,Price!C6=ZigZag!C6,Price!C6=Pinbar!C6,Price!C6=SSA!C6) -> TRUE | G6: =Price!D6 -> 5188.16 | H6: =AND(Price!D6=Trendlines!D6,Price!D6=ZigZag!D6,Price!D6=Pinbar!D6,Price!D6=SSA!D6) -> TRUE | J6: =AND(B6=TRUE,D6=TRUE,F6=TRUE,H6=TRUE) -> FALSE
A7: =Price!L7 -> 1772026500 | B7: =AND(Price!L7=Trendlines!Q7,Price!L7=ZigZag!K7,Price!L7=Pinbar!I7,Price!L7=SSA!L7) -> FALSE | C7: =Price!B7 -> XAUUSD | D7: =AND(Price!B7=Trendlines!B7,Price!B7=ZigZag!B7,Price!B7=Pinbar!B7,Price!B7=SSA!B7) -> TRUE | E7: =Price!C7 -> M5 | F7: =AND(Price!C7=Trendlines!C7,Price!C7=ZigZag!C7,Price!C7=Pinbar!C7,Price!C7=SSA!C7) -> TRUE | G7: =Price!D7 -> 5189.61 | H7: =AND(Price!D7=Trendlines!D7,Price!D7=ZigZag!D7,Price!D7=Pinbar!D7,Price!D7=SSA!D7) -> TRUE | J7: =AND(B7=TRUE,D7=TRUE,F7=TRUE,H7=TRUE) -> FALSE
A8: =Price!L8 -> 1772026800 | B8: =AND(Price!L8=Trendlines!Q8,Price!L8=ZigZag!K8,Price!L8=Pinbar!I8,Price!L8=SSA!L8) -> FALSE | C8: =Price!B8 -> XAUUSD | D8: =AND(Price!B8=Trendlines!B8,Price!B8=ZigZag!B8,Price!B8=Pinbar!B8,Price!B8=SSA!B8) -> TRUE | E8: =Price!C8 -> M5 | F8: =AND(Price!C8=Trendlines!C8,Price!C8=ZigZag!C8,Price!C8=Pinbar!C8,Price!C8=SSA!C8) -> TRUE | G8: =Price!D8 -> 5186.84 | H8: =AND(Price!D8=Trendlines!D8,Price!D8=ZigZag!D8,Price!D8=Pinbar!D8,Price!D8=SSA!D8) -> TRUE | J8: =AND(B8=TRUE,D8=TRUE,F8=TRUE,H8=TRUE) -> FALSE
A9: =Price!L9 -> 1772027100 | B9: =AND(Price!L9=Trendlines!Q9,Price!L9=ZigZag!K9,Price!L9=Pinbar!I9,Price!L9=SSA!L9) -> FALSE | C9: =Price!B9 -> XAUUSD | D9: =AND(Price!B9=Trendlines!B9,Price!B9=ZigZag!B9,Price!B9=Pinbar!B9,Price!B9=SSA!B9) -> TRUE | E9: =Price!C9 -> M5 | F9: =AND(Price!C9=Trendlines!C9,Price!C9=ZigZag!C9,Price!C9=Pinbar!C9,Price!C9=SSA!C9) -> TRUE | G9: =Price!D9 -> 5186.59 | H9: =AND(Price!D9=Trendlines!D9,Price!D9=ZigZag!D9,Price!D9=Pinbar!D9,Price!D9=SSA!D9) -> TRUE | J9: =AND(B9=TRUE,D9=TRUE,F9=TRUE,H9=TRUE) -> FALSE
A10: =Price!L10 -> 1772027400 | B10: =AND(Price!L10=Trendlines!Q10,Price!L10=ZigZag!K10,Price!L10=Pinbar!I10,Price!L10=SSA!L10) -> FALSE | C10: =Price!B10 -> XAUUSD | D10: =AND(Price!B10=Trendlines!B10,Price!B10=ZigZag!B10,Price!B10=Pinbar!B10,Price!B10=SSA!B10) -> TRUE | E10: =Price!C10 -> M5 | F10: =AND(Price!C10=Trendlines!C10,Price!C10=ZigZag!C10,Price!C10=Pinbar!C10,Price!C10=SSA!C10) -> TRUE | G10: =Price!D10 -> 5186.07 | H10: =AND(Price!D10=Trendlines!D10,Price!D10=ZigZag!D10,Price!D10=Pinbar!D10,Price!D10=SSA!D10) -> TRUE | J10: =AND(B10=TRUE,D10=TRUE,F10=TRUE,H10=TRUE) -> FALSE
A11: =Price!L11 -> 1772027700 | B11: =AND(Price!L11=Trendlines!Q11,Price!L11=ZigZag!K11,Price!L11=Pinbar!I11,Price!L11=SSA!L11) -> FALSE | C11: =Price!B11 -> XAUUSD | D11: =AND(Price!B11=Trendlines!B11,Price!B11=ZigZag!B11,Price!B11=Pinbar!B11,Price!B11=SSA!B11) -> TRUE | E11: =Price!C11 -> M5 | F11: =AND(Price!C11=Trendlines!C11,Price!C11=ZigZag!C11,Price!C11=Pinbar!C11,Price!C11=SSA!C11) -> TRUE | G11: =Price!D11 -> 5185.23 | H11: =AND(Price!D11=Trendlines!D11,Price!D11=ZigZag!D11,Price!D11=Pinbar!D11,Price!D11=SSA!D11) -> TRUE | J11: =AND(B11=TRUE,D11=TRUE,F11=TRUE,H11=TRUE) -> FALSE
A12: =Price!L12 -> 1772028000 | B12: =AND(Price!L12=Trendlines!Q12,Price!L12=ZigZag!K12,Price!L12=Pinbar!I12,Price!L12=SSA!L12) -> FALSE | C12: =Price!B12 -> XAUUSD | D12: =AND(Price!B12=Trendlines!B12,Price!B12=ZigZag!B12,Price!B12=Pinbar!B12,Price!B12=SSA!B12) -> TRUE | E12: =Price!C12 -> M5 | F12: =AND(Price!C12=Trendlines!C12,Price!C12=ZigZag!C12,Price!C12=Pinbar!C12,Price!C12=SSA!C12) -> TRUE | G12: =Price!D12 -> 5187.18 | H12: =AND(Price!D12=Trendlines!D12,Price!D12=ZigZag!D12,Price!D12=Pinbar!D12,Price!D12=SSA!D12) -> TRUE | J12: =AND(B12=TRUE,D12=TRUE,F12=TRUE,H12=TRUE) -> FALSE
A13: =Price!L13 -> 1772028300 | B13: =AND(Price!L13=Trendlines!Q13,Price!L13=ZigZag!K13,Price!L13=Pinbar!I13,Price!L13=SSA!L13) -> FALSE | C13: =Price!B13 -> XAUUSD | D13: =AND(Price!B13=Trendlines!B13,Price!B13=ZigZag!B13,Price!B13=Pinbar!B13,Price!B13=SSA!B13) -> TRUE | E13: =Price!C13 -> M5 | F13: =AND(Price!C13=Trendlines!C13,Price!C13=ZigZag!C13,Price!C13=Pinbar!C13,Price!C13=SSA!C13) -> TRUE | G13: =Price!D13 -> 5189.99 | H13: =AND(Price!D13=Trendlines!D13,Price!D13=ZigZag!D13,Price!D13=Pinbar!D13,Price!D13=SSA!D13) -> TRUE | J13: =AND(B13=TRUE,D13=TRUE,F13=TRUE,H13=TRUE) -> FALSE
A14: =Price!L14 -> 1772028600 | B14: =AND(Price!L14=Trendlines!Q14,Price!L14=ZigZag!K14,Price!L14=Pinbar!I14,Price!L14=SSA!L14) -> FALSE | C14: =Price!B14 -> XAUUSD | D14: =AND(Price!B14=Trendlines!B14,Price!B14=ZigZag!B14,Price!B14=Pinbar!B14,Price!B14=SSA!B14) -> TRUE | E14: =Price!C14 -> M5 | F14: =AND(Price!C14=Trendlines!C14,Price!C14=ZigZag!C14,Price!C14=Pinbar!C14,Price!C14=SSA!C14) -> TRUE | G14: =Price!D14 -> 5185.44 | H14: =AND(Price!D14=Trendlines!D14,Price!D14=ZigZag!D14,Price!D14=Pinbar!D14,Price!D14=SSA!D14) -> TRUE | J14: =AND(B14=TRUE,D14=TRUE,F14=TRUE,H14=TRUE) -> FALSE
... A500: =Price!L500 -> 1772181600 | B500: =AND(Price!L500=Trendlines!Q500,Price!L500=ZigZag!K500,Price!L500=Pinbar!I500,Price!L500=SSA!L500) -> FALSE | C500: =Price!B500 -> XAUUSD | D500: =AND(Price!B500=Trendlines!B500,Price!B500=ZigZag!B500,Price!B500=Pinbar!B500,Price!B500=SSA!B500) -> TRUE | E500: =Price!C500 -> M5 | F500: =AND(Price!C500=Trendlines!C500,Price!C500=ZigZag!C500,Price!C500=Pinbar!C500,Price!C500=SSA!C500) -> TRUE | G500: =Price!D500 -> 5180.32 | H500: =AND(Price!D500=Trendlines!D500,Price!D500=ZigZag!D500,Price!D500=Pinbar!D500,Price!D500=SSA!D500) -> TRUE | J500: =AND(B500=TRUE,D500=TRUE,F500=TRUE,H500=TRUE) -> FALSE

Sheet S&R Level Analysis
A1: ='Data Validation'!A1 -> timestamp_adjusted | B1: ='Data Validation'!C1 -> symbol | C1: ='Data Validation'!E1 -> timeframe | D1: ='Data Validation'!G1 -> close | E1: =Price!F1 -> high | F1: =Price!G1 -> low | G1: =Price!H1 -> volume | H1: =SSA!E1 -> ssa | I1: =SSA!F1 -> ema_ssa | J1: =SSA!G1 -> ssa_high | K1: =SSA!H1 -> ssa_low | L1: =Trendlines!K1 -> horiz_high_map | M1: =Trendlines!L1 -> horiz_low_map | N1: =ZigZag!E1 -> zigzag_high | O1: =ZigZag!F1 -> zigzag_low | P1: =Pinbar!E1 -> pinbar | Q1: =Trendlines!E1 -> horiz_peak_line_1 | R1: =Trendlines!H1 -> horiz_bottom_line_1 | S1: 5m_prev_high | T1: 5m_prev_low | U1: 5m_high_diff | V1: 5m_low_diff | W1: 5m_h_l | X1: 5m_h_prev_close | Y1: 5m_l_prev_close | Z1: 5m_tr | AA1: 5m_ssa_emassa | AB1: 5m_ssa_emassa_direction | AC1: 5m_ssa_ema_counter | AD1: 5m_max_ssa_counter | AE1: 5m_min_ssa_counter | AF1: up_ssa_counter | AG1: down_ssa_counter | AH1: 5m_ssa_emassa_crossover | AI1: 5m_ssa_emassa_crossunder | AJ1: 5m_high_ssahigh | AK1: 5m_low_ssalow | AL1: 5m_high_ssahigh_reverse | AM1: 5m_high_ssahigh_direct | AN1: 5m_low_ssalow_reverse | AO1: 5m_low_ssalow_direct | AP1: zscore_ssahigh_reverse | AQ1: zscore_ssahigh_direct | AR1: norm_area_ssahigh_reverse | AS1: norm_area_ssahigh_direct | AT1: zscore_ssalow_reverse | AU1: zscore_ssalow_direct | AV1: norm_area_ssalow_reverse | AW1: norm_area_ssalow_direct | AY1: 5m_ssa_p1_nearness | AZ1: 5m_ssa_p1_direction | BA1: 5m_ssa_p1_counter | BB1: 5m_ssa_p1_touch | BC1: 5m_ssa_p1_status | BD1: 5m_ssa_b1_nearness | BE1: 5m_ssa_b1_direction | BF1: 5m_ssa_b1_counter | BG1: 5m_ssa_b1_touch | BH1: 5m_ssa_b1_status | BI1: 5m_imp_high | BJ1: 5m_imp_low | BK1: 5m_eqh | BL1: 5m_high_value | BM1: 5m_ssa_around_eqh | BN1: 5m_emassa_around_eqh | BO1: 5m_eqh_touch | BP1: 5m_eql | BQ1: 5m_low_value | BR1: 5m_ssa_around_eql | BS1: 5m_emassa_around_eql | BT1: 5m_eql_touch | BU1: 5m_tl_touch_zone | BV1: 5m_count_valid | BW1: 5m_ssa_tl_staus | BX1: 5m_eqhl_touch | BY1: 5m_ssa_emassa_status | BZ1: up_count_classification | CA1: down_count_classification | CB1: 5m_sig_high_spike_uptrend | CC1: 5m_high_spike_downtrend | CD1: 5m_sig_high_spike_downtrend | CE1: 5m_sig_low_spike_downtrend | CF1: 5m_low_spike_uptrend | CG1: 5m_sig_low_spike_downtrend | CH1: 5m_volatility_surge | CI1: 5m_volume_surge | CJ1: 5m_pin_check | CK1: 5m_turb_sum | CL1: 5m_turb_index | CM1: 5m_turb_eval
A2: =IF('Data Validation'!$K$2<>TRUE,"",'Data Validation'!A2) | B2: =IF('Data Validation'!$K$2<>TRUE,"",'Data Validation'!C2) | C2: =IF('Data Validation'!$K$2<>TRUE,"",'Data Validation'!E2) | D2: =IF('Data Validation'!$K$2<>TRUE,"",'Data Validation'!G2) | E2: =IF($C2<>"M5","",Price!F2) | F2: =IF($C2<>"M5","",Price!G2) | G2: =IF($C2<>"M5","",Price!H2) | H2: =IF($C2<>"M5","",SSA!E2) | I2: =IF($C2<>"M5","",SSA!F2) | J2: =IF($C2<>"M5","",SSA!G2) | K2: =IF($C2<>"M5","",SSA!H2) | L2: =IF($C2<>"M5","",Trendlines!K2) | M2: =IF($C2<>"M5","",Trendlines!L2) | N2: =IF($C2<>"M5","",ZigZag!E2) | O2: =IF($C2<>"M5","",ZigZag!F2) | P2: =IF($C2<>"M5","",Pinbar!E2) | Q2: =IF($C2<>"M5","",Trendlines!E2) | R2: =IF($C2<>"M5","",Trendlines!H2) | W2: =IFERROR(E2-F2,"") | Z2: =IF(W2="","",W2) | AA2: =IFERROR(H2-I2,"") | AY2: =IF(OR(Q2=0,Q2=""),"",((H2-Q2)/Q2)) | AZ2: =IF(AY2="","",IF(AY2>=0,1,-1)) | BB2: =IF(AY2="","",IF(AND(AY2>-0.1%,AY2<0.1%),"Touch Zone","")) | BC2: =IF(AY2="","",IF(AND(BB2="Touch Zone",AY2>0%),"Above",IF(AND(BB2="Touch Zone",AY2<0%),"Below",""))) | BD2: =IF(OR(R2=0,R2=""),"",((H2-R2)/R2)) | BE2: =IF(BD2="","",IF(BD2>=0,1,-1)) | BG2: =IF(BD2="","",IF(AND(BD2>-0.1%,BD2<0.1%),"Touch Zone","")) | BH2: =IF(BD2="","",IF(AND(BG2="Touch Zone",BD2>0%),"Above",IF(AND(BG2="Touch Zone",BD2<0%),"Below",""))) | BI2: =IF(OR(L2="",N2=""),"",IF(AND(L2=N2,L2>0,N2>0),"Important High","")) | BJ2: =IF(OR(M2="",O2=""),"",IF(AND(M2=O2,M2>0,O2>0),"Important Low","")) | BU2: =IF(OR(BB2="Touch Zone",BG2="Touch Zone"),"TL Touch Zone","") | BV2: =IF(AND(BC2="",BH2=""),"",COUNTIF(BC2,"Above")+COUNTIF(BC2,"Below")+COUNTIF(BH2,"Above")+COUNTIF(BH2,"Below")) | BW2: {=IF(BV2<>1,"",_xlfn.IFS(OR(BC2="Above",BC2="Below"),BC2,OR(BH2="Above",BH2="Below"),BH2,TRUE,""))} | BY2: =IF(AA2="","",IF(AA2>0,"UP","DOWN")) | CJ2: =IF(P2="","",IF(P2=1,1,""))
A3: =IF('Data Validation'!$K$2<>TRUE,"",'Data Validation'!A3) | B3: =IF('Data Validation'!$K$2<>TRUE,"",'Data Validation'!C3) | C3: =IF('Data Validation'!$K$2<>TRUE,"",'Data Validation'!E3) | D3: =IF('Data Validation'!$K$2<>TRUE,"",'Data Validation'!G3) | E3: =IF($C3<>"M5","",Price!F3) | F3: =IF($C3<>"M5","",Price!G3) | G3: =IF($C3<>"M5","",Price!H3) | H3: =IF($C3<>"M5","",SSA!E3) | I3: =IF($C3<>"M5","",SSA!F3) | J3: =IF($C3<>"M5","",SSA!G3) | K3: =IF($C3<>"M5","",SSA!H3) | L3: =IF($C3<>"M5","",Trendlines!K3) | M3: =IF($C3<>"M5","",Trendlines!L3) | N3: =IF($C3<>"M5","",ZigZag!E3) | O3: =IF($C3<>"M5","",ZigZag!F3) | P3: =IF($C3<>"M5","",Pinbar!E3) | Q3: =IF($C3<>"M5","",Trendlines!E3) | R3: =IF($C3<>"M5","",Trendlines!H3) | W3: =IFERROR(E3-F3,"") | X3: =IFERROR(ABS(E3-D2),"") | Y3: =IFERROR(ABS(F3-D2),"") | Z3: =IF(MAX(W3:Y3)=0,"",MAX(W3:Y3)) | AA3: =IFERROR(H3-I3,"") | AB3: =IF(AA3="","",IF(AA3>=0,1,-1)) | AC3: {=IFERROR((AB3=AB2,AC2+AB3,AB3),"")} | AH3: =IF(AND(H3>I3,H2<I2),"crossover","") | AI3: =IF(AND(H3<I3,H2>I2),"crossunder","") | AJ3: =IFERROR(IF(E3-J3<0,"",(E3-J3)/J3),"") | AK3: =IFERROR(IF(F3-K3>0,"",(F3-K3)/K3),"") | AL3: =IF(AND(AJ3<>"",CC3="High Spike @ Downtrend"),AJ3,"") | AM3: =IF(AND(AJ3<>"",AL3=""),AJ3,"") | AN3: =IF(AND(AK3<>"",CF3="Low Spike @ Uptrend"),AK3,"") | AO3: =IF(AND(AK3<>"",AN3=""),AK3,"") | AY3: =IF(OR(Q3=0,Q3=""),"",((H3-Q3)/Q3)) | AZ3: =IF(AY3="","",IF(AY3>=0,1,-1)) | BA3: =IF(AZ3="","",IF(AZ3=AZ2,BA2+AZ3,AZ3)) | BB3: =IF(AY3="","",IF(AND(AY3>-0.1%,AY3<0.1%),"Touch Zone","")) | BC3: =IF(AY3="","",IF(AND(BB3="Touch Zone",AY3>0%),"Above",IF(AND(BB3="Touch Zone",AY3<0%),"Below",""))) | BD3: =IF(OR(R3=0,R3=""),"",((H3-R3)/R3)) | BE3: =IF(BD3="","",IF(BD3>=0,1,-1)) | BF3: =IF(BE3="","",IF(BE3=BE2,BF2+BE3,BE3)) | BG3: =IF(BD3="","",IF(AND(BD3>-0.1%,BD3<0.1%),"Touch Zone","")) | BH3: =IF(BD3="","",IF(AND(BG3="Touch Zone",BD3>0%),"Above",IF(AND(BG3="Touch Zone",BD3<0%),"Below",""))) | BI3: =IF(OR(L3="",N3=""),"",IF(AND(L3=N3,L3>0,N3>0),"Important High","")) | BJ3: =IF(OR(M3="",O3=""),"",IF(AND(M3=O3,M3>0,O3>0),"Important Low","")) | BU3: =IF(OR(BB3="Touch Zone",BG3="Touch Zone"),"TL Touch Zone","") | BV3: =IF(AND(BC3="",BH3=""),"",COUNTIF(BC3,"Above")+COUNTIF(BC3,"Below")+COUNTIF(BH3,"Above")+COUNTIF(BH3,"Below")) | BW3: {=IF(BV3<>1,"",_xlfn.IFS(OR(BC3="Above",BC3="Below"),BC3,OR(BH3="Above",BH3="Below"),BH3,TRUE,""))} | BY3: =IF(AA3="","",IF(AA3>0,"UP","DOWN")) | BZ3: =IF(AF3="","",IF(AF3<50%,"Early Up Stage",IF(AF3>100%,"Extended Up Stage","Late Up Stage"))) | CA3: =IF(AG3="","",IF(AG3<50%,"Early Down Stage",IF(AG3>100%,"Extended Down Stage","Late Down Stage"))) | CB3: =IF(AS3="","",IF(AS3>90%,"Sig High Spike @ Uptrend","")) | CC3: =IF(AJ3="","",IF(AND(AC3<0,AJ3>0),"High Spike @ Downtrend","")) | CD3: =IF(AND(CC3="High Spike @ Downtrend",AR3>50%),"Sig High Spike @ Downtrend","") | CE3: =IF(AW3="","",IF(AW3>90%,"Sig Low Spike @ Downtrend","")) | CF3: =IF(AK3="","",IF(AND(AC3>0,AK3>0),"Low Spike @ Uptrend","")) | CG3: =IF(AND(CF3="Low Spike @ Uptrend",AV3>50%),"Sig Low Spike @ Uptrend","") | CJ3: =IF(P3="","",IF(P3=1,1,""))
A4: =IF('Data Validation'!$K$2<>TRUE,"",'Data Validation'!A4) | B4: =IF('Data Validation'!$K$2<>TRUE,"",'Data Validation'!C4) | C4: =IF('Data Validation'!$K$2<>TRUE,"",'Data Validation'!E4) | D4: =IF('Data Validation'!$K$2<>TRUE,"",'Data Validation'!G4) | E4: =IF($C4<>"M5","",Price!F4) | F4: =IF($C4<>"M5","",Price!G4) | G4: =IF($C4<>"M5","",Price!H4) | H4: =IF($C4<>"M5","",SSA!E4) | I4: =IF($C4<>"M5","",SSA!F4) | J4: =IF($C4<>"M5","",SSA!G4) | K4: =IF($C4<>"M5","",SSA!H4) | L4: =IF($C4<>"M5","",Trendlines!K4) | M4: =IF($C4<>"M5","",Trendlines!L4) | N4: =IF($C4<>"M5","",ZigZag!E4) | O4: =IF($C4<>"M5","",ZigZag!F4) | P4: =IF($C4<>"M5","",Pinbar!E4) | Q4: =IF($C4<>"M5","",Trendlines!E4) | R4: =IF($C4<>"M5","",Trendlines!H4) | W4: =IFERROR(E4-F4,"") | X4: =IFERROR(ABS(E4-D3),"") | Y4: =IFERROR(ABS(F4-D3),"") | Z4: =IF(MAX(W4:Y4)=0,"",MAX(W4:Y4)) | AA4: =IFERROR(H4-I4,"") | AB4: =IF(AA4="","",IF(AA4>=0,1,-1)) | AC4: {=IFERROR((AB4=AB3,AC3+AB4,AB4),"")} | AH4: =IF(AND(H4>I4,H3<I3),"crossover","") | AI4: =IF(AND(H4<I4,H3>I3),"crossunder","") | AJ4: =IFERROR(IF(E4-J4<0,"",(E4-J4)/J4),"") | AK4: =IFERROR(IF(F4-K4>0,"",(F4-K4)/K4),"") | AL4: =IF(AND(AJ4<>"",CC4="High Spike @ Downtrend"),AJ4,"") | AM4: =IF(AND(AJ4<>"",AL4=""),AJ4,"") | AN4: =IF(AND(AK4<>"",CF4="Low Spike @ Uptrend"),AK4,"") | AO4: =IF(AND(AK4<>"",AN4=""),AK4,"") | AY4: =IF(OR(Q4=0,Q4=""),"",((H4-Q4)/Q4)) | AZ4: =IF(AY4="","",IF(AY4>=0,1,-1)) | BA4: =IF(AZ4="","",IF(AZ4=AZ3,BA3+AZ4,AZ4)) | BB4: =IF(AY4="","",IF(AND(AY4>-0.1%,AY4<0.1%),"Touch Zone","")) | BC4: =IF(AY4="","",IF(AND(BB4="Touch Zone",AY4>0%),"Above",IF(AND(BB4="Touch Zone",AY4<0%),"Below",""))) | BD4: =IF(OR(R4=0,R4=""),"",((H4-R4)/R4)) | BE4: =IF(BD4="","",IF(BD4>=0,1,-1)) | BF4: =IF(BE4="","",IF(BE4=BE3,BF3+BE4,BE4)) | BG4: =IF(BD4="","",IF(AND(BD4>-0.1%,BD4<0.1%),"Touch Zone","")) | BH4: =IF(BD4="","",IF(AND(BG4="Touch Zone",BD4>0%),"Above",IF(AND(BG4="Touch Zone",BD4<0%),"Below",""))) | BI4: =IF(OR(L4="",N4=""),"",IF(AND(L4=N4,L4>0,N4>0),"Important High","")) | BJ4: =IF(OR(M4="",O4=""),"",IF(AND(M4=O4,M4>0,O4>0),"Important Low","")) | BU4: =IF(OR(BB4="Touch Zone",BG4="Touch Zone"),"TL Touch Zone","") | BV4: =IF(AND(BC4="",BH4=""),"",COUNTIF(BC4,"Above")+COUNTIF(BC4,"Below")+COUNTIF(BH4,"Above")+COUNTIF(BH4,"Below")) | BW4: {=IF(BV4<>1,"",_xlfn.IFS(OR(BC4="Above",BC4="Below"),BC4,OR(BH4="Above",BH4="Below"),BH4,TRUE,""))} | BY4: =IF(AA4="","",IF(AA4>0,"UP","DOWN")) | BZ4: =IF(AF4="","",IF(AF4<50%,"Early Up Stage",IF(AF4>100%,"Extended Up Stage","Late Up Stage"))) | CA4: =IF(AG4="","",IF(AG4<50%,"Early Down Stage",IF(AG4>100%,"Extended Down Stage","Late Down Stage"))) | CB4: =IF(AS4="","",IF(AS4>90%,"Sig High Spike @ Uptrend","")) | CC4: =IF(AJ4="","",IF(AND(AC4<0,AJ4>0),"High Spike @ Downtrend","")) | CD4: =IF(AND(CC4="High Spike @ Downtrend",AR4>50%),"Sig High Spike @ Downtrend","") | CE4: =IF(AW4="","",IF(AW4>90%,"Sig Low Spike @ Downtrend","")) | CF4: =IF(AK4="","",IF(AND(AC4>0,AK4>0),"Low Spike @ Uptrend","")) | CG4: =IF(AND(CF4="Low Spike @ Uptrend",AV4>50%),"Sig Low Spike @ Uptrend","") | CJ4: =IF(P4="","",IF(P4=1,1,""))
A5: =IF('Data Validation'!$K$2<>TRUE,"",'Data Validation'!A5) | B5: =IF('Data Validation'!$K$2<>TRUE,"",'Data Validation'!C5) | C5: =IF('Data Validation'!$K$2<>TRUE,"",'Data Validation'!E5) | D5: =IF('Data Validation'!$K$2<>TRUE,"",'Data Validation'!G5) | E5: =IF($C5<>"M5","",Price!F5) | F5: =IF($C5<>"M5","",Price!G5) | G5: =IF($C5<>"M5","",Price!H5) | H5: =IF($C5<>"M5","",SSA!E5) | I5: =IF($C5<>"M5","",SSA!F5) | J5: =IF($C5<>"M5","",SSA!G5) | K5: =IF($C5<>"M5","",SSA!H5) | L5: =IF($C5<>"M5","",Trendlines!K5) | M5: =IF($C5<>"M5","",Trendlines!L5) | N5: =IF($C5<>"M5","",ZigZag!E5) | O5: =IF($C5<>"M5","",ZigZag!F5) | P5: =IF($C5<>"M5","",Pinbar!E5) | Q5: =IF($C5<>"M5","",Trendlines!E5) | R5: =IF($C5<>"M5","",Trendlines!H5) | W5: =IFERROR(E5-F5,"") | X5: =IFERROR(ABS(E5-D4),"") | Y5: =IFERROR(ABS(F5-D4),"") | Z5: =IF(MAX(W5:Y5)=0,"",MAX(W5:Y5)) | AA5: =IFERROR(H5-I5,"") | AB5: =IF(AA5="","",IF(AA5>=0,1,-1)) | AC5: {=IFERROR((AB5=AB4,AC4+AB5,AB5),"")} | AH5: =IF(AND(H5>I5,H4<I4),"crossover","") | AI5: =IF(AND(H5<I5,H4>I4),"crossunder","") | AJ5: =IFERROR(IF(E5-J5<0,"",(E5-J5)/J5),"") | AK5: =IFERROR(IF(F5-K5>0,"",(F5-K5)/K5),"") | AL5: =IF(AND(AJ5<>"",CC5="High Spike @ Downtrend"),AJ5,"") | AM5: =IF(AND(AJ5<>"",AL5=""),AJ5,"") | AN5: =IF(AND(AK5<>"",CF5="Low Spike @ Uptrend"),AK5,"") | AO5: =IF(AND(AK5<>"",AN5=""),AK5,"") | AY5: =IF(OR(Q5=0,Q5=""),"",((H5-Q5)/Q5)) | AZ5: =IF(AY5="","",IF(AY5>=0,1,-1)) | BA5: =IF(AZ5="","",IF(AZ5=AZ4,BA4+AZ5,AZ5)) | BB5: =IF(AY5="","",IF(AND(AY5>-0.1%,AY5<0.1%),"Touch Zone","")) | BC5: =IF(AY5="","",IF(AND(BB5="Touch Zone",AY5>0%),"Above",IF(AND(BB5="Touch Zone",AY5<0%),"Below",""))) | BD5: =IF(OR(R5=0,R5=""),"",((H5-R5)/R5)) | BE5: =IF(BD5="","",IF(BD5>=0,1,-1)) | BF5: =IF(BE5="","",IF(BE5=BE4,BF4+BE5,BE5)) | BG5: =IF(BD5="","",IF(AND(BD5>-0.1%,BD5<0.1%),"Touch Zone","")) | BH5: =IF(BD5="","",IF(AND(BG5="Touch Zone",BD5>0%),"Above",IF(AND(BG5="Touch Zone",BD5<0%),"Below",""))) | BI5: =IF(OR(L5="",N5=""),"",IF(AND(L5=N5,L5>0,N5>0),"Important High","")) | BJ5: =IF(OR(M5="",O5=""),"",IF(AND(M5=O5,M5>0,O5>0),"Important Low","")) | BU5: =IF(OR(BB5="Touch Zone",BG5="Touch Zone"),"TL Touch Zone","") | BV5: =IF(AND(BC5="",BH5=""),"",COUNTIF(BC5,"Above")+COUNTIF(BC5,"Below")+COUNTIF(BH5,"Above")+COUNTIF(BH5,"Below")) | BW5: {=IF(BV5<>1,"",_xlfn.IFS(OR(BC5="Above",BC5="Below"),BC5,OR(BH5="Above",BH5="Below"),BH5,TRUE,""))} | BY5: =IF(AA5="","",IF(AA5>0,"UP","DOWN")) | BZ5: =IF(AF5="","",IF(AF5<50%,"Early Up Stage",IF(AF5>100%,"Extended Up Stage","Late Up Stage"))) | CA5: =IF(AG5="","",IF(AG5<50%,"Early Down Stage",IF(AG5>100%,"Extended Down Stage","Late Down Stage"))) | CB5: =IF(AS5="","",IF(AS5>90%,"Sig High Spike @ Uptrend","")) | CC5: =IF(AJ5="","",IF(AND(AC5<0,AJ5>0),"High Spike @ Downtrend","")) | CD5: =IF(AND(CC5="High Spike @ Downtrend",AR5>50%),"Sig High Spike @ Downtrend","") | CE5: =IF(AW5="","",IF(AW5>90%,"Sig Low Spike @ Downtrend","")) | CF5: =IF(AK5="","",IF(AND(AC5>0,AK5>0),"Low Spike @ Uptrend","")) | CG5: =IF(AND(CF5="Low Spike @ Uptrend",AV5>50%),"Sig Low Spike @ Uptrend","") | CJ5: =IF(P5="","",IF(P5=1,1,""))
A6: =IF('Data Validation'!$K$2<>TRUE,"",'Data Validation'!A6) | B6: =IF('Data Validation'!$K$2<>TRUE,"",'Data Validation'!C6) | C6: =IF('Data Validation'!$K$2<>TRUE,"",'Data Validation'!E6) | D6: =IF('Data Validation'!$K$2<>TRUE,"",'Data Validation'!G6) | E6: =IF($C6<>"M5","",Price!F6) | F6: =IF($C6<>"M5","",Price!G6) | G6: =IF($C6<>"M5","",Price!H6) | H6: =IF($C6<>"M5","",SSA!E6) | I6: =IF($C6<>"M5","",SSA!F6) | J6: =IF($C6<>"M5","",SSA!G6) | K6: =IF($C6<>"M5","",SSA!H6) | L6: =IF($C6<>"M5","",Trendlines!K6) | M6: =IF($C6<>"M5","",Trendlines!L6) | N6: =IF($C6<>"M5","",ZigZag!E6) | O6: =IF($C6<>"M5","",ZigZag!F6) | P6: =IF($C6<>"M5","",Pinbar!E6) | Q6: =IF($C6<>"M5","",Trendlines!E6) | R6: =IF($C6<>"M5","",Trendlines!H6) | W6: =IFERROR(E6-F6,"") | X6: =IFERROR(ABS(E6-D5),"") | Y6: =IFERROR(ABS(F6-D5),"") | Z6: =IF(MAX(W6:Y6)=0,"",MAX(W6:Y6)) | AA6: =IFERROR(H6-I6,"") | AB6: =IF(AA6="","",IF(AA6>=0,1,-1)) | AC6: {=IFERROR((AB6=AB5,AC5+AB6,AB6),"")} | AH6: =IF(AND(H6>I6,H5<I5),"crossover","") | AI6: =IF(AND(H6<I6,H5>I5),"crossunder","") | AJ6: =IFERROR(IF(E6-J6<0,"",(E6-J6)/J6),"") | AK6: =IFERROR(IF(F6-K6>0,"",(F6-K6)/K6),"") | AL6: =IF(AND(AJ6<>"",CC6="High Spike @ Downtrend"),AJ6,"") | AM6: =IF(AND(AJ6<>"",AL6=""),AJ6,"") | AN6: =IF(AND(AK6<>"",CF6="Low Spike @ Uptrend"),AK6,"") | AO6: =IF(AND(AK6<>"",AN6=""),AK6,"") | AY6: =IF(OR(Q6=0,Q6=""),"",((H6-Q6)/Q6)) | AZ6: =IF(AY6="","",IF(AY6>=0,1,-1)) | BA6: =IF(AZ6="","",IF(AZ6=AZ5,BA5+AZ6,AZ6)) | BB6: =IF(AY6="","",IF(AND(AY6>-0.1%,AY6<0.1%),"Touch Zone","")) | BC6: =IF(AY6="","",IF(AND(BB6="Touch Zone",AY6>0%),"Above",IF(AND(BB6="Touch Zone",AY6<0%),"Below",""))) | BD6: =IF(OR(R6=0,R6=""),"",((H6-R6)/R6)) | BE6: =IF(BD6="","",IF(BD6>=0,1,-1)) | BF6: =IF(BE6="","",IF(BE6=BE5,BF5+BE6,BE6)) | BG6: =IF(BD6="","",IF(AND(BD6>-0.1%,BD6<0.1%),"Touch Zone","")) | BH6: =IF(BD6="","",IF(AND(BG6="Touch Zone",BD6>0%),"Above",IF(AND(BG6="Touch Zone",BD6<0%),"Below",""))) | BI6: =IF(OR(L6="",N6=""),"",IF(AND(L6=N6,L6>0,N6>0),"Important High","")) | BJ6: =IF(OR(M6="",O6=""),"",IF(AND(M6=O6,M6>0,O6>0),"Important Low","")) | BU6: =IF(OR(BB6="Touch Zone",BG6="Touch Zone"),"TL Touch Zone","") | BV6: =IF(AND(BC6="",BH6=""),"",COUNTIF(BC6,"Above")+COUNTIF(BC6,"Below")+COUNTIF(BH6,"Above")+COUNTIF(BH6,"Below")) | BW6: {=IF(BV6<>1,"",_xlfn.IFS(OR(BC6="Above",BC6="Below"),BC6,OR(BH6="Above",BH6="Below"),BH6,TRUE,""))} | BY6: =IF(AA6="","",IF(AA6>0,"UP","DOWN")) | BZ6: =IF(AF6="","",IF(AF6<50%,"Early Up Stage",IF(AF6>100%,"Extended Up Stage","Late Up Stage"))) | CA6: =IF(AG6="","",IF(AG6<50%,"Early Down Stage",IF(AG6>100%,"Extended Down Stage","Late Down Stage"))) | CB6: =IF(AS6="","",IF(AS6>90%,"Sig High Spike @ Uptrend","")) | CC6: =IF(AJ6="","",IF(AND(AC6<0,AJ6>0),"High Spike @ Downtrend","")) | CD6: =IF(AND(CC6="High Spike @ Downtrend",AR6>50%),"Sig High Spike @ Downtrend","") | CE6: =IF(AW6="","",IF(AW6>90%,"Sig Low Spike @ Downtrend","")) | CF6: =IF(AK6="","",IF(AND(AC6>0,AK6>0),"Low Spike @ Uptrend","")) | CG6: =IF(AND(CF6="Low Spike @ Uptrend",AV6>50%),"Sig Low Spike @ Uptrend","") | CJ6: =IF(P6="","",IF(P6=1,1,""))
A7: =IF('Data Validation'!$K$2<>TRUE,"",'Data Validation'!A7) | B7: =IF('Data Validation'!$K$2<>TRUE,"",'Data Validation'!C7) | C7: =IF('Data Validation'!$K$2<>TRUE,"",'Data Validation'!E7) | D7: =IF('Data Validation'!$K$2<>TRUE,"",'Data Validation'!G7) | E7: =IF($C7<>"M5","",Price!F7) | F7: =IF($C7<>"M5","",Price!G7) | G7: =IF($C7<>"M5","",Price!H7) | H7: =IF($C7<>"M5","",SSA!E7) | I7: =IF($C7<>"M5","",SSA!F7) | J7: =IF($C7<>"M5","",SSA!G7) | K7: =IF($C7<>"M5","",SSA!H7) | L7: =IF($C7<>"M5","",Trendlines!K7) | M7: =IF($C7<>"M5","",Trendlines!L7) | N7: =IF($C7<>"M5","",ZigZag!E7) | O7: =IF($C7<>"M5","",ZigZag!F7) | P7: =IF($C7<>"M5","",Pinbar!E7) | Q7: =IF($C7<>"M5","",Trendlines!E7) | R7: =IF($C7<>"M5","",Trendlines!H7) | W7: =IFERROR(E7-F7,"") | X7: =IFERROR(ABS(E7-D6),"") | Y7: =IFERROR(ABS(F7-D6),"") | Z7: =IF(MAX(W7:Y7)=0,"",MAX(W7:Y7)) | AA7: =IFERROR(H7-I7,"") | AB7: =IF(AA7="","",IF(AA7>=0,1,-1)) | AC7: {=IFERROR((AB7=AB6,AC6+AB7,AB7),"")} | AH7: =IF(AND(H7>I7,H6<I6),"crossover","") | AI7: =IF(AND(H7<I7,H6>I6),"crossunder","") | AJ7: =IFERROR(IF(E7-J7<0,"",(E7-J7)/J7),"") | AK7: =IFERROR(IF(F7-K7>0,"",(F7-K7)/K7),"") | AL7: =IF(AND(AJ7<>"",CC7="High Spike @ Downtrend"),AJ7,"") | AM7: =IF(AND(AJ7<>"",AL7=""),AJ7,"") | AN7: =IF(AND(AK7<>"",CF7="Low Spike @ Uptrend"),AK7,"") | AO7: =IF(AND(AK7<>"",AN7=""),AK7,"") | AY7: =IF(OR(Q7=0,Q7=""),"",((H7-Q7)/Q7)) | AZ7: =IF(AY7="","",IF(AY7>=0,1,-1)) | BA7: =IF(AZ7="","",IF(AZ7=AZ6,BA6+AZ7,AZ7)) | BB7: =IF(AY7="","",IF(AND(AY7>-0.1%,AY7<0.1%),"Touch Zone","")) | BC7: =IF(AY7="","",IF(AND(BB7="Touch Zone",AY7>0%),"Above",IF(AND(BB7="Touch Zone",AY7<0%),"Below",""))) | BD7: =IF(OR(R7=0,R7=""),"",((H7-R7)/R7)) | BE7: =IF(BD7="","",IF(BD7>=0,1,-1)) | BF7: =IF(BE7="","",IF(BE7=BE6,BF6+BE7,BE7)) | BG7: =IF(BD7="","",IF(AND(BD7>-0.1%,BD7<0.1%),"Touch Zone","")) | BH7: =IF(BD7="","",IF(AND(BG7="Touch Zone",BD7>0%),"Above",IF(AND(BG7="Touch Zone",BD7<0%),"Below",""))) | BI7: =IF(OR(L7="",N7=""),"",IF(AND(L7=N7,L7>0,N7>0),"Important High","")) | BJ7: =IF(OR(M7="",O7=""),"",IF(AND(M7=O7,M7>0,O7>0),"Important Low","")) | BU7: =IF(OR(BB7="Touch Zone",BG7="Touch Zone"),"TL Touch Zone","") | BV7: =IF(AND(BC7="",BH7=""),"",COUNTIF(BC7,"Above")+COUNTIF(BC7,"Below")+COUNTIF(BH7,"Above")+COUNTIF(BH7,"Below")) | BW7: {=IF(BV7<>1,"",_xlfn.IFS(OR(BC7="Above",BC7="Below"),BC7,OR(BH7="Above",BH7="Below"),BH7,TRUE,""))} | BY7: =IF(AA7="","",IF(AA7>0,"UP","DOWN")) | BZ7: =IF(AF7="","",IF(AF7<50%,"Early Up Stage",IF(AF7>100%,"Extended Up Stage","Late Up Stage"))) | CA7: =IF(AG7="","",IF(AG7<50%,"Early Down Stage",IF(AG7>100%,"Extended Down Stage","Late Down Stage"))) | CB7: =IF(AS7="","",IF(AS7>90%,"Sig High Spike @ Uptrend","")) | CC7: =IF(AJ7="","",IF(AND(AC7<0,AJ7>0),"High Spike @ Downtrend","")) | CD7: =IF(AND(CC7="High Spike @ Downtrend",AR7>50%),"Sig High Spike @ Downtrend","") | CE7: =IF(AW7="","",IF(AW7>90%,"Sig Low Spike @ Downtrend","")) | CF7: =IF(AK7="","",IF(AND(AC7>0,AK7>0),"Low Spike @ Uptrend","")) | CG7: =IF(AND(CF7="Low Spike @ Uptrend",AV7>50%),"Sig Low Spike @ Uptrend","") | CJ7: =IF(P7="","",IF(P7=1,1,""))
A8: =IF('Data Validation'!$K$2<>TRUE,"",'Data Validation'!A8) | B8: =IF('Data Validation'!$K$2<>TRUE,"",'Data Validation'!C8) | C8: =IF('Data Validation'!$K$2<>TRUE,"",'Data Validation'!E8) | D8: =IF('Data Validation'!$K$2<>TRUE,"",'Data Validation'!G8) | E8: =IF($C8<>"M5","",Price!F8) | F8: =IF($C8<>"M5","",Price!G8) | G8: =IF($C8<>"M5","",Price!H8) | H8: =IF($C8<>"M5","",SSA!E8) | I8: =IF($C8<>"M5","",SSA!F8) | J8: =IF($C8<>"M5","",SSA!G8) | K8: =IF($C8<>"M5","",SSA!H8) | L8: =IF($C8<>"M5","",Trendlines!K8) | M8: =IF($C8<>"M5","",Trendlines!L8) | N8: =IF($C8<>"M5","",ZigZag!E8) | O8: =IF($C8<>"M5","",ZigZag!F8) | P8: =IF($C8<>"M5","",Pinbar!E8) | Q8: =IF($C8<>"M5","",Trendlines!E8) | R8: =IF($C8<>"M5","",Trendlines!H8) | W8: =IFERROR(E8-F8,"") | X8: =IFERROR(ABS(E8-D7),"") | Y8: =IFERROR(ABS(F8-D7),"") | Z8: =IF(MAX(W8:Y8)=0,"",MAX(W8:Y8)) | AA8: =IFERROR(H8-I8,"") | AB8: =IF(AA8="","",IF(AA8>=0,1,-1)) | AC8: {=IFERROR((AB8=AB7,AC7+AB8,AB8),"")} | AH8: =IF(AND(H8>I8,H7<I7),"crossover","") | AI8: =IF(AND(H8<I8,H7>I7),"crossunder","") | AJ8: =IFERROR(IF(E8-J8<0,"",(E8-J8)/J8),"") | AK8: =IFERROR(IF(F8-K8>0,"",(F8-K8)/K8),"") | AL8: =IF(AND(AJ8<>"",CC8="High Spike @ Downtrend"),AJ8,"") | AM8: =IF(AND(AJ8<>"",AL8=""),AJ8,"") | AN8: =IF(AND(AK8<>"",CF8="Low Spike @ Uptrend"),AK8,"") | AO8: =IF(AND(AK8<>"",AN8=""),AK8,"") | AY8: =IF(OR(Q8=0,Q8=""),"",((H8-Q8)/Q8)) | AZ8: =IF(AY8="","",IF(AY8>=0,1,-1)) | BA8: =IF(AZ8="","",IF(AZ8=AZ7,BA7+AZ8,AZ8)) | BB8: =IF(AY8="","",IF(AND(AY8>-0.1%,AY8<0.1%),"Touch Zone","")) | BC8: =IF(AY8="","",IF(AND(BB8="Touch Zone",AY8>0%),"Above",IF(AND(BB8="Touch Zone",AY8<0%),"Below",""))) | BD8: =IF(OR(R8=0,R8=""),"",((H8-R8)/R8)) | BE8: =IF(BD8="","",IF(BD8>=0,1,-1)) | BF8: =IF(BE8="","",IF(BE8=BE7,BF7+BE8,BE8)) | BG8: =IF(BD8="","",IF(AND(BD8>-0.1%,BD8<0.1%),"Touch Zone","")) | BH8: =IF(BD8="","",IF(AND(BG8="Touch Zone",BD8>0%),"Above",IF(AND(BG8="Touch Zone",BD8<0%),"Below",""))) | BI8: =IF(OR(L8="",N8=""),"",IF(AND(L8=N8,L8>0,N8>0),"Important High","")) | BJ8: =IF(OR(M8="",O8=""),"",IF(AND(M8=O8,M8>0,O8>0),"Important Low","")) | BU8: =IF(OR(BB8="Touch Zone",BG8="Touch Zone"),"TL Touch Zone","") | BV8: =IF(AND(BC8="",BH8=""),"",COUNTIF(BC8,"Above")+COUNTIF(BC8,"Below")+COUNTIF(BH8,"Above")+COUNTIF(BH8,"Below")) | BW8: {=IF(BV8<>1,"",_xlfn.IFS(OR(BC8="Above",BC8="Below"),BC8,OR(BH8="Above",BH8="Below"),BH8,TRUE,""))} | BY8: =IF(AA8="","",IF(AA8>0,"UP","DOWN")) | BZ8: =IF(AF8="","",IF(AF8<50%,"Early Up Stage",IF(AF8>100%,"Extended Up Stage","Late Up Stage"))) | CA8: =IF(AG8="","",IF(AG8<50%,"Early Down Stage",IF(AG8>100%,"Extended Down Stage","Late Down Stage"))) | CB8: =IF(AS8="","",IF(AS8>90%,"Sig High Spike @ Uptrend","")) | CC8: =IF(AJ8="","",IF(AND(AC8<0,AJ8>0),"High Spike @ Downtrend","")) | CD8: =IF(AND(CC8="High Spike @ Downtrend",AR8>50%),"Sig High Spike @ Downtrend","") | CE8: =IF(AW8="","",IF(AW8>90%,"Sig Low Spike @ Downtrend","")) | CF8: =IF(AK8="","",IF(AND(AC8>0,AK8>0),"Low Spike @ Uptrend","")) | CG8: =IF(AND(CF8="Low Spike @ Uptrend",AV8>50%),"Sig Low Spike @ Uptrend","") | CJ8: =IF(P8="","",IF(P8=1,1,""))
A9: =IF('Data Validation'!$K$2<>TRUE,"",'Data Validation'!A9) | B9: =IF('Data Validation'!$K$2<>TRUE,"",'Data Validation'!C9) | C9: =IF('Data Validation'!$K$2<>TRUE,"",'Data Validation'!E9) | D9: =IF('Data Validation'!$K$2<>TRUE,"",'Data Validation'!G9) | E9: =IF($C9<>"M5","",Price!F9) | F9: =IF($C9<>"M5","",Price!G9) | G9: =IF($C9<>"M5","",Price!H9) | H9: =IF($C9<>"M5","",SSA!E9) | I9: =IF($C9<>"M5","",SSA!F9) | J9: =IF($C9<>"M5","",SSA!G9) | K9: =IF($C9<>"M5","",SSA!H9) | L9: =IF($C9<>"M5","",Trendlines!K9) | M9: =IF($C9<>"M5","",Trendlines!L9) | N9: =IF($C9<>"M5","",ZigZag!E9) | O9: =IF($C9<>"M5","",ZigZag!F9) | P9: =IF($C9<>"M5","",Pinbar!E9) | Q9: =IF($C9<>"M5","",Trendlines!E9) | R9: =IF($C9<>"M5","",Trendlines!H9) | W9: =IFERROR(E9-F9,"") | X9: =IFERROR(ABS(E9-D8),"") | Y9: =IFERROR(ABS(F9-D8),"") | Z9: =IF(MAX(W9:Y9)=0,"",MAX(W9:Y9)) | AA9: =IFERROR(H9-I9,"") | AB9: =IF(AA9="","",IF(AA9>=0,1,-1)) | AC9: {=IFERROR((AB9=AB8,AC8+AB9,AB9),"")} | AH9: =IF(AND(H9>I9,H8<I8),"crossover","") | AI9: =IF(AND(H9<I9,H8>I8),"crossunder","") | AJ9: =IFERROR(IF(E9-J9<0,"",(E9-J9)/J9),"") | AK9: =IFERROR(IF(F9-K9>0,"",(F9-K9)/K9),"") | AL9: =IF(AND(AJ9<>"",CC9="High Spike @ Downtrend"),AJ9,"") | AM9: =IF(AND(AJ9<>"",AL9=""),AJ9,"") | AN9: =IF(AND(AK9<>"",CF9="Low Spike @ Uptrend"),AK9,"") | AO9: =IF(AND(AK9<>"",AN9=""),AK9,"") | AY9: =IF(OR(Q9=0,Q9=""),"",((H9-Q9)/Q9)) | AZ9: =IF(AY9="","",IF(AY9>=0,1,-1)) | BA9: =IF(AZ9="","",IF(AZ9=AZ8,BA8+AZ9,AZ9)) | BB9: =IF(AY9="","",IF(AND(AY9>-0.1%,AY9<0.1%),"Touch Zone","")) | BC9: =IF(AY9="","",IF(AND(BB9="Touch Zone",AY9>0%),"Above",IF(AND(BB9="Touch Zone",AY9<0%),"Below",""))) | BD9: =IF(OR(R9=0,R9=""),"",((H9-R9)/R9)) | BE9: =IF(BD9="","",IF(BD9>=0,1,-1)) | BF9: =IF(BE9="","",IF(BE9=BE8,BF8+BE9,BE9)) | BG9: =IF(BD9="","",IF(AND(BD9>-0.1%,BD9<0.1%),"Touch Zone","")) | BH9: =IF(BD9="","",IF(AND(BG9="Touch Zone",BD9>0%),"Above",IF(AND(BG9="Touch Zone",BD9<0%),"Below",""))) | BI9: =IF(OR(L9="",N9=""),"",IF(AND(L9=N9,L9>0,N9>0),"Important High","")) | BJ9: =IF(OR(M9="",O9=""),"",IF(AND(M9=O9,M9>0,O9>0),"Important Low","")) | BU9: =IF(OR(BB9="Touch Zone",BG9="Touch Zone"),"TL Touch Zone","") | BV9: =IF(AND(BC9="",BH9=""),"",COUNTIF(BC9,"Above")+COUNTIF(BC9,"Below")+COUNTIF(BH9,"Above")+COUNTIF(BH9,"Below")) | BW9: {=IF(BV9<>1,"",_xlfn.IFS(OR(BC9="Above",BC9="Below"),BC9,OR(BH9="Above",BH9="Below"),BH9,TRUE,""))} | BY9: =IF(AA9="","",IF(AA9>0,"UP","DOWN")) | BZ9: =IF(AF9="","",IF(AF9<50%,"Early Up Stage",IF(AF9>100%,"Extended Up Stage","Late Up Stage"))) | CA9: =IF(AG9="","",IF(AG9<50%,"Early Down Stage",IF(AG9>100%,"Extended Down Stage","Late Down Stage"))) | CB9: =IF(AS9="","",IF(AS9>90%,"Sig High Spike @ Uptrend","")) | CC9: =IF(AJ9="","",IF(AND(AC9<0,AJ9>0),"High Spike @ Downtrend","")) | CD9: =IF(AND(CC9="High Spike @ Downtrend",AR9>50%),"Sig High Spike @ Downtrend","") | CE9: =IF(AW9="","",IF(AW9>90%,"Sig Low Spike @ Downtrend","")) | CF9: =IF(AK9="","",IF(AND(AC9>0,AK9>0),"Low Spike @ Uptrend","")) | CG9: =IF(AND(CF9="Low Spike @ Uptrend",AV9>50%),"Sig Low Spike @ Uptrend","") | CJ9: =IF(P9="","",IF(P9=1,1,""))
A10: =IF('Data Validation'!$K$2<>TRUE,"",'Data Validation'!A10) | B10: =IF('Data Validation'!$K$2<>TRUE,"",'Data Validation'!C10) | C10: =IF('Data Validation'!$K$2<>TRUE,"",'Data Validation'!E10) | D10: =IF('Data Validation'!$K$2<>TRUE,"",'Data Validation'!G10) | E10: =IF($C10<>"M5","",Price!F10) | F10: =IF($C10<>"M5","",Price!G10) | G10: =IF($C10<>"M5","",Price!H10) | H10: =IF($C10<>"M5","",SSA!E10) | I10: =IF($C10<>"M5","",SSA!F10) | J10: =IF($C10<>"M5","",SSA!G10) | K10: =IF($C10<>"M5","",SSA!H10) | L10: =IF($C10<>"M5","",Trendlines!K10) | M10: =IF($C10<>"M5","",Trendlines!L10) | N10: =IF($C10<>"M5","",ZigZag!E10) | O10: =IF($C10<>"M5","",ZigZag!F10) | P10: =IF($C10<>"M5","",Pinbar!E10) | Q10: =IF($C10<>"M5","",Trendlines!E10) | R10: =IF($C10<>"M5","",Trendlines!H10) | W10: =IFERROR(E10-F10,"") | X10: =IFERROR(ABS(E10-D9),"") | Y10: =IFERROR(ABS(F10-D9),"") | Z10: =IF(MAX(W10:Y10)=0,"",MAX(W10:Y10)) | AA10: =IFERROR(H10-I10,"") | AB10: =IF(AA10="","",IF(AA10>=0,1,-1)) | AC10: {=IFERROR((AB10=AB9,AC9+AB10,AB10),"")} | AH10: =IF(AND(H10>I10,H9<I9),"crossover","") | AI10: =IF(AND(H10<I10,H9>I9),"crossunder","") | AJ10: =IFERROR(IF(E10-J10<0,"",(E10-J10)/J10),"") | AK10: =IFERROR(IF(F10-K10>0,"",(F10-K10)/K10),"") | AL10: =IF(AND(AJ10<>"",CC10="High Spike @ Downtrend"),AJ10,"") | AM10: =IF(AND(AJ10<>"",AL10=""),AJ10,"") | AN10: =IF(AND(AK10<>"",CF10="Low Spike @ Uptrend"),AK10,"") | AO10: =IF(AND(AK10<>"",AN10=""),AK10,"") | AY10: =IF(OR(Q10=0,Q10=""),"",((H10-Q10)/Q10)) | AZ10: =IF(AY10="","",IF(AY10>=0,1,-1)) | BA10: =IF(AZ10="","",IF(AZ10=AZ9,BA9+AZ10,AZ10)) | BB10: =IF(AY10="","",IF(AND(AY10>-0.1%,AY10<0.1%),"Touch Zone","")) | BC10: =IF(AY10="","",IF(AND(BB10="Touch Zone",AY10>0%),"Above",IF(AND(BB10="Touch Zone",AY10<0%),"Below",""))) | BD10: =IF(OR(R10=0,R10=""),"",((H10-R10)/R10)) | BE10: =IF(BD10="","",IF(BD10>=0,1,-1)) | BF10: =IF(BE10="","",IF(BE10=BE9,BF9+BE10,BE10)) | BG10: =IF(BD10="","",IF(AND(BD10>-0.1%,BD10<0.1%),"Touch Zone","")) | BH10: =IF(BD10="","",IF(AND(BG10="Touch Zone",BD10>0%),"Above",IF(AND(BG10="Touch Zone",BD10<0%),"Below",""))) | BI10: =IF(OR(L10="",N10=""),"",IF(AND(L10=N10,L10>0,N10>0),"Important High","")) | BJ10: =IF(OR(M10="",O10=""),"",IF(AND(M10=O10,M10>0,O10>0),"Important Low","")) | BU10: =IF(OR(BB10="Touch Zone",BG10="Touch Zone"),"TL Touch Zone","") | BV10: =IF(AND(BC10="",BH10=""),"",COUNTIF(BC10,"Above")+COUNTIF(BC10,"Below")+COUNTIF(BH10,"Above")+COUNTIF(BH10,"Below")) | BW10: {=IF(BV10<>1,"",_xlfn.IFS(OR(BC10="Above",BC10="Below"),BC10,OR(BH10="Above",BH10="Below"),BH10,TRUE,""))} | BY10: =IF(AA10="","",IF(AA10>0,"UP","DOWN")) | BZ10: =IF(AF10="","",IF(AF10<50%,"Early Up Stage",IF(AF10>100%,"Extended Up Stage","Late Up Stage"))) | CA10: =IF(AG10="","",IF(AG10<50%,"Early Down Stage",IF(AG10>100%,"Extended Down Stage","Late Down Stage"))) | CB10: =IF(AS10="","",IF(AS10>90%,"Sig High Spike @ Uptrend","")) | CC10: =IF(AJ10="","",IF(AND(AC10<0,AJ10>0),"High Spike @ Downtrend","")) | CD10: =IF(AND(CC10="High Spike @ Downtrend",AR10>50%),"Sig High Spike @ Downtrend","") | CE10: =IF(AW10="","",IF(AW10>90%,"Sig Low Spike @ Downtrend","")) | CF10: =IF(AK10="","",IF(AND(AC10>0,AK10>0),"Low Spike @ Uptrend","")) | CG10: =IF(AND(CF10="Low Spike @ Uptrend",AV10>50%),"Sig Low Spike @ Uptrend","") | CJ10: =IF(P10="","",IF(P10=1,1,""))
A11: =IF('Data Validation'!$K$2<>TRUE,"",'Data Validation'!A11) | B11: =IF('Data Validation'!$K$2<>TRUE,"",'Data Validation'!C11) | C11: =IF('Data Validation'!$K$2<>TRUE,"",'Data Validation'!E11) | D11: =IF('Data Validation'!$K$2<>TRUE,"",'Data Validation'!G11) | E11: =IF($C11<>"M5","",Price!F11) | F11: =IF($C11<>"M5","",Price!G11) | G11: =IF($C11<>"M5","",Price!H11) | H11: =IF($C11<>"M5","",SSA!E11) | I11: =IF($C11<>"M5","",SSA!F11) | J11: =IF($C11<>"M5","",SSA!G11) | K11: =IF($C11<>"M5","",SSA!H11) | L11: =IF($C11<>"M5","",Trendlines!K11) | M11: =IF($C11<>"M5","",Trendlines!L11) | N11: =IF($C11<>"M5","",ZigZag!E11) | O11: =IF($C11<>"M5","",ZigZag!F11) | P11: =IF($C11<>"M5","",Pinbar!E11) | Q11: =IF($C11<>"M5","",Trendlines!E11) | R11: =IF($C11<>"M5","",Trendlines!H11) | W11: =IFERROR(E11-F11,"") | X11: =IFERROR(ABS(E11-D10),"") | Y11: =IFERROR(ABS(F11-D10),"") | Z11: =IF(MAX(W11:Y11)=0,"",MAX(W11:Y11)) | AA11: =IFERROR(H11-I11,"") | AB11: =IF(AA11="","",IF(AA11>=0,1,-1)) | AC11: {=IFERROR((AB11=AB10,AC10+AB11,AB11),"")} | AH11: =IF(AND(H11>I11,H10<I10),"crossover","") | AI11: =IF(AND(H11<I11,H10>I10),"crossunder","") | AJ11: =IFERROR(IF(E11-J11<0,"",(E11-J11)/J11),"") | AK11: =IFERROR(IF(F11-K11>0,"",(F11-K11)/K11),"") | AL11: =IF(AND(AJ11<>"",CC11="High Spike @ Downtrend"),AJ11,"") | AM11: =IF(AND(AJ11<>"",AL11=""),AJ11,"") | AN11: =IF(AND(AK11<>"",CF11="Low Spike @ Uptrend"),AK11,"") | AO11: =IF(AND(AK11<>"",AN11=""),AK11,"") | AY11: =IF(OR(Q11=0,Q11=""),"",((H11-Q11)/Q11)) | AZ11: =IF(AY11="","",IF(AY11>=0,1,-1)) | BA11: =IF(AZ11="","",IF(AZ11=AZ10,BA10+AZ11,AZ11)) | BB11: =IF(AY11="","",IF(AND(AY11>-0.1%,AY11<0.1%),"Touch Zone","")) | BC11: =IF(AY11="","",IF(AND(BB11="Touch Zone",AY11>0%),"Above",IF(AND(BB11="Touch Zone",AY11<0%),"Below",""))) | BD11: =IF(OR(R11=0,R11=""),"",((H11-R11)/R11)) | BE11: =IF(BD11="","",IF(BD11>=0,1,-1)) | BF11: =IF(BE11="","",IF(BE11=BE10,BF10+BE11,BE11)) | BG11: =IF(BD11="","",IF(AND(BD11>-0.1%,BD11<0.1%),"Touch Zone","")) | BH11: =IF(BD11="","",IF(AND(BG11="Touch Zone",BD11>0%),"Above",IF(AND(BG11="Touch Zone",BD11<0%),"Below",""))) | BI11: =IF(OR(L11="",N11=""),"",IF(AND(L11=N11,L11>0,N11>0),"Important High","")) | BJ11: =IF(OR(M11="",O11=""),"",IF(AND(M11=O11,M11>0,O11>0),"Important Low","")) | BU11: =IF(OR(BB11="Touch Zone",BG11="Touch Zone"),"TL Touch Zone","") | BV11: =IF(AND(BC11="",BH11=""),"",COUNTIF(BC11,"Above")+COUNTIF(BC11,"Below")+COUNTIF(BH11,"Above")+COUNTIF(BH11,"Below")) | BW11: {=IF(BV11<>1,"",_xlfn.IFS(OR(BC11="Above",BC11="Below"),BC11,OR(BH11="Above",BH11="Below"),BH11,TRUE,""))} | BY11: =IF(AA11="","",IF(AA11>0,"UP","DOWN")) | BZ11: =IF(AF11="","",IF(AF11<50%,"Early Up Stage",IF(AF11>100%,"Extended Up Stage","Late Up Stage"))) | CA11: =IF(AG11="","",IF(AG11<50%,"Early Down Stage",IF(AG11>100%,"Extended Down Stage","Late Down Stage"))) | CB11: =IF(AS11="","",IF(AS11>90%,"Sig High Spike @ Uptrend","")) | CC11: =IF(AJ11="","",IF(AND(AC11<0,AJ11>0),"High Spike @ Downtrend","")) | CD11: =IF(AND(CC11="High Spike @ Downtrend",AR11>50%),"Sig High Spike @ Downtrend","") | CE11: =IF(AW11="","",IF(AW11>90%,"Sig Low Spike @ Downtrend","")) | CF11: =IF(AK11="","",IF(AND(AC11>0,AK11>0),"Low Spike @ Uptrend","")) | CG11: =IF(AND(CF11="Low Spike @ Uptrend",AV11>50%),"Sig Low Spike @ Uptrend","") | CJ11: =IF(P11="","",IF(P11=1,1,""))
A12: =IF('Data Validation'!$K$2<>TRUE,"",'Data Validation'!A12) | B12: =IF('Data Validation'!$K$2<>TRUE,"",'Data Validation'!C12) | C12: =IF('Data Validation'!$K$2<>TRUE,"",'Data Validation'!E12) | D12: =IF('Data Validation'!$K$2<>TRUE,"",'Data Validation'!G12) | E12: =IF($C12<>"M5","",Price!F12) | F12: =IF($C12<>"M5","",Price!G12) | G12: =IF($C12<>"M5","",Price!H12) | H12: =IF($C12<>"M5","",SSA!E12) | I12: =IF($C12<>"M5","",SSA!F12) | J12: =IF($C12<>"M5","",SSA!G12) | K12: =IF($C12<>"M5","",SSA!H12) | L12: =IF($C12<>"M5","",Trendlines!K12) | M12: =IF($C12<>"M5","",Trendlines!L12) | N12: =IF($C12<>"M5","",ZigZag!E12) | O12: =IF($C12<>"M5","",ZigZag!F12) | P12: =IF($C12<>"M5","",Pinbar!E12) | Q12: =IF($C12<>"M5","",Trendlines!E12) | R12: =IF($C12<>"M5","",Trendlines!H12) | W12: =IFERROR(E12-F12,"") | X12: =IFERROR(ABS(E12-D11),"") | Y12: =IFERROR(ABS(F12-D11),"") | Z12: =IF(MAX(W12:Y12)=0,"",MAX(W12:Y12)) | AA12: =IFERROR(H12-I12,"") | AB12: =IF(AA12="","",IF(AA12>=0,1,-1)) | AC12: {=IFERROR((AB12=AB11,AC11+AB12,AB12),"")} | AH12: =IF(AND(H12>I12,H11<I11),"crossover","") | AI12: =IF(AND(H12<I12,H11>I11),"crossunder","") | AJ12: =IFERROR(IF(E12-J12<0,"",(E12-J12)/J12),"") | AK12: =IFERROR(IF(F12-K12>0,"",(F12-K12)/K12),"") | AL12: =IF(AND(AJ12<>"",CC12="High Spike @ Downtrend"),AJ12,"") | AM12: =IF(AND(AJ12<>"",AL12=""),AJ12,"") | AN12: =IF(AND(AK12<>"",CF12="Low Spike @ Uptrend"),AK12,"") | AO12: =IF(AND(AK12<>"",AN12=""),AK12,"") | AY12: =IF(OR(Q12=0,Q12=""),"",((H12-Q12)/Q12)) | AZ12: =IF(AY12="","",IF(AY12>=0,1,-1)) | BA12: =IF(AZ12="","",IF(AZ12=AZ11,BA11+AZ12,AZ12)) | BB12: =IF(AY12="","",IF(AND(AY12>-0.1%,AY12<0.1%),"Touch Zone","")) | BC12: =IF(AY12="","",IF(AND(BB12="Touch Zone",AY12>0%),"Above",IF(AND(BB12="Touch Zone",AY12<0%),"Below",""))) | BD12: =IF(OR(R12=0,R12=""),"",((H12-R12)/R12)) | BE12: =IF(BD12="","",IF(BD12>=0,1,-1)) | BF12: =IF(BE12="","",IF(BE12=BE11,BF11+BE12,BE12)) | BG12: =IF(BD12="","",IF(AND(BD12>-0.1%,BD12<0.1%),"Touch Zone","")) | BH12: =IF(BD12="","",IF(AND(BG12="Touch Zone",BD12>0%),"Above",IF(AND(BG12="Touch Zone",BD12<0%),"Below",""))) | BI12: =IF(OR(L12="",N12=""),"",IF(AND(L12=N12,L12>0,N12>0),"Important High","")) | BJ12: =IF(OR(M12="",O12=""),"",IF(AND(M12=O12,M12>0,O12>0),"Important Low","")) | BU12: =IF(OR(BB12="Touch Zone",BG12="Touch Zone"),"TL Touch Zone","") | BV12: =IF(AND(BC12="",BH12=""),"",COUNTIF(BC12,"Above")+COUNTIF(BC12,"Below")+COUNTIF(BH12,"Above")+COUNTIF(BH12,"Below")) | BW12: {=IF(BV12<>1,"",_xlfn.IFS(OR(BC12="Above",BC12="Below"),BC12,OR(BH12="Above",BH12="Below"),BH12,TRUE,""))} | BY12: =IF(AA12="","",IF(AA12>0,"UP","DOWN")) | BZ12: =IF(AF12="","",IF(AF12<50%,"Early Up Stage",IF(AF12>100%,"Extended Up Stage","Late Up Stage"))) | CA12: =IF(AG12="","",IF(AG12<50%,"Early Down Stage",IF(AG12>100%,"Extended Down Stage","Late Down Stage"))) | CB12: =IF(AS12="","",IF(AS12>90%,"Sig High Spike @ Uptrend","")) | CC12: =IF(AJ12="","",IF(AND(AC12<0,AJ12>0),"High Spike @ Downtrend","")) | CD12: =IF(AND(CC12="High Spike @ Downtrend",AR12>50%),"Sig High Spike @ Downtrend","") | CE12: =IF(AW12="","",IF(AW12>90%,"Sig Low Spike @ Downtrend","")) | CF12: =IF(AK12="","",IF(AND(AC12>0,AK12>0),"Low Spike @ Uptrend","")) | CG12: =IF(AND(CF12="Low Spike @ Uptrend",AV12>50%),"Sig Low Spike @ Uptrend","") | CJ12: =IF(P12="","",IF(P12=1,1,""))
A13: =IF('Data Validation'!$K$2<>TRUE,"",'Data Validation'!A13) | B13: =IF('Data Validation'!$K$2<>TRUE,"",'Data Validation'!C13) | C13: =IF('Data Validation'!$K$2<>TRUE,"",'Data Validation'!E13) | D13: =IF('Data Validation'!$K$2<>TRUE,"",'Data Validation'!G13) | E13: =IF($C13<>"M5","",Price!F13) | F13: =IF($C13<>"M5","",Price!G13) | G13: =IF($C13<>"M5","",Price!H13) | H13: =IF($C13<>"M5","",SSA!E13) | I13: =IF($C13<>"M5","",SSA!F13) | J13: =IF($C13<>"M5","",SSA!G13) | K13: =IF($C13<>"M5","",SSA!H13) | L13: =IF($C13<>"M5","",Trendlines!K13) | M13: =IF($C13<>"M5","",Trendlines!L13) | N13: =IF($C13<>"M5","",ZigZag!E13) | O13: =IF($C13<>"M5","",ZigZag!F13) | P13: =IF($C13<>"M5","",Pinbar!E13) | Q13: =IF($C13<>"M5","",Trendlines!E13) | R13: =IF($C13<>"M5","",Trendlines!H13) | W13: =IFERROR(E13-F13,"") | X13: =IFERROR(ABS(E13-D12),"") | Y13: =IFERROR(ABS(F13-D12),"") | Z13: =IF(MAX(W13:Y13)=0,"",MAX(W13:Y13)) | AA13: =IFERROR(H13-I13,"") | AB13: =IF(AA13="","",IF(AA13>=0,1,-1)) | AC13: {=IFERROR((AB13=AB12,AC12+AB13,AB13),"")} | AH13: =IF(AND(H13>I13,H12<I12),"crossover","") | AI13: =IF(AND(H13<I13,H12>I12),"crossunder","") | AJ13: =IFERROR(IF(E13-J13<0,"",(E13-J13)/J13),"") | AK13: =IFERROR(IF(F13-K13>0,"",(F13-K13)/K13),"") | AL13: =IF(AND(AJ13<>"",CC13="High Spike @ Downtrend"),AJ13,"") | AM13: =IF(AND(AJ13<>"",AL13=""),AJ13,"") | AN13: =IF(AND(AK13<>"",CF13="Low Spike @ Uptrend"),AK13,"") | AO13: =IF(AND(AK13<>"",AN13=""),AK13,"") | AY13: =IF(OR(Q13=0,Q13=""),"",((H13-Q13)/Q13)) | AZ13: =IF(AY13="","",IF(AY13>=0,1,-1)) | BA13: =IF(AZ13="","",IF(AZ13=AZ12,BA12+AZ13,AZ13)) | BB13: =IF(AY13="","",IF(AND(AY13>-0.1%,AY13<0.1%),"Touch Zone","")) | BC13: =IF(AY13="","",IF(AND(BB13="Touch Zone",AY13>0%),"Above",IF(AND(BB13="Touch Zone",AY13<0%),"Below",""))) | BD13: =IF(OR(R13=0,R13=""),"",((H13-R13)/R13)) | BE13: =IF(BD13="","",IF(BD13>=0,1,-1)) | BF13: =IF(BE13="","",IF(BE13=BE12,BF12+BE13,BE13)) | BG13: =IF(BD13="","",IF(AND(BD13>-0.1%,BD13<0.1%),"Touch Zone","")) | BH13: =IF(BD13="","",IF(AND(BG13="Touch Zone",BD13>0%),"Above",IF(AND(BG13="Touch Zone",BD13<0%),"Below",""))) | BI13: =IF(OR(L13="",N13=""),"",IF(AND(L13=N13,L13>0,N13>0),"Important High","")) | BJ13: =IF(OR(M13="",O13=""),"",IF(AND(M13=O13,M13>0,O13>0),"Important Low","")) | BU13: =IF(OR(BB13="Touch Zone",BG13="Touch Zone"),"TL Touch Zone","") | BV13: =IF(AND(BC13="",BH13=""),"",COUNTIF(BC13,"Above")+COUNTIF(BC13,"Below")+COUNTIF(BH13,"Above")+COUNTIF(BH13,"Below")) | BW13: {=IF(BV13<>1,"",_xlfn.IFS(OR(BC13="Above",BC13="Below"),BC13,OR(BH13="Above",BH13="Below"),BH13,TRUE,""))} | BY13: =IF(AA13="","",IF(AA13>0,"UP","DOWN")) | BZ13: =IF(AF13="","",IF(AF13<50%,"Early Up Stage",IF(AF13>100%,"Extended Up Stage","Late Up Stage"))) | CA13: =IF(AG13="","",IF(AG13<50%,"Early Down Stage",IF(AG13>100%,"Extended Down Stage","Late Down Stage"))) | CB13: =IF(AS13="","",IF(AS13>90%,"Sig High Spike @ Uptrend","")) | CC13: =IF(AJ13="","",IF(AND(AC13<0,AJ13>0),"High Spike @ Downtrend","")) | CD13: =IF(AND(CC13="High Spike @ Downtrend",AR13>50%),"Sig High Spike @ Downtrend","") | CE13: =IF(AW13="","",IF(AW13>90%,"Sig Low Spike @ Downtrend","")) | CF13: =IF(AK13="","",IF(AND(AC13>0,AK13>0),"Low Spike @ Uptrend","")) | CG13: =IF(AND(CF13="Low Spike @ Uptrend",AV13>50%),"Sig Low Spike @ Uptrend","") | CJ13: =IF(P13="","",IF(P13=1,1,""))
A14: =IF('Data Validation'!$K$2<>TRUE,"",'Data Validation'!A14) | B14: =IF('Data Validation'!$K$2<>TRUE,"",'Data Validation'!C14) | C14: =IF('Data Validation'!$K$2<>TRUE,"",'Data Validation'!E14) | D14: =IF('Data Validation'!$K$2<>TRUE,"",'Data Validation'!G14) | E14: =IF($C14<>"M5","",Price!F14) | F14: =IF($C14<>"M5","",Price!G14) | G14: =IF($C14<>"M5","",Price!H14) | H14: =IF($C14<>"M5","",SSA!E14) | I14: =IF($C14<>"M5","",SSA!F14) | J14: =IF($C14<>"M5","",SSA!G14) | K14: =IF($C14<>"M5","",SSA!H14) | L14: =IF($C14<>"M5","",Trendlines!K14) | M14: =IF($C14<>"M5","",Trendlines!L14) | N14: =IF($C14<>"M5","",ZigZag!E14) | O14: =IF($C14<>"M5","",ZigZag!F14) | P14: =IF($C14<>"M5","",Pinbar!E14) | Q14: =IF($C14<>"M5","",Trendlines!E14) | R14: =IF($C14<>"M5","",Trendlines!H14) | W14: =IFERROR(E14-F14,"") | X14: =IFERROR(ABS(E14-D13),"") | Y14: =IFERROR(ABS(F14-D13),"") | Z14: =IF(MAX(W14:Y14)=0,"",MAX(W14:Y14)) | AA14: =IFERROR(H14-I14,"") | AB14: =IF(AA14="","",IF(AA14>=0,1,-1)) | AC14: {=IFERROR((AB14=AB13,AC13+AB14,AB14),"")} | AH14: =IF(AND(H14>I14,H13<I13),"crossover","") | AI14: =IF(AND(H14<I14,H13>I13),"crossunder","") | AJ14: =IFERROR(IF(E14-J14<0,"",(E14-J14)/J14),"") | AK14: =IFERROR(IF(F14-K14>0,"",(F14-K14)/K14),"") | AL14: =IF(AND(AJ14<>"",CC14="High Spike @ Downtrend"),AJ14,"") | AM14: =IF(AND(AJ14<>"",AL14=""),AJ14,"") | AN14: =IF(AND(AK14<>"",CF14="Low Spike @ Uptrend"),AK14,"") | AO14: =IF(AND(AK14<>"",AN14=""),AK14,"") | AY14: =IF(OR(Q14=0,Q14=""),"",((H14-Q14)/Q14)) | AZ14: =IF(AY14="","",IF(AY14>=0,1,-1)) | BA14: =IF(AZ14="","",IF(AZ14=AZ13,BA13+AZ14,AZ14)) | BB14: =IF(AY14="","",IF(AND(AY14>-0.1%,AY14<0.1%),"Touch Zone","")) | BC14: =IF(AY14="","",IF(AND(BB14="Touch Zone",AY14>0%),"Above",IF(AND(BB14="Touch Zone",AY14<0%),"Below",""))) | BD14: =IF(OR(R14=0,R14=""),"",((H14-R14)/R14)) | BE14: =IF(BD14="","",IF(BD14>=0,1,-1)) | BF14: =IF(BE14="","",IF(BE14=BE13,BF13+BE14,BE14)) | BG14: =IF(BD14="","",IF(AND(BD14>-0.1%,BD14<0.1%),"Touch Zone","")) | BH14: =IF(BD14="","",IF(AND(BG14="Touch Zone",BD14>0%),"Above",IF(AND(BG14="Touch Zone",BD14<0%),"Below",""))) | BI14: =IF(OR(L14="",N14=""),"",IF(AND(L14=N14,L14>0,N14>0),"Important High","")) | BJ14: =IF(OR(M14="",O14=""),"",IF(AND(M14=O14,M14>0,O14>0),"Important Low","")) | BU14: =IF(OR(BB14="Touch Zone",BG14="Touch Zone"),"TL Touch Zone","") | BV14: =IF(AND(BC14="",BH14=""),"",COUNTIF(BC14,"Above")+COUNTIF(BC14,"Below")+COUNTIF(BH14,"Above")+COUNTIF(BH14,"Below")) | BW14: {=IF(BV14<>1,"",_xlfn.IFS(OR(BC14="Above",BC14="Below"),BC14,OR(BH14="Above",BH14="Below"),BH14,TRUE,""))} | BY14: =IF(AA14="","",IF(AA14>0,"UP","DOWN")) | BZ14: =IF(AF14="","",IF(AF14<50%,"Early Up Stage",IF(AF14>100%,"Extended Up Stage","Late Up Stage"))) | CA14: =IF(AG14="","",IF(AG14<50%,"Early Down Stage",IF(AG14>100%,"Extended Down Stage","Late Down Stage"))) | CB14: =IF(AS14="","",IF(AS14>90%,"Sig High Spike @ Uptrend","")) | CC14: =IF(AJ14="","",IF(AND(AC14<0,AJ14>0),"High Spike @ Downtrend","")) | CD14: =IF(AND(CC14="High Spike @ Downtrend",AR14>50%),"Sig High Spike @ Downtrend","") | CE14: =IF(AW14="","",IF(AW14>90%,"Sig Low Spike @ Downtrend","")) | CF14: =IF(AK14="","",IF(AND(AC14>0,AK14>0),"Low Spike @ Uptrend","")) | CG14: =IF(AND(CF14="Low Spike @ Uptrend",AV14>50%),"Sig Low Spike @ Uptrend","") | CJ14: =IF(P14="","",IF(P14=1,1,""))
... A21: =IF('Data Validation'!$K$2<>TRUE,"",'Data Validation'!A21) | B21: =IF('Data Validation'!$K$2<>TRUE,"",'Data Validation'!C21) | C21: =IF('Data Validation'!$K$2<>TRUE,"",'Data Validation'!E21) | D21: =IF('Data Validation'!$K$2<>TRUE,"",'Data Validation'!G21) | E21: =IF($C21<>"M5","",Price!F21) | F21: =IF($C21<>"M5","",Price!G21) | G21: =IF($C21<>"M5","",Price!H21) | H21: =IF($C21<>"M5","",SSA!E21) | I21: =IF($C21<>"M5","",SSA!F21) | J21: =IF($C21<>"M5","",SSA!G21) | K21: =IF($C21<>"M5","",SSA!H21) | L21: =IF($C21<>"M5","",Trendlines!K21) | M21: =IF($C21<>"M5","",Trendlines!L21) | N21: =IF($C21<>"M5","",ZigZag!E21) | O21: =IF($C21<>"M5","",ZigZag!F21) | P21: =IF($C21<>"M5","",Pinbar!E21) | Q21: =IF($C21<>"M5","",Trendlines!E21) | R21: =IF($C21<>"M5","",Trendlines!H21) | W21: =IFERROR(E21-F21,"") | X21: =IFERROR(ABS(E21-D20),"") | Y21: =IFERROR(ABS(F21-D20),"") | Z21: =IF(MAX(W21:Y21)=0,"",MAX(W21:Y21)) | AA21: =IFERROR(H21-I21,"") | AB21: =IF(AA21="","",IF(AA21>=0,1,-1)) | AC21: {=IFERROR((AB21=AB20,AC20+AB21,AB21),"")} | AH21: =IF(AND(H21>I21,H20<I20),"crossover","") | AI21: =IF(AND(H21<I21,H20>I20),"crossunder","") | AJ21: =IFERROR(IF(E21-J21<0,"",(E21-J21)/J21),"") | AK21: =IFERROR(IF(F21-K21>0,"",(F21-K21)/K21),"") | AL21: =IF(AND(AJ21<>"",CC21="High Spike @ Downtrend"),AJ21,"") | AM21: =IF(AND(AJ21<>"",AL21=""),AJ21,"") | AN21: =IF(AND(AK21<>"",CF21="Low Spike @ Uptrend"),AK21,"") | AO21: =IF(AND(AK21<>"",AN21=""),AK21,"") | AY21: =IF(OR(Q21=0,Q21=""),"",((H21-Q21)/Q21)) | AZ21: =IF(AY21="","",IF(AY21>=0,1,-1)) | BA21: =IF(AZ21="","",IF(AZ21=AZ20,BA20+AZ21,AZ21)) | BB21: =IF(AY21="","",IF(AND(AY21>-0.1%,AY21<0.1%),"Touch Zone","")) | BC21: =IF(AY21="","",IF(AND(BB21="Touch Zone",AY21>0%),"Above",IF(AND(BB21="Touch Zone",AY21<0%),"Below",""))) | BD21: =IF(OR(R21=0,R21=""),"",((H21-R21)/R21)) | BE21: =IF(BD21="","",IF(BD21>=0,1,-1)) | BF21: =IF(BE21="","",IF(BE21=BE20,BF20+BE21,BE21)) | BG21: =IF(BD21="","",IF(AND(BD21>-0.1%,BD21<0.1%),"Touch Zone","")) | BH21: =IF(BD21="","",IF(AND(BG21="Touch Zone",BD21>0%),"Above",IF(AND(BG21="Touch Zone",BD21<0%),"Below",""))) | BI21: =IF(OR(L21="",N21=""),"",IF(AND(L21=N21,L21>0,N21>0),"Important High","")) | BJ21: =IF(OR(M21="",O21=""),"",IF(AND(M21=O21,M21>0,O21>0),"Important Low","")) | BU21: =IF(OR(BB21="Touch Zone",BG21="Touch Zone"),"TL Touch Zone","") | BV21: =IF(AND(BC21="",BH21=""),"",COUNTIF(BC21,"Above")+COUNTIF(BC21,"Below")+COUNTIF(BH21,"Above")+COUNTIF(BH21,"Below")) | BW21: {=IF(BV21<>1,"",_xlfn.IFS(OR(BC21="Above",BC21="Below"),BC21,OR(BH21="Above",BH21="Below"),BH21,TRUE,""))} | BY21: =IF(AA21="","",IF(AA21>0,"UP","DOWN")) | BZ21: =IF(AF21="","",IF(AF21<50%,"Early Up Stage",IF(AF21>100%,"Extended Up Stage","Late Up Stage"))) | CA21: =IF(AG21="","",IF(AG21<50%,"Early Down Stage",IF(AG21>100%,"Extended Down Stage","Late Down Stage"))) | CB21: =IF(AS21="","",IF(AS21>90%,"Sig High Spike @ Uptrend","")) | CC21: =IF(AJ21="","",IF(AND(AC21<0,AJ21>0),"High Spike @ Downtrend","")) | CD21: =IF(AND(CC21="High Spike @ Downtrend",AR21>50%),"Sig High Spike @ Downtrend","") | CE21: =IF(AW21="","",IF(AW21>90%,"Sig Low Spike @ Downtrend","")) | CF21: =IF(AK21="","",IF(AND(AC21>0,AK21>0),"Low Spike @ Uptrend","")) | CG21: =IF(AND(CF21="Low Spike @ Uptrend",AV21>50%),"Sig Low Spike @ Uptrend","") | CJ21: =IF(P21="","",IF(P21=1,1,""))
A22: =IF('Data Validation'!$K$2<>TRUE,"",'Data Validation'!A22) | B22: =IF('Data Validation'!$K$2<>TRUE,"",'Data Validation'!C22) | C22: =IF('Data Validation'!$K$2<>TRUE,"",'Data Validation'!E22) | D22: =IF('Data Validation'!$K$2<>TRUE,"",'Data Validation'!G22) | E22: =IF($C22<>"M5","",Price!F22) | F22: =IF($C22<>"M5","",Price!G22) | G22: =IF($C22<>"M5","",Price!H22) | H22: =IF($C22<>"M5","",SSA!E22) | I22: =IF($C22<>"M5","",SSA!F22) | J22: =IF($C22<>"M5","",SSA!G22) | K22: =IF($C22<>"M5","",SSA!H22) | L22: =IF($C22<>"M5","",Trendlines!K22) | M22: =IF($C22<>"M5","",Trendlines!L22) | N22: =IF($C22<>"M5","",ZigZag!E22) | O22: =IF($C22<>"M5","",ZigZag!F22) | P22: =IF($C22<>"M5","",Pinbar!E22) | Q22: =IF($C22<>"M5","",Trendlines!E22) | R22: =IF($C22<>"M5","",Trendlines!H22) | W22: =IFERROR(E22-F22,"") | X22: =IFERROR(ABS(E22-D21),"") | Y22: =IFERROR(ABS(F22-D21),"") | Z22: =IF(MAX(W22:Y22)=0,"",MAX(W22:Y22)) | AA22: =IFERROR(H22-I22,"") | AB22: =IF(AA22="","",IF(AA22>=0,1,-1)) | AC22: {=IFERROR((AB22=AB21,AC21+AB22,AB22),"")} | AH22: =IF(AND(H22>I22,H21<I21),"crossover","") | AI22: =IF(AND(H22<I22,H21>I21),"crossunder","") | AJ22: =IFERROR(IF(E22-J22<0,"",(E22-J22)/J22),"") | AK22: =IFERROR(IF(F22-K22>0,"",(F22-K22)/K22),"") | AL22: =IF(AND(AJ22<>"",CC22="High Spike @ Downtrend"),AJ22,"") | AM22: =IF(AND(AJ22<>"",AL22=""),AJ22,"") | AN22: =IF(AND(AK22<>"",CF22="Low Spike @ Uptrend"),AK22,"") | AO22: =IF(AND(AK22<>"",AN22=""),AK22,"") | AY22: =IF(OR(Q22=0,Q22=""),"",((H22-Q22)/Q22)) | AZ22: =IF(AY22="","",IF(AY22>=0,1,-1)) | BA22: =IF(AZ22="","",IF(AZ22=AZ21,BA21+AZ22,AZ22)) | BB22: =IF(AY22="","",IF(AND(AY22>-0.1%,AY22<0.1%),"Touch Zone","")) | BC22: =IF(AY22="","",IF(AND(BB22="Touch Zone",AY22>0%),"Above",IF(AND(BB22="Touch Zone",AY22<0%),"Below",""))) | BD22: =IF(OR(R22=0,R22=""),"",((H22-R22)/R22)) | BE22: =IF(BD22="","",IF(BD22>=0,1,-1)) | BF22: =IF(BE22="","",IF(BE22=BE21,BF21+BE22,BE22)) | BG22: =IF(BD22="","",IF(AND(BD22>-0.1%,BD22<0.1%),"Touch Zone","")) | BH22: =IF(BD22="","",IF(AND(BG22="Touch Zone",BD22>0%),"Above",IF(AND(BG22="Touch Zone",BD22<0%),"Below",""))) | BI22: =IF(OR(L22="",N22=""),"",IF(AND(L22=N22,L22>0,N22>0),"Important High","")) | BJ22: =IF(OR(M22="",O22=""),"",IF(AND(M22=O22,M22>0,O22>0),"Important Low","")) | BU22: =IF(OR(BB22="Touch Zone",BG22="Touch Zone"),"TL Touch Zone","") | BV22: =IF(AND(BC22="",BH22=""),"",COUNTIF(BC22,"Above")+COUNTIF(BC22,"Below")+COUNTIF(BH22,"Above")+COUNTIF(BH22,"Below")) | BW22: {=IF(BV22<>1,"",_xlfn.IFS(OR(BC22="Above",BC22="Below"),BC22,OR(BH22="Above",BH22="Below"),BH22,TRUE,""))} | BY22: =IF(AA22="","",IF(AA22>0,"UP","DOWN")) | BZ22: =IF(AF22="","",IF(AF22<50%,"Early Up Stage",IF(AF22>100%,"Extended Up Stage","Late Up Stage"))) | CA22: =IF(AG22="","",IF(AG22<50%,"Early Down Stage",IF(AG22>100%,"Extended Down Stage","Late Down Stage"))) | CB22: =IF(AS22="","",IF(AS22>90%,"Sig High Spike @ Uptrend","")) | CC22: =IF(AJ22="","",IF(AND(AC22<0,AJ22>0),"High Spike @ Downtrend","")) | CD22: =IF(AND(CC22="High Spike @ Downtrend",AR22>50%),"Sig High Spike @ Downtrend","") | CE22: =IF(AW22="","",IF(AW22>90%,"Sig Low Spike @ Downtrend","")) | CF22: =IF(AK22="","",IF(AND(AC22>0,AK22>0),"Low Spike @ Uptrend","")) | CG22: =IF(AND(CF22="Low Spike @ Uptrend",AV22>50%),"Sig Low Spike @ Uptrend","") | CH22: =IFERROR(IF(Z22>(AVERAGE(Z2:Z22)+(2*_xlfn.STDEV.P(Z2:Z22))),1,""),"") | CI22: =IFERROR(IF(G22>(AVERAGE(G2:G22)+(2*_xlfn.STDEV.P(G2:G22))),1,""),"") | CJ22: =IF(P22="","",IF(P22=1,1,"")) | CK22: =IF(AND(CH22="",CC22="",CF22="",CI22="",CJ22=""),"",SUM(CH22:CJ22)/5)
A23: =IF('Data Validation'!$K$2<>TRUE,"",'Data Validation'!A23) | B23: =IF('Data Validation'!$K$2<>TRUE,"",'Data Validation'!C23) | C23: =IF('Data Validation'!$K$2<>TRUE,"",'Data Validation'!E23) | D23: =IF('Data Validation'!$K$2<>TRUE,"",'Data Validation'!G23) | E23: =IF($C23<>"M5","",Price!F23) | F23: =IF($C23<>"M5","",Price!G23) | G23: =IF($C23<>"M5","",Price!H23) | H23: =IF($C23<>"M5","",SSA!E23) | I23: =IF($C23<>"M5","",SSA!F23) | J23: =IF($C23<>"M5","",SSA!G23) | K23: =IF($C23<>"M5","",SSA!H23) | L23: =IF($C23<>"M5","",Trendlines!K23) | M23: =IF($C23<>"M5","",Trendlines!L23) | N23: =IF($C23<>"M5","",ZigZag!E23) | O23: =IF($C23<>"M5","",ZigZag!F23) | P23: =IF($C23<>"M5","",Pinbar!E23) | Q23: =IF($C23<>"M5","",Trendlines!E23) | R23: =IF($C23<>"M5","",Trendlines!H23) | W23: =IFERROR(E23-F23,"") | X23: =IFERROR(ABS(E23-D22),"") | Y23: =IFERROR(ABS(F23-D22),"") | Z23: =IF(MAX(W23:Y23)=0,"",MAX(W23:Y23)) | AA23: =IFERROR(H23-I23,"") | AB23: =IF(AA23="","",IF(AA23>=0,1,-1)) | AC23: {=IFERROR((AB23=AB22,AC22+AB23,AB23),"")} | AH23: =IF(AND(H23>I23,H22<I22),"crossover","") | AI23: =IF(AND(H23<I23,H22>I22),"crossunder","") | AJ23: =IFERROR(IF(E23-J23<0,"",(E23-J23)/J23),"") | AK23: =IFERROR(IF(F23-K23>0,"",(F23-K23)/K23),"") | AL23: =IF(AND(AJ23<>"",CC23="High Spike @ Downtrend"),AJ23,"") | AM23: =IF(AND(AJ23<>"",AL23=""),AJ23,"") | AN23: =IF(AND(AK23<>"",CF23="Low Spike @ Uptrend"),AK23,"") | AO23: =IF(AND(AK23<>"",AN23=""),AK23,"") | AY23: =IF(OR(Q23=0,Q23=""),"",((H23-Q23)/Q23)) | AZ23: =IF(AY23="","",IF(AY23>=0,1,-1)) | BA23: =IF(AZ23="","",IF(AZ23=AZ22,BA22+AZ23,AZ23)) | BB23: =IF(AY23="","",IF(AND(AY23>-0.1%,AY23<0.1%),"Touch Zone","")) | BC23: =IF(AY23="","",IF(AND(BB23="Touch Zone",AY23>0%),"Above",IF(AND(BB23="Touch Zone",AY23<0%),"Below",""))) | BD23: =IF(OR(R23=0,R23=""),"",((H23-R23)/R23)) | BE23: =IF(BD23="","",IF(BD23>=0,1,-1)) | BF23: =IF(BE23="","",IF(BE23=BE22,BF22+BE23,BE23)) | BG23: =IF(BD23="","",IF(AND(BD23>-0.1%,BD23<0.1%),"Touch Zone","")) | BH23: =IF(BD23="","",IF(AND(BG23="Touch Zone",BD23>0%),"Above",IF(AND(BG23="Touch Zone",BD23<0%),"Below",""))) | BI23: =IF(OR(L23="",N23=""),"",IF(AND(L23=N23,L23>0,N23>0),"Important High","")) | BJ23: =IF(OR(M23="",O23=""),"",IF(AND(M23=O23,M23>0,O23>0),"Important Low","")) | BU23: =IF(OR(BB23="Touch Zone",BG23="Touch Zone"),"TL Touch Zone","") | BV23: =IF(AND(BC23="",BH23=""),"",COUNTIF(BC23,"Above")+COUNTIF(BC23,"Below")+COUNTIF(BH23,"Above")+COUNTIF(BH23,"Below")) | BW23: {=IF(BV23<>1,"",_xlfn.IFS(OR(BC23="Above",BC23="Below"),BC23,OR(BH23="Above",BH23="Below"),BH23,TRUE,""))} | BY23: =IF(AA23="","",IF(AA23>0,"UP","DOWN")) | BZ23: =IF(AF23="","",IF(AF23<50%,"Early Up Stage",IF(AF23>100%,"Extended Up Stage","Late Up Stage"))) | CA23: =IF(AG23="","",IF(AG23<50%,"Early Down Stage",IF(AG23>100%,"Extended Down Stage","Late Down Stage"))) | CB23: =IF(AS23="","",IF(AS23>90%,"Sig High Spike @ Uptrend","")) | CC23: =IF(AJ23="","",IF(AND(AC23<0,AJ23>0),"High Spike @ Downtrend","")) | CD23: =IF(AND(CC23="High Spike @ Downtrend",AR23>50%),"Sig High Spike @ Downtrend","") | CE23: =IF(AW23="","",IF(AW23>90%,"Sig Low Spike @ Downtrend","")) | CF23: =IF(AK23="","",IF(AND(AC23>0,AK23>0),"Low Spike @ Uptrend","")) | CG23: =IF(AND(CF23="Low Spike @ Uptrend",AV23>50%),"Sig Low Spike @ Uptrend","") | CH23: =IFERROR(IF(Z23>(AVERAGE(Z3:Z23)+(2*_xlfn.STDEV.P(Z3:Z23))),1,""),"") | CI23: =IFERROR(IF(G23>(AVERAGE(G3:G23)+(2*_xlfn.STDEV.P(G3:G23))),1,""),"") | CJ23: =IF(P23="","",IF(P23=1,1,"")) | CK23: =IF(AND(CH23="",CC23="",CF23="",CI23="",CJ23=""),"",SUM(CH23:CJ23)/5)
A24: =IF('Data Validation'!$K$2<>TRUE,"",'Data Validation'!A24) | B24: =IF('Data Validation'!$K$2<>TRUE,"",'Data Validation'!C24) | C24: =IF('Data Validation'!$K$2<>TRUE,"",'Data Validation'!E24) | D24: =IF('Data Validation'!$K$2<>TRUE,"",'Data Validation'!G24) | E24: =IF($C24<>"M5","",Price!F24) | F24: =IF($C24<>"M5","",Price!G24) | G24: =IF($C24<>"M5","",Price!H24) | H24: =IF($C24<>"M5","",SSA!E24) | I24: =IF($C24<>"M5","",SSA!F24) | J24: =IF($C24<>"M5","",SSA!G24) | K24: =IF($C24<>"M5","",SSA!H24) | L24: =IF($C24<>"M5","",Trendlines!K24) | M24: =IF($C24<>"M5","",Trendlines!L24) | N24: =IF($C24<>"M5","",ZigZag!E24) | O24: =IF($C24<>"M5","",ZigZag!F24) | P24: =IF($C24<>"M5","",Pinbar!E24) | Q24: =IF($C24<>"M5","",Trendlines!E24) | R24: =IF($C24<>"M5","",Trendlines!H24) | W24: =IFERROR(E24-F24,"") | X24: =IFERROR(ABS(E24-D23),"") | Y24: =IFERROR(ABS(F24-D23),"") | Z24: =IF(MAX(W24:Y24)=0,"",MAX(W24:Y24)) | AA24: =IFERROR(H24-I24,"") | AB24: =IF(AA24="","",IF(AA24>=0,1,-1)) | AC24: {=IFERROR((AB24=AB23,AC23+AB24,AB24),"")} | AH24: =IF(AND(H24>I24,H23<I23),"crossover","") | AI24: =IF(AND(H24<I24,H23>I23),"crossunder","") | AJ24: =IFERROR(IF(E24-J24<0,"",(E24-J24)/J24),"") | AK24: =IFERROR(IF(F24-K24>0,"",(F24-K24)/K24),"") | AL24: =IF(AND(AJ24<>"",CC24="High Spike @ Downtrend"),AJ24,"") | AM24: =IF(AND(AJ24<>"",AL24=""),AJ24,"") | AN24: =IF(AND(AK24<>"",CF24="Low Spike @ Uptrend"),AK24,"") | AO24: =IF(AND(AK24<>"",AN24=""),AK24,"") | AY24: =IF(OR(Q24=0,Q24=""),"",((H24-Q24)/Q24)) | AZ24: =IF(AY24="","",IF(AY24>=0,1,-1)) | BA24: =IF(AZ24="","",IF(AZ24=AZ23,BA23+AZ24,AZ24)) | BB24: =IF(AY24="","",IF(AND(AY24>-0.1%,AY24<0.1%),"Touch Zone","")) | BC24: =IF(AY24="","",IF(AND(BB24="Touch Zone",AY24>0%),"Above",IF(AND(BB24="Touch Zone",AY24<0%),"Below",""))) | BD24: =IF(OR(R24=0,R24=""),"",((H24-R24)/R24)) | BE24: =IF(BD24="","",IF(BD24>=0,1,-1)) | BF24: =IF(BE24="","",IF(BE24=BE23,BF23+BE24,BE24)) | BG24: =IF(BD24="","",IF(AND(BD24>-0.1%,BD24<0.1%),"Touch Zone","")) | BH24: =IF(BD24="","",IF(AND(BG24="Touch Zone",BD24>0%),"Above",IF(AND(BG24="Touch Zone",BD24<0%),"Below",""))) | BI24: =IF(OR(L24="",N24=""),"",IF(AND(L24=N24,L24>0,N24>0),"Important High","")) | BJ24: =IF(OR(M24="",O24=""),"",IF(AND(M24=O24,M24>0,O24>0),"Important Low","")) | BU24: =IF(OR(BB24="Touch Zone",BG24="Touch Zone"),"TL Touch Zone","") | BV24: =IF(AND(BC24="",BH24=""),"",COUNTIF(BC24,"Above")+COUNTIF(BC24,"Below")+COUNTIF(BH24,"Above")+COUNTIF(BH24,"Below")) | BW24: {=IF(BV24<>1,"",_xlfn.IFS(OR(BC24="Above",BC24="Below"),BC24,OR(BH24="Above",BH24="Below"),BH24,TRUE,""))} | BY24: =IF(AA24="","",IF(AA24>0,"UP","DOWN")) | BZ24: =IF(AF24="","",IF(AF24<50%,"Early Up Stage",IF(AF24>100%,"Extended Up Stage","Late Up Stage"))) | CA24: =IF(AG24="","",IF(AG24<50%,"Early Down Stage",IF(AG24>100%,"Extended Down Stage","Late Down Stage"))) | CB24: =IF(AS24="","",IF(AS24>90%,"Sig High Spike @ Uptrend","")) | CC24: =IF(AJ24="","",IF(AND(AC24<0,AJ24>0),"High Spike @ Downtrend","")) | CD24: =IF(AND(CC24="High Spike @ Downtrend",AR24>50%),"Sig High Spike @ Downtrend","") | CE24: =IF(AW24="","",IF(AW24>90%,"Sig Low Spike @ Downtrend","")) | CF24: =IF(AK24="","",IF(AND(AC24>0,AK24>0),"Low Spike @ Uptrend","")) | CG24: =IF(AND(CF24="Low Spike @ Uptrend",AV24>50%),"Sig Low Spike @ Uptrend","") | CH24: =IFERROR(IF(Z24>(AVERAGE(Z4:Z24)+(2*_xlfn.STDEV.P(Z4:Z24))),1,""),"") | CI24: =IFERROR(IF(G24>(AVERAGE(G4:G24)+(2*_xlfn.STDEV.P(G4:G24))),1,""),"") | CJ24: =IF(P24="","",IF(P24=1,1,"")) | CK24: =IF(AND(CH24="",CC24="",CF24="",CI24="",CJ24=""),"",SUM(CH24:CJ24)/5) | CL24: =IFERROR(AVERAGE(CK22:CK24),"") | CM24: =IF(CL24="","",IF(CL24>20%,"Turbulence",""))
A25: =IF('Data Validation'!$K$2<>TRUE,"",'Data Validation'!A25) | B25: =IF('Data Validation'!$K$2<>TRUE,"",'Data Validation'!C25) | C25: =IF('Data Validation'!$K$2<>TRUE,"",'Data Validation'!E25) | D25: =IF('Data Validation'!$K$2<>TRUE,"",'Data Validation'!G25) | E25: =IF($C25<>"M5","",Price!F25) | F25: =IF($C25<>"M5","",Price!G25) | G25: =IF($C25<>"M5","",Price!H25) | H25: =IF($C25<>"M5","",SSA!E25) | I25: =IF($C25<>"M5","",SSA!F25) | J25: =IF($C25<>"M5","",SSA!G25) | K25: =IF($C25<>"M5","",SSA!H25) | L25: =IF($C25<>"M5","",Trendlines!K25) | M25: =IF($C25<>"M5","",Trendlines!L25) | N25: =IF($C25<>"M5","",ZigZag!E25) | O25: =IF($C25<>"M5","",ZigZag!F25) | P25: =IF($C25<>"M5","",Pinbar!E25) | Q25: =IF($C25<>"M5","",Trendlines!E25) | R25: =IF($C25<>"M5","",Trendlines!H25) | W25: =IFERROR(E25-F25,"") | X25: =IFERROR(ABS(E25-D24),"") | Y25: =IFERROR(ABS(F25-D24),"") | Z25: =IF(MAX(W25:Y25)=0,"",MAX(W25:Y25)) | AA25: =IFERROR(H25-I25,"") | AB25: =IF(AA25="","",IF(AA25>=0,1,-1)) | AC25: {=IFERROR((AB25=AB24,AC24+AB25,AB25),"")} | AH25: =IF(AND(H25>I25,H24<I24),"crossover","") | AI25: =IF(AND(H25<I25,H24>I24),"crossunder","") | AJ25: =IFERROR(IF(E25-J25<0,"",(E25-J25)/J25),"") | AK25: =IFERROR(IF(F25-K25>0,"",(F25-K25)/K25),"") | AL25: =IF(AND(AJ25<>"",CC25="High Spike @ Downtrend"),AJ25,"") | AM25: =IF(AND(AJ25<>"",AL25=""),AJ25,"") | AN25: =IF(AND(AK25<>"",CF25="Low Spike @ Uptrend"),AK25,"") | AO25: =IF(AND(AK25<>"",AN25=""),AK25,"") | AY25: =IF(OR(Q25=0,Q25=""),"",((H25-Q25)/Q25)) | AZ25: =IF(AY25="","",IF(AY25>=0,1,-1)) | BA25: =IF(AZ25="","",IF(AZ25=AZ24,BA24+AZ25,AZ25)) | BB25: =IF(AY25="","",IF(AND(AY25>-0.1%,AY25<0.1%),"Touch Zone","")) | BC25: =IF(AY25="","",IF(AND(BB25="Touch Zone",AY25>0%),"Above",IF(AND(BB25="Touch Zone",AY25<0%),"Below",""))) | BD25: =IF(OR(R25=0,R25=""),"",((H25-R25)/R25)) | BE25: =IF(BD25="","",IF(BD25>=0,1,-1)) | BF25: =IF(BE25="","",IF(BE25=BE24,BF24+BE25,BE25)) | BG25: =IF(BD25="","",IF(AND(BD25>-0.1%,BD25<0.1%),"Touch Zone","")) | BH25: =IF(BD25="","",IF(AND(BG25="Touch Zone",BD25>0%),"Above",IF(AND(BG25="Touch Zone",BD25<0%),"Below",""))) | BI25: =IF(OR(L25="",N25=""),"",IF(AND(L25=N25,L25>0,N25>0),"Important High","")) | BJ25: =IF(OR(M25="",O25=""),"",IF(AND(M25=O25,M25>0,O25>0),"Important Low","")) | BU25: =IF(OR(BB25="Touch Zone",BG25="Touch Zone"),"TL Touch Zone","") | BV25: =IF(AND(BC25="",BH25=""),"",COUNTIF(BC25,"Above")+COUNTIF(BC25,"Below")+COUNTIF(BH25,"Above")+COUNTIF(BH25,"Below")) | BW25: {=IF(BV25<>1,"",_xlfn.IFS(OR(BC25="Above",BC25="Below"),BC25,OR(BH25="Above",BH25="Below"),BH25,TRUE,""))} | BY25: =IF(AA25="","",IF(AA25>0,"UP","DOWN")) | BZ25: =IF(AF25="","",IF(AF25<50%,"Early Up Stage",IF(AF25>100%,"Extended Up Stage","Late Up Stage"))) | CA25: =IF(AG25="","",IF(AG25<50%,"Early Down Stage",IF(AG25>100%,"Extended Down Stage","Late Down Stage"))) | CB25: =IF(AS25="","",IF(AS25>90%,"Sig High Spike @ Uptrend","")) | CC25: =IF(AJ25="","",IF(AND(AC25<0,AJ25>0),"High Spike @ Downtrend","")) | CD25: =IF(AND(CC25="High Spike @ Downtrend",AR25>50%),"Sig High Spike @ Downtrend","") | CE25: =IF(AW25="","",IF(AW25>90%,"Sig Low Spike @ Downtrend","")) | CF25: =IF(AK25="","",IF(AND(AC25>0,AK25>0),"Low Spike @ Uptrend","")) | CG25: =IF(AND(CF25="Low Spike @ Uptrend",AV25>50%),"Sig Low Spike @ Uptrend","") | CH25: =IFERROR(IF(Z25>(AVERAGE(Z5:Z25)+(2*_xlfn.STDEV.P(Z5:Z25))),1,""),"") | CI25: =IFERROR(IF(G25>(AVERAGE(G5:G25)+(2*_xlfn.STDEV.P(G5:G25))),1,""),"") | CJ25: =IF(P25="","",IF(P25=1,1,"")) | CK25: =IF(AND(CH25="",CC25="",CF25="",CI25="",CJ25=""),"",SUM(CH25:CJ25)/5) | CL25: =IFERROR(AVERAGE(CK23:CK25),"") | CM25: =IF(CL25="","",IF(CL25>20%,"Turbulence",""))
A26: =IF('Data Validation'!$K$2<>TRUE,"",'Data Validation'!A26) | B26: =IF('Data Validation'!$K$2<>TRUE,"",'Data Validation'!C26) | C26: =IF('Data Validation'!$K$2<>TRUE,"",'Data Validation'!E26) | D26: =IF('Data Validation'!$K$2<>TRUE,"",'Data Validation'!G26) | E26: =IF($C26<>"M5","",Price!F26) | F26: =IF($C26<>"M5","",Price!G26) | G26: =IF($C26<>"M5","",Price!H26) | H26: =IF($C26<>"M5","",SSA!E26) | I26: =IF($C26<>"M5","",SSA!F26) | J26: =IF($C26<>"M5","",SSA!G26) | K26: =IF($C26<>"M5","",SSA!H26) | L26: =IF($C26<>"M5","",Trendlines!K26) | M26: =IF($C26<>"M5","",Trendlines!L26) | N26: =IF($C26<>"M5","",ZigZag!E26) | O26: =IF($C26<>"M5","",ZigZag!F26) | P26: =IF($C26<>"M5","",Pinbar!E26) | Q26: =IF($C26<>"M5","",Trendlines!E26) | R26: =IF($C26<>"M5","",Trendlines!H26) | W26: =IFERROR(E26-F26,"") | X26: =IFERROR(ABS(E26-D25),"") | Y26: =IFERROR(ABS(F26-D25),"") | Z26: =IF(MAX(W26:Y26)=0,"",MAX(W26:Y26)) | AA26: =IFERROR(H26-I26,"") | AB26: =IF(AA26="","",IF(AA26>=0,1,-1)) | AC26: {=IFERROR((AB26=AB25,AC25+AB26,AB26),"")} | AH26: =IF(AND(H26>I26,H25<I25),"crossover","") | AI26: =IF(AND(H26<I26,H25>I25),"crossunder","") | AJ26: =IFERROR(IF(E26-J26<0,"",(E26-J26)/J26),"") | AK26: =IFERROR(IF(F26-K26>0,"",(F26-K26)/K26),"") | AL26: =IF(AND(AJ26<>"",CC26="High Spike @ Downtrend"),AJ26,"") | AM26: =IF(AND(AJ26<>"",AL26=""),AJ26,"") | AN26: =IF(AND(AK26<>"",CF26="Low Spike @ Uptrend"),AK26,"") | AO26: =IF(AND(AK26<>"",AN26=""),AK26,"") | AY26: =IF(OR(Q26=0,Q26=""),"",((H26-Q26)/Q26)) | AZ26: =IF(AY26="","",IF(AY26>=0,1,-1)) | BA26: =IF(AZ26="","",IF(AZ26=AZ25,BA25+AZ26,AZ26)) | BB26: =IF(AY26="","",IF(AND(AY26>-0.1%,AY26<0.1%),"Touch Zone","")) | BC26: =IF(AY26="","",IF(AND(BB26="Touch Zone",AY26>0%),"Above",IF(AND(BB26="Touch Zone",AY26<0%),"Below",""))) | BD26: =IF(OR(R26=0,R26=""),"",((H26-R26)/R26)) | BE26: =IF(BD26="","",IF(BD26>=0,1,-1)) | BF26: =IF(BE26="","",IF(BE26=BE25,BF25+BE26,BE26)) | BG26: =IF(BD26="","",IF(AND(BD26>-0.1%,BD26<0.1%),"Touch Zone","")) | BH26: =IF(BD26="","",IF(AND(BG26="Touch Zone",BD26>0%),"Above",IF(AND(BG26="Touch Zone",BD26<0%),"Below",""))) | BI26: =IF(OR(L26="",N26=""),"",IF(AND(L26=N26,L26>0,N26>0),"Important High","")) | BJ26: =IF(OR(M26="",O26=""),"",IF(AND(M26=O26,M26>0,O26>0),"Important Low","")) | BU26: =IF(OR(BB26="Touch Zone",BG26="Touch Zone"),"TL Touch Zone","") | BV26: =IF(AND(BC26="",BH26=""),"",COUNTIF(BC26,"Above")+COUNTIF(BC26,"Below")+COUNTIF(BH26,"Above")+COUNTIF(BH26,"Below")) | BW26: {=IF(BV26<>1,"",_xlfn.IFS(OR(BC26="Above",BC26="Below"),BC26,OR(BH26="Above",BH26="Below"),BH26,TRUE,""))} | BY26: =IF(AA26="","",IF(AA26>0,"UP","DOWN")) | BZ26: =IF(AF26="","",IF(AF26<50%,"Early Up Stage",IF(AF26>100%,"Extended Up Stage","Late Up Stage"))) | CA26: =IF(AG26="","",IF(AG26<50%,"Early Down Stage",IF(AG26>100%,"Extended Down Stage","Late Down Stage"))) | CB26: =IF(AS26="","",IF(AS26>90%,"Sig High Spike @ Uptrend","")) | CC26: =IF(AJ26="","",IF(AND(AC26<0,AJ26>0),"High Spike @ Downtrend","")) | CD26: =IF(AND(CC26="High Spike @ Downtrend",AR26>50%),"Sig High Spike @ Downtrend","") | CE26: =IF(AW26="","",IF(AW26>90%,"Sig Low Spike @ Downtrend","")) | CF26: =IF(AK26="","",IF(AND(AC26>0,AK26>0),"Low Spike @ Uptrend","")) | CG26: =IF(AND(CF26="Low Spike @ Uptrend",AV26>50%),"Sig Low Spike @ Uptrend","") | CH26: =IFERROR(IF(Z26>(AVERAGE(Z6:Z26)+(2*_xlfn.STDEV.P(Z6:Z26))),1,""),"") | CI26: =IFERROR(IF(G26>(AVERAGE(G6:G26)+(2*_xlfn.STDEV.P(G6:G26))),1,""),"") | CJ26: =IF(P26="","",IF(P26=1,1,"")) | CK26: =IF(AND(CH26="",CC26="",CF26="",CI26="",CJ26=""),"",SUM(CH26:CJ26)/5) | CL26: =IFERROR(AVERAGE(CK24:CK26),"") | CM26: =IF(CL26="","",IF(CL26>20%,"Turbulence",""))
A27: =IF('Data Validation'!$K$2<>TRUE,"",'Data Validation'!A27) | B27: =IF('Data Validation'!$K$2<>TRUE,"",'Data Validation'!C27) | C27: =IF('Data Validation'!$K$2<>TRUE,"",'Data Validation'!E27) | D27: =IF('Data Validation'!$K$2<>TRUE,"",'Data Validation'!G27) | E27: =IF($C27<>"M5","",Price!F27) | F27: =IF($C27<>"M5","",Price!G27) | G27: =IF($C27<>"M5","",Price!H27) | H27: =IF($C27<>"M5","",SSA!E27) | I27: =IF($C27<>"M5","",SSA!F27) | J27: =IF($C27<>"M5","",SSA!G27) | K27: =IF($C27<>"M5","",SSA!H27) | L27: =IF($C27<>"M5","",Trendlines!K27) | M27: =IF($C27<>"M5","",Trendlines!L27) | N27: =IF($C27<>"M5","",ZigZag!E27) | O27: =IF($C27<>"M5","",ZigZag!F27) | P27: =IF($C27<>"M5","",Pinbar!E27) | Q27: =IF($C27<>"M5","",Trendlines!E27) | R27: =IF($C27<>"M5","",Trendlines!H27) | W27: =IFERROR(E27-F27,"") | X27: =IFERROR(ABS(E27-D26),"") | Y27: =IFERROR(ABS(F27-D26),"") | Z27: =IF(MAX(W27:Y27)=0,"",MAX(W27:Y27)) | AA27: =IFERROR(H27-I27,"") | AB27: =IF(AA27="","",IF(AA27>=0,1,-1)) | AC27: {=IFERROR((AB27=AB26,AC26+AB27,AB27),"")} | AH27: =IF(AND(H27>I27,H26<I26),"crossover","") | AI27: =IF(AND(H27<I27,H26>I26),"crossunder","") | AJ27: =IFERROR(IF(E27-J27<0,"",(E27-J27)/J27),"") | AK27: =IFERROR(IF(F27-K27>0,"",(F27-K27)/K27),"") | AL27: =IF(AND(AJ27<>"",CC27="High Spike @ Downtrend"),AJ27,"") | AM27: =IF(AND(AJ27<>"",AL27=""),AJ27,"") | AN27: =IF(AND(AK27<>"",CF27="Low Spike @ Uptrend"),AK27,"") | AO27: =IF(AND(AK27<>"",AN27=""),AK27,"") | AY27: =IF(OR(Q27=0,Q27=""),"",((H27-Q27)/Q27)) | AZ27: =IF(AY27="","",IF(AY27>=0,1,-1)) | BA27: =IF(AZ27="","",IF(AZ27=AZ26,BA26+AZ27,AZ27)) | BB27: =IF(AY27="","",IF(AND(AY27>-0.1%,AY27<0.1%),"Touch Zone","")) | BC27: =IF(AY27="","",IF(AND(BB27="Touch Zone",AY27>0%),"Above",IF(AND(BB27="Touch Zone",AY27<0%),"Below",""))) | BD27: =IF(OR(R27=0,R27=""),"",((H27-R27)/R27)) | BE27: =IF(BD27="","",IF(BD27>=0,1,-1)) | BF27: =IF(BE27="","",IF(BE27=BE26,BF26+BE27,BE27)) | BG27: =IF(BD27="","",IF(AND(BD27>-0.1%,BD27<0.1%),"Touch Zone","")) | BH27: =IF(BD27="","",IF(AND(BG27="Touch Zone",BD27>0%),"Above",IF(AND(BG27="Touch Zone",BD27<0%),"Below",""))) | BI27: =IF(OR(L27="",N27=""),"",IF(AND(L27=N27,L27>0,N27>0),"Important High","")) | BJ27: =IF(OR(M27="",O27=""),"",IF(AND(M27=O27,M27>0,O27>0),"Important Low","")) | BU27: =IF(OR(BB27="Touch Zone",BG27="Touch Zone"),"TL Touch Zone","") | BV27: =IF(AND(BC27="",BH27=""),"",COUNTIF(BC27,"Above")+COUNTIF(BC27,"Below")+COUNTIF(BH27,"Above")+COUNTIF(BH27,"Below")) | BW27: {=IF(BV27<>1,"",_xlfn.IFS(OR(BC27="Above",BC27="Below"),BC27,OR(BH27="Above",BH27="Below"),BH27,TRUE,""))} | BY27: =IF(AA27="","",IF(AA27>0,"UP","DOWN")) | BZ27: =IF(AF27="","",IF(AF27<50%,"Early Up Stage",IF(AF27>100%,"Extended Up Stage","Late Up Stage"))) | CA27: =IF(AG27="","",IF(AG27<50%,"Early Down Stage",IF(AG27>100%,"Extended Down Stage","Late Down Stage"))) | CB27: =IF(AS27="","",IF(AS27>90%,"Sig High Spike @ Uptrend","")) | CC27: =IF(AJ27="","",IF(AND(AC27<0,AJ27>0),"High Spike @ Downtrend","")) | CD27: =IF(AND(CC27="High Spike @ Downtrend",AR27>50%),"Sig High Spike @ Downtrend","") | CE27: =IF(AW27="","",IF(AW27>90%,"Sig Low Spike @ Downtrend","")) | CF27: =IF(AK27="","",IF(AND(AC27>0,AK27>0),"Low Spike @ Uptrend","")) | CG27: =IF(AND(CF27="Low Spike @ Uptrend",AV27>50%),"Sig Low Spike @ Uptrend","") | CH27: =IFERROR(IF(Z27>(AVERAGE(Z7:Z27)+(2*_xlfn.STDEV.P(Z7:Z27))),1,""),"") | CI27: =IFERROR(IF(G27>(AVERAGE(G7:G27)+(2*_xlfn.STDEV.P(G7:G27))),1,""),"") | CJ27: =IF(P27="","",IF(P27=1,1,"")) | CK27: =IF(AND(CH27="",CC27="",CF27="",CI27="",CJ27=""),"",SUM(CH27:CJ27)/5) | CL27: =IFERROR(AVERAGE(CK25:CK27),"") | CM27: =IF(CL27="","",IF(CL27>20%,"Turbulence",""))
A28: =IF('Data Validation'!$K$2<>TRUE,"",'Data Validation'!A28) | B28: =IF('Data Validation'!$K$2<>TRUE,"",'Data Validation'!C28) | C28: =IF('Data Validation'!$K$2<>TRUE,"",'Data Validation'!E28) | D28: =IF('Data Validation'!$K$2<>TRUE,"",'Data Validation'!G28) | E28: =IF($C28<>"M5","",Price!F28) | F28: =IF($C28<>"M5","",Price!G28) | G28: =IF($C28<>"M5","",Price!H28) | H28: =IF($C28<>"M5","",SSA!E28) | I28: =IF($C28<>"M5","",SSA!F28) | J28: =IF($C28<>"M5","",SSA!G28) | K28: =IF($C28<>"M5","",SSA!H28) | L28: =IF($C28<>"M5","",Trendlines!K28) | M28: =IF($C28<>"M5","",Trendlines!L28) | N28: =IF($C28<>"M5","",ZigZag!E28) | O28: =IF($C28<>"M5","",ZigZag!F28) | P28: =IF($C28<>"M5","",Pinbar!E28) | Q28: =IF($C28<>"M5","",Trendlines!E28) | R28: =IF($C28<>"M5","",Trendlines!H28) | W28: =IFERROR(E28-F28,"") | X28: =IFERROR(ABS(E28-D27),"") | Y28: =IFERROR(ABS(F28-D27),"") | Z28: =IF(MAX(W28:Y28)=0,"",MAX(W28:Y28)) | AA28: =IFERROR(H28-I28,"") | AB28: =IF(AA28="","",IF(AA28>=0,1,-1)) | AC28: {=IFERROR((AB28=AB27,AC27+AB28,AB28),"")} | AH28: =IF(AND(H28>I28,H27<I27),"crossover","") | AI28: =IF(AND(H28<I28,H27>I27),"crossunder","") | AJ28: =IFERROR(IF(E28-J28<0,"",(E28-J28)/J28),"") | AK28: =IFERROR(IF(F28-K28>0,"",(F28-K28)/K28),"") | AL28: =IF(AND(AJ28<>"",CC28="High Spike @ Downtrend"),AJ28,"") | AM28: =IF(AND(AJ28<>"",AL28=""),AJ28,"") | AN28: =IF(AND(AK28<>"",CF28="Low Spike @ Uptrend"),AK28,"") | AO28: =IF(AND(AK28<>"",AN28=""),AK28,"") | AY28: =IF(OR(Q28=0,Q28=""),"",((H28-Q28)/Q28)) | AZ28: =IF(AY28="","",IF(AY28>=0,1,-1)) | BA28: =IF(AZ28="","",IF(AZ28=AZ27,BA27+AZ28,AZ28)) | BB28: =IF(AY28="","",IF(AND(AY28>-0.1%,AY28<0.1%),"Touch Zone","")) | BC28: =IF(AY28="","",IF(AND(BB28="Touch Zone",AY28>0%),"Above",IF(AND(BB28="Touch Zone",AY28<0%),"Below",""))) | BD28: =IF(OR(R28=0,R28=""),"",((H28-R28)/R28)) | BE28: =IF(BD28="","",IF(BD28>=0,1,-1)) | BF28: =IF(BE28="","",IF(BE28=BE27,BF27+BE28,BE28)) | BG28: =IF(BD28="","",IF(AND(BD28>-0.1%,BD28<0.1%),"Touch Zone","")) | BH28: =IF(BD28="","",IF(AND(BG28="Touch Zone",BD28>0%),"Above",IF(AND(BG28="Touch Zone",BD28<0%),"Below",""))) | BI28: =IF(OR(L28="",N28=""),"",IF(AND(L28=N28,L28>0,N28>0),"Important High","")) | BJ28: =IF(OR(M28="",O28=""),"",IF(AND(M28=O28,M28>0,O28>0),"Important Low","")) | BU28: =IF(OR(BB28="Touch Zone",BG28="Touch Zone"),"TL Touch Zone","") | BV28: =IF(AND(BC28="",BH28=""),"",COUNTIF(BC28,"Above")+COUNTIF(BC28,"Below")+COUNTIF(BH28,"Above")+COUNTIF(BH28,"Below")) | BW28: {=IF(BV28<>1,"",_xlfn.IFS(OR(BC28="Above",BC28="Below"),BC28,OR(BH28="Above",BH28="Below"),BH28,TRUE,""))} | BY28: =IF(AA28="","",IF(AA28>0,"UP","DOWN")) | BZ28: =IF(AF28="","",IF(AF28<50%,"Early Up Stage",IF(AF28>100%,"Extended Up Stage","Late Up Stage"))) | CA28: =IF(AG28="","",IF(AG28<50%,"Early Down Stage",IF(AG28>100%,"Extended Down Stage","Late Down Stage"))) | CB28: =IF(AS28="","",IF(AS28>90%,"Sig High Spike @ Uptrend","")) | CC28: =IF(AJ28="","",IF(AND(AC28<0,AJ28>0),"High Spike @ Downtrend","")) | CD28: =IF(AND(CC28="High Spike @ Downtrend",AR28>50%),"Sig High Spike @ Downtrend","") | CE28: =IF(AW28="","",IF(AW28>90%,"Sig Low Spike @ Downtrend","")) | CF28: =IF(AK28="","",IF(AND(AC28>0,AK28>0),"Low Spike @ Uptrend","")) | CG28: =IF(AND(CF28="Low Spike @ Uptrend",AV28>50%),"Sig Low Spike @ Uptrend","") | CH28: =IFERROR(IF(Z28>(AVERAGE(Z8:Z28)+(2*_xlfn.STDEV.P(Z8:Z28))),1,""),"") | CI28: =IFERROR(IF(G28>(AVERAGE(G8:G28)+(2*_xlfn.STDEV.P(G8:G28))),1,""),"") | CJ28: =IF(P28="","",IF(P28=1,1,"")) | CK28: =IF(AND(CH28="",CC28="",CF28="",CI28="",CJ28=""),"",SUM(CH28:CJ28)/5) | CL28: =IFERROR(AVERAGE(CK26:CK28),"") | CM28: =IF(CL28="","",IF(CL28>20%,"Turbulence",""))
A29: =IF('Data Validation'!$K$2<>TRUE,"",'Data Validation'!A29) | B29: =IF('Data Validation'!$K$2<>TRUE,"",'Data Validation'!C29) | C29: =IF('Data Validation'!$K$2<>TRUE,"",'Data Validation'!E29) | D29: =IF('Data Validation'!$K$2<>TRUE,"",'Data Validation'!G29) | E29: =IF($C29<>"M5","",Price!F29) | F29: =IF($C29<>"M5","",Price!G29) | G29: =IF($C29<>"M5","",Price!H29) | H29: =IF($C29<>"M5","",SSA!E29) | I29: =IF($C29<>"M5","",SSA!F29) | J29: =IF($C29<>"M5","",SSA!G29) | K29: =IF($C29<>"M5","",SSA!H29) | L29: =IF($C29<>"M5","",Trendlines!K29) | M29: =IF($C29<>"M5","",Trendlines!L29) | N29: =IF($C29<>"M5","",ZigZag!E29) | O29: =IF($C29<>"M5","",ZigZag!F29) | P29: =IF($C29<>"M5","",Pinbar!E29) | Q29: =IF($C29<>"M5","",Trendlines!E29) | R29: =IF($C29<>"M5","",Trendlines!H29) | W29: =IFERROR(E29-F29,"") | X29: =IFERROR(ABS(E29-D28),"") | Y29: =IFERROR(ABS(F29-D28),"") | Z29: =IF(MAX(W29:Y29)=0,"",MAX(W29:Y29)) | AA29: =IFERROR(H29-I29,"") | AB29: =IF(AA29="","",IF(AA29>=0,1,-1)) | AC29: {=IFERROR((AB29=AB28,AC28+AB29,AB29),"")} | AH29: =IF(AND(H29>I29,H28<I28),"crossover","") | AI29: =IF(AND(H29<I29,H28>I28),"crossunder","") | AJ29: =IFERROR(IF(E29-J29<0,"",(E29-J29)/J29),"") | AK29: =IFERROR(IF(F29-K29>0,"",(F29-K29)/K29),"") | AL29: =IF(AND(AJ29<>"",CC29="High Spike @ Downtrend"),AJ29,"") | AM29: =IF(AND(AJ29<>"",AL29=""),AJ29,"") | AN29: =IF(AND(AK29<>"",CF29="Low Spike @ Uptrend"),AK29,"") | AO29: =IF(AND(AK29<>"",AN29=""),AK29,"") | AY29: =IF(OR(Q29=0,Q29=""),"",((H29-Q29)/Q29)) | AZ29: =IF(AY29="","",IF(AY29>=0,1,-1)) | BA29: =IF(AZ29="","",IF(AZ29=AZ28,BA28+AZ29,AZ29)) | BB29: =IF(AY29="","",IF(AND(AY29>-0.1%,AY29<0.1%),"Touch Zone","")) | BC29: =IF(AY29="","",IF(AND(BB29="Touch Zone",AY29>0%),"Above",IF(AND(BB29="Touch Zone",AY29<0%),"Below",""))) | BD29: =IF(OR(R29=0,R29=""),"",((H29-R29)/R29)) | BE29: =IF(BD29="","",IF(BD29>=0,1,-1)) | BF29: =IF(BE29="","",IF(BE29=BE28,BF28+BE29,BE29)) | BG29: =IF(BD29="","",IF(AND(BD29>-0.1%,BD29<0.1%),"Touch Zone","")) | BH29: =IF(BD29="","",IF(AND(BG29="Touch Zone",BD29>0%),"Above",IF(AND(BG29="Touch Zone",BD29<0%),"Below",""))) | BI29: =IF(OR(L29="",N29=""),"",IF(AND(L29=N29,L29>0,N29>0),"Important High","")) | BJ29: =IF(OR(M29="",O29=""),"",IF(AND(M29=O29,M29>0,O29>0),"Important Low","")) | BU29: =IF(OR(BB29="Touch Zone",BG29="Touch Zone"),"TL Touch Zone","") | BV29: =IF(AND(BC29="",BH29=""),"",COUNTIF(BC29,"Above")+COUNTIF(BC29,"Below")+COUNTIF(BH29,"Above")+COUNTIF(BH29,"Below")) | BW29: {=IF(BV29<>1,"",_xlfn.IFS(OR(BC29="Above",BC29="Below"),BC29,OR(BH29="Above",BH29="Below"),BH29,TRUE,""))} | BY29: =IF(AA29="","",IF(AA29>0,"UP","DOWN")) | BZ29: =IF(AF29="","",IF(AF29<50%,"Early Up Stage",IF(AF29>100%,"Extended Up Stage","Late Up Stage"))) | CA29: =IF(AG29="","",IF(AG29<50%,"Early Down Stage",IF(AG29>100%,"Extended Down Stage","Late Down Stage"))) | CB29: =IF(AS29="","",IF(AS29>90%,"Sig High Spike @ Uptrend","")) | CC29: =IF(AJ29="","",IF(AND(AC29<0,AJ29>0),"High Spike @ Downtrend","")) | CD29: =IF(AND(CC29="High Spike @ Downtrend",AR29>50%),"Sig High Spike @ Downtrend","") | CE29: =IF(AW29="","",IF(AW29>90%,"Sig Low Spike @ Downtrend","")) | CF29: =IF(AK29="","",IF(AND(AC29>0,AK29>0),"Low Spike @ Uptrend","")) | CG29: =IF(AND(CF29="Low Spike @ Uptrend",AV29>50%),"Sig Low Spike @ Uptrend","") | CH29: =IFERROR(IF(Z29>(AVERAGE(Z9:Z29)+(2*_xlfn.STDEV.P(Z9:Z29))),1,""),"") | CI29: =IFERROR(IF(G29>(AVERAGE(G9:G29)+(2*_xlfn.STDEV.P(G9:G29))),1,""),"") | CJ29: =IF(P29="","",IF(P29=1,1,"")) | CK29: =IF(AND(CH29="",CC29="",CF29="",CI29="",CJ29=""),"",SUM(CH29:CJ29)/5) | CL29: =IFERROR(AVERAGE(CK27:CK29),"") | CM29: =IF(CL29="","",IF(CL29>20%,"Turbulence",""))
A30: =IF('Data Validation'!$K$2<>TRUE,"",'Data Validation'!A30) | B30: =IF('Data Validation'!$K$2<>TRUE,"",'Data Validation'!C30) | C30: =IF('Data Validation'!$K$2<>TRUE,"",'Data Validation'!E30) | D30: =IF('Data Validation'!$K$2<>TRUE,"",'Data Validation'!G30) | E30: =IF($C30<>"M5","",Price!F30) | F30: =IF($C30<>"M5","",Price!G30) | G30: =IF($C30<>"M5","",Price!H30) | H30: =IF($C30<>"M5","",SSA!E30) | I30: =IF($C30<>"M5","",SSA!F30) | J30: =IF($C30<>"M5","",SSA!G30) | K30: =IF($C30<>"M5","",SSA!H30) | L30: =IF($C30<>"M5","",Trendlines!K30) | M30: =IF($C30<>"M5","",Trendlines!L30) | N30: =IF($C30<>"M5","",ZigZag!E30) | O30: =IF($C30<>"M5","",ZigZag!F30) | P30: =IF($C30<>"M5","",Pinbar!E30) | Q30: =IF($C30<>"M5","",Trendlines!E30) | R30: =IF($C30<>"M5","",Trendlines!H30) | W30: =IFERROR(E30-F30,"") | X30: =IFERROR(ABS(E30-D29),"") | Y30: =IFERROR(ABS(F30-D29),"") | Z30: =IF(MAX(W30:Y30)=0,"",MAX(W30:Y30)) | AA30: =IFERROR(H30-I30,"") | AB30: =IF(AA30="","",IF(AA30>=0,1,-1)) | AC30: {=IFERROR((AB30=AB29,AC29+AB30,AB30),"")} | AH30: =IF(AND(H30>I30,H29<I29),"crossover","") | AI30: =IF(AND(H30<I30,H29>I29),"crossunder","") | AJ30: =IFERROR(IF(E30-J30<0,"",(E30-J30)/J30),"") | AK30: =IFERROR(IF(F30-K30>0,"",(F30-K30)/K30),"") | AL30: =IF(AND(AJ30<>"",CC30="High Spike @ Downtrend"),AJ30,"") | AM30: =IF(AND(AJ30<>"",AL30=""),AJ30,"") | AN30: =IF(AND(AK30<>"",CF30="Low Spike @ Uptrend"),AK30,"") | AO30: =IF(AND(AK30<>"",AN30=""),AK30,"") | AY30: =IF(OR(Q30=0,Q30=""),"",((H30-Q30)/Q30)) | AZ30: =IF(AY30="","",IF(AY30>=0,1,-1)) | BA30: =IF(AZ30="","",IF(AZ30=AZ29,BA29+AZ30,AZ30)) | BB30: =IF(AY30="","",IF(AND(AY30>-0.1%,AY30<0.1%),"Touch Zone","")) | BC30: =IF(AY30="","",IF(AND(BB30="Touch Zone",AY30>0%),"Above",IF(AND(BB30="Touch Zone",AY30<0%),"Below",""))) | BD30: =IF(OR(R30=0,R30=""),"",((H30-R30)/R30)) | BE30: =IF(BD30="","",IF(BD30>=0,1,-1)) | BF30: =IF(BE30="","",IF(BE30=BE29,BF29+BE30,BE30)) | BG30: =IF(BD30="","",IF(AND(BD30>-0.1%,BD30<0.1%),"Touch Zone","")) | BH30: =IF(BD30="","",IF(AND(BG30="Touch Zone",BD30>0%),"Above",IF(AND(BG30="Touch Zone",BD30<0%),"Below",""))) | BI30: =IF(OR(L30="",N30=""),"",IF(AND(L30=N30,L30>0,N30>0),"Important High","")) | BJ30: =IF(OR(M30="",O30=""),"",IF(AND(M30=O30,M30>0,O30>0),"Important Low","")) | BU30: =IF(OR(BB30="Touch Zone",BG30="Touch Zone"),"TL Touch Zone","") | BV30: =IF(AND(BC30="",BH30=""),"",COUNTIF(BC30,"Above")+COUNTIF(BC30,"Below")+COUNTIF(BH30,"Above")+COUNTIF(BH30,"Below")) | BW30: {=IF(BV30<>1,"",_xlfn.IFS(OR(BC30="Above",BC30="Below"),BC30,OR(BH30="Above",BH30="Below"),BH30,TRUE,""))} | BY30: =IF(AA30="","",IF(AA30>0,"UP","DOWN")) | BZ30: =IF(AF30="","",IF(AF30<50%,"Early Up Stage",IF(AF30>100%,"Extended Up Stage","Late Up Stage"))) | CA30: =IF(AG30="","",IF(AG30<50%,"Early Down Stage",IF(AG30>100%,"Extended Down Stage","Late Down Stage"))) | CB30: =IF(AS30="","",IF(AS30>90%,"Sig High Spike @ Uptrend","")) | CC30: =IF(AJ30="","",IF(AND(AC30<0,AJ30>0),"High Spike @ Downtrend","")) | CD30: =IF(AND(CC30="High Spike @ Downtrend",AR30>50%),"Sig High Spike @ Downtrend","") | CE30: =IF(AW30="","",IF(AW30>90%,"Sig Low Spike @ Downtrend","")) | CF30: =IF(AK30="","",IF(AND(AC30>0,AK30>0),"Low Spike @ Uptrend","")) | CG30: =IF(AND(CF30="Low Spike @ Uptrend",AV30>50%),"Sig Low Spike @ Uptrend","") | CH30: =IFERROR(IF(Z30>(AVERAGE(Z10:Z30)+(2*_xlfn.STDEV.P(Z10:Z30))),1,""),"") | CI30: =IFERROR(IF(G30>(AVERAGE(G10:G30)+(2*_xlfn.STDEV.P(G10:G30))),1,""),"") | CJ30: =IF(P30="","",IF(P30=1,1,"")) | CK30: =IF(AND(CH30="",CC30="",CF30="",CI30="",CJ30=""),"",SUM(CH30:CJ30)/5) | CL30: =IFERROR(AVERAGE(CK28:CK30),"") | CM30: =IF(CL30="","",IF(CL30>20%,"Turbulence",""))
A31: =IF('Data Validation'!$K$2<>TRUE,"",'Data Validation'!A31) | B31: =IF('Data Validation'!$K$2<>TRUE,"",'Data Validation'!C31) | C31: =IF('Data Validation'!$K$2<>TRUE,"",'Data Validation'!E31) | D31: =IF('Data Validation'!$K$2<>TRUE,"",'Data Validation'!G31) | E31: =IF($C31<>"M5","",Price!F31) | F31: =IF($C31<>"M5","",Price!G31) | G31: =IF($C31<>"M5","",Price!H31) | H31: =IF($C31<>"M5","",SSA!E31) | I31: =IF($C31<>"M5","",SSA!F31) | J31: =IF($C31<>"M5","",SSA!G31) | K31: =IF($C31<>"M5","",SSA!H31) | L31: =IF($C31<>"M5","",Trendlines!K31) | M31: =IF($C31<>"M5","",Trendlines!L31) | N31: =IF($C31<>"M5","",ZigZag!E31) | O31: =IF($C31<>"M5","",ZigZag!F31) | P31: =IF($C31<>"M5","",Pinbar!E31) | Q31: =IF($C31<>"M5","",Trendlines!E31) | R31: =IF($C31<>"M5","",Trendlines!H31) | W31: =IFERROR(E31-F31,"") | X31: =IFERROR(ABS(E31-D30),"") | Y31: =IFERROR(ABS(F31-D30),"") | Z31: =IF(MAX(W31:Y31)=0,"",MAX(W31:Y31)) | AA31: =IFERROR(H31-I31,"") | AB31: =IF(AA31="","",IF(AA31>=0,1,-1)) | AC31: {=IFERROR((AB31=AB30,AC30+AB31,AB31),"")} | AH31: =IF(AND(H31>I31,H30<I30),"crossover","") | AI31: =IF(AND(H31<I31,H30>I30),"crossunder","") | AJ31: =IFERROR(IF(E31-J31<0,"",(E31-J31)/J31),"") | AK31: =IFERROR(IF(F31-K31>0,"",(F31-K31)/K31),"") | AL31: =IF(AND(AJ31<>"",CC31="High Spike @ Downtrend"),AJ31,"") | AM31: =IF(AND(AJ31<>"",AL31=""),AJ31,"") | AN31: =IF(AND(AK31<>"",CF31="Low Spike @ Uptrend"),AK31,"") | AO31: =IF(AND(AK31<>"",AN31=""),AK31,"") | AY31: =IF(OR(Q31=0,Q31=""),"",((H31-Q31)/Q31)) | AZ31: =IF(AY31="","",IF(AY31>=0,1,-1)) | BA31: =IF(AZ31="","",IF(AZ31=AZ30,BA30+AZ31,AZ31)) | BB31: =IF(AY31="","",IF(AND(AY31>-0.1%,AY31<0.1%),"Touch Zone","")) | BC31: =IF(AY31="","",IF(AND(BB31="Touch Zone",AY31>0%),"Above",IF(AND(BB31="Touch Zone",AY31<0%),"Below",""))) | BD31: =IF(OR(R31=0,R31=""),"",((H31-R31)/R31)) | BE31: =IF(BD31="","",IF(BD31>=0,1,-1)) | BF31: =IF(BE31="","",IF(BE31=BE30,BF30+BE31,BE31)) | BG31: =IF(BD31="","",IF(AND(BD31>-0.1%,BD31<0.1%),"Touch Zone","")) | BH31: =IF(BD31="","",IF(AND(BG31="Touch Zone",BD31>0%),"Above",IF(AND(BG31="Touch Zone",BD31<0%),"Below",""))) | BI31: =IF(OR(L31="",N31=""),"",IF(AND(L31=N31,L31>0,N31>0),"Important High","")) | BJ31: =IF(OR(M31="",O31=""),"",IF(AND(M31=O31,M31>0,O31>0),"Important Low","")) | BU31: =IF(OR(BB31="Touch Zone",BG31="Touch Zone"),"TL Touch Zone","") | BV31: =IF(AND(BC31="",BH31=""),"",COUNTIF(BC31,"Above")+COUNTIF(BC31,"Below")+COUNTIF(BH31,"Above")+COUNTIF(BH31,"Below")) | BW31: {=IF(BV31<>1,"",_xlfn.IFS(OR(BC31="Above",BC31="Below"),BC31,OR(BH31="Above",BH31="Below"),BH31,TRUE,""))} | BY31: =IF(AA31="","",IF(AA31>0,"UP","DOWN")) | BZ31: =IF(AF31="","",IF(AF31<50%,"Early Up Stage",IF(AF31>100%,"Extended Up Stage","Late Up Stage"))) | CA31: =IF(AG31="","",IF(AG31<50%,"Early Down Stage",IF(AG31>100%,"Extended Down Stage","Late Down Stage"))) | CB31: =IF(AS31="","",IF(AS31>90%,"Sig High Spike @ Uptrend","")) | CC31: =IF(AJ31="","",IF(AND(AC31<0,AJ31>0),"High Spike @ Downtrend","")) | CD31: =IF(AND(CC31="High Spike @ Downtrend",AR31>50%),"Sig High Spike @ Downtrend","") | CE31: =IF(AW31="","",IF(AW31>90%,"Sig Low Spike @ Downtrend","")) | CF31: =IF(AK31="","",IF(AND(AC31>0,AK31>0),"Low Spike @ Uptrend","")) | CG31: =IF(AND(CF31="Low Spike @ Uptrend",AV31>50%),"Sig Low Spike @ Uptrend","") | CH31: =IFERROR(IF(Z31>(AVERAGE(Z11:Z31)+(2*_xlfn.STDEV.P(Z11:Z31))),1,""),"") | CI31: =IFERROR(IF(G31>(AVERAGE(G11:G31)+(2*_xlfn.STDEV.P(G11:G31))),1,""),"") | CJ31: =IF(P31="","",IF(P31=1,1,"")) | CK31: =IF(AND(CH31="",CC31="",CF31="",CI31="",CJ31=""),"",SUM(CH31:CJ31)/5) | CL31: =IFERROR(AVERAGE(CK29:CK31),"") | CM31: =IF(CL31="","",IF(CL31>20%,"Turbulence",""))
A32: =IF('Data Validation'!$K$2<>TRUE,"",'Data Validation'!A32) | B32: =IF('Data Validation'!$K$2<>TRUE,"",'Data Validation'!C32) | C32: =IF('Data Validation'!$K$2<>TRUE,"",'Data Validation'!E32) | D32: =IF('Data Validation'!$K$2<>TRUE,"",'Data Validation'!G32) | E32: =IF($C32<>"M5","",Price!F32) | F32: =IF($C32<>"M5","",Price!G32) | G32: =IF($C32<>"M5","",Price!H32) | H32: =IF($C32<>"M5","",SSA!E32) | I32: =IF($C32<>"M5","",SSA!F32) | J32: =IF($C32<>"M5","",SSA!G32) | K32: =IF($C32<>"M5","",SSA!H32) | L32: =IF($C32<>"M5","",Trendlines!K32) | M32: =IF($C32<>"M5","",Trendlines!L32) | N32: =IF($C32<>"M5","",ZigZag!E32) | O32: =IF($C32<>"M5","",ZigZag!F32) | P32: =IF($C32<>"M5","",Pinbar!E32) | Q32: =IF($C32<>"M5","",Trendlines!E32) | R32: =IF($C32<>"M5","",Trendlines!H32) | W32: =IFERROR(E32-F32,"") | X32: =IFERROR(ABS(E32-D31),"") | Y32: =IFERROR(ABS(F32-D31),"") | Z32: =IF(MAX(W32:Y32)=0,"",MAX(W32:Y32)) | AA32: =IFERROR(H32-I32,"") | AB32: =IF(AA32="","",IF(AA32>=0,1,-1)) | AC32: {=IFERROR((AB32=AB31,AC31+AB32,AB32),"")} | AH32: =IF(AND(H32>I32,H31<I31),"crossover","") | AI32: =IF(AND(H32<I32,H31>I31),"crossunder","") | AJ32: =IFERROR(IF(E32-J32<0,"",(E32-J32)/J32),"") | AK32: =IFERROR(IF(F32-K32>0,"",(F32-K32)/K32),"") | AL32: =IF(AND(AJ32<>"",CC32="High Spike @ Downtrend"),AJ32,"") | AM32: =IF(AND(AJ32<>"",AL32=""),AJ32,"") | AN32: =IF(AND(AK32<>"",CF32="Low Spike @ Uptrend"),AK32,"") | AO32: =IF(AND(AK32<>"",AN32=""),AK32,"") | AY32: =IF(OR(Q32=0,Q32=""),"",((H32-Q32)/Q32)) | AZ32: =IF(AY32="","",IF(AY32>=0,1,-1)) | BA32: =IF(AZ32="","",IF(AZ32=AZ31,BA31+AZ32,AZ32)) | BB32: =IF(AY32="","",IF(AND(AY32>-0.1%,AY32<0.1%),"Touch Zone","")) | BC32: =IF(AY32="","",IF(AND(BB32="Touch Zone",AY32>0%),"Above",IF(AND(BB32="Touch Zone",AY32<0%),"Below",""))) | BD32: =IF(OR(R32=0,R32=""),"",((H32-R32)/R32)) | BE32: =IF(BD32="","",IF(BD32>=0,1,-1)) | BF32: =IF(BE32="","",IF(BE32=BE31,BF31+BE32,BE32)) | BG32: =IF(BD32="","",IF(AND(BD32>-0.1%,BD32<0.1%),"Touch Zone","")) | BH32: =IF(BD32="","",IF(AND(BG32="Touch Zone",BD32>0%),"Above",IF(AND(BG32="Touch Zone",BD32<0%),"Below",""))) | BI32: =IF(OR(L32="",N32=""),"",IF(AND(L32=N32,L32>0,N32>0),"Important High","")) | BJ32: =IF(OR(M32="",O32=""),"",IF(AND(M32=O32,M32>0,O32>0),"Important Low","")) | BU32: =IF(OR(BB32="Touch Zone",BG32="Touch Zone"),"TL Touch Zone","") | BV32: =IF(AND(BC32="",BH32=""),"",COUNTIF(BC32,"Above")+COUNTIF(BC32,"Below")+COUNTIF(BH32,"Above")+COUNTIF(BH32,"Below")) | BW32: {=IF(BV32<>1,"",_xlfn.IFS(OR(BC32="Above",BC32="Below"),BC32,OR(BH32="Above",BH32="Below"),BH32,TRUE,""))} | BY32: =IF(AA32="","",IF(AA32>0,"UP","DOWN")) | BZ32: =IF(AF32="","",IF(AF32<50%,"Early Up Stage",IF(AF32>100%,"Extended Up Stage","Late Up Stage"))) | CA32: =IF(AG32="","",IF(AG32<50%,"Early Down Stage",IF(AG32>100%,"Extended Down Stage","Late Down Stage"))) | CB32: =IF(AS32="","",IF(AS32>90%,"Sig High Spike @ Uptrend","")) | CC32: =IF(AJ32="","",IF(AND(AC32<0,AJ32>0),"High Spike @ Downtrend","")) | CD32: =IF(AND(CC32="High Spike @ Downtrend",AR32>50%),"Sig High Spike @ Downtrend","") | CE32: =IF(AW32="","",IF(AW32>90%,"Sig Low Spike @ Downtrend","")) | CF32: =IF(AK32="","",IF(AND(AC32>0,AK32>0),"Low Spike @ Uptrend","")) | CG32: =IF(AND(CF32="Low Spike @ Uptrend",AV32>50%),"Sig Low Spike @ Uptrend","") | CH32: =IFERROR(IF(Z32>(AVERAGE(Z12:Z32)+(2*_xlfn.STDEV.P(Z12:Z32))),1,""),"") | CI32: =IFERROR(IF(G32>(AVERAGE(G12:G32)+(2*_xlfn.STDEV.P(G12:G32))),1,""),"") | CJ32: =IF(P32="","",IF(P32=1,1,"")) | CK32: =IF(AND(CH32="",CC32="",CF32="",CI32="",CJ32=""),"",SUM(CH32:CJ32)/5) | CL32: =IFERROR(AVERAGE(CK30:CK32),"") | CM32: =IF(CL32="","",IF(CL32>20%,"Turbulence",""))
A33: =IF('Data Validation'!$K$2<>TRUE,"",'Data Validation'!A33) | B33: =IF('Data Validation'!$K$2<>TRUE,"",'Data Validation'!C33) | C33: =IF('Data Validation'!$K$2<>TRUE,"",'Data Validation'!E33) | D33: =IF('Data Validation'!$K$2<>TRUE,"",'Data Validation'!G33) | E33: =IF($C33<>"M5","",Price!F33) | F33: =IF($C33<>"M5","",Price!G33) | G33: =IF($C33<>"M5","",Price!H33) | H33: =IF($C33<>"M5","",SSA!E33) | I33: =IF($C33<>"M5","",SSA!F33) | J33: =IF($C33<>"M5","",SSA!G33) | K33: =IF($C33<>"M5","",SSA!H33) | L33: =IF($C33<>"M5","",Trendlines!K33) | M33: =IF($C33<>"M5","",Trendlines!L33) | N33: =IF($C33<>"M5","",ZigZag!E33) | O33: =IF($C33<>"M5","",ZigZag!F33) | P33: =IF($C33<>"M5","",Pinbar!E33) | Q33: =IF($C33<>"M5","",Trendlines!E33) | R33: =IF($C33<>"M5","",Trendlines!H33) | W33: =IFERROR(E33-F33,"") | X33: =IFERROR(ABS(E33-D32),"") | Y33: =IFERROR(ABS(F33-D32),"") | Z33: =IF(MAX(W33:Y33)=0,"",MAX(W33:Y33)) | AA33: =IFERROR(H33-I33,"") | AB33: =IF(AA33="","",IF(AA33>=0,1,-1)) | AC33: {=IFERROR((AB33=AB32,AC32+AB33,AB33),"")} | AH33: =IF(AND(H33>I33,H32<I32),"crossover","") | AI33: =IF(AND(H33<I33,H32>I32),"crossunder","") | AJ33: =IFERROR(IF(E33-J33<0,"",(E33-J33)/J33),"") | AK33: =IFERROR(IF(F33-K33>0,"",(F33-K33)/K33),"") | AL33: =IF(AND(AJ33<>"",CC33="High Spike @ Downtrend"),AJ33,"") | AM33: =IF(AND(AJ33<>"",AL33=""),AJ33,"") | AN33: =IF(AND(AK33<>"",CF33="Low Spike @ Uptrend"),AK33,"") | AO33: =IF(AND(AK33<>"",AN33=""),AK33,"") | AY33: =IF(OR(Q33=0,Q33=""),"",((H33-Q33)/Q33)) | AZ33: =IF(AY33="","",IF(AY33>=0,1,-1)) | BA33: =IF(AZ33="","",IF(AZ33=AZ32,BA32+AZ33,AZ33)) | BB33: =IF(AY33="","",IF(AND(AY33>-0.1%,AY33<0.1%),"Touch Zone","")) | BC33: =IF(AY33="","",IF(AND(BB33="Touch Zone",AY33>0%),"Above",IF(AND(BB33="Touch Zone",AY33<0%),"Below",""))) | BD33: =IF(OR(R33=0,R33=""),"",((H33-R33)/R33)) | BE33: =IF(BD33="","",IF(BD33>=0,1,-1)) | BF33: =IF(BE33="","",IF(BE33=BE32,BF32+BE33,BE33)) | BG33: =IF(BD33="","",IF(AND(BD33>-0.1%,BD33<0.1%),"Touch Zone","")) | BH33: =IF(BD33="","",IF(AND(BG33="Touch Zone",BD33>0%),"Above",IF(AND(BG33="Touch Zone",BD33<0%),"Below",""))) | BI33: =IF(OR(L33="",N33=""),"",IF(AND(L33=N33,L33>0,N33>0),"Important High","")) | BJ33: =IF(OR(M33="",O33=""),"",IF(AND(M33=O33,M33>0,O33>0),"Important Low","")) | BU33: =IF(OR(BB33="Touch Zone",BG33="Touch Zone"),"TL Touch Zone","") | BV33: =IF(AND(BC33="",BH33=""),"",COUNTIF(BC33,"Above")+COUNTIF(BC33,"Below")+COUNTIF(BH33,"Above")+COUNTIF(BH33,"Below")) | BW33: {=IF(BV33<>1,"",_xlfn.IFS(OR(BC33="Above",BC33="Below"),BC33,OR(BH33="Above",BH33="Below"),BH33,TRUE,""))} | BY33: =IF(AA33="","",IF(AA33>0,"UP","DOWN")) | BZ33: =IF(AF33="","",IF(AF33<50%,"Early Up Stage",IF(AF33>100%,"Extended Up Stage","Late Up Stage"))) | CA33: =IF(AG33="","",IF(AG33<50%,"Early Down Stage",IF(AG33>100%,"Extended Down Stage","Late Down Stage"))) | CB33: =IF(AS33="","",IF(AS33>90%,"Sig High Spike @ Uptrend","")) | CC33: =IF(AJ33="","",IF(AND(AC33<0,AJ33>0),"High Spike @ Downtrend","")) | CD33: =IF(AND(CC33="High Spike @ Downtrend",AR33>50%),"Sig High Spike @ Downtrend","") | CE33: =IF(AW33="","",IF(AW33>90%,"Sig Low Spike @ Downtrend","")) | CF33: =IF(AK33="","",IF(AND(AC33>0,AK33>0),"Low Spike @ Uptrend","")) | CG33: =IF(AND(CF33="Low Spike @ Uptrend",AV33>50%),"Sig Low Spike @ Uptrend","") | CH33: =IFERROR(IF(Z33>(AVERAGE(Z13:Z33)+(2*_xlfn.STDEV.P(Z13:Z33))),1,""),"") | CI33: =IFERROR(IF(G33>(AVERAGE(G13:G33)+(2*_xlfn.STDEV.P(G13:G33))),1,""),"") | CJ33: =IF(P33="","",IF(P33=1,1,"")) | CK33: =IF(AND(CH33="",CC33="",CF33="",CI33="",CJ33=""),"",SUM(CH33:CJ33)/5) | CL33: =IFERROR(AVERAGE(CK31:CK33),"") | CM33: =IF(CL33="","",IF(CL33>20%,"Turbulence",""))
A34: =IF('Data Validation'!$K$2<>TRUE,"",'Data Validation'!A34) | B34: =IF('Data Validation'!$K$2<>TRUE,"",'Data Validation'!C34) | C34: =IF('Data Validation'!$K$2<>TRUE,"",'Data Validation'!E34) | D34: =IF('Data Validation'!$K$2<>TRUE,"",'Data Validation'!G34) | E34: =IF($C34<>"M5","",Price!F34) | F34: =IF($C34<>"M5","",Price!G34) | G34: =IF($C34<>"M5","",Price!H34) | H34: =IF($C34<>"M5","",SSA!E34) | I34: =IF($C34<>"M5","",SSA!F34) | J34: =IF($C34<>"M5","",SSA!G34) | K34: =IF($C34<>"M5","",SSA!H34) | L34: =IF($C34<>"M5","",Trendlines!K34) | M34: =IF($C34<>"M5","",Trendlines!L34) | N34: =IF($C34<>"M5","",ZigZag!E34) | O34: =IF($C34<>"M5","",ZigZag!F34) | P34: =IF($C34<>"M5","",Pinbar!E34) | Q34: =IF($C34<>"M5","",Trendlines!E34) | R34: =IF($C34<>"M5","",Trendlines!H34) | W34: =IFERROR(E34-F34,"") | X34: =IFERROR(ABS(E34-D33),"") | Y34: =IFERROR(ABS(F34-D33),"") | Z34: =IF(MAX(W34:Y34)=0,"",MAX(W34:Y34)) | AA34: =IFERROR(H34-I34,"") | AB34: =IF(AA34="","",IF(AA34>=0,1,-1)) | AC34: {=IFERROR((AB34=AB33,AC33+AB34,AB34),"")} | AH34: =IF(AND(H34>I34,H33<I33),"crossover","") | AI34: =IF(AND(H34<I34,H33>I33),"crossunder","") | AJ34: =IFERROR(IF(E34-J34<0,"",(E34-J34)/J34),"") | AK34: =IFERROR(IF(F34-K34>0,"",(F34-K34)/K34),"") | AL34: =IF(AND(AJ34<>"",CC34="High Spike @ Downtrend"),AJ34,"") | AM34: =IF(AND(AJ34<>"",AL34=""),AJ34,"") | AN34: =IF(AND(AK34<>"",CF34="Low Spike @ Uptrend"),AK34,"") | AO34: =IF(AND(AK34<>"",AN34=""),AK34,"") | AY34: =IF(OR(Q34=0,Q34=""),"",((H34-Q34)/Q34)) | AZ34: =IF(AY34="","",IF(AY34>=0,1,-1)) | BA34: =IF(AZ34="","",IF(AZ34=AZ33,BA33+AZ34,AZ34)) | BB34: =IF(AY34="","",IF(AND(AY34>-0.1%,AY34<0.1%),"Touch Zone","")) | BC34: =IF(AY34="","",IF(AND(BB34="Touch Zone",AY34>0%),"Above",IF(AND(BB34="Touch Zone",AY34<0%),"Below",""))) | BD34: =IF(OR(R34=0,R34=""),"",((H34-R34)/R34)) | BE34: =IF(BD34="","",IF(BD34>=0,1,-1)) | BF34: =IF(BE34="","",IF(BE34=BE33,BF33+BE34,BE34)) | BG34: =IF(BD34="","",IF(AND(BD34>-0.1%,BD34<0.1%),"Touch Zone","")) | BH34: =IF(BD34="","",IF(AND(BG34="Touch Zone",BD34>0%),"Above",IF(AND(BG34="Touch Zone",BD34<0%),"Below",""))) | BI34: =IF(OR(L34="",N34=""),"",IF(AND(L34=N34,L34>0,N34>0),"Important High","")) | BJ34: =IF(OR(M34="",O34=""),"",IF(AND(M34=O34,M34>0,O34>0),"Important Low","")) | BU34: =IF(OR(BB34="Touch Zone",BG34="Touch Zone"),"TL Touch Zone","") | BV34: =IF(AND(BC34="",BH34=""),"",COUNTIF(BC34,"Above")+COUNTIF(BC34,"Below")+COUNTIF(BH34,"Above")+COUNTIF(BH34,"Below")) | BW34: {=IF(BV34<>1,"",_xlfn.IFS(OR(BC34="Above",BC34="Below"),BC34,OR(BH34="Above",BH34="Below"),BH34,TRUE,""))} | BY34: =IF(AA34="","",IF(AA34>0,"UP","DOWN")) | BZ34: =IF(AF34="","",IF(AF34<50%,"Early Up Stage",IF(AF34>100%,"Extended Up Stage","Late Up Stage"))) | CA34: =IF(AG34="","",IF(AG34<50%,"Early Down Stage",IF(AG34>100%,"Extended Down Stage","Late Down Stage"))) | CB34: =IF(AS34="","",IF(AS34>90%,"Sig High Spike @ Uptrend","")) | CC34: =IF(AJ34="","",IF(AND(AC34<0,AJ34>0),"High Spike @ Downtrend","")) | CD34: =IF(AND(CC34="High Spike @ Downtrend",AR34>50%),"Sig High Spike @ Downtrend","") | CE34: =IF(AW34="","",IF(AW34>90%,"Sig Low Spike @ Downtrend","")) | CF34: =IF(AK34="","",IF(AND(AC34>0,AK34>0),"Low Spike @ Uptrend","")) | CG34: =IF(AND(CF34="Low Spike @ Uptrend",AV34>50%),"Sig Low Spike @ Uptrend","") | CH34: =IFERROR(IF(Z34>(AVERAGE(Z14:Z34)+(2*_xlfn.STDEV.P(Z14:Z34))),1,""),"") | CI34: =IFERROR(IF(G34>(AVERAGE(G14:G34)+(2*_xlfn.STDEV.P(G14:G34))),1,""),"") | CJ34: =IF(P34="","",IF(P34=1,1,"")) | CK34: =IF(AND(CH34="",CC34="",CF34="",CI34="",CJ34=""),"",SUM(CH34:CJ34)/5) | CL34: =IFERROR(AVERAGE(CK32:CK34),"") | CM34: =IF(CL34="","",IF(CL34>20%,"Turbulence",""))
A35: =IF('Data Validation'!$K$2<>TRUE,"",'Data Validation'!A35) | B35: =IF('Data Validation'!$K$2<>TRUE,"",'Data Validation'!C35) | C35: =IF('Data Validation'!$K$2<>TRUE,"",'Data Validation'!E35) | D35: =IF('Data Validation'!$K$2<>TRUE,"",'Data Validation'!G35) | E35: =IF($C35<>"M5","",Price!F35) | F35: =IF($C35<>"M5","",Price!G35) | G35: =IF($C35<>"M5","",Price!H35) | H35: =IF($C35<>"M5","",SSA!E35) | I35: =IF($C35<>"M5","",SSA!F35) | J35: =IF($C35<>"M5","",SSA!G35) | K35: =IF($C35<>"M5","",SSA!H35) | L35: =IF($C35<>"M5","",Trendlines!K35) | M35: =IF($C35<>"M5","",Trendlines!L35) | N35: =IF($C35<>"M5","",ZigZag!E35) | O35: =IF($C35<>"M5","",ZigZag!F35) | P35: =IF($C35<>"M5","",Pinbar!E35) | Q35: =IF($C35<>"M5","",Trendlines!E35) | R35: =IF($C35<>"M5","",Trendlines!H35) | W35: =IFERROR(E35-F35,"") | X35: =IFERROR(ABS(E35-D34),"") | Y35: =IFERROR(ABS(F35-D34),"") | Z35: =IF(MAX(W35:Y35)=0,"",MAX(W35:Y35)) | AA35: =IFERROR(H35-I35,"") | AB35: =IF(AA35="","",IF(AA35>=0,1,-1)) | AC35: {=IFERROR((AB35=AB34,AC34+AB35,AB35),"")} | AH35: =IF(AND(H35>I35,H34<I34),"crossover","") | AI35: =IF(AND(H35<I35,H34>I34),"crossunder","") | AJ35: =IFERROR(IF(E35-J35<0,"",(E35-J35)/J35),"") | AK35: =IFERROR(IF(F35-K35>0,"",(F35-K35)/K35),"") | AL35: =IF(AND(AJ35<>"",CC35="High Spike @ Downtrend"),AJ35,"") | AM35: =IF(AND(AJ35<>"",AL35=""),AJ35,"") | AN35: =IF(AND(AK35<>"",CF35="Low Spike @ Uptrend"),AK35,"") | AO35: =IF(AND(AK35<>"",AN35=""),AK35,"") | AY35: =IF(OR(Q35=0,Q35=""),"",((H35-Q35)/Q35)) | AZ35: =IF(AY35="","",IF(AY35>=0,1,-1)) | BA35: =IF(AZ35="","",IF(AZ35=AZ34,BA34+AZ35,AZ35)) | BB35: =IF(AY35="","",IF(AND(AY35>-0.1%,AY35<0.1%),"Touch Zone","")) | BC35: =IF(AY35="","",IF(AND(BB35="Touch Zone",AY35>0%),"Above",IF(AND(BB35="Touch Zone",AY35<0%),"Below",""))) | BD35: =IF(OR(R35=0,R35=""),"",((H35-R35)/R35)) | BE35: =IF(BD35="","",IF(BD35>=0,1,-1)) | BF35: =IF(BE35="","",IF(BE35=BE34,BF34+BE35,BE35)) | BG35: =IF(BD35="","",IF(AND(BD35>-0.1%,BD35<0.1%),"Touch Zone","")) | BH35: =IF(BD35="","",IF(AND(BG35="Touch Zone",BD35>0%),"Above",IF(AND(BG35="Touch Zone",BD35<0%),"Below",""))) | BI35: =IF(OR(L35="",N35=""),"",IF(AND(L35=N35,L35>0,N35>0),"Important High","")) | BJ35: =IF(OR(M35="",O35=""),"",IF(AND(M35=O35,M35>0,O35>0),"Important Low","")) | BU35: =IF(OR(BB35="Touch Zone",BG35="Touch Zone"),"TL Touch Zone","") | BV35: =IF(AND(BC35="",BH35=""),"",COUNTIF(BC35,"Above")+COUNTIF(BC35,"Below")+COUNTIF(BH35,"Above")+COUNTIF(BH35,"Below")) | BW35: {=IF(BV35<>1,"",_xlfn.IFS(OR(BC35="Above",BC35="Below"),BC35,OR(BH35="Above",BH35="Below"),BH35,TRUE,""))} | BY35: =IF(AA35="","",IF(AA35>0,"UP","DOWN")) | BZ35: =IF(AF35="","",IF(AF35<50%,"Early Up Stage",IF(AF35>100%,"Extended Up Stage","Late Up Stage"))) | CA35: =IF(AG35="","",IF(AG35<50%,"Early Down Stage",IF(AG35>100%,"Extended Down Stage","Late Down Stage"))) | CB35: =IF(AS35="","",IF(AS35>90%,"Sig High Spike @ Uptrend","")) | CC35: =IF(AJ35="","",IF(AND(AC35<0,AJ35>0),"High Spike @ Downtrend","")) | CD35: =IF(AND(CC35="High Spike @ Downtrend",AR35>50%),"Sig High Spike @ Downtrend","") | CE35: =IF(AW35="","",IF(AW35>90%,"Sig Low Spike @ Downtrend","")) | CF35: =IF(AK35="","",IF(AND(AC35>0,AK35>0),"Low Spike @ Uptrend","")) | CG35: =IF(AND(CF35="Low Spike @ Uptrend",AV35>50%),"Sig Low Spike @ Uptrend","") | CH35: =IFERROR(IF(Z35>(AVERAGE(Z15:Z35)+(2*_xlfn.STDEV.P(Z15:Z35))),1,""),"") | CI35: =IFERROR(IF(G35>(AVERAGE(G15:G35)+(2*_xlfn.STDEV.P(G15:G35))),1,""),"") | CJ35: =IF(P35="","",IF(P35=1,1,"")) | CK35: =IF(AND(CH35="",CC35="",CF35="",CI35="",CJ35=""),"",SUM(CH35:CJ35)/5) | CL35: =IFERROR(AVERAGE(CK33:CK35),"") | CM35: =IF(CL35="","",IF(CL35>20%,"Turbulence",""))
... A49: =IF('Data Validation'!$K$2<>TRUE,"",'Data Validation'!A49) | B49: =IF('Data Validation'!$K$2<>TRUE,"",'Data Validation'!C49) | C49: =IF('Data Validation'!$K$2<>TRUE,"",'Data Validation'!E49) | D49: =IF('Data Validation'!$K$2<>TRUE,"",'Data Validation'!G49) | E49: =IF($C49<>"M5","",Price!F49) | F49: =IF($C49<>"M5","",Price!G49) | G49: =IF($C49<>"M5","",Price!H49) | H49: =IF($C49<>"M5","",SSA!E49) | I49: =IF($C49<>"M5","",SSA!F49) | J49: =IF($C49<>"M5","",SSA!G49) | K49: =IF($C49<>"M5","",SSA!H49) | L49: =IF($C49<>"M5","",Trendlines!K49) | M49: =IF($C49<>"M5","",Trendlines!L49) | N49: =IF($C49<>"M5","",ZigZag!E49) | O49: =IF($C49<>"M5","",ZigZag!F49) | P49: =IF($C49<>"M5","",Pinbar!E49) | Q49: =IF($C49<>"M5","",Trendlines!E49) | R49: =IF($C49<>"M5","",Trendlines!H49) | W49: =IFERROR(E49-F49,"") | X49: =IFERROR(ABS(E49-D48),"") | Y49: =IFERROR(ABS(F49-D48),"") | Z49: =IF(MAX(W49:Y49)=0,"",MAX(W49:Y49)) | AA49: =IFERROR(H49-I49,"") | AB49: =IF(AA49="","",IF(AA49>=0,1,-1)) | AC49: {=IFERROR((AB49=AB48,AC48+AB49,AB49),"")} | AH49: =IF(AND(H49>I49,H48<I48),"crossover","") | AI49: =IF(AND(H49<I49,H48>I48),"crossunder","") | AJ49: =IFERROR(IF(E49-J49<0,"",(E49-J49)/J49),"") | AK49: =IFERROR(IF(F49-K49>0,"",(F49-K49)/K49),"") | AL49: =IF(AND(AJ49<>"",CC49="High Spike @ Downtrend"),AJ49,"") | AM49: =IF(AND(AJ49<>"",AL49=""),AJ49,"") | AN49: =IF(AND(AK49<>"",CF49="Low Spike @ Uptrend"),AK49,"") | AO49: =IF(AND(AK49<>"",AN49=""),AK49,"") | AY49: =IF(OR(Q49=0,Q49=""),"",((H49-Q49)/Q49)) | AZ49: =IF(AY49="","",IF(AY49>=0,1,-1)) | BA49: =IF(AZ49="","",IF(AZ49=AZ48,BA48+AZ49,AZ49)) | BB49: =IF(AY49="","",IF(AND(AY49>-0.1%,AY49<0.1%),"Touch Zone","")) | BC49: =IF(AY49="","",IF(AND(BB49="Touch Zone",AY49>0%),"Above",IF(AND(BB49="Touch Zone",AY49<0%),"Below",""))) | BD49: =IF(OR(R49=0,R49=""),"",((H49-R49)/R49)) | BE49: =IF(BD49="","",IF(BD49>=0,1,-1)) | BF49: =IF(BE49="","",IF(BE49=BE48,BF48+BE49,BE49)) | BG49: =IF(BD49="","",IF(AND(BD49>-0.1%,BD49<0.1%),"Touch Zone","")) | BH49: =IF(BD49="","",IF(AND(BG49="Touch Zone",BD49>0%),"Above",IF(AND(BG49="Touch Zone",BD49<0%),"Below",""))) | BI49: =IF(OR(L49="",N49=""),"",IF(AND(L49=N49,L49>0,N49>0),"Important High","")) | BJ49: =IF(OR(M49="",O49=""),"",IF(AND(M49=O49,M49>0,O49>0),"Important Low","")) | BU49: =IF(OR(BB49="Touch Zone",BG49="Touch Zone"),"TL Touch Zone","") | BV49: =IF(AND(BC49="",BH49=""),"",COUNTIF(BC49,"Above")+COUNTIF(BC49,"Below")+COUNTIF(BH49,"Above")+COUNTIF(BH49,"Below")) | BW49: {=IF(BV49<>1,"",_xlfn.IFS(OR(BC49="Above",BC49="Below"),BC49,OR(BH49="Above",BH49="Below"),BH49,TRUE,""))} | BY49: =IF(AA49="","",IF(AA49>0,"UP","DOWN")) | BZ49: =IF(AF49="","",IF(AF49<50%,"Early Up Stage",IF(AF49>100%,"Extended Up Stage","Late Up Stage"))) | CA49: =IF(AG49="","",IF(AG49<50%,"Early Down Stage",IF(AG49>100%,"Extended Down Stage","Late Down Stage"))) | CB49: =IF(AS49="","",IF(AS49>90%,"Sig High Spike @ Uptrend","")) | CC49: =IF(AJ49="","",IF(AND(AC49<0,AJ49>0),"High Spike @ Downtrend","")) | CD49: =IF(AND(CC49="High Spike @ Downtrend",AR49>50%),"Sig High Spike @ Downtrend","") | CE49: =IF(AW49="","",IF(AW49>90%,"Sig Low Spike @ Downtrend","")) | CF49: =IF(AK49="","",IF(AND(AC49>0,AK49>0),"Low Spike @ Uptrend","")) | CG49: =IF(AND(CF49="Low Spike @ Uptrend",AV49>50%),"Sig Low Spike @ Uptrend","") | CH49: =IFERROR(IF(Z49>(AVERAGE(Z29:Z49)+(2*_xlfn.STDEV.P(Z29:Z49))),1,""),"") | CI49: =IFERROR(IF(G49>(AVERAGE(G29:G49)+(2*_xlfn.STDEV.P(G29:G49))),1,""),"") | CJ49: =IF(P49="","",IF(P49=1,1,"")) | CK49: =IF(AND(CH49="",CC49="",CF49="",CI49="",CJ49=""),"",SUM(CH49:CJ49)/5) | CL49: =IFERROR(AVERAGE(CK47:CK49),"") | CM49: =IF(CL49="","",IF(CL49>20%,"Turbulence",""))
A50: =IF('Data Validation'!$K$2<>TRUE,"",'Data Validation'!A50) | B50: =IF('Data Validation'!$K$2<>TRUE,"",'Data Validation'!C50) | C50: =IF('Data Validation'!$K$2<>TRUE,"",'Data Validation'!E50) | D50: =IF('Data Validation'!$K$2<>TRUE,"",'Data Validation'!G50) | E50: =IF($C50<>"M5","",Price!F50) | F50: =IF($C50<>"M5","",Price!G50) | G50: =IF($C50<>"M5","",Price!H50) | H50: =IF($C50<>"M5","",SSA!E50) | I50: =IF($C50<>"M5","",SSA!F50) | J50: =IF($C50<>"M5","",SSA!G50) | K50: =IF($C50<>"M5","",SSA!H50) | L50: =IF($C50<>"M5","",Trendlines!K50) | M50: =IF($C50<>"M5","",Trendlines!L50) | N50: =IF($C50<>"M5","",ZigZag!E50) | O50: =IF($C50<>"M5","",ZigZag!F50) | P50: =IF($C50<>"M5","",Pinbar!E50) | Q50: =IF($C50<>"M5","",Trendlines!E50) | R50: =IF($C50<>"M5","",Trendlines!H50) | S50: =IF(N50=0,"",IF(N49<>0,N49,IF(N48<>0,N48,IF(N47<>0,N47,IF(N46<>0,N46,IF(N45<>0,N45,IF(N44<>0,N44,IF(N43<>0,N43,IF(N42<>0,N42,IF(N41<>0,N41,IF(N40<>0,N40,IF(N39<>0,N39,IF(N38<>0,N38,IF(N37<>0,N37,IF(N36<>0,N36,IF(N35<>0,N35,IF(N34<>0,N34,IF(N33<>0,N33,IF(N32<>0,N32,IF(N31<>0,N31,IF(N30<>0,N30,IF(N29<>0,N29,IF(N28<>0,N28,IF(N27<>0,N27,IF(N26<>0,N26,IF(N25<>0,N25,IF(N24<>0,N24,IF(N23<>0,N23,IF(N22<>0,N22,IF(N21<>0,N21,IF(N20<>0,N20,IF(N19<>0,N19,IF(N18<>0,N18,IF(N17<>0,N17,IF(N16<>0,N16,IF(N15<>0,N15,IF(N14<>0,N14,IF(N13<>0,N13,IF(N12<>0,N12,IF(N11<>0,N11,IF(N10<>0,N10,IF(N9<>0,N9,IF(N8<>0,N8,IF(N7<>0,N7,IF(N6<>0,N6,IF(N5<>0,N5,IF(N4<>0,N4,IF(N3<>0,N3,IF(N2<>0,N2,""))))))))))))))))))))))))))))))))))))))))))))))))) | T50: =IF(O50=0,"",IF(O49<>0,O49,IF(O48<>0,O48,IF(O47<>0,O47,IF(O46<>0,O46,IF(O45<>0,O45,IF(O44<>0,O44,IF(O43<>0,O43,IF(O42<>0,O42,IF(O41<>0,O41,IF(O40<>0,O40,IF(O39<>0,O39,IF(O38<>0,O38,IF(O37<>0,O37,IF(O36<>0,O36,IF(O35<>0,O35,IF(O34<>0,O34,IF(O33<>0,O33,IF(O32<>0,O32,IF(O31<>0,O31,IF(O30<>0,O30,IF(O29<>0,O29,IF(O28<>0,O28,IF(O27<>0,O27,IF(O26<>0,O26,IF(O25<>0,O25,IF(O24<>0,O24,IF(O23<>0,O23,IF(O22<>0,O22,IF(O21<>0,O21,IF(O20<>0,O20,IF(O19<>0,O19,IF(O18<>0,O18,IF(O17<>0,O17,IF(O16<>0,O16,IF(O15<>0,O15,IF(O14<>0,O14,IF(O13<>0,O13,IF(O12<>0,O12,IF(O11<>0,O11,IF(O10<>0,O10,IF(O9<>0,O9,IF(O8<>0,O8,IF(O7<>0,O7,IF(O6<>0,O6,IF(O5<>0,O5,IF(O4<>0,O4,IF(O3<>0,O3,IF(O2<>0,O2,""))))))))))))))))))))))))))))))))))))))))))))))))) | U50: =IFERROR(IF(S50="N/A","N/A",((N50-S50)/S50)),"") | V50: =IFERROR(IF(T50="N/A","N/A",((O50-T50)/T50)),"") | W50: =IFERROR(E50-F50,"") | X50: =IFERROR(ABS(E50-D49),"") | Y50: =IFERROR(ABS(F50-D49),"") | Z50: =IF(MAX(W50:Y50)=0,"",MAX(W50:Y50)) | AA50: =IFERROR(H50-I50,"") | AB50: =IF(AA50="","",IF(AA50>=0,1,-1)) | AC50: {=IFERROR((AB50=AB49,AC49+AB50,AB50),"")} | AH50: =IF(AND(H50>I50,H49<I49),"crossover","") | AI50: =IF(AND(H50<I50,H49>I49),"crossunder","") | AJ50: =IFERROR(IF(E50-J50<0,"",(E50-J50)/J50),"") | AK50: =IFERROR(IF(F50-K50>0,"",(F50-K50)/K50),"") | AL50: =IF(AND(AJ50<>"",CC50="High Spike @ Downtrend"),AJ50,"") | AM50: =IF(AND(AJ50<>"",AL50=""),AJ50,"") | AN50: =IF(AND(AK50<>"",CF50="Low Spike @ Uptrend"),AK50,"") | AO50: =IF(AND(AK50<>"",AN50=""),AK50,"") | AY50: =IF(OR(Q50=0,Q50=""),"",((H50-Q50)/Q50)) | AZ50: =IF(AY50="","",IF(AY50>=0,1,-1)) | BA50: =IF(AZ50="","",IF(AZ50=AZ49,BA49+AZ50,AZ50)) | BB50: =IF(AY50="","",IF(AND(AY50>-0.1%,AY50<0.1%),"Touch Zone","")) | BC50: =IF(AY50="","",IF(AND(BB50="Touch Zone",AY50>0%),"Above",IF(AND(BB50="Touch Zone",AY50<0%),"Below",""))) | BD50: =IF(OR(R50=0,R50=""),"",((H50-R50)/R50)) | BE50: =IF(BD50="","",IF(BD50>=0,1,-1)) | BF50: =IF(BE50="","",IF(BE50=BE49,BF49+BE50,BE50)) | BG50: =IF(BD50="","",IF(AND(BD50>-0.1%,BD50<0.1%),"Touch Zone","")) | BH50: =IF(BD50="","",IF(AND(BG50="Touch Zone",BD50>0%),"Above",IF(AND(BG50="Touch Zone",BD50<0%),"Below",""))) | BI50: =IF(OR(L50="",N50=""),"",IF(AND(L50=N50,L50>0,N50>0),"Important High","")) | BJ50: =IF(OR(M50="",O50=""),"",IF(AND(M50=O50,M50>0,O50>0),"Important Low","")) | BK50: =IFERROR(IF(ABS(U50)<0.15%,"Equal High",""),"") | BL50: {=_xlfn.LET(_xlpm.lookback,MIN(ROW()-ROW(BK$50),11),_xlpm.found,IFERROR(MATCH("Equal High",OFFSET(BK50,-_xlpm.lookback,0,_xlpm.lookback+1,1),0),-1),_xlpm.offset_rows,_xlpm.lookback-_xlpm.found+1,IF(_xlpm.found>0,INDEX(E:E,ROW()-_xlpm.offset_rows),""))} | BM50: =IF(BL50<>"",H50,"") | BN50: =IF(BL50<>"",I50,"") | BO50: =IFERROR(IF(ABS((BM50-BL50)/BL50)<0.15%,"Eqh Touch",""),"") | BP50: =IFERROR(IF(ABS(V50)<0.15%,"Equal Low",""),"") | BQ50: {=_xlfn.LET(_xlpm.lookback,MIN(ROW()-ROW(BP$50),11),_xlpm.found,IFERROR(MATCH("Equal Low",OFFSET(BP50,-_xlpm.lookback,0,_xlpm.lookback+1,1),0),-1),_xlpm.offset_rows,_xlpm.lookback-_xlpm.found+1,IF(_xlpm.found>0,INDEX(F:F,ROW()-_xlpm.offset_rows),""))} | BR50: =IF(BQ50<>"",H50,"") | BS50: =IF(BQ50<>"",I50,"") | BT50: =IFERROR(IF(ABS((BR50-BQ50)/BQ50)<0.15%,"Eql Touch",""),"") | BU50: =IF(OR(BB50="Touch Zone",BG50="Touch Zone"),"TL Touch Zone","") | BV50: =IF(AND(BC50="",BH50=""),"",COUNTIF(BC50,"Above")+COUNTIF(BC50,"Below")+COUNTIF(BH50,"Above")+COUNTIF(BH50,"Below")) | BW50: {=IF(BV50<>1,"",_xlfn.IFS(OR(BC50="Above",BC50="Below"),BC50,OR(BH50="Above",BH50="Below"),BH50,TRUE,""))} | BX50: =_xlfn.LET(_xlpm.eqh,IFERROR(ABS((BM50-BL50)/BL50)<0.15%,FALSE),_xlpm.eql,IFERROR(ABS((BR50-BQ50)/BQ50)<0.15%,FALSE),IF(_xlpm.eqh,IF(_xlpm.eql,"Eqh Touch / Eql Touch","Eqh Touch"),IF(_xlpm.eql,"Eql Touch",""))) | BY50: =IF(AA50="","",IF(AA50>0,"UP","DOWN")) | BZ50: =IF(AF50="","",IF(AF50<50%,"Early Up Stage",IF(AF50>100%,"Extended Up Stage","Late Up Stage"))) | CA50: =IF(AG50="","",IF(AG50<50%,"Early Down Stage",IF(AG50>100%,"Extended Down Stage","Late Down Stage"))) | CB50: =IF(AS50="","",IF(AS50>90%,"Sig High Spike @ Uptrend","")) | CC50: =IF(AJ50="","",IF(AND(AC50<0,AJ50>0),"High Spike @ Downtrend","")) | CD50: =IF(AND(CC50="High Spike @ Downtrend",AR50>50%),"Sig High Spike @ Downtrend","") | CE50: =IF(AW50="","",IF(AW50>90%,"Sig Low Spike @ Downtrend","")) | CF50: =IF(AK50="","",IF(AND(AC50>0,AK50>0),"Low Spike @ Uptrend","")) | CG50: =IF(AND(CF50="Low Spike @ Uptrend",AV50>50%),"Sig Low Spike @ Uptrend","") | CH50: =IFERROR(IF(Z50>(AVERAGE(Z30:Z50)+(2*_xlfn.STDEV.P(Z30:Z50))),1,""),"") | CI50: =IFERROR(IF(G50>(AVERAGE(G30:G50)+(2*_xlfn.STDEV.P(G30:G50))),1,""),"") | CJ50: =IF(P50="","",IF(P50=1,1,"")) | CK50: =IF(AND(CH50="",CC50="",CF50="",CI50="",CJ50=""),"",SUM(CH50:CJ50)/5) | CL50: =IFERROR(AVERAGE(CK48:CK50),"") | CM50: =IF(CL50="","",IF(CL50>20%,"Turbulence",""))
A51: =IF('Data Validation'!$K$2<>TRUE,"",'Data Validation'!A51) | B51: =IF('Data Validation'!$K$2<>TRUE,"",'Data Validation'!C51) | C51: =IF('Data Validation'!$K$2<>TRUE,"",'Data Validation'!E51) | D51: =IF('Data Validation'!$K$2<>TRUE,"",'Data Validation'!G51) | E51: =IF($C51<>"M5","",Price!F51) | F51: =IF($C51<>"M5","",Price!G51) | G51: =IF($C51<>"M5","",Price!H51) | H51: =IF($C51<>"M5","",SSA!E51) | I51: =IF($C51<>"M5","",SSA!F51) | J51: =IF($C51<>"M5","",SSA!G51) | K51: =IF($C51<>"M5","",SSA!H51) | L51: =IF($C51<>"M5","",Trendlines!K51) | M51: =IF($C51<>"M5","",Trendlines!L51) | N51: =IF($C51<>"M5","",ZigZag!E51) | O51: =IF($C51<>"M5","",ZigZag!F51) | P51: =IF($C51<>"M5","",Pinbar!E51) | Q51: =IF($C51<>"M5","",Trendlines!E51) | R51: =IF($C51<>"M5","",Trendlines!H51) | S51: =IF(N51=0,"",IF(N50<>0,N50,IF(N49<>0,N49,IF(N48<>0,N48,IF(N47<>0,N47,IF(N46<>0,N46,IF(N45<>0,N45,IF(N44<>0,N44,IF(N43<>0,N43,IF(N42<>0,N42,IF(N41<>0,N41,IF(N40<>0,N40,IF(N39<>0,N39,IF(N38<>0,N38,IF(N37<>0,N37,IF(N36<>0,N36,IF(N35<>0,N35,IF(N34<>0,N34,IF(N33<>0,N33,IF(N32<>0,N32,IF(N31<>0,N31,IF(N30<>0,N30,IF(N29<>0,N29,IF(N28<>0,N28,IF(N27<>0,N27,IF(N26<>0,N26,IF(N25<>0,N25,IF(N24<>0,N24,IF(N23<>0,N23,IF(N22<>0,N22,IF(N21<>0,N21,IF(N20<>0,N20,IF(N19<>0,N19,IF(N18<>0,N18,IF(N17<>0,N17,IF(N16<>0,N16,IF(N15<>0,N15,IF(N14<>0,N14,IF(N13<>0,N13,IF(N12<>0,N12,IF(N11<>0,N11,IF(N10<>0,N10,IF(N9<>0,N9,IF(N8<>0,N8,IF(N7<>0,N7,IF(N6<>0,N6,IF(N5<>0,N5,IF(N4<>0,N4,IF(N3<>0,N3,""))))))))))))))))))))))))))))))))))))))))))))))))) | T51: =IF(O51=0,"",IF(O50<>0,O50,IF(O49<>0,O49,IF(O48<>0,O48,IF(O47<>0,O47,IF(O46<>0,O46,IF(O45<>0,O45,IF(O44<>0,O44,IF(O43<>0,O43,IF(O42<>0,O42,IF(O41<>0,O41,IF(O40<>0,O40,IF(O39<>0,O39,IF(O38<>0,O38,IF(O37<>0,O37,IF(O36<>0,O36,IF(O35<>0,O35,IF(O34<>0,O34,IF(O33<>0,O33,IF(O32<>0,O32,IF(O31<>0,O31,IF(O30<>0,O30,IF(O29<>0,O29,IF(O28<>0,O28,IF(O27<>0,O27,IF(O26<>0,O26,IF(O25<>0,O25,IF(O24<>0,O24,IF(O23<>0,O23,IF(O22<>0,O22,IF(O21<>0,O21,IF(O20<>0,O20,IF(O19<>0,O19,IF(O18<>0,O18,IF(O17<>0,O17,IF(O16<>0,O16,IF(O15<>0,O15,IF(O14<>0,O14,IF(O13<>0,O13,IF(O12<>0,O12,IF(O11<>0,O11,IF(O10<>0,O10,IF(O9<>0,O9,IF(O8<>0,O8,IF(O7<>0,O7,IF(O6<>0,O6,IF(O5<>0,O5,IF(O4<>0,O4,IF(O3<>0,O3,""))))))))))))))))))))))))))))))))))))))))))))))))) | U51: =IFERROR(IF(S51="N/A","N/A",((N51-S51)/S51)),"") | V51: =IFERROR(IF(T51="N/A","N/A",((O51-T51)/T51)),"") | W51: =IFERROR(E51-F51,"") | X51: =IFERROR(ABS(E51-D50),"") | Y51: =IFERROR(ABS(F51-D50),"") | Z51: =IF(MAX(W51:Y51)=0,"",MAX(W51:Y51)) | AA51: =IFERROR(H51-I51,"") | AB51: =IF(AA51="","",IF(AA51>=0,1,-1)) | AC51: {=IFERROR((AB51=AB50,AC50+AB51,AB51),"")} | AH51: =IF(AND(H51>I51,H50<I50),"crossover","") | AI51: =IF(AND(H51<I51,H50>I50),"crossunder","") | AJ51: =IFERROR(IF(E51-J51<0,"",(E51-J51)/J51),"") | AK51: =IFERROR(IF(F51-K51>0,"",(F51-K51)/K51),"") | AL51: =IF(AND(AJ51<>"",CC51="High Spike @ Downtrend"),AJ51,"") | AM51: =IF(AND(AJ51<>"",AL51=""),AJ51,"") | AN51: =IF(AND(AK51<>"",CF51="Low Spike @ Uptrend"),AK51,"") | AO51: =IF(AND(AK51<>"",AN51=""),AK51,"") | AY51: =IF(OR(Q51=0,Q51=""),"",((H51-Q51)/Q51)) | AZ51: =IF(AY51="","",IF(AY51>=0,1,-1)) | BA51: =IF(AZ51="","",IF(AZ51=AZ50,BA50+AZ51,AZ51)) | BB51: =IF(AY51="","",IF(AND(AY51>-0.1%,AY51<0.1%),"Touch Zone","")) | BC51: =IF(AY51="","",IF(AND(BB51="Touch Zone",AY51>0%),"Above",IF(AND(BB51="Touch Zone",AY51<0%),"Below",""))) | BD51: =IF(OR(R51=0,R51=""),"",((H51-R51)/R51)) | BE51: =IF(BD51="","",IF(BD51>=0,1,-1)) | BF51: =IF(BE51="","",IF(BE51=BE50,BF50+BE51,BE51)) | BG51: =IF(BD51="","",IF(AND(BD51>-0.1%,BD51<0.1%),"Touch Zone","")) | BH51: =IF(BD51="","",IF(AND(BG51="Touch Zone",BD51>0%),"Above",IF(AND(BG51="Touch Zone",BD51<0%),"Below",""))) | BI51: =IF(OR(L51="",N51=""),"",IF(AND(L51=N51,L51>0,N51>0),"Important High","")) | BJ51: =IF(OR(M51="",O51=""),"",IF(AND(M51=O51,M51>0,O51>0),"Important Low","")) | BK51: =IFERROR(IF(ABS(U51)<0.15%,"Equal High",""),"") | BL51: {=_xlfn.LET(_xlpm.lookback,MIN(ROW()-ROW(BK$50),11),_xlpm.found,IFERROR(MATCH("Equal High",OFFSET(BK51,-_xlpm.lookback,0,_xlpm.lookback+1,1),0),-1),_xlpm.offset_rows,_xlpm.lookback-_xlpm.found+1,IF(_xlpm.found>0,INDEX(E:E,ROW()-_xlpm.offset_rows),""))} | BM51: =IF(BL51<>"",H51,"") | BN51: =IF(BL51<>"",I51,"") | BO51: =IFERROR(IF(ABS((BM51-BL51)/BL51)<0.15%,"Eqh Touch",""),"") | BP51: =IFERROR(IF(ABS(V51)<0.15%,"Equal Low",""),"") | BQ51: {=_xlfn.LET(_xlpm.lookback,MIN(ROW()-ROW(BP$50),11),_xlpm.found,IFERROR(MATCH("Equal Low",OFFSET(BP51,-_xlpm.lookback,0,_xlpm.lookback+1,1),0),-1),_xlpm.offset_rows,_xlpm.lookback-_xlpm.found+1,IF(_xlpm.found>0,INDEX(F:F,ROW()-_xlpm.offset_rows),""))} | BR51: =IF(BQ51<>"",H51,"") | BS51: =IF(BQ51<>"",I51,"") | BT51: =IFERROR(IF(ABS((BR51-BQ51)/BQ51)<0.15%,"Eql Touch",""),"") | BU51: =IF(OR(BB51="Touch Zone",BG51="Touch Zone"),"TL Touch Zone","") | BV51: =IF(AND(BC51="",BH51=""),"",COUNTIF(BC51,"Above")+COUNTIF(BC51,"Below")+COUNTIF(BH51,"Above")+COUNTIF(BH51,"Below")) | BW51: {=IF(BV51<>1,"",_xlfn.IFS(OR(BC51="Above",BC51="Below"),BC51,OR(BH51="Above",BH51="Below"),BH51,TRUE,""))} | BX51: =_xlfn.LET(_xlpm.eqh,IFERROR(ABS((BM51-BL51)/BL51)<0.15%,FALSE),_xlpm.eql,IFERROR(ABS((BR51-BQ51)/BQ51)<0.15%,FALSE),IF(_xlpm.eqh,IF(_xlpm.eql,"Eqh Touch / Eql Touch","Eqh Touch"),IF(_xlpm.eql,"Eql Touch",""))) | BY51: =IF(AA51="","",IF(AA51>0,"UP","DOWN")) | BZ51: =IF(AF51="","",IF(AF51<50%,"Early Up Stage",IF(AF51>100%,"Extended Up Stage","Late Up Stage"))) | CA51: =IF(AG51="","",IF(AG51<50%,"Early Down Stage",IF(AG51>100%,"Extended Down Stage","Late Down Stage"))) | CB51: =IF(AS51="","",IF(AS51>90%,"Sig High Spike @ Uptrend","")) | CC51: =IF(AJ51="","",IF(AND(AC51<0,AJ51>0),"High Spike @ Downtrend","")) | CD51: =IF(AND(CC51="High Spike @ Downtrend",AR51>50%),"Sig High Spike @ Downtrend","") | CE51: =IF(AW51="","",IF(AW51>90%,"Sig Low Spike @ Downtrend","")) | CF51: =IF(AK51="","",IF(AND(AC51>0,AK51>0),"Low Spike @ Uptrend","")) | CG51: =IF(AND(CF51="Low Spike @ Uptrend",AV51>50%),"Sig Low Spike @ Uptrend","") | CH51: =IFERROR(IF(Z51>(AVERAGE(Z31:Z51)+(2*_xlfn.STDEV.P(Z31:Z51))),1,""),"") | CI51: =IFERROR(IF(G51>(AVERAGE(G31:G51)+(2*_xlfn.STDEV.P(G31:G51))),1,""),"") | CJ51: =IF(P51="","",IF(P51=1,1,"")) | CK51: =IF(AND(CH51="",CC51="",CF51="",CI51="",CJ51=""),"",SUM(CH51:CJ51)/5) | CL51: =IFERROR(AVERAGE(CK49:CK51),"") | CM51: =IF(CL51="","",IF(CL51>20%,"Turbulence",""))
A52: =IF('Data Validation'!$K$2<>TRUE,"",'Data Validation'!A52) | B52: =IF('Data Validation'!$K$2<>TRUE,"",'Data Validation'!C52) | C52: =IF('Data Validation'!$K$2<>TRUE,"",'Data Validation'!E52) | D52: =IF('Data Validation'!$K$2<>TRUE,"",'Data Validation'!G52) | E52: =IF($C52<>"M5","",Price!F52) | F52: =IF($C52<>"M5","",Price!G52) | G52: =IF($C52<>"M5","",Price!H52) | H52: =IF($C52<>"M5","",SSA!E52) | I52: =IF($C52<>"M5","",SSA!F52) | J52: =IF($C52<>"M5","",SSA!G52) | K52: =IF($C52<>"M5","",SSA!H52) | L52: =IF($C52<>"M5","",Trendlines!K52) | M52: =IF($C52<>"M5","",Trendlines!L52) | N52: =IF($C52<>"M5","",ZigZag!E52) | O52: =IF($C52<>"M5","",ZigZag!F52) | P52: =IF($C52<>"M5","",Pinbar!E52) | Q52: =IF($C52<>"M5","",Trendlines!E52) | R52: =IF($C52<>"M5","",Trendlines!H52) | S52: =IF(N52=0,"",IF(N51<>0,N51,IF(N50<>0,N50,IF(N49<>0,N49,IF(N48<>0,N48,IF(N47<>0,N47,IF(N46<>0,N46,IF(N45<>0,N45,IF(N44<>0,N44,IF(N43<>0,N43,IF(N42<>0,N42,IF(N41<>0,N41,IF(N40<>0,N40,IF(N39<>0,N39,IF(N38<>0,N38,IF(N37<>0,N37,IF(N36<>0,N36,IF(N35<>0,N35,IF(N34<>0,N34,IF(N33<>0,N33,IF(N32<>0,N32,IF(N31<>0,N31,IF(N30<>0,N30,IF(N29<>0,N29,IF(N28<>0,N28,IF(N27<>0,N27,IF(N26<>0,N26,IF(N25<>0,N25,IF(N24<>0,N24,IF(N23<>0,N23,IF(N22<>0,N22,IF(N21<>0,N21,IF(N20<>0,N20,IF(N19<>0,N19,IF(N18<>0,N18,IF(N17<>0,N17,IF(N16<>0,N16,IF(N15<>0,N15,IF(N14<>0,N14,IF(N13<>0,N13,IF(N12<>0,N12,IF(N11<>0,N11,IF(N10<>0,N10,IF(N9<>0,N9,IF(N8<>0,N8,IF(N7<>0,N7,IF(N6<>0,N6,IF(N5<>0,N5,IF(N4<>0,N4,""))))))))))))))))))))))))))))))))))))))))))))))))) | T52: =IF(O52=0,"",IF(O51<>0,O51,IF(O50<>0,O50,IF(O49<>0,O49,IF(O48<>0,O48,IF(O47<>0,O47,IF(O46<>0,O46,IF(O45<>0,O45,IF(O44<>0,O44,IF(O43<>0,O43,IF(O42<>0,O42,IF(O41<>0,O41,IF(O40<>0,O40,IF(O39<>0,O39,IF(O38<>0,O38,IF(O37<>0,O37,IF(O36<>0,O36,IF(O35<>0,O35,IF(O34<>0,O34,IF(O33<>0,O33,IF(O32<>0,O32,IF(O31<>0,O31,IF(O30<>0,O30,IF(O29<>0,O29,IF(O28<>0,O28,IF(O27<>0,O27,IF(O26<>0,O26,IF(O25<>0,O25,IF(O24<>0,O24,IF(O23<>0,O23,IF(O22<>0,O22,IF(O21<>0,O21,IF(O20<>0,O20,IF(O19<>0,O19,IF(O18<>0,O18,IF(O17<>0,O17,IF(O16<>0,O16,IF(O15<>0,O15,IF(O14<>0,O14,IF(O13<>0,O13,IF(O12<>0,O12,IF(O11<>0,O11,IF(O10<>0,O10,IF(O9<>0,O9,IF(O8<>0,O8,IF(O7<>0,O7,IF(O6<>0,O6,IF(O5<>0,O5,IF(O4<>0,O4,""))))))))))))))))))))))))))))))))))))))))))))))))) | U52: =IFERROR(IF(S52="N/A","N/A",((N52-S52)/S52)),"") | V52: =IFERROR(IF(T52="N/A","N/A",((O52-T52)/T52)),"") | W52: =IFERROR(E52-F52,"") | X52: =IFERROR(ABS(E52-D51),"") | Y52: =IFERROR(ABS(F52-D51),"") | Z52: =IF(MAX(W52:Y52)=0,"",MAX(W52:Y52)) | AA52: =IFERROR(H52-I52,"") | AB52: =IF(AA52="","",IF(AA52>=0,1,-1)) | AC52: {=IFERROR((AB52=AB51,AC51+AB52,AB52),"")} | AH52: =IF(AND(H52>I52,H51<I51),"crossover","") | AI52: =IF(AND(H52<I52,H51>I51),"crossunder","") | AJ52: =IFERROR(IF(E52-J52<0,"",(E52-J52)/J52),"") | AK52: =IFERROR(IF(F52-K52>0,"",(F52-K52)/K52),"") | AL52: =IF(AND(AJ52<>"",CC52="High Spike @ Downtrend"),AJ52,"") | AM52: =IF(AND(AJ52<>"",AL52=""),AJ52,"") | AN52: =IF(AND(AK52<>"",CF52="Low Spike @ Uptrend"),AK52,"") | AO52: =IF(AND(AK52<>"",AN52=""),AK52,"") | AY52: =IF(OR(Q52=0,Q52=""),"",((H52-Q52)/Q52)) | AZ52: =IF(AY52="","",IF(AY52>=0,1,-1)) | BA52: =IF(AZ52="","",IF(AZ52=AZ51,BA51+AZ52,AZ52)) | BB52: =IF(AY52="","",IF(AND(AY52>-0.1%,AY52<0.1%),"Touch Zone","")) | BC52: =IF(AY52="","",IF(AND(BB52="Touch Zone",AY52>0%),"Above",IF(AND(BB52="Touch Zone",AY52<0%),"Below",""))) | BD52: =IF(OR(R52=0,R52=""),"",((H52-R52)/R52)) | BE52: =IF(BD52="","",IF(BD52>=0,1,-1)) | BF52: =IF(BE52="","",IF(BE52=BE51,BF51+BE52,BE52)) | BG52: =IF(BD52="","",IF(AND(BD52>-0.1%,BD52<0.1%),"Touch Zone","")) | BH52: =IF(BD52="","",IF(AND(BG52="Touch Zone",BD52>0%),"Above",IF(AND(BG52="Touch Zone",BD52<0%),"Below",""))) | BI52: =IF(OR(L52="",N52=""),"",IF(AND(L52=N52,L52>0,N52>0),"Important High","")) | BJ52: =IF(OR(M52="",O52=""),"",IF(AND(M52=O52,M52>0,O52>0),"Important Low","")) | BK52: =IFERROR(IF(ABS(U52)<0.15%,"Equal High",""),"") | BL52: {=_xlfn.LET(_xlpm.lookback,MIN(ROW()-ROW(BK$50),11),_xlpm.found,IFERROR(MATCH("Equal High",OFFSET(BK52,-_xlpm.lookback,0,_xlpm.lookback+1,1),0),-1),_xlpm.offset_rows,_xlpm.lookback-_xlpm.found+1,IF(_xlpm.found>0,INDEX(E:E,ROW()-_xlpm.offset_rows),""))} | BM52: =IF(BL52<>"",H52,"") | BN52: =IF(BL52<>"",I52,"") | BO52: =IFERROR(IF(ABS((BM52-BL52)/BL52)<0.15%,"Eqh Touch",""),"") | BP52: =IFERROR(IF(ABS(V52)<0.15%,"Equal Low",""),"") | BQ52: {=_xlfn.LET(_xlpm.lookback,MIN(ROW()-ROW(BP$50),11),_xlpm.found,IFERROR(MATCH("Equal Low",OFFSET(BP52,-_xlpm.lookback,0,_xlpm.lookback+1,1),0),-1),_xlpm.offset_rows,_xlpm.lookback-_xlpm.found+1,IF(_xlpm.found>0,INDEX(F:F,ROW()-_xlpm.offset_rows),""))} | BR52: =IF(BQ52<>"",H52,"") | BS52: =IF(BQ52<>"",I52,"") | BT52: =IFERROR(IF(ABS((BR52-BQ52)/BQ52)<0.15%,"Eql Touch",""),"") | BU52: =IF(OR(BB52="Touch Zone",BG52="Touch Zone"),"TL Touch Zone","") | BV52: =IF(AND(BC52="",BH52=""),"",COUNTIF(BC52,"Above")+COUNTIF(BC52,"Below")+COUNTIF(BH52,"Above")+COUNTIF(BH52,"Below")) | BW52: {=IF(BV52<>1,"",_xlfn.IFS(OR(BC52="Above",BC52="Below"),BC52,OR(BH52="Above",BH52="Below"),BH52,TRUE,""))} | BX52: =_xlfn.LET(_xlpm.eqh,IFERROR(ABS((BM52-BL52)/BL52)<0.15%,FALSE),_xlpm.eql,IFERROR(ABS((BR52-BQ52)/BQ52)<0.15%,FALSE),IF(_xlpm.eqh,IF(_xlpm.eql,"Eqh Touch / Eql Touch","Eqh Touch"),IF(_xlpm.eql,"Eql Touch",""))) | BY52: =IF(AA52="","",IF(AA52>0,"UP","DOWN")) | BZ52: =IF(AF52="","",IF(AF52<50%,"Early Up Stage",IF(AF52>100%,"Extended Up Stage","Late Up Stage"))) | CA52: =IF(AG52="","",IF(AG52<50%,"Early Down Stage",IF(AG52>100%,"Extended Down Stage","Late Down Stage"))) | CB52: =IF(AS52="","",IF(AS52>90%,"Sig High Spike @ Uptrend","")) | CC52: =IF(AJ52="","",IF(AND(AC52<0,AJ52>0),"High Spike @ Downtrend","")) | CD52: =IF(AND(CC52="High Spike @ Downtrend",AR52>50%),"Sig High Spike @ Downtrend","") | CE52: =IF(AW52="","",IF(AW52>90%,"Sig Low Spike @ Downtrend","")) | CF52: =IF(AK52="","",IF(AND(AC52>0,AK52>0),"Low Spike @ Uptrend","")) | CG52: =IF(AND(CF52="Low Spike @ Uptrend",AV52>50%),"Sig Low Spike @ Uptrend","") | CH52: =IFERROR(IF(Z52>(AVERAGE(Z32:Z52)+(2*_xlfn.STDEV.P(Z32:Z52))),1,""),"") | CI52: =IFERROR(IF(G52>(AVERAGE(G32:G52)+(2*_xlfn.STDEV.P(G32:G52))),1,""),"") | CJ52: =IF(P52="","",IF(P52=1,1,"")) | CK52: =IF(AND(CH52="",CC52="",CF52="",CI52="",CJ52=""),"",SUM(CH52:CJ52)/5) | CL52: =IFERROR(AVERAGE(CK50:CK52),"") | CM52: =IF(CL52="","",IF(CL52>20%,"Turbulence",""))
A53: =IF('Data Validation'!$K$2<>TRUE,"",'Data Validation'!A53) | B53: =IF('Data Validation'!$K$2<>TRUE,"",'Data Validation'!C53) | C53: =IF('Data Validation'!$K$2<>TRUE,"",'Data Validation'!E53) | D53: =IF('Data Validation'!$K$2<>TRUE,"",'Data Validation'!G53) | E53: =IF($C53<>"M5","",Price!F53) | F53: =IF($C53<>"M5","",Price!G53) | G53: =IF($C53<>"M5","",Price!H53) | H53: =IF($C53<>"M5","",SSA!E53) | I53: =IF($C53<>"M5","",SSA!F53) | J53: =IF($C53<>"M5","",SSA!G53) | K53: =IF($C53<>"M5","",SSA!H53) | L53: =IF($C53<>"M5","",Trendlines!K53) | M53: =IF($C53<>"M5","",Trendlines!L53) | N53: =IF($C53<>"M5","",ZigZag!E53) | O53: =IF($C53<>"M5","",ZigZag!F53) | P53: =IF($C53<>"M5","",Pinbar!E53) | Q53: =IF($C53<>"M5","",Trendlines!E53) | R53: =IF($C53<>"M5","",Trendlines!H53) | S53: =IF(N53=0,"",IF(N52<>0,N52,IF(N51<>0,N51,IF(N50<>0,N50,IF(N49<>0,N49,IF(N48<>0,N48,IF(N47<>0,N47,IF(N46<>0,N46,IF(N45<>0,N45,IF(N44<>0,N44,IF(N43<>0,N43,IF(N42<>0,N42,IF(N41<>0,N41,IF(N40<>0,N40,IF(N39<>0,N39,IF(N38<>0,N38,IF(N37<>0,N37,IF(N36<>0,N36,IF(N35<>0,N35,IF(N34<>0,N34,IF(N33<>0,N33,IF(N32<>0,N32,IF(N31<>0,N31,IF(N30<>0,N30,IF(N29<>0,N29,IF(N28<>0,N28,IF(N27<>0,N27,IF(N26<>0,N26,IF(N25<>0,N25,IF(N24<>0,N24,IF(N23<>0,N23,IF(N22<>0,N22,IF(N21<>0,N21,IF(N20<>0,N20,IF(N19<>0,N19,IF(N18<>0,N18,IF(N17<>0,N17,IF(N16<>0,N16,IF(N15<>0,N15,IF(N14<>0,N14,IF(N13<>0,N13,IF(N12<>0,N12,IF(N11<>0,N11,IF(N10<>0,N10,IF(N9<>0,N9,IF(N8<>0,N8,IF(N7<>0,N7,IF(N6<>0,N6,IF(N5<>0,N5,""))))))))))))))))))))))))))))))))))))))))))))))))) | T53: =IF(O53=0,"",IF(O52<>0,O52,IF(O51<>0,O51,IF(O50<>0,O50,IF(O49<>0,O49,IF(O48<>0,O48,IF(O47<>0,O47,IF(O46<>0,O46,IF(O45<>0,O45,IF(O44<>0,O44,IF(O43<>0,O43,IF(O42<>0,O42,IF(O41<>0,O41,IF(O40<>0,O40,IF(O39<>0,O39,IF(O38<>0,O38,IF(O37<>0,O37,IF(O36<>0,O36,IF(O35<>0,O35,IF(O34<>0,O34,IF(O33<>0,O33,IF(O32<>0,O32,IF(O31<>0,O31,IF(O30<>0,O30,IF(O29<>0,O29,IF(O28<>0,O28,IF(O27<>0,O27,IF(O26<>0,O26,IF(O25<>0,O25,IF(O24<>0,O24,IF(O23<>0,O23,IF(O22<>0,O22,IF(O21<>0,O21,IF(O20<>0,O20,IF(O19<>0,O19,IF(O18<>0,O18,IF(O17<>0,O17,IF(O16<>0,O16,IF(O15<>0,O15,IF(O14<>0,O14,IF(O13<>0,O13,IF(O12<>0,O12,IF(O11<>0,O11,IF(O10<>0,O10,IF(O9<>0,O9,IF(O8<>0,O8,IF(O7<>0,O7,IF(O6<>0,O6,IF(O5<>0,O5,""))))))))))))))))))))))))))))))))))))))))))))))))) | U53: =IFERROR(IF(S53="N/A","N/A",((N53-S53)/S53)),"") | V53: =IFERROR(IF(T53="N/A","N/A",((O53-T53)/T53)),"") | W53: =IFERROR(E53-F53,"") | X53: =IFERROR(ABS(E53-D52),"") | Y53: =IFERROR(ABS(F53-D52),"") | Z53: =IF(MAX(W53:Y53)=0,"",MAX(W53:Y53)) | AA53: =IFERROR(H53-I53,"") | AB53: =IF(AA53="","",IF(AA53>=0,1,-1)) | AC53: {=IFERROR((AB53=AB52,AC52+AB53,AB53),"")} | AH53: =IF(AND(H53>I53,H52<I52),"crossover","") | AI53: =IF(AND(H53<I53,H52>I52),"crossunder","") | AJ53: =IFERROR(IF(E53-J53<0,"",(E53-J53)/J53),"") | AK53: =IFERROR(IF(F53-K53>0,"",(F53-K53)/K53),"") | AL53: =IF(AND(AJ53<>"",CC53="High Spike @ Downtrend"),AJ53,"") | AM53: =IF(AND(AJ53<>"",AL53=""),AJ53,"") | AN53: =IF(AND(AK53<>"",CF53="Low Spike @ Uptrend"),AK53,"") | AO53: =IF(AND(AK53<>"",AN53=""),AK53,"") | AY53: =IF(OR(Q53=0,Q53=""),"",((H53-Q53)/Q53)) | AZ53: =IF(AY53="","",IF(AY53>=0,1,-1)) | BA53: =IF(AZ53="","",IF(AZ53=AZ52,BA52+AZ53,AZ53)) | BB53: =IF(AY53="","",IF(AND(AY53>-0.1%,AY53<0.1%),"Touch Zone","")) | BC53: =IF(AY53="","",IF(AND(BB53="Touch Zone",AY53>0%),"Above",IF(AND(BB53="Touch Zone",AY53<0%),"Below",""))) | BD53: =IF(OR(R53=0,R53=""),"",((H53-R53)/R53)) | BE53: =IF(BD53="","",IF(BD53>=0,1,-1)) | BF53: =IF(BE53="","",IF(BE53=BE52,BF52+BE53,BE53)) | BG53: =IF(BD53="","",IF(AND(BD53>-0.1%,BD53<0.1%),"Touch Zone","")) | BH53: =IF(BD53="","",IF(AND(BG53="Touch Zone",BD53>0%),"Above",IF(AND(BG53="Touch Zone",BD53<0%),"Below",""))) | BI53: =IF(OR(L53="",N53=""),"",IF(AND(L53=N53,L53>0,N53>0),"Important High","")) | BJ53: =IF(OR(M53="",O53=""),"",IF(AND(M53=O53,M53>0,O53>0),"Important Low","")) | BK53: =IFERROR(IF(ABS(U53)<0.15%,"Equal High",""),"") | BL53: {=_xlfn.LET(_xlpm.lookback,MIN(ROW()-ROW(BK$50),11),_xlpm.found,IFERROR(MATCH("Equal High",OFFSET(BK53,-_xlpm.lookback,0,_xlpm.lookback+1,1),0),-1),_xlpm.offset_rows,_xlpm.lookback-_xlpm.found+1,IF(_xlpm.found>0,INDEX(E:E,ROW()-_xlpm.offset_rows),""))} | BM53: =IF(BL53<>"",H53,"") | BN53: =IF(BL53<>"",I53,"") | BO53: =IFERROR(IF(ABS((BM53-BL53)/BL53)<0.15%,"Eqh Touch",""),"") | BP53: =IFERROR(IF(ABS(V53)<0.15%,"Equal Low",""),"") | BQ53: {=_xlfn.LET(_xlpm.lookback,MIN(ROW()-ROW(BP$50),11),_xlpm.found,IFERROR(MATCH("Equal Low",OFFSET(BP53,-_xlpm.lookback,0,_xlpm.lookback+1,1),0),-1),_xlpm.offset_rows,_xlpm.lookback-_xlpm.found+1,IF(_xlpm.found>0,INDEX(F:F,ROW()-_xlpm.offset_rows),""))} | BR53: =IF(BQ53<>"",H53,"") | BS53: =IF(BQ53<>"",I53,"") | BT53: =IFERROR(IF(ABS((BR53-BQ53)/BQ53)<0.15%,"Eql Touch",""),"") | BU53: =IF(OR(BB53="Touch Zone",BG53="Touch Zone"),"TL Touch Zone","") | BV53: =IF(AND(BC53="",BH53=""),"",COUNTIF(BC53,"Above")+COUNTIF(BC53,"Below")+COUNTIF(BH53,"Above")+COUNTIF(BH53,"Below")) | BW53: {=IF(BV53<>1,"",_xlfn.IFS(OR(BC53="Above",BC53="Below"),BC53,OR(BH53="Above",BH53="Below"),BH53,TRUE,""))} | BX53: =_xlfn.LET(_xlpm.eqh,IFERROR(ABS((BM53-BL53)/BL53)<0.15%,FALSE),_xlpm.eql,IFERROR(ABS((BR53-BQ53)/BQ53)<0.15%,FALSE),IF(_xlpm.eqh,IF(_xlpm.eql,"Eqh Touch / Eql Touch","Eqh Touch"),IF(_xlpm.eql,"Eql Touch",""))) | BY53: =IF(AA53="","",IF(AA53>0,"UP","DOWN")) | BZ53: =IF(AF53="","",IF(AF53<50%,"Early Up Stage",IF(AF53>100%,"Extended Up Stage","Late Up Stage"))) | CA53: =IF(AG53="","",IF(AG53<50%,"Early Down Stage",IF(AG53>100%,"Extended Down Stage","Late Down Stage"))) | CB53: =IF(AS53="","",IF(AS53>90%,"Sig High Spike @ Uptrend","")) | CC53: =IF(AJ53="","",IF(AND(AC53<0,AJ53>0),"High Spike @ Downtrend","")) | CD53: =IF(AND(CC53="High Spike @ Downtrend",AR53>50%),"Sig High Spike @ Downtrend","") | CE53: =IF(AW53="","",IF(AW53>90%,"Sig Low Spike @ Downtrend","")) | CF53: =IF(AK53="","",IF(AND(AC53>0,AK53>0),"Low Spike @ Uptrend","")) | CG53: =IF(AND(CF53="Low Spike @ Uptrend",AV53>50%),"Sig Low Spike @ Uptrend","") | CH53: =IFERROR(IF(Z53>(AVERAGE(Z33:Z53)+(2*_xlfn.STDEV.P(Z33:Z53))),1,""),"") | CI53: =IFERROR(IF(G53>(AVERAGE(G33:G53)+(2*_xlfn.STDEV.P(G33:G53))),1,""),"") | CJ53: =IF(P53="","",IF(P53=1,1,"")) | CK53: =IF(AND(CH53="",CC53="",CF53="",CI53="",CJ53=""),"",SUM(CH53:CJ53)/5) | CL53: =IFERROR(AVERAGE(CK51:CK53),"") | CM53: =IF(CL53="","",IF(CL53>20%,"Turbulence",""))
A54: =IF('Data Validation'!$K$2<>TRUE,"",'Data Validation'!A54) | B54: =IF('Data Validation'!$K$2<>TRUE,"",'Data Validation'!C54) | C54: =IF('Data Validation'!$K$2<>TRUE,"",'Data Validation'!E54) | D54: =IF('Data Validation'!$K$2<>TRUE,"",'Data Validation'!G54) | E54: =IF($C54<>"M5","",Price!F54) | F54: =IF($C54<>"M5","",Price!G54) | G54: =IF($C54<>"M5","",Price!H54) | H54: =IF($C54<>"M5","",SSA!E54) | I54: =IF($C54<>"M5","",SSA!F54) | J54: =IF($C54<>"M5","",SSA!G54) | K54: =IF($C54<>"M5","",SSA!H54) | L54: =IF($C54<>"M5","",Trendlines!K54) | M54: =IF($C54<>"M5","",Trendlines!L54) | N54: =IF($C54<>"M5","",ZigZag!E54) | O54: =IF($C54<>"M5","",ZigZag!F54) | P54: =IF($C54<>"M5","",Pinbar!E54) | Q54: =IF($C54<>"M5","",Trendlines!E54) | R54: =IF($C54<>"M5","",Trendlines!H54) | S54: =IF(N54=0,"",IF(N53<>0,N53,IF(N52<>0,N52,IF(N51<>0,N51,IF(N50<>0,N50,IF(N49<>0,N49,IF(N48<>0,N48,IF(N47<>0,N47,IF(N46<>0,N46,IF(N45<>0,N45,IF(N44<>0,N44,IF(N43<>0,N43,IF(N42<>0,N42,IF(N41<>0,N41,IF(N40<>0,N40,IF(N39<>0,N39,IF(N38<>0,N38,IF(N37<>0,N37,IF(N36<>0,N36,IF(N35<>0,N35,IF(N34<>0,N34,IF(N33<>0,N33,IF(N32<>0,N32,IF(N31<>0,N31,IF(N30<>0,N30,IF(N29<>0,N29,IF(N28<>0,N28,IF(N27<>0,N27,IF(N26<>0,N26,IF(N25<>0,N25,IF(N24<>0,N24,IF(N23<>0,N23,IF(N22<>0,N22,IF(N21<>0,N21,IF(N20<>0,N20,IF(N19<>0,N19,IF(N18<>0,N18,IF(N17<>0,N17,IF(N16<>0,N16,IF(N15<>0,N15,IF(N14<>0,N14,IF(N13<>0,N13,IF(N12<>0,N12,IF(N11<>0,N11,IF(N10<>0,N10,IF(N9<>0,N9,IF(N8<>0,N8,IF(N7<>0,N7,IF(N6<>0,N6,""))))))))))))))))))))))))))))))))))))))))))))))))) | T54: =IF(O54=0,"",IF(O53<>0,O53,IF(O52<>0,O52,IF(O51<>0,O51,IF(O50<>0,O50,IF(O49<>0,O49,IF(O48<>0,O48,IF(O47<>0,O47,IF(O46<>0,O46,IF(O45<>0,O45,IF(O44<>0,O44,IF(O43<>0,O43,IF(O42<>0,O42,IF(O41<>0,O41,IF(O40<>0,O40,IF(O39<>0,O39,IF(O38<>0,O38,IF(O37<>0,O37,IF(O36<>0,O36,IF(O35<>0,O35,IF(O34<>0,O34,IF(O33<>0,O33,IF(O32<>0,O32,IF(O31<>0,O31,IF(O30<>0,O30,IF(O29<>0,O29,IF(O28<>0,O28,IF(O27<>0,O27,IF(O26<>0,O26,IF(O25<>0,O25,IF(O24<>0,O24,IF(O23<>0,O23,IF(O22<>0,O22,IF(O21<>0,O21,IF(O20<>0,O20,IF(O19<>0,O19,IF(O18<>0,O18,IF(O17<>0,O17,IF(O16<>0,O16,IF(O15<>0,O15,IF(O14<>0,O14,IF(O13<>0,O13,IF(O12<>0,O12,IF(O11<>0,O11,IF(O10<>0,O10,IF(O9<>0,O9,IF(O8<>0,O8,IF(O7<>0,O7,IF(O6<>0,O6,""))))))))))))))))))))))))))))))))))))))))))))))))) | U54: =IFERROR(IF(S54="N/A","N/A",((N54-S54)/S54)),"") | V54: =IFERROR(IF(T54="N/A","N/A",((O54-T54)/T54)),"") | W54: =IFERROR(E54-F54,"") | X54: =IFERROR(ABS(E54-D53),"") | Y54: =IFERROR(ABS(F54-D53),"") | Z54: =IF(MAX(W54:Y54)=0,"",MAX(W54:Y54)) | AA54: =IFERROR(H54-I54,"") | AB54: =IF(AA54="","",IF(AA54>=0,1,-1)) | AC54: {=IFERROR((AB54=AB53,AC53+AB54,AB54),"")} | AH54: =IF(AND(H54>I54,H53<I53),"crossover","") | AI54: =IF(AND(H54<I54,H53>I53),"crossunder","") | AJ54: =IFERROR(IF(E54-J54<0,"",(E54-J54)/J54),"") | AK54: =IFERROR(IF(F54-K54>0,"",(F54-K54)/K54),"") | AL54: =IF(AND(AJ54<>"",CC54="High Spike @ Downtrend"),AJ54,"") | AM54: =IF(AND(AJ54<>"",AL54=""),AJ54,"") | AN54: =IF(AND(AK54<>"",CF54="Low Spike @ Uptrend"),AK54,"") | AO54: =IF(AND(AK54<>"",AN54=""),AK54,"") | AY54: =IF(OR(Q54=0,Q54=""),"",((H54-Q54)/Q54)) | AZ54: =IF(AY54="","",IF(AY54>=0,1,-1)) | BA54: =IF(AZ54="","",IF(AZ54=AZ53,BA53+AZ54,AZ54)) | BB54: =IF(AY54="","",IF(AND(AY54>-0.1%,AY54<0.1%),"Touch Zone","")) | BC54: =IF(AY54="","",IF(AND(BB54="Touch Zone",AY54>0%),"Above",IF(AND(BB54="Touch Zone",AY54<0%),"Below",""))) | BD54: =IF(OR(R54=0,R54=""),"",((H54-R54)/R54)) | BE54: =IF(BD54="","",IF(BD54>=0,1,-1)) | BF54: =IF(BE54="","",IF(BE54=BE53,BF53+BE54,BE54)) | BG54: =IF(BD54="","",IF(AND(BD54>-0.1%,BD54<0.1%),"Touch Zone","")) | BH54: =IF(BD54="","",IF(AND(BG54="Touch Zone",BD54>0%),"Above",IF(AND(BG54="Touch Zone",BD54<0%),"Below",""))) | BI54: =IF(OR(L54="",N54=""),"",IF(AND(L54=N54,L54>0,N54>0),"Important High","")) | BJ54: =IF(OR(M54="",O54=""),"",IF(AND(M54=O54,M54>0,O54>0),"Important Low","")) | BK54: =IFERROR(IF(ABS(U54)<0.15%,"Equal High",""),"") | BL54: {=_xlfn.LET(_xlpm.lookback,MIN(ROW()-ROW(BK$50),11),_xlpm.found,IFERROR(MATCH("Equal High",OFFSET(BK54,-_xlpm.lookback,0,_xlpm.lookback+1,1),0),-1),_xlpm.offset_rows,_xlpm.lookback-_xlpm.found+1,IF(_xlpm.found>0,INDEX(E:E,ROW()-_xlpm.offset_rows),""))} | BM54: =IF(BL54<>"",H54,"") | BN54: =IF(BL54<>"",I54,"") | BO54: =IFERROR(IF(ABS((BM54-BL54)/BL54)<0.15%,"Eqh Touch",""),"") | BP54: =IFERROR(IF(ABS(V54)<0.15%,"Equal Low",""),"") | BQ54: {=_xlfn.LET(_xlpm.lookback,MIN(ROW()-ROW(BP$50),11),_xlpm.found,IFERROR(MATCH("Equal Low",OFFSET(BP54,-_xlpm.lookback,0,_xlpm.lookback+1,1),0),-1),_xlpm.offset_rows,_xlpm.lookback-_xlpm.found+1,IF(_xlpm.found>0,INDEX(F:F,ROW()-_xlpm.offset_rows),""))} | BR54: =IF(BQ54<>"",H54,"") | BS54: =IF(BQ54<>"",I54,"") | BT54: =IFERROR(IF(ABS((BR54-BQ54)/BQ54)<0.15%,"Eql Touch",""),"") | BU54: =IF(OR(BB54="Touch Zone",BG54="Touch Zone"),"TL Touch Zone","") | BV54: =IF(AND(BC54="",BH54=""),"",COUNTIF(BC54,"Above")+COUNTIF(BC54,"Below")+COUNTIF(BH54,"Above")+COUNTIF(BH54,"Below")) | BW54: {=IF(BV54<>1,"",_xlfn.IFS(OR(BC54="Above",BC54="Below"),BC54,OR(BH54="Above",BH54="Below"),BH54,TRUE,""))} | BX54: =_xlfn.LET(_xlpm.eqh,IFERROR(ABS((BM54-BL54)/BL54)<0.15%,FALSE),_xlpm.eql,IFERROR(ABS((BR54-BQ54)/BQ54)<0.15%,FALSE),IF(_xlpm.eqh,IF(_xlpm.eql,"Eqh Touch / Eql Touch","Eqh Touch"),IF(_xlpm.eql,"Eql Touch",""))) | BY54: =IF(AA54="","",IF(AA54>0,"UP","DOWN")) | BZ54: =IF(AF54="","",IF(AF54<50%,"Early Up Stage",IF(AF54>100%,"Extended Up Stage","Late Up Stage"))) | CA54: =IF(AG54="","",IF(AG54<50%,"Early Down Stage",IF(AG54>100%,"Extended Down Stage","Late Down Stage"))) | CB54: =IF(AS54="","",IF(AS54>90%,"Sig High Spike @ Uptrend","")) | CC54: =IF(AJ54="","",IF(AND(AC54<0,AJ54>0),"High Spike @ Downtrend","")) | CD54: =IF(AND(CC54="High Spike @ Downtrend",AR54>50%),"Sig High Spike @ Downtrend","") | CE54: =IF(AW54="","",IF(AW54>90%,"Sig Low Spike @ Downtrend","")) | CF54: =IF(AK54="","",IF(AND(AC54>0,AK54>0),"Low Spike @ Uptrend","")) | CG54: =IF(AND(CF54="Low Spike @ Uptrend",AV54>50%),"Sig Low Spike @ Uptrend","") | CH54: =IFERROR(IF(Z54>(AVERAGE(Z34:Z54)+(2*_xlfn.STDEV.P(Z34:Z54))),1,""),"") | CI54: =IFERROR(IF(G54>(AVERAGE(G34:G54)+(2*_xlfn.STDEV.P(G34:G54))),1,""),"") | CJ54: =IF(P54="","",IF(P54=1,1,"")) | CK54: =IF(AND(CH54="",CC54="",CF54="",CI54="",CJ54=""),"",SUM(CH54:CJ54)/5) | CL54: =IFERROR(AVERAGE(CK52:CK54),"") | CM54: =IF(CL54="","",IF(CL54>20%,"Turbulence",""))
A55: =IF('Data Validation'!$K$2<>TRUE,"",'Data Validation'!A55) | B55: =IF('Data Validation'!$K$2<>TRUE,"",'Data Validation'!C55) | C55: =IF('Data Validation'!$K$2<>TRUE,"",'Data Validation'!E55) | D55: =IF('Data Validation'!$K$2<>TRUE,"",'Data Validation'!G55) | E55: =IF($C55<>"M5","",Price!F55) | F55: =IF($C55<>"M5","",Price!G55) | G55: =IF($C55<>"M5","",Price!H55) | H55: =IF($C55<>"M5","",SSA!E55) | I55: =IF($C55<>"M5","",SSA!F55) | J55: =IF($C55<>"M5","",SSA!G55) | K55: =IF($C55<>"M5","",SSA!H55) | L55: =IF($C55<>"M5","",Trendlines!K55) | M55: =IF($C55<>"M5","",Trendlines!L55) | N55: =IF($C55<>"M5","",ZigZag!E55) | O55: =IF($C55<>"M5","",ZigZag!F55) | P55: =IF($C55<>"M5","",Pinbar!E55) | Q55: =IF($C55<>"M5","",Trendlines!E55) | R55: =IF($C55<>"M5","",Trendlines!H55) | S55: =IF(N55=0,"",IF(N54<>0,N54,IF(N53<>0,N53,IF(N52<>0,N52,IF(N51<>0,N51,IF(N50<>0,N50,IF(N49<>0,N49,IF(N48<>0,N48,IF(N47<>0,N47,IF(N46<>0,N46,IF(N45<>0,N45,IF(N44<>0,N44,IF(N43<>0,N43,IF(N42<>0,N42,IF(N41<>0,N41,IF(N40<>0,N40,IF(N39<>0,N39,IF(N38<>0,N38,IF(N37<>0,N37,IF(N36<>0,N36,IF(N35<>0,N35,IF(N34<>0,N34,IF(N33<>0,N33,IF(N32<>0,N32,IF(N31<>0,N31,IF(N30<>0,N30,IF(N29<>0,N29,IF(N28<>0,N28,IF(N27<>0,N27,IF(N26<>0,N26,IF(N25<>0,N25,IF(N24<>0,N24,IF(N23<>0,N23,IF(N22<>0,N22,IF(N21<>0,N21,IF(N20<>0,N20,IF(N19<>0,N19,IF(N18<>0,N18,IF(N17<>0,N17,IF(N16<>0,N16,IF(N15<>0,N15,IF(N14<>0,N14,IF(N13<>0,N13,IF(N12<>0,N12,IF(N11<>0,N11,IF(N10<>0,N10,IF(N9<>0,N9,IF(N8<>0,N8,IF(N7<>0,N7,""))))))))))))))))))))))))))))))))))))))))))))))))) | T55: =IF(O55=0,"",IF(O54<>0,O54,IF(O53<>0,O53,IF(O52<>0,O52,IF(O51<>0,O51,IF(O50<>0,O50,IF(O49<>0,O49,IF(O48<>0,O48,IF(O47<>0,O47,IF(O46<>0,O46,IF(O45<>0,O45,IF(O44<>0,O44,IF(O43<>0,O43,IF(O42<>0,O42,IF(O41<>0,O41,IF(O40<>0,O40,IF(O39<>0,O39,IF(O38<>0,O38,IF(O37<>0,O37,IF(O36<>0,O36,IF(O35<>0,O35,IF(O34<>0,O34,IF(O33<>0,O33,IF(O32<>0,O32,IF(O31<>0,O31,IF(O30<>0,O30,IF(O29<>0,O29,IF(O28<>0,O28,IF(O27<>0,O27,IF(O26<>0,O26,IF(O25<>0,O25,IF(O24<>0,O24,IF(O23<>0,O23,IF(O22<>0,O22,IF(O21<>0,O21,IF(O20<>0,O20,IF(O19<>0,O19,IF(O18<>0,O18,IF(O17<>0,O17,IF(O16<>0,O16,IF(O15<>0,O15,IF(O14<>0,O14,IF(O13<>0,O13,IF(O12<>0,O12,IF(O11<>0,O11,IF(O10<>0,O10,IF(O9<>0,O9,IF(O8<>0,O8,IF(O7<>0,O7,""))))))))))))))))))))))))))))))))))))))))))))))))) | U55: =IFERROR(IF(S55="N/A","N/A",((N55-S55)/S55)),"") | V55: =IFERROR(IF(T55="N/A","N/A",((O55-T55)/T55)),"") | W55: =IFERROR(E55-F55,"") | X55: =IFERROR(ABS(E55-D54),"") | Y55: =IFERROR(ABS(F55-D54),"") | Z55: =IF(MAX(W55:Y55)=0,"",MAX(W55:Y55)) | AA55: =IFERROR(H55-I55,"") | AB55: =IF(AA55="","",IF(AA55>=0,1,-1)) | AC55: {=IFERROR((AB55=AB54,AC54+AB55,AB55),"")} | AH55: =IF(AND(H55>I55,H54<I54),"crossover","") | AI55: =IF(AND(H55<I55,H54>I54),"crossunder","") | AJ55: =IFERROR(IF(E55-J55<0,"",(E55-J55)/J55),"") | AK55: =IFERROR(IF(F55-K55>0,"",(F55-K55)/K55),"") | AL55: =IF(AND(AJ55<>"",CC55="High Spike @ Downtrend"),AJ55,"") | AM55: =IF(AND(AJ55<>"",AL55=""),AJ55,"") | AN55: =IF(AND(AK55<>"",CF55="Low Spike @ Uptrend"),AK55,"") | AO55: =IF(AND(AK55<>"",AN55=""),AK55,"") | AY55: =IF(OR(Q55=0,Q55=""),"",((H55-Q55)/Q55)) | AZ55: =IF(AY55="","",IF(AY55>=0,1,-1)) | BA55: =IF(AZ55="","",IF(AZ55=AZ54,BA54+AZ55,AZ55)) | BB55: =IF(AY55="","",IF(AND(AY55>-0.1%,AY55<0.1%),"Touch Zone","")) | BC55: =IF(AY55="","",IF(AND(BB55="Touch Zone",AY55>0%),"Above",IF(AND(BB55="Touch Zone",AY55<0%),"Below",""))) | BD55: =IF(OR(R55=0,R55=""),"",((H55-R55)/R55)) | BE55: =IF(BD55="","",IF(BD55>=0,1,-1)) | BF55: =IF(BE55="","",IF(BE55=BE54,BF54+BE55,BE55)) | BG55: =IF(BD55="","",IF(AND(BD55>-0.1%,BD55<0.1%),"Touch Zone","")) | BH55: =IF(BD55="","",IF(AND(BG55="Touch Zone",BD55>0%),"Above",IF(AND(BG55="Touch Zone",BD55<0%),"Below",""))) | BI55: =IF(OR(L55="",N55=""),"",IF(AND(L55=N55,L55>0,N55>0),"Important High","")) | BJ55: =IF(OR(M55="",O55=""),"",IF(AND(M55=O55,M55>0,O55>0),"Important Low","")) | BK55: =IFERROR(IF(ABS(U55)<0.15%,"Equal High",""),"") | BL55: {=_xlfn.LET(_xlpm.lookback,MIN(ROW()-ROW(BK$50),11),_xlpm.found,IFERROR(MATCH("Equal High",OFFSET(BK55,-_xlpm.lookback,0,_xlpm.lookback+1,1),0),-1),_xlpm.offset_rows,_xlpm.lookback-_xlpm.found+1,IF(_xlpm.found>0,INDEX(E:E,ROW()-_xlpm.offset_rows),""))} | BM55: =IF(BL55<>"",H55,"") | BN55: =IF(BL55<>"",I55,"") | BO55: =IFERROR(IF(ABS((BM55-BL55)/BL55)<0.15%,"Eqh Touch",""),"") | BP55: =IFERROR(IF(ABS(V55)<0.15%,"Equal Low",""),"") | BQ55: {=_xlfn.LET(_xlpm.lookback,MIN(ROW()-ROW(BP$50),11),_xlpm.found,IFERROR(MATCH("Equal Low",OFFSET(BP55,-_xlpm.lookback,0,_xlpm.lookback+1,1),0),-1),_xlpm.offset_rows,_xlpm.lookback-_xlpm.found+1,IF(_xlpm.found>0,INDEX(F:F,ROW()-_xlpm.offset_rows),""))} | BR55: =IF(BQ55<>"",H55,"") | BS55: =IF(BQ55<>"",I55,"") | BT55: =IFERROR(IF(ABS((BR55-BQ55)/BQ55)<0.15%,"Eql Touch",""),"") | BU55: =IF(OR(BB55="Touch Zone",BG55="Touch Zone"),"TL Touch Zone","") | BV55: =IF(AND(BC55="",BH55=""),"",COUNTIF(BC55,"Above")+COUNTIF(BC55,"Below")+COUNTIF(BH55,"Above")+COUNTIF(BH55,"Below")) | BW55: {=IF(BV55<>1,"",_xlfn.IFS(OR(BC55="Above",BC55="Below"),BC55,OR(BH55="Above",BH55="Below"),BH55,TRUE,""))} | BX55: =_xlfn.LET(_xlpm.eqh,IFERROR(ABS((BM55-BL55)/BL55)<0.15%,FALSE),_xlpm.eql,IFERROR(ABS((BR55-BQ55)/BQ55)<0.15%,FALSE),IF(_xlpm.eqh,IF(_xlpm.eql,"Eqh Touch / Eql Touch","Eqh Touch"),IF(_xlpm.eql,"Eql Touch",""))) | BY55: =IF(AA55="","",IF(AA55>0,"UP","DOWN")) | BZ55: =IF(AF55="","",IF(AF55<50%,"Early Up Stage",IF(AF55>100%,"Extended Up Stage","Late Up Stage"))) | CA55: =IF(AG55="","",IF(AG55<50%,"Early Down Stage",IF(AG55>100%,"Extended Down Stage","Late Down Stage"))) | CB55: =IF(AS55="","",IF(AS55>90%,"Sig High Spike @ Uptrend","")) | CC55: =IF(AJ55="","",IF(AND(AC55<0,AJ55>0),"High Spike @ Downtrend","")) | CD55: =IF(AND(CC55="High Spike @ Downtrend",AR55>50%),"Sig High Spike @ Downtrend","") | CE55: =IF(AW55="","",IF(AW55>90%,"Sig Low Spike @ Downtrend","")) | CF55: =IF(AK55="","",IF(AND(AC55>0,AK55>0),"Low Spike @ Uptrend","")) | CG55: =IF(AND(CF55="Low Spike @ Uptrend",AV55>50%),"Sig Low Spike @ Uptrend","") | CH55: =IFERROR(IF(Z55>(AVERAGE(Z35:Z55)+(2*_xlfn.STDEV.P(Z35:Z55))),1,""),"") | CI55: =IFERROR(IF(G55>(AVERAGE(G35:G55)+(2*_xlfn.STDEV.P(G35:G55))),1,""),"") | CJ55: =IF(P55="","",IF(P55=1,1,"")) | CK55: =IF(AND(CH55="",CC55="",CF55="",CI55="",CJ55=""),"",SUM(CH55:CJ55)/5) | CL55: =IFERROR(AVERAGE(CK53:CK55),"") | CM55: =IF(CL55="","",IF(CL55>20%,"Turbulence",""))
A56: =IF('Data Validation'!$K$2<>TRUE,"",'Data Validation'!A56) | B56: =IF('Data Validation'!$K$2<>TRUE,"",'Data Validation'!C56) | C56: =IF('Data Validation'!$K$2<>TRUE,"",'Data Validation'!E56) | D56: =IF('Data Validation'!$K$2<>TRUE,"",'Data Validation'!G56) | E56: =IF($C56<>"M5","",Price!F56) | F56: =IF($C56<>"M5","",Price!G56) | G56: =IF($C56<>"M5","",Price!H56) | H56: =IF($C56<>"M5","",SSA!E56) | I56: =IF($C56<>"M5","",SSA!F56) | J56: =IF($C56<>"M5","",SSA!G56) | K56: =IF($C56<>"M5","",SSA!H56) | L56: =IF($C56<>"M5","",Trendlines!K56) | M56: =IF($C56<>"M5","",Trendlines!L56) | N56: =IF($C56<>"M5","",ZigZag!E56) | O56: =IF($C56<>"M5","",ZigZag!F56) | P56: =IF($C56<>"M5","",Pinbar!E56) | Q56: =IF($C56<>"M5","",Trendlines!E56) | R56: =IF($C56<>"M5","",Trendlines!H56) | S56: =IF(N56=0,"",IF(N55<>0,N55,IF(N54<>0,N54,IF(N53<>0,N53,IF(N52<>0,N52,IF(N51<>0,N51,IF(N50<>0,N50,IF(N49<>0,N49,IF(N48<>0,N48,IF(N47<>0,N47,IF(N46<>0,N46,IF(N45<>0,N45,IF(N44<>0,N44,IF(N43<>0,N43,IF(N42<>0,N42,IF(N41<>0,N41,IF(N40<>0,N40,IF(N39<>0,N39,IF(N38<>0,N38,IF(N37<>0,N37,IF(N36<>0,N36,IF(N35<>0,N35,IF(N34<>0,N34,IF(N33<>0,N33,IF(N32<>0,N32,IF(N31<>0,N31,IF(N30<>0,N30,IF(N29<>0,N29,IF(N28<>0,N28,IF(N27<>0,N27,IF(N26<>0,N26,IF(N25<>0,N25,IF(N24<>0,N24,IF(N23<>0,N23,IF(N22<>0,N22,IF(N21<>0,N21,IF(N20<>0,N20,IF(N19<>0,N19,IF(N18<>0,N18,IF(N17<>0,N17,IF(N16<>0,N16,IF(N15<>0,N15,IF(N14<>0,N14,IF(N13<>0,N13,IF(N12<>0,N12,IF(N11<>0,N11,IF(N10<>0,N10,IF(N9<>0,N9,IF(N8<>0,N8,""))))))))))))))))))))))))))))))))))))))))))))))))) | T56: =IF(O56=0,"",IF(O55<>0,O55,IF(O54<>0,O54,IF(O53<>0,O53,IF(O52<>0,O52,IF(O51<>0,O51,IF(O50<>0,O50,IF(O49<>0,O49,IF(O48<>0,O48,IF(O47<>0,O47,IF(O46<>0,O46,IF(O45<>0,O45,IF(O44<>0,O44,IF(O43<>0,O43,IF(O42<>0,O42,IF(O41<>0,O41,IF(O40<>0,O40,IF(O39<>0,O39,IF(O38<>0,O38,IF(O37<>0,O37,IF(O36<>0,O36,IF(O35<>0,O35,IF(O34<>0,O34,IF(O33<>0,O33,IF(O32<>0,O32,IF(O31<>0,O31,IF(O30<>0,O30,IF(O29<>0,O29,IF(O28<>0,O28,IF(O27<>0,O27,IF(O26<>0,O26,IF(O25<>0,O25,IF(O24<>0,O24,IF(O23<>0,O23,IF(O22<>0,O22,IF(O21<>0,O21,IF(O20<>0,O20,IF(O19<>0,O19,IF(O18<>0,O18,IF(O17<>0,O17,IF(O16<>0,O16,IF(O15<>0,O15,IF(O14<>0,O14,IF(O13<>0,O13,IF(O12<>0,O12,IF(O11<>0,O11,IF(O10<>0,O10,IF(O9<>0,O9,IF(O8<>0,O8,""))))))))))))))))))))))))))))))))))))))))))))))))) | U56: =IFERROR(IF(S56="N/A","N/A",((N56-S56)/S56)),"") | V56: =IFERROR(IF(T56="N/A","N/A",((O56-T56)/T56)),"") | W56: =IFERROR(E56-F56,"") | X56: =IFERROR(ABS(E56-D55),"") | Y56: =IFERROR(ABS(F56-D55),"") | Z56: =IF(MAX(W56:Y56)=0,"",MAX(W56:Y56)) | AA56: =IFERROR(H56-I56,"") | AB56: =IF(AA56="","",IF(AA56>=0,1,-1)) | AC56: {=IFERROR((AB56=AB55,AC55+AB56,AB56),"")} | AH56: =IF(AND(H56>I56,H55<I55),"crossover","") | AI56: =IF(AND(H56<I56,H55>I55),"crossunder","") | AJ56: =IFERROR(IF(E56-J56<0,"",(E56-J56)/J56),"") | AK56: =IFERROR(IF(F56-K56>0,"",(F56-K56)/K56),"") | AL56: =IF(AND(AJ56<>"",CC56="High Spike @ Downtrend"),AJ56,"") | AM56: =IF(AND(AJ56<>"",AL56=""),AJ56,"") | AN56: =IF(AND(AK56<>"",CF56="Low Spike @ Uptrend"),AK56,"") | AO56: =IF(AND(AK56<>"",AN56=""),AK56,"") | AY56: =IF(OR(Q56=0,Q56=""),"",((H56-Q56)/Q56)) | AZ56: =IF(AY56="","",IF(AY56>=0,1,-1)) | BA56: =IF(AZ56="","",IF(AZ56=AZ55,BA55+AZ56,AZ56)) | BB56: =IF(AY56="","",IF(AND(AY56>-0.1%,AY56<0.1%),"Touch Zone","")) | BC56: =IF(AY56="","",IF(AND(BB56="Touch Zone",AY56>0%),"Above",IF(AND(BB56="Touch Zone",AY56<0%),"Below",""))) | BD56: =IF(OR(R56=0,R56=""),"",((H56-R56)/R56)) | BE56: =IF(BD56="","",IF(BD56>=0,1,-1)) | BF56: =IF(BE56="","",IF(BE56=BE55,BF55+BE56,BE56)) | BG56: =IF(BD56="","",IF(AND(BD56>-0.1%,BD56<0.1%),"Touch Zone","")) | BH56: =IF(BD56="","",IF(AND(BG56="Touch Zone",BD56>0%),"Above",IF(AND(BG56="Touch Zone",BD56<0%),"Below",""))) | BI56: =IF(OR(L56="",N56=""),"",IF(AND(L56=N56,L56>0,N56>0),"Important High","")) | BJ56: =IF(OR(M56="",O56=""),"",IF(AND(M56=O56,M56>0,O56>0),"Important Low","")) | BK56: =IFERROR(IF(ABS(U56)<0.15%,"Equal High",""),"") | BL56: {=_xlfn.LET(_xlpm.lookback,MIN(ROW()-ROW(BK$50),11),_xlpm.found,IFERROR(MATCH("Equal High",OFFSET(BK56,-_xlpm.lookback,0,_xlpm.lookback+1,1),0),-1),_xlpm.offset_rows,_xlpm.lookback-_xlpm.found+1,IF(_xlpm.found>0,INDEX(E:E,ROW()-_xlpm.offset_rows),""))} | BM56: =IF(BL56<>"",H56,"") | BN56: =IF(BL56<>"",I56,"") | BO56: =IFERROR(IF(ABS((BM56-BL56)/BL56)<0.15%,"Eqh Touch",""),"") | BP56: =IFERROR(IF(ABS(V56)<0.15%,"Equal Low",""),"") | BQ56: {=_xlfn.LET(_xlpm.lookback,MIN(ROW()-ROW(BP$50),11),_xlpm.found,IFERROR(MATCH("Equal Low",OFFSET(BP56,-_xlpm.lookback,0,_xlpm.lookback+1,1),0),-1),_xlpm.offset_rows,_xlpm.lookback-_xlpm.found+1,IF(_xlpm.found>0,INDEX(F:F,ROW()-_xlpm.offset_rows),""))} | BR56: =IF(BQ56<>"",H56,"") | BS56: =IF(BQ56<>"",I56,"") | BT56: =IFERROR(IF(ABS((BR56-BQ56)/BQ56)<0.15%,"Eql Touch",""),"") | BU56: =IF(OR(BB56="Touch Zone",BG56="Touch Zone"),"TL Touch Zone","") | BV56: =IF(AND(BC56="",BH56=""),"",COUNTIF(BC56,"Above")+COUNTIF(BC56,"Below")+COUNTIF(BH56,"Above")+COUNTIF(BH56,"Below")) | BW56: {=IF(BV56<>1,"",_xlfn.IFS(OR(BC56="Above",BC56="Below"),BC56,OR(BH56="Above",BH56="Below"),BH56,TRUE,""))} | BX56: =_xlfn.LET(_xlpm.eqh,IFERROR(ABS((BM56-BL56)/BL56)<0.15%,FALSE),_xlpm.eql,IFERROR(ABS((BR56-BQ56)/BQ56)<0.15%,FALSE),IF(_xlpm.eqh,IF(_xlpm.eql,"Eqh Touch / Eql Touch","Eqh Touch"),IF(_xlpm.eql,"Eql Touch",""))) | BY56: =IF(AA56="","",IF(AA56>0,"UP","DOWN")) | BZ56: =IF(AF56="","",IF(AF56<50%,"Early Up Stage",IF(AF56>100%,"Extended Up Stage","Late Up Stage"))) | CA56: =IF(AG56="","",IF(AG56<50%,"Early Down Stage",IF(AG56>100%,"Extended Down Stage","Late Down Stage"))) | CB56: =IF(AS56="","",IF(AS56>90%,"Sig High Spike @ Uptrend","")) | CC56: =IF(AJ56="","",IF(AND(AC56<0,AJ56>0),"High Spike @ Downtrend","")) | CD56: =IF(AND(CC56="High Spike @ Downtrend",AR56>50%),"Sig High Spike @ Downtrend","") | CE56: =IF(AW56="","",IF(AW56>90%,"Sig Low Spike @ Downtrend","")) | CF56: =IF(AK56="","",IF(AND(AC56>0,AK56>0),"Low Spike @ Uptrend","")) | CG56: =IF(AND(CF56="Low Spike @ Uptrend",AV56>50%),"Sig Low Spike @ Uptrend","") | CH56: =IFERROR(IF(Z56>(AVERAGE(Z36:Z56)+(2*_xlfn.STDEV.P(Z36:Z56))),1,""),"") | CI56: =IFERROR(IF(G56>(AVERAGE(G36:G56)+(2*_xlfn.STDEV.P(G36:G56))),1,""),"") | CJ56: =IF(P56="","",IF(P56=1,1,"")) | CK56: =IF(AND(CH56="",CC56="",CF56="",CI56="",CJ56=""),"",SUM(CH56:CJ56)/5) | CL56: =IFERROR(AVERAGE(CK54:CK56),"") | CM56: =IF(CL56="","",IF(CL56>20%,"Turbulence",""))
A57: =IF('Data Validation'!$K$2<>TRUE,"",'Data Validation'!A57) | B57: =IF('Data Validation'!$K$2<>TRUE,"",'Data Validation'!C57) | C57: =IF('Data Validation'!$K$2<>TRUE,"",'Data Validation'!E57) | D57: =IF('Data Validation'!$K$2<>TRUE,"",'Data Validation'!G57) | E57: =IF($C57<>"M5","",Price!F57) | F57: =IF($C57<>"M5","",Price!G57) | G57: =IF($C57<>"M5","",Price!H57) | H57: =IF($C57<>"M5","",SSA!E57) | I57: =IF($C57<>"M5","",SSA!F57) | J57: =IF($C57<>"M5","",SSA!G57) | K57: =IF($C57<>"M5","",SSA!H57) | L57: =IF($C57<>"M5","",Trendlines!K57) | M57: =IF($C57<>"M5","",Trendlines!L57) | N57: =IF($C57<>"M5","",ZigZag!E57) | O57: =IF($C57<>"M5","",ZigZag!F57) | P57: =IF($C57<>"M5","",Pinbar!E57) | Q57: =IF($C57<>"M5","",Trendlines!E57) | R57: =IF($C57<>"M5","",Trendlines!H57) | S57: =IF(N57=0,"",IF(N56<>0,N56,IF(N55<>0,N55,IF(N54<>0,N54,IF(N53<>0,N53,IF(N52<>0,N52,IF(N51<>0,N51,IF(N50<>0,N50,IF(N49<>0,N49,IF(N48<>0,N48,IF(N47<>0,N47,IF(N46<>0,N46,IF(N45<>0,N45,IF(N44<>0,N44,IF(N43<>0,N43,IF(N42<>0,N42,IF(N41<>0,N41,IF(N40<>0,N40,IF(N39<>0,N39,IF(N38<>0,N38,IF(N37<>0,N37,IF(N36<>0,N36,IF(N35<>0,N35,IF(N34<>0,N34,IF(N33<>0,N33,IF(N32<>0,N32,IF(N31<>0,N31,IF(N30<>0,N30,IF(N29<>0,N29,IF(N28<>0,N28,IF(N27<>0,N27,IF(N26<>0,N26,IF(N25<>0,N25,IF(N24<>0,N24,IF(N23<>0,N23,IF(N22<>0,N22,IF(N21<>0,N21,IF(N20<>0,N20,IF(N19<>0,N19,IF(N18<>0,N18,IF(N17<>0,N17,IF(N16<>0,N16,IF(N15<>0,N15,IF(N14<>0,N14,IF(N13<>0,N13,IF(N12<>0,N12,IF(N11<>0,N11,IF(N10<>0,N10,IF(N9<>0,N9,""))))))))))))))))))))))))))))))))))))))))))))))))) | T57: =IF(O57=0,"",IF(O56<>0,O56,IF(O55<>0,O55,IF(O54<>0,O54,IF(O53<>0,O53,IF(O52<>0,O52,IF(O51<>0,O51,IF(O50<>0,O50,IF(O49<>0,O49,IF(O48<>0,O48,IF(O47<>0,O47,IF(O46<>0,O46,IF(O45<>0,O45,IF(O44<>0,O44,IF(O43<>0,O43,IF(O42<>0,O42,IF(O41<>0,O41,IF(O40<>0,O40,IF(O39<>0,O39,IF(O38<>0,O38,IF(O37<>0,O37,IF(O36<>0,O36,IF(O35<>0,O35,IF(O34<>0,O34,IF(O33<>0,O33,IF(O32<>0,O32,IF(O31<>0,O31,IF(O30<>0,O30,IF(O29<>0,O29,IF(O28<>0,O28,IF(O27<>0,O27,IF(O26<>0,O26,IF(O25<>0,O25,IF(O24<>0,O24,IF(O23<>0,O23,IF(O22<>0,O22,IF(O21<>0,O21,IF(O20<>0,O20,IF(O19<>0,O19,IF(O18<>0,O18,IF(O17<>0,O17,IF(O16<>0,O16,IF(O15<>0,O15,IF(O14<>0,O14,IF(O13<>0,O13,IF(O12<>0,O12,IF(O11<>0,O11,IF(O10<>0,O10,IF(O9<>0,O9,""))))))))))))))))))))))))))))))))))))))))))))))))) | U57: =IFERROR(IF(S57="N/A","N/A",((N57-S57)/S57)),"") | V57: =IFERROR(IF(T57="N/A","N/A",((O57-T57)/T57)),"") | W57: =IFERROR(E57-F57,"") | X57: =IFERROR(ABS(E57-D56),"") | Y57: =IFERROR(ABS(F57-D56),"") | Z57: =IF(MAX(W57:Y57)=0,"",MAX(W57:Y57)) | AA57: =IFERROR(H57-I57,"") | AB57: =IF(AA57="","",IF(AA57>=0,1,-1)) | AC57: {=IFERROR((AB57=AB56,AC56+AB57,AB57),"")} | AH57: =IF(AND(H57>I57,H56<I56),"crossover","") | AI57: =IF(AND(H57<I57,H56>I56),"crossunder","") | AJ57: =IFERROR(IF(E57-J57<0,"",(E57-J57)/J57),"") | AK57: =IFERROR(IF(F57-K57>0,"",(F57-K57)/K57),"") | AL57: =IF(AND(AJ57<>"",CC57="High Spike @ Downtrend"),AJ57,"") | AM57: =IF(AND(AJ57<>"",AL57=""),AJ57,"") | AN57: =IF(AND(AK57<>"",CF57="Low Spike @ Uptrend"),AK57,"") | AO57: =IF(AND(AK57<>"",AN57=""),AK57,"") | AY57: =IF(OR(Q57=0,Q57=""),"",((H57-Q57)/Q57)) | AZ57: =IF(AY57="","",IF(AY57>=0,1,-1)) | BA57: =IF(AZ57="","",IF(AZ57=AZ56,BA56+AZ57,AZ57)) | BB57: =IF(AY57="","",IF(AND(AY57>-0.1%,AY57<0.1%),"Touch Zone","")) | BC57: =IF(AY57="","",IF(AND(BB57="Touch Zone",AY57>0%),"Above",IF(AND(BB57="Touch Zone",AY57<0%),"Below",""))) | BD57: =IF(OR(R57=0,R57=""),"",((H57-R57)/R57)) | BE57: =IF(BD57="","",IF(BD57>=0,1,-1)) | BF57: =IF(BE57="","",IF(BE57=BE56,BF56+BE57,BE57)) | BG57: =IF(BD57="","",IF(AND(BD57>-0.1%,BD57<0.1%),"Touch Zone","")) | BH57: =IF(BD57="","",IF(AND(BG57="Touch Zone",BD57>0%),"Above",IF(AND(BG57="Touch Zone",BD57<0%),"Below",""))) | BI57: =IF(OR(L57="",N57=""),"",IF(AND(L57=N57,L57>0,N57>0),"Important High","")) | BJ57: =IF(OR(M57="",O57=""),"",IF(AND(M57=O57,M57>0,O57>0),"Important Low","")) | BK57: =IFERROR(IF(ABS(U57)<0.15%,"Equal High",""),"") | BL57: {=_xlfn.LET(_xlpm.lookback,MIN(ROW()-ROW(BK$50),11),_xlpm.found,IFERROR(MATCH("Equal High",OFFSET(BK57,-_xlpm.lookback,0,_xlpm.lookback+1,1),0),-1),_xlpm.offset_rows,_xlpm.lookback-_xlpm.found+1,IF(_xlpm.found>0,INDEX(E:E,ROW()-_xlpm.offset_rows),""))} | BM57: =IF(BL57<>"",H57,"") | BN57: =IF(BL57<>"",I57,"") | BO57: =IFERROR(IF(ABS((BM57-BL57)/BL57)<0.15%,"Eqh Touch",""),"") | BP57: =IFERROR(IF(ABS(V57)<0.15%,"Equal Low",""),"") | BQ57: {=_xlfn.LET(_xlpm.lookback,MIN(ROW()-ROW(BP$50),11),_xlpm.found,IFERROR(MATCH("Equal Low",OFFSET(BP57,-_xlpm.lookback,0,_xlpm.lookback+1,1),0),-1),_xlpm.offset_rows,_xlpm.lookback-_xlpm.found+1,IF(_xlpm.found>0,INDEX(F:F,ROW()-_xlpm.offset_rows),""))} | BR57: =IF(BQ57<>"",H57,"") | BS57: =IF(BQ57<>"",I57,"") | BT57: =IFERROR(IF(ABS((BR57-BQ57)/BQ57)<0.15%,"Eql Touch",""),"") | BU57: =IF(OR(BB57="Touch Zone",BG57="Touch Zone"),"TL Touch Zone","") | BV57: =IF(AND(BC57="",BH57=""),"",COUNTIF(BC57,"Above")+COUNTIF(BC57,"Below")+COUNTIF(BH57,"Above")+COUNTIF(BH57,"Below")) | BW57: {=IF(BV57<>1,"",_xlfn.IFS(OR(BC57="Above",BC57="Below"),BC57,OR(BH57="Above",BH57="Below"),BH57,TRUE,""))} | BX57: =_xlfn.LET(_xlpm.eqh,IFERROR(ABS((BM57-BL57)/BL57)<0.15%,FALSE),_xlpm.eql,IFERROR(ABS((BR57-BQ57)/BQ57)<0.15%,FALSE),IF(_xlpm.eqh,IF(_xlpm.eql,"Eqh Touch / Eql Touch","Eqh Touch"),IF(_xlpm.eql,"Eql Touch",""))) | BY57: =IF(AA57="","",IF(AA57>0,"UP","DOWN")) | BZ57: =IF(AF57="","",IF(AF57<50%,"Early Up Stage",IF(AF57>100%,"Extended Up Stage","Late Up Stage"))) | CA57: =IF(AG57="","",IF(AG57<50%,"Early Down Stage",IF(AG57>100%,"Extended Down Stage","Late Down Stage"))) | CB57: =IF(AS57="","",IF(AS57>90%,"Sig High Spike @ Uptrend","")) | CC57: =IF(AJ57="","",IF(AND(AC57<0,AJ57>0),"High Spike @ Downtrend","")) | CD57: =IF(AND(CC57="High Spike @ Downtrend",AR57>50%),"Sig High Spike @ Downtrend","") | CE57: =IF(AW57="","",IF(AW57>90%,"Sig Low Spike @ Downtrend","")) | CF57: =IF(AK57="","",IF(AND(AC57>0,AK57>0),"Low Spike @ Uptrend","")) | CG57: =IF(AND(CF57="Low Spike @ Uptrend",AV57>50%),"Sig Low Spike @ Uptrend","") | CH57: =IFERROR(IF(Z57>(AVERAGE(Z37:Z57)+(2*_xlfn.STDEV.P(Z37:Z57))),1,""),"") | CI57: =IFERROR(IF(G57>(AVERAGE(G37:G57)+(2*_xlfn.STDEV.P(G37:G57))),1,""),"") | CJ57: =IF(P57="","",IF(P57=1,1,"")) | CK57: =IF(AND(CH57="",CC57="",CF57="",CI57="",CJ57=""),"",SUM(CH57:CJ57)/5) | CL57: =IFERROR(AVERAGE(CK55:CK57),"") | CM57: =IF(CL57="","",IF(CL57>20%,"Turbulence",""))
