Workbook

Sheet ALGLIB_SSA_XAUUSD
A1: timestamp_h1 | B1: symbol_h1 | C1: timeframe_h1 | D1: close_h1 | E1: ssa_h1 | F1: ema_ssa_h1 | G1: ssa_high_h1 | H1: ssa_low_h1 | J1: timestamp_m5 | K1: symbol_m5 | L1: timeframe_m5 | M1: close_m5 | N1: ssa_m5 | O1: ema_ssa_m5 | P1: ssa_high_m5 | Q1: ssa_low_m5
A2: 1770285600 | B2: XAUUSD | C2: H1 | D2: 4868.29 | E2: 4838.3861 | F2: 4838.3861 | G2: 4865.928 | H2: 4801.8571 | J2: 1775127600 | K2: XAUUSD | L2: M5 | M2: 4626.58 | N2: 4627.2149 | O2: 4627.2149 | P2: 4628.9427 | Q2: 4622.0951
A3: 1770289200 | B3: XAUUSD | C3: H1 | D3: 4853.79 | E3: 4842.5979 | F3: 4840.492 | G3: 4870.1466 | H3: 4799.0653 | J3: 1775127900 | K3: XAUUSD | L3: M5 | M3: 4625.78 | N3: 4627.1536 | O3: 4627.1842 | P3: 4629.7389 | Q3: 4623.56
A4: 1770292800 | B4: XAUUSD | C4: H1 | D4: 4835.36 | E4: 4850.9081 | F4: 4845.7001 | G4: 4878.4281 | H4: 4808.7922 | J4: 1775128200 | K4: XAUUSD | L4: M5 | M4: 4627.5 | N4: 4626.4943 | O4: 4626.8393 | P4: 4630.0633 | Q4: 4623.5508
A5: 1770296400 | B5: XAUUSD | C5: H1 | D5: 4846.26 | E5: 4860.5814 | F5: 4853.1407 | G5: 4887.4499 | H5: 4823.4157 | J5: 1775128500 | K5: XAUUSD | L5: M5 | M5: 4624.55 | N5: 4624.5197 | O5: 4625.6795 | P5: 4629.3205 | Q5: 4622.127
A6: 1770300000 | B6: XAUUSD | C6: H1 | D6: 4818.33 | E6: 4865.6855 | F6: 4859.4131 | G6: 4893.051 | H6: 4836.3314 | J6: 1775128800 | K6: XAUUSD | L6: M5 | M6: 4625.56 | N6: 4621.2593 | O6: 4623.4694 | P6: 4627.1789 | Q6: 4619.3456
A7: 1770303600 | B7: XAUUSD | C7: H1 | D7: 4888.86 | E7: 4865.2815 | F7: 4862.3473 | G7: 4892.5267 | H7: 4843.0972 | J7: 1775129100 | K7: XAUUSD | L7: M5 | M7: 4614.98 | N7: 4616.8745 | O7: 4620.172 | P7: 4623.8187 | Q7: 4615.1334
A8: 1770307200 | B8: XAUUSD | C8: H1 | D8: 4868.94 | E8: 4853.9564 | F8: 4858.1518 | G8: 4883.0128 | H8: 4839.5011 | J8: 1775129400 | K8: XAUUSD | L8: M5 | M8: 4613.45 | N8: 4612.3584 | O8: 4616.2652 | P8: 4619.472 | Q8: 4610.3074
A9: 1770310800 | B9: XAUUSD | C9: H1 | D9: 4857.99 | E9: 4835.6818 | F9: 4846.9168 | G9: 4867.2408 | H9: 4823.2271 | J9: 1775129700 | K9: XAUUSD | L9: M5 | M9: 4608.84 | N9: 4608.057 | O9: 4612.1611 | P9: 4615.3228 | Q9: 4605.4399
A10: 1770314400 | B10: XAUUSD | C10: H1 | D10: 4829.42 | E10: 4813.8638 | F10: 4830.3903 | G10: 4848.5111 | H10: 4797.9059 | J10: 1775130000 | K10: XAUUSD | L10: M5 | M10: 4600.1 | N10: 4604.4893 | O10: 4608.3252 | P10: 4611.6118 | Q10: 4600.863
A11: 1770318000 | B11: XAUUSD | C11: H1 | D11: 4811.43 | E11: 4793.1035 | F11: 4811.7469 | G11: 4829.8837 | H11: 4769.1734 | J11: 1775130300 | K11: XAUUSD | L11: M5 | M11: 4604.26 | N11: 4602.3008 | O11: 4605.313 | P11: 4608.9235 | Q11: 4597.6154
A12: 1770321600 | B12: XAUUSD | C12: H1 | D12: 4779.67 | E12: 4777.1719 | F12: 4794.4594 | G12: 4814.8349 | H12: 4743.1615 | J12: 1775130600 | K12: XAUUSD | L12: M5 | M12: 4601.44 | N12: 4601.4458 | O12: 4603.3794 | P12: 4607.53 | Q12: 4595.8358
A13: 1770328800 | B13: XAUUSD | C13: H1 | D13: 4703.8 | E13: 4769.2476 | F13: 4781.8535 | G13: 4805.7536 | H13: 4725.2752 | J13: 1775130900 | K13: XAUUSD | L13: M5 | M13: 4600.2 | N13: 4602.115 | O13: 4602.7472 | P13: 4607.235 | Q13: 4595.5989
... A1001: 1775700000 | B1001: XAUUSD | C1001: H1 | D1001: 4725.08 | E1001: 4729.8585 | F1001: 4726.2104 | G1001: 4731.5689 | H1001: 4714.4966 | J1001: 1775700900 | K1001: XAUUSD | L1001: M5 | M1001: 4724.33 | N1001: 4723.4584 | O1001: 4723.57 | P1001: 4725.72 | Q1001: 4722.0739

Sheet Chart_Plot
A1: timestamp_m5 | B1: symbol_h1 | C1: timeframe_h1 | D1: close_h1 | E1: ssa_h1 | F1: ema_ssa_h1 | G1: ssa_high_h1 | H1: ssa_low_h1 | I1: symbol_m5 | J1: timeframe_m5 | K1: close_m5 | L1: ssa_m5 | M1: ema_ssa_m5 | N1: ssa_high_m5 | O1: ssa_low_m5 | R1: timestamp | S1: symbol | T1: timeframe | U1: close | V1: ssa_m5_interpolation | W1: ema_ssa_m5_interpolation | X1: ssa_m5 | Y1: ema_ssa_m5 | Z1: ssa_high_m5_interpolation | AA1: ssa_high_m5 | AB1: ssa_low_m5_interpolation | AC1: ssa_low_m5 | AE1: =X1 -> ssa_m5 | AF1: =Z1 -> ssa_high_m5_interpolation | AG1: =AB1 -> ssa_low_m5_interpolation
A2: =ALGLIB_SSA_XAUUSD!J2 -> 1775127600 | B2: =_xlfn.XLOOKUP($A2,ALGLIB_SSA_XAUUSD!$A$2:$A$1001,ALGLIB_SSA_XAUUSD!$B$2:$B$1001,"",0) -> XAUUSD | C2: =_xlfn.XLOOKUP($A2,ALGLIB_SSA_XAUUSD!$A$2:$A$1001,ALGLIB_SSA_XAUUSD!$C$2:$C$1001,"",0) -> H1 | D2: =_xlfn.XLOOKUP($A2,ALGLIB_SSA_XAUUSD!$A$2:$A$1001,ALGLIB_SSA_XAUUSD!$D$2:$D$1001,"",0) -> 4600.2 | E2: =_xlfn.XLOOKUP($A2,ALGLIB_SSA_XAUUSD!$A$2:$A$1001,ALGLIB_SSA_XAUUSD!$E$2:$E$1001,"",0) -> 4619.8464 | F2: =_xlfn.XLOOKUP($A2,ALGLIB_SSA_XAUUSD!$A$2:$A$1001,ALGLIB_SSA_XAUUSD!$F$2:$F$1001,"",0) -> 4616.0957 | G2: =_xlfn.XLOOKUP($A2,ALGLIB_SSA_XAUUSD!$A$2:$A$1001,ALGLIB_SSA_XAUUSD!$G$2:$G$1001,"",0) -> 4639.0441 | H2: =_xlfn.XLOOKUP($A2,ALGLIB_SSA_XAUUSD!$A$2:$A$1001,ALGLIB_SSA_XAUUSD!$H$2:$H$1001,"",0) -> 4598.7185 | I2: =_xlfn.XLOOKUP($A2,ALGLIB_SSA_XAUUSD!$J$2:$J$1001,ALGLIB_SSA_XAUUSD!$K$2:$K$1001,"",0) -> XAUUSD | J2: =_xlfn.XLOOKUP($A2,ALGLIB_SSA_XAUUSD!$J$2:$J$1001,ALGLIB_SSA_XAUUSD!$L$2:$L$1001,"",0) -> M5 | K2: =_xlfn.XLOOKUP($A2,ALGLIB_SSA_XAUUSD!$J$2:$J$1001,ALGLIB_SSA_XAUUSD!$M$2:$M$1001,"",0) -> 4626.58 | L2: =_xlfn.XLOOKUP($A2,ALGLIB_SSA_XAUUSD!$J$2:$J$1001,ALGLIB_SSA_XAUUSD!$N$2:$N$1001,"",0) -> 4627.2149 | M2: =_xlfn.XLOOKUP($A2,ALGLIB_SSA_XAUUSD!$J$2:$J$1001,ALGLIB_SSA_XAUUSD!$O$2:$O$1001,"",0) -> 4627.2149 | N2: =_xlfn.XLOOKUP($A2,ALGLIB_SSA_XAUUSD!$J$2:$J$1001,ALGLIB_SSA_XAUUSD!$P$2:$P$1001,"",0) -> 4628.9427 | O2: =_xlfn.XLOOKUP($A2,ALGLIB_SSA_XAUUSD!$J$2:$J$1001,ALGLIB_SSA_XAUUSD!$Q$2:$Q$1001,"",0) -> 4622.0951 | R2: =A2 -> 1775127600 | S2: =I2 -> XAUUSD | T2: =J2 -> M5 | U2: =K2 -> 4626.58 | V2: =E2 -> 4619.8464 | W2: =F2 -> 4616.0957 | X2: =L2 -> 4627.2149 | Y2: =M2 -> 4627.2149 | Z2: =G2 -> 4639.0441 | AA2: =N2 -> 4628.9427 | AB2: =H2 -> 4598.7185 | AC2: =O2 -> 4622.0951 | AE2: =X2 -> 4627.2149 | AF2: =Z2 -> 4639.0441 | AG2: =AB2 -> 4598.7185
A3: =ALGLIB_SSA_XAUUSD!J3 -> 1775127900 | B3: =_xlfn.XLOOKUP($A3,ALGLIB_SSA_XAUUSD!$A$2:$A$1001,ALGLIB_SSA_XAUUSD!$B$2:$B$1001,"",0) | C3: =_xlfn.XLOOKUP($A3,ALGLIB_SSA_XAUUSD!$A$2:$A$1001,ALGLIB_SSA_XAUUSD!$C$2:$C$1001,"",0) | D3: =D2+(D14-D2)*1/12 -> 4600.3075 | E3: =E2+(E14-E2)*1/12 -> 4620.7067 | F3: =F2+(F14-F2)*1/12 -> 4616.6821 | G3: =G2+(G14-G2)*1/12 -> 4639.8649 | H3: =H2+(H14-H2)*1/12 -> 4599.3722 | I3: =_xlfn.XLOOKUP($A3,ALGLIB_SSA_XAUUSD!$J$2:$J$1001,ALGLIB_SSA_XAUUSD!$K$2:$K$1001,"",0) -> XAUUSD | J3: =_xlfn.XLOOKUP($A3,ALGLIB_SSA_XAUUSD!$J$2:$J$1001,ALGLIB_SSA_XAUUSD!$L$2:$L$1001,"",0) -> M5 | K3: =_xlfn.XLOOKUP($A3,ALGLIB_SSA_XAUUSD!$J$2:$J$1001,ALGLIB_SSA_XAUUSD!$M$2:$M$1001,"",0) -> 4625.78 | L3: =_xlfn.XLOOKUP($A3,ALGLIB_SSA_XAUUSD!$J$2:$J$1001,ALGLIB_SSA_XAUUSD!$N$2:$N$1001,"",0) -> 4627.1536 | M3: =_xlfn.XLOOKUP($A3,ALGLIB_SSA_XAUUSD!$J$2:$J$1001,ALGLIB_SSA_XAUUSD!$O$2:$O$1001,"",0) -> 4627.1842 | N3: =_xlfn.XLOOKUP($A3,ALGLIB_SSA_XAUUSD!$J$2:$J$1001,ALGLIB_SSA_XAUUSD!$P$2:$P$1001,"",0) -> 4629.7389 | O3: =_xlfn.XLOOKUP($A3,ALGLIB_SSA_XAUUSD!$J$2:$J$1001,ALGLIB_SSA_XAUUSD!$Q$2:$Q$1001,"",0) -> 4623.56 | R3: =A3 -> 1775127900 | S3: =I3 -> XAUUSD | T3: =J3 -> M5 | U3: =K3 -> 4625.78 | V3: =E3 -> 4620.7067 | W3: =F3 -> 4616.6821 | X3: =L3 -> 4627.1536 | Y3: =M3 -> 4627.1842 | Z3: =G3 -> 4639.8649 | AA3: =N3 -> 4629.7389 | AB3: =H3 -> 4599.3722 | AC3: =O3 -> 4623.56 | AE3: =X3 -> 4627.1536 | AF3: =Z3 -> 4639.8649 | AG3: =AB3 -> 4599.3722
A4: =ALGLIB_SSA_XAUUSD!J4 -> 1775128200 | B4: =_xlfn.XLOOKUP($A4,ALGLIB_SSA_XAUUSD!$A$2:$A$1001,ALGLIB_SSA_XAUUSD!$B$2:$B$1001,"",0) | C4: =_xlfn.XLOOKUP($A4,ALGLIB_SSA_XAUUSD!$A$2:$A$1001,ALGLIB_SSA_XAUUSD!$C$2:$C$1001,"",0) | D4: =D2+(D14-D2)*2/12 -> 4600.415 | E4: =E2+(E14-E2)*2/12 -> 4621.567 | F4: =F2+(F14-F2)*2/12 -> 4617.2685 | G4: =G2+(G14-G2)*2/12 -> 4640.6856 | H4: =H2+(H14-H2)*2/12 -> 4600.026 | I4: =_xlfn.XLOOKUP($A4,ALGLIB_SSA_XAUUSD!$J$2:$J$1001,ALGLIB_SSA_XAUUSD!$K$2:$K$1001,"",0) -> XAUUSD | J4: =_xlfn.XLOOKUP($A4,ALGLIB_SSA_XAUUSD!$J$2:$J$1001,ALGLIB_SSA_XAUUSD!$L$2:$L$1001,"",0) -> M5 | K4: =_xlfn.XLOOKUP($A4,ALGLIB_SSA_XAUUSD!$J$2:$J$1001,ALGLIB_SSA_XAUUSD!$M$2:$M$1001,"",0) -> 4627.5 | L4: =_xlfn.XLOOKUP($A4,ALGLIB_SSA_XAUUSD!$J$2:$J$1001,ALGLIB_SSA_XAUUSD!$N$2:$N$1001,"",0) -> 4626.4943 | M4: =_xlfn.XLOOKUP($A4,ALGLIB_SSA_XAUUSD!$J$2:$J$1001,ALGLIB_SSA_XAUUSD!$O$2:$O$1001,"",0) -> 4626.8393 | N4: =_xlfn.XLOOKUP($A4,ALGLIB_SSA_XAUUSD!$J$2:$J$1001,ALGLIB_SSA_XAUUSD!$P$2:$P$1001,"",0) -> 4630.0633 | O4: =_xlfn.XLOOKUP($A4,ALGLIB_SSA_XAUUSD!$J$2:$J$1001,ALGLIB_SSA_XAUUSD!$Q$2:$Q$1001,"",0) -> 4623.5508 | R4: =A4 -> 1775128200 | S4: =I4 -> XAUUSD | T4: =J4 -> M5 | U4: =K4 -> 4627.5 | V4: =E4 -> 4621.567 | W4: =F4 -> 4617.2685 | X4: =L4 -> 4626.4943 | Y4: =M4 -> 4626.8393 | Z4: =G4 -> 4640.6856 | AA4: =N4 -> 4630.0633 | AB4: =H4 -> 4600.026 | AC4: =O4 -> 4623.5508 | AE4: =X4 -> 4626.4943 | AF4: =Z4 -> 4640.6856 | AG4: =AB4 -> 4600.026
A5: =ALGLIB_SSA_XAUUSD!J5 -> 1775128500 | B5: =_xlfn.XLOOKUP($A5,ALGLIB_SSA_XAUUSD!$A$2:$A$1001,ALGLIB_SSA_XAUUSD!$B$2:$B$1001,"",0) | C5: =_xlfn.XLOOKUP($A5,ALGLIB_SSA_XAUUSD!$A$2:$A$1001,ALGLIB_SSA_XAUUSD!$C$2:$C$1001,"",0) | D5: =D2+(D14-D2)*3/12 -> 4600.5225 | E5: =E2+(E14-E2)*3/12 -> 4622.4273 | F5: =F2+(F14-F2)*3/12 -> 4617.8549 | G5: =G2+(G14-G2)*3/12 -> 4641.5064 | H5: =H2+(H14-H2)*3/12 -> 4600.6798 | I5: =_xlfn.XLOOKUP($A5,ALGLIB_SSA_XAUUSD!$J$2:$J$1001,ALGLIB_SSA_XAUUSD!$K$2:$K$1001,"",0) -> XAUUSD | J5: =_xlfn.XLOOKUP($A5,ALGLIB_SSA_XAUUSD!$J$2:$J$1001,ALGLIB_SSA_XAUUSD!$L$2:$L$1001,"",0) -> M5 | K5: =_xlfn.XLOOKUP($A5,ALGLIB_SSA_XAUUSD!$J$2:$J$1001,ALGLIB_SSA_XAUUSD!$M$2:$M$1001,"",0) -> 4624.55 | L5: =_xlfn.XLOOKUP($A5,ALGLIB_SSA_XAUUSD!$J$2:$J$1001,ALGLIB_SSA_XAUUSD!$N$2:$N$1001,"",0) -> 4624.5197 | M5: =_xlfn.XLOOKUP($A5,ALGLIB_SSA_XAUUSD!$J$2:$J$1001,ALGLIB_SSA_XAUUSD!$O$2:$O$1001,"",0) -> 4625.6795 | N5: =_xlfn.XLOOKUP($A5,ALGLIB_SSA_XAUUSD!$J$2:$J$1001,ALGLIB_SSA_XAUUSD!$P$2:$P$1001,"",0) -> 4629.3205 | O5: =_xlfn.XLOOKUP($A5,ALGLIB_SSA_XAUUSD!$J$2:$J$1001,ALGLIB_SSA_XAUUSD!$Q$2:$Q$1001,"",0) -> 4622.127 | R5: =A5 -> 1775128500 | S5: =I5 -> XAUUSD | T5: =J5 -> M5 | U5: =K5 -> 4624.55 | V5: =E5 -> 4622.4273 | W5: =F5 -> 4617.8549 | X5: =L5 -> 4624.5197 | Y5: =M5 -> 4625.6795 | Z5: =G5 -> 4641.5064 | AA5: =N5 -> 4629.3205 | AB5: =H5 -> 4600.6798 | AC5: =O5 -> 4622.127 | AE5: =X5 -> 4624.5197 | AF5: =Z5 -> 4641.5064 | AG5: =AB5 -> 4600.6798
A6: =ALGLIB_SSA_XAUUSD!J6 -> 1775128800 | B6: =_xlfn.XLOOKUP($A6,ALGLIB_SSA_XAUUSD!$A$2:$A$1001,ALGLIB_SSA_XAUUSD!$B$2:$B$1001,"",0) | C6: =_xlfn.XLOOKUP($A6,ALGLIB_SSA_XAUUSD!$A$2:$A$1001,ALGLIB_SSA_XAUUSD!$C$2:$C$1001,"",0) | D6: =D2+(D14-D2)*4/12 -> 4600.63 | E6: =E2+(E14-E2)*4/12 -> 4623.2875 | F6: =F2+(F14-F2)*4/12 -> 4618.4414 | G6: =G2+(G14-G2)*4/12 -> 4642.3272 | H6: =H2+(H14-H2)*4/12 -> 4601.3336 | I6: =_xlfn.XLOOKUP($A6,ALGLIB_SSA_XAUUSD!$J$2:$J$1001,ALGLIB_SSA_XAUUSD!$K$2:$K$1001,"",0) -> XAUUSD | J6: =_xlfn.XLOOKUP($A6,ALGLIB_SSA_XAUUSD!$J$2:$J$1001,ALGLIB_SSA_XAUUSD!$L$2:$L$1001,"",0) -> M5 | K6: =_xlfn.XLOOKUP($A6,ALGLIB_SSA_XAUUSD!$J$2:$J$1001,ALGLIB_SSA_XAUUSD!$M$2:$M$1001,"",0) -> 4625.56 | L6: =_xlfn.XLOOKUP($A6,ALGLIB_SSA_XAUUSD!$J$2:$J$1001,ALGLIB_SSA_XAUUSD!$N$2:$N$1001,"",0) -> 4621.2593 | M6: =_xlfn.XLOOKUP($A6,ALGLIB_SSA_XAUUSD!$J$2:$J$1001,ALGLIB_SSA_XAUUSD!$O$2:$O$1001,"",0) -> 4623.4694 | N6: =_xlfn.XLOOKUP($A6,ALGLIB_SSA_XAUUSD!$J$2:$J$1001,ALGLIB_SSA_XAUUSD!$P$2:$P$1001,"",0) -> 4627.1789 | O6: =_xlfn.XLOOKUP($A6,ALGLIB_SSA_XAUUSD!$J$2:$J$1001,ALGLIB_SSA_XAUUSD!$Q$2:$Q$1001,"",0) -> 4619.3456 | R6: =A6 -> 1775128800 | S6: =I6 -> XAUUSD | T6: =J6 -> M5 | U6: =K6 -> 4625.56 | V6: =E6 -> 4623.2875 | W6: =F6 -> 4618.4414 | X6: =L6 -> 4621.2593 | Y6: =M6 -> 4623.4694 | Z6: =G6 -> 4642.3272 | AA6: =N6 -> 4627.1789 | AB6: =H6 -> 4601.3336 | AC6: =O6 -> 4619.3456 | AE6: =X6 -> 4621.2593 | AF6: =Z6 -> 4642.3272 | AG6: =AB6 -> 4601.3336
A7: =ALGLIB_SSA_XAUUSD!J7 -> 1775129100 | B7: =_xlfn.XLOOKUP($A7,ALGLIB_SSA_XAUUSD!$A$2:$A$1001,ALGLIB_SSA_XAUUSD!$B$2:$B$1001,"",0) | C7: =_xlfn.XLOOKUP($A7,ALGLIB_SSA_XAUUSD!$A$2:$A$1001,ALGLIB_SSA_XAUUSD!$C$2:$C$1001,"",0) | D7: =D2+(D14-D2)*5/12 -> 4600.7375 | E7: =E2+(E14-E2)*5/12 -> 4624.1478 | F7: =F2+(F14-F2)*5/12 -> 4619.0278 | G7: =G2+(G14-G2)*5/12 -> 4643.1479 | H7: =H2+(H14-H2)*5/12 -> 4601.9874 | I7: =_xlfn.XLOOKUP($A7,ALGLIB_SSA_XAUUSD!$J$2:$J$1001,ALGLIB_SSA_XAUUSD!$K$2:$K$1001,"",0) -> XAUUSD | J7: =_xlfn.XLOOKUP($A7,ALGLIB_SSA_XAUUSD!$J$2:$J$1001,ALGLIB_SSA_XAUUSD!$L$2:$L$1001,"",0) -> M5 | K7: =_xlfn.XLOOKUP($A7,ALGLIB_SSA_XAUUSD!$J$2:$J$1001,ALGLIB_SSA_XAUUSD!$M$2:$M$1001,"",0) -> 4614.98 | L7: =_xlfn.XLOOKUP($A7,ALGLIB_SSA_XAUUSD!$J$2:$J$1001,ALGLIB_SSA_XAUUSD!$N$2:$N$1001,"",0) -> 4616.8745 | M7: =_xlfn.XLOOKUP($A7,ALGLIB_SSA_XAUUSD!$J$2:$J$1001,ALGLIB_SSA_XAUUSD!$O$2:$O$1001,"",0) -> 4620.172 | N7: =_xlfn.XLOOKUP($A7,ALGLIB_SSA_XAUUSD!$J$2:$J$1001,ALGLIB_SSA_XAUUSD!$P$2:$P$1001,"",0) -> 4623.8187 | O7: =_xlfn.XLOOKUP($A7,ALGLIB_SSA_XAUUSD!$J$2:$J$1001,ALGLIB_SSA_XAUUSD!$Q$2:$Q$1001,"",0) -> 4615.1334 | R7: =A7 -> 1775129100 | S7: =I7 -> XAUUSD | T7: =J7 -> M5 | U7: =K7 -> 4614.98 | V7: =E7 -> 4624.1478 | W7: =F7 -> 4619.0278 | X7: =L7 -> 4616.8745 | Y7: =M7 -> 4620.172 | Z7: =G7 -> 4643.1479 | AA7: =N7 -> 4623.8187 | AB7: =H7 -> 4601.9874 | AC7: =O7 -> 4615.1334 | AE7: =X7 -> 4616.8745 | AF7: =Z7 -> 4643.1479 | AG7: =AB7 -> 4601.9874
A8: =ALGLIB_SSA_XAUUSD!J8 -> 1775129400 | B8: =_xlfn.XLOOKUP($A8,ALGLIB_SSA_XAUUSD!$A$2:$A$1001,ALGLIB_SSA_XAUUSD!$B$2:$B$1001,"",0) | C8: =_xlfn.XLOOKUP($A8,ALGLIB_SSA_XAUUSD!$A$2:$A$1001,ALGLIB_SSA_XAUUSD!$C$2:$C$1001,"",0) | D8: =D2+(D14-D2)*6/12 -> 4600.845 | E8: =E2+(E14-E2)*6/12 -> 4625.0081 | F8: =F2+(F14-F2)*6/12 -> 4619.6142 | G8: =G2+(G14-G2)*6/12 -> 4643.9687 | H8: =H2+(H14-H2)*6/12 -> 4602.6412 | I8: =_xlfn.XLOOKUP($A8,ALGLIB_SSA_XAUUSD!$J$2:$J$1001,ALGLIB_SSA_XAUUSD!$K$2:$K$1001,"",0) -> XAUUSD | J8: =_xlfn.XLOOKUP($A8,ALGLIB_SSA_XAUUSD!$J$2:$J$1001,ALGLIB_SSA_XAUUSD!$L$2:$L$1001,"",0) -> M5 | K8: =_xlfn.XLOOKUP($A8,ALGLIB_SSA_XAUUSD!$J$2:$J$1001,ALGLIB_SSA_XAUUSD!$M$2:$M$1001,"",0) -> 4613.45 | L8: =_xlfn.XLOOKUP($A8,ALGLIB_SSA_XAUUSD!$J$2:$J$1001,ALGLIB_SSA_XAUUSD!$N$2:$N$1001,"",0) -> 4612.3584 | M8: =_xlfn.XLOOKUP($A8,ALGLIB_SSA_XAUUSD!$J$2:$J$1001,ALGLIB_SSA_XAUUSD!$O$2:$O$1001,"",0) -> 4616.2652 | N8: =_xlfn.XLOOKUP($A8,ALGLIB_SSA_XAUUSD!$J$2:$J$1001,ALGLIB_SSA_XAUUSD!$P$2:$P$1001,"",0) -> 4619.472 | O8: =_xlfn.XLOOKUP($A8,ALGLIB_SSA_XAUUSD!$J$2:$J$1001,ALGLIB_SSA_XAUUSD!$Q$2:$Q$1001,"",0) -> 4610.3074 | R8: =A8 -> 1775129400 | S8: =I8 -> XAUUSD | T8: =J8 -> M5 | U8: =K8 -> 4613.45 | V8: =E8 -> 4625.0081 | W8: =F8 -> 4619.6142 | X8: =L8 -> 4612.3584 | Y8: =M8 -> 4616.2652 | Z8: =G8 -> 4643.9687 | AA8: =N8 -> 4619.472 | AB8: =H8 -> 4602.6412 | AC8: =O8 -> 4610.3074 | AE8: =X8 -> 4612.3584 | AF8: =Z8 -> 4643.9687 | AG8: =AB8 -> 4602.6412
A9: =ALGLIB_SSA_XAUUSD!J9 -> 1775129700 | B9: =_xlfn.XLOOKUP($A9,ALGLIB_SSA_XAUUSD!$A$2:$A$1001,ALGLIB_SSA_XAUUSD!$B$2:$B$1001,"",0) | C9: =_xlfn.XLOOKUP($A9,ALGLIB_SSA_XAUUSD!$A$2:$A$1001,ALGLIB_SSA_XAUUSD!$C$2:$C$1001,"",0) | D9: =D2+(D14-D2)*7/12 -> 4600.9525 | E9: =E2+(E14-E2)*7/12 -> 4625.8684 | F9: =F2+(F14-F2)*7/12 -> 4620.2006 | G9: =G2+(G14-G2)*7/12 -> 4644.7894 | H9: =H2+(H14-H2)*7/12 -> 4603.295 | I9: =_xlfn.XLOOKUP($A9,ALGLIB_SSA_XAUUSD!$J$2:$J$1001,ALGLIB_SSA_XAUUSD!$K$2:$K$1001,"",0) -> XAUUSD | J9: =_xlfn.XLOOKUP($A9,ALGLIB_SSA_XAUUSD!$J$2:$J$1001,ALGLIB_SSA_XAUUSD!$L$2:$L$1001,"",0) -> M5 | K9: =_xlfn.XLOOKUP($A9,ALGLIB_SSA_XAUUSD!$J$2:$J$1001,ALGLIB_SSA_XAUUSD!$M$2:$M$1001,"",0) -> 4608.84 | L9: =_xlfn.XLOOKUP($A9,ALGLIB_SSA_XAUUSD!$J$2:$J$1001,ALGLIB_SSA_XAUUSD!$N$2:$N$1001,"",0) -> 4608.057 | M9: =_xlfn.XLOOKUP($A9,ALGLIB_SSA_XAUUSD!$J$2:$J$1001,ALGLIB_SSA_XAUUSD!$O$2:$O$1001,"",0) -> 4612.1611 | N9: =_xlfn.XLOOKUP($A9,ALGLIB_SSA_XAUUSD!$J$2:$J$1001,ALGLIB_SSA_XAUUSD!$P$2:$P$1001,"",0) -> 4615.3228 | O9: =_xlfn.XLOOKUP($A9,ALGLIB_SSA_XAUUSD!$J$2:$J$1001,ALGLIB_SSA_XAUUSD!$Q$2:$Q$1001,"",0) -> 4605.4399 | R9: =A9 -> 1775129700 | S9: =I9 -> XAUUSD | T9: =J9 -> M5 | U9: =K9 -> 4608.84 | V9: =E9 -> 4625.8684 | W9: =F9 -> 4620.2006 | X9: =L9 -> 4608.057 | Y9: =M9 -> 4612.1611 | Z9: =G9 -> 4644.7894 | AA9: =N9 -> 4615.3228 | AB9: =H9 -> 4603.295 | AC9: =O9 -> 4605.4399 | AE9: =X9 -> 4608.057 | AF9: =Z9 -> 4644.7894 | AG9: =AB9 -> 4603.295
A10: =ALGLIB_SSA_XAUUSD!J10 -> 1775130000 | B10: =_xlfn.XLOOKUP($A10,ALGLIB_SSA_XAUUSD!$A$2:$A$1001,ALGLIB_SSA_XAUUSD!$B$2:$B$1001,"",0) | C10: =_xlfn.XLOOKUP($A10,ALGLIB_SSA_XAUUSD!$A$2:$A$1001,ALGLIB_SSA_XAUUSD!$C$2:$C$1001,"",0) | D10: =D2+(D14-D2)*8/12 -> 4601.06 | E10: =E2+(E14-E2)*8/12 -> 4626.7287 | F10: =F2+(F14-F2)*8/12 -> 4620.787 | G10: =G2+(G14-G2)*8/12 -> 4645.6102 | H10: =H2+(H14-H2)*8/12 -> 4603.9488 | I10: =_xlfn.XLOOKUP($A10,ALGLIB_SSA_XAUUSD!$J$2:$J$1001,ALGLIB_SSA_XAUUSD!$K$2:$K$1001,"",0) -> XAUUSD | J10: =_xlfn.XLOOKUP($A10,ALGLIB_SSA_XAUUSD!$J$2:$J$1001,ALGLIB_SSA_XAUUSD!$L$2:$L$1001,"",0) -> M5 | K10: =_xlfn.XLOOKUP($A10,ALGLIB_SSA_XAUUSD!$J$2:$J$1001,ALGLIB_SSA_XAUUSD!$M$2:$M$1001,"",0) -> 4600.1 | L10: =_xlfn.XLOOKUP($A10,ALGLIB_SSA_XAUUSD!$J$2:$J$1001,ALGLIB_SSA_XAUUSD!$N$2:$N$1001,"",0) -> 4604.4893 | M10: =_xlfn.XLOOKUP($A10,ALGLIB_SSA_XAUUSD!$J$2:$J$1001,ALGLIB_SSA_XAUUSD!$O$2:$O$1001,"",0) -> 4608.3252 | N10: =_xlfn.XLOOKUP($A10,ALGLIB_SSA_XAUUSD!$J$2:$J$1001,ALGLIB_SSA_XAUUSD!$P$2:$P$1001,"",0) -> 4611.6118 | O10: =_xlfn.XLOOKUP($A10,ALGLIB_SSA_XAUUSD!$J$2:$J$1001,ALGLIB_SSA_XAUUSD!$Q$2:$Q$1001,"",0) -> 4600.863 | R10: =A10 -> 1775130000 | S10: =I10 -> XAUUSD | T10: =J10 -> M5 | U10: =K10 -> 4600.1 | V10: =E10 -> 4626.7287 | W10: =F10 -> 4620.787 | X10: =L10 -> 4604.4893 | Y10: =M10 -> 4608.3252 | Z10: =G10 -> 4645.6102 | AA10: =N10 -> 4611.6118 | AB10: =H10 -> 4603.9488 | AC10: =O10 -> 4600.863 | AE10: =X10 -> 4604.4893 | AF10: =Z10 -> 4645.6102 | AG10: =AB10 -> 4603.9488
A11: =ALGLIB_SSA_XAUUSD!J11 -> 1775130300 | B11: =_xlfn.XLOOKUP($A11,ALGLIB_SSA_XAUUSD!$A$2:$A$1001,ALGLIB_SSA_XAUUSD!$B$2:$B$1001,"",0) | C11: =_xlfn.XLOOKUP($A11,ALGLIB_SSA_XAUUSD!$A$2:$A$1001,ALGLIB_SSA_XAUUSD!$C$2:$C$1001,"",0) | D11: =D2+(D14-D2)*9/12 -> 4601.1675 | E11: =E2+(E14-E2)*9/12 -> 4627.5889 | F11: =F2+(F14-F2)*9/12 -> 4621.3735 | G11: =G2+(G14-G2)*9/12 -> 4646.431 | H11: =H2+(H14-H2)*9/12 -> 4604.6025 | I11: =_xlfn.XLOOKUP($A11,ALGLIB_SSA_XAUUSD!$J$2:$J$1001,ALGLIB_SSA_XAUUSD!$K$2:$K$1001,"",0) -> XAUUSD | J11: =_xlfn.XLOOKUP($A11,ALGLIB_SSA_XAUUSD!$J$2:$J$1001,ALGLIB_SSA_XAUUSD!$L$2:$L$1001,"",0) -> M5 | K11: =_xlfn.XLOOKUP($A11,ALGLIB_SSA_XAUUSD!$J$2:$J$1001,ALGLIB_SSA_XAUUSD!$M$2:$M$1001,"",0) -> 4604.26 | L11: =_xlfn.XLOOKUP($A11,ALGLIB_SSA_XAUUSD!$J$2:$J$1001,ALGLIB_SSA_XAUUSD!$N$2:$N$1001,"",0) -> 4602.3008 | M11: =_xlfn.XLOOKUP($A11,ALGLIB_SSA_XAUUSD!$J$2:$J$1001,ALGLIB_SSA_XAUUSD!$O$2:$O$1001,"",0) -> 4605.313 | N11: =_xlfn.XLOOKUP($A11,ALGLIB_SSA_XAUUSD!$J$2:$J$1001,ALGLIB_SSA_XAUUSD!$P$2:$P$1001,"",0) -> 4608.9235 | O11: =_xlfn.XLOOKUP($A11,ALGLIB_SSA_XAUUSD!$J$2:$J$1001,ALGLIB_SSA_XAUUSD!$Q$2:$Q$1001,"",0) -> 4597.6154 | R11: =A11 -> 1775130300 | S11: =I11 -> XAUUSD | T11: =J11 -> M5 | U11: =K11 -> 4604.26 | V11: =E11 -> 4627.5889 | W11: =F11 -> 4621.3735 | X11: =L11 -> 4602.3008 | Y11: =M11 -> 4605.313 | Z11: =G11 -> 4646.431 | AA11: =N11 -> 4608.9235 | AB11: =H11 -> 4604.6025 | AC11: =O11 -> 4597.6154 | AE11: =X11 -> 4602.3008 | AF11: =Z11 -> 4646.431 | AG11: =AB11 -> 4604.6025
A12: =ALGLIB_SSA_XAUUSD!J12 -> 1775130600 | B12: =_xlfn.XLOOKUP($A12,ALGLIB_SSA_XAUUSD!$A$2:$A$1001,ALGLIB_SSA_XAUUSD!$B$2:$B$1001,"",0) | C12: =_xlfn.XLOOKUP($A12,ALGLIB_SSA_XAUUSD!$A$2:$A$1001,ALGLIB_SSA_XAUUSD!$C$2:$C$1001,"",0) | D12: =D2+(D14-D2)*10/12 -> 4601.275 | E12: =E2+(E14-E2)*10/12 -> 4628.4492 | F12: =F2+(F14-F2)*10/12 -> 4621.9599 | G12: =G2+(G14-G2)*10/12 -> 4647.2517 | H12: =H2+(H14-H2)*10/12 -> 4605.2563 | I12: =_xlfn.XLOOKUP($A12,ALGLIB_SSA_XAUUSD!$J$2:$J$1001,ALGLIB_SSA_XAUUSD!$K$2:$K$1001,"",0) -> XAUUSD | J12: =_xlfn.XLOOKUP($A12,ALGLIB_SSA_XAUUSD!$J$2:$J$1001,ALGLIB_SSA_XAUUSD!$L$2:$L$1001,"",0) -> M5 | K12: =_xlfn.XLOOKUP($A12,ALGLIB_SSA_XAUUSD!$J$2:$J$1001,ALGLIB_SSA_XAUUSD!$M$2:$M$1001,"",0) -> 4601.44 | L12: =_xlfn.XLOOKUP($A12,ALGLIB_SSA_XAUUSD!$J$2:$J$1001,ALGLIB_SSA_XAUUSD!$N$2:$N$1001,"",0) -> 4601.4458 | M12: =_xlfn.XLOOKUP($A12,ALGLIB_SSA_XAUUSD!$J$2:$J$1001,ALGLIB_SSA_XAUUSD!$O$2:$O$1001,"",0) -> 4603.3794 | N12: =_xlfn.XLOOKUP($A12,ALGLIB_SSA_XAUUSD!$J$2:$J$1001,ALGLIB_SSA_XAUUSD!$P$2:$P$1001,"",0) -> 4607.53 | O12: =_xlfn.XLOOKUP($A12,ALGLIB_SSA_XAUUSD!$J$2:$J$1001,ALGLIB_SSA_XAUUSD!$Q$2:$Q$1001,"",0) -> 4595.8358 | R12: =A12 -> 1775130600 | S12: =I12 -> XAUUSD | T12: =J12 -> M5 | U12: =K12 -> 4601.44 | V12: =E12 -> 4628.4492 | W12: =F12 -> 4621.9599 | X12: =L12 -> 4601.4458 | Y12: =M12 -> 4603.3794 | Z12: =G12 -> 4647.2517 | AA12: =N12 -> 4607.53 | AB12: =H12 -> 4605.2563 | AC12: =O12 -> 4595.8358 | AE12: =X12 -> 4601.4458 | AF12: =Z12 -> 4647.2517 | AG12: =AB12 -> 4605.2563
A13: =ALGLIB_SSA_XAUUSD!J13 -> 1775130900 | B13: =_xlfn.XLOOKUP($A13,ALGLIB_SSA_XAUUSD!$A$2:$A$1001,ALGLIB_SSA_XAUUSD!$B$2:$B$1001,"",0) | C13: =_xlfn.XLOOKUP($A13,ALGLIB_SSA_XAUUSD!$A$2:$A$1001,ALGLIB_SSA_XAUUSD!$C$2:$C$1001,"",0) | D13: =D2+(D14-D2)*11/12 -> 4601.3825 | E13: =E2+(E14-E2)*11/12 -> 4629.3095 | F13: =F2+(F14-F2)*11/12 -> 4622.5463 | G13: =G2+(G14-G2)*11/12 -> 4648.0725 | H13: =H2+(H14-H2)*11/12 -> 4605.9101 | I13: =_xlfn.XLOOKUP($A13,ALGLIB_SSA_XAUUSD!$J$2:$J$1001,ALGLIB_SSA_XAUUSD!$K$2:$K$1001,"",0) -> XAUUSD | J13: =_xlfn.XLOOKUP($A13,ALGLIB_SSA_XAUUSD!$J$2:$J$1001,ALGLIB_SSA_XAUUSD!$L$2:$L$1001,"",0) -> M5 | K13: =_xlfn.XLOOKUP($A13,ALGLIB_SSA_XAUUSD!$J$2:$J$1001,ALGLIB_SSA_XAUUSD!$M$2:$M$1001,"",0) -> 4600.2 | L13: =_xlfn.XLOOKUP($A13,ALGLIB_SSA_XAUUSD!$J$2:$J$1001,ALGLIB_SSA_XAUUSD!$N$2:$N$1001,"",0) -> 4602.115 | M13: =_xlfn.XLOOKUP($A13,ALGLIB_SSA_XAUUSD!$J$2:$J$1001,ALGLIB_SSA_XAUUSD!$O$2:$O$1001,"",0) -> 4602.7472 | N13: =_xlfn.XLOOKUP($A13,ALGLIB_SSA_XAUUSD!$J$2:$J$1001,ALGLIB_SSA_XAUUSD!$P$2:$P$1001,"",0) -> 4607.235 | O13: =_xlfn.XLOOKUP($A13,ALGLIB_SSA_XAUUSD!$J$2:$J$1001,ALGLIB_SSA_XAUUSD!$Q$2:$Q$1001,"",0) -> 4595.5989 | R13: =A13 -> 1775130900 | S13: =I13 -> XAUUSD | T13: =J13 -> M5 | U13: =K13 -> 4600.2 | V13: =E13 -> 4629.3095 | W13: =F13 -> 4622.5463 | X13: =L13 -> 4602.115 | Y13: =M13 -> 4602.7472 | Z13: =G13 -> 4648.0725 | AA13: =N13 -> 4607.235 | AB13: =H13 -> 4605.9101 | AC13: =O13 -> 4595.5989 | AE13: =X13 -> 4602.115 | AF13: =Z13 -> 4648.0725 | AG13: =AB13 -> 4605.9101
A14: =ALGLIB_SSA_XAUUSD!J14 -> 1775131200 | B14: =_xlfn.XLOOKUP($A14,ALGLIB_SSA_XAUUSD!$A$2:$A$1001,ALGLIB_SSA_XAUUSD!$B$2:$B$1001,"",0) -> XAUUSD | C14: =_xlfn.XLOOKUP($A14,ALGLIB_SSA_XAUUSD!$A$2:$A$1001,ALGLIB_SSA_XAUUSD!$C$2:$C$1001,"",0) -> H1 | D14: =_xlfn.XLOOKUP($A14,ALGLIB_SSA_XAUUSD!$A$2:$A$1001,ALGLIB_SSA_XAUUSD!$D$2:$D$1001,"",0) -> 4601.49 | E14: =_xlfn.XLOOKUP($A14,ALGLIB_SSA_XAUUSD!$A$2:$A$1001,ALGLIB_SSA_XAUUSD!$E$2:$E$1001,"",0) -> 4630.1698 | F14: =_xlfn.XLOOKUP($A14,ALGLIB_SSA_XAUUSD!$A$2:$A$1001,ALGLIB_SSA_XAUUSD!$F$2:$F$1001,"",0) -> 4623.1327 | G14: =_xlfn.XLOOKUP($A14,ALGLIB_SSA_XAUUSD!$A$2:$A$1001,ALGLIB_SSA_XAUUSD!$G$2:$G$1001,"",0) -> 4648.8933 | H14: =_xlfn.XLOOKUP($A14,ALGLIB_SSA_XAUUSD!$A$2:$A$1001,ALGLIB_SSA_XAUUSD!$H$2:$H$1001,"",0) -> 4606.5639 | I14: =_xlfn.XLOOKUP($A14,ALGLIB_SSA_XAUUSD!$J$2:$J$1001,ALGLIB_SSA_XAUUSD!$K$2:$K$1001,"",0) -> XAUUSD | J14: =_xlfn.XLOOKUP($A14,ALGLIB_SSA_XAUUSD!$J$2:$J$1001,ALGLIB_SSA_XAUUSD!$L$2:$L$1001,"",0) -> M5 | K14: =_xlfn.XLOOKUP($A14,ALGLIB_SSA_XAUUSD!$J$2:$J$1001,ALGLIB_SSA_XAUUSD!$M$2:$M$1001,"",0) -> 4607.01 | L14: =_xlfn.XLOOKUP($A14,ALGLIB_SSA_XAUUSD!$J$2:$J$1001,ALGLIB_SSA_XAUUSD!$N$2:$N$1001,"",0) -> 4604.3495 | M14: =_xlfn.XLOOKUP($A14,ALGLIB_SSA_XAUUSD!$J$2:$J$1001,ALGLIB_SSA_XAUUSD!$O$2:$O$1001,"",0) -> 4603.5483 | N14: =_xlfn.XLOOKUP($A14,ALGLIB_SSA_XAUUSD!$J$2:$J$1001,ALGLIB_SSA_XAUUSD!$P$2:$P$1001,"",0) -> 4608.377 | O14: =_xlfn.XLOOKUP($A14,ALGLIB_SSA_XAUUSD!$J$2:$J$1001,ALGLIB_SSA_XAUUSD!$Q$2:$Q$1001,"",0) -> 4597.0596 | R14: =A14 -> 1775131200 | S14: =I14 -> XAUUSD | T14: =J14 -> M5 | U14: =K14 -> 4607.01 | V14: =E14 -> 4630.1698 | W14: =F14 -> 4623.1327 | X14: =L14 -> 4604.3495 | Y14: =M14 -> 4603.5483 | Z14: =G14 -> 4648.8933 | AA14: =N14 -> 4608.377 | AB14: =H14 -> 4606.5639 | AC14: =O14 -> 4597.0596 | AE14: =X14 -> 4604.3495 | AF14: =Z14 -> 4648.8933 | AG14: =AB14 -> 4606.5639
A15: =ALGLIB_SSA_XAUUSD!J15 -> 1775131500 | B15: =_xlfn.XLOOKUP($A15,ALGLIB_SSA_XAUUSD!$A$2:$A$1001,ALGLIB_SSA_XAUUSD!$B$2:$B$1001,"",0) | C15: =_xlfn.XLOOKUP($A15,ALGLIB_SSA_XAUUSD!$A$2:$A$1001,ALGLIB_SSA_XAUUSD!$C$2:$C$1001,"",0) | D15: =D14+(D26-D14)*1/12 -> 4605.1433 | E15: =E14+(E26-E14)*1/12 -> 4631.1781 | F15: =F14+(F26-F14)*1/12 -> 4623.9301 | G15: =G14+(G26-G14)*1/12 -> 4649.8081 | H15: =H14+(H26-H14)*1/12 -> 4607.3696 | I15: =_xlfn.XLOOKUP($A15,ALGLIB_SSA_XAUUSD!$J$2:$J$1001,ALGLIB_SSA_XAUUSD!$K$2:$K$1001,"",0) -> XAUUSD | J15: =_xlfn.XLOOKUP($A15,ALGLIB_SSA_XAUUSD!$J$2:$J$1001,ALGLIB_SSA_XAUUSD!$L$2:$L$1001,"",0) -> M5 | K15: =_xlfn.XLOOKUP($A15,ALGLIB_SSA_XAUUSD!$J$2:$J$1001,ALGLIB_SSA_XAUUSD!$M$2:$M$1001,"",0) -> 4603.93 | L15: =_xlfn.XLOOKUP($A15,ALGLIB_SSA_XAUUSD!$J$2:$J$1001,ALGLIB_SSA_XAUUSD!$N$2:$N$1001,"",0) -> 4607.7338 | M15: =_xlfn.XLOOKUP($A15,ALGLIB_SSA_XAUUSD!$J$2:$J$1001,ALGLIB_SSA_XAUUSD!$O$2:$O$1001,"",0) -> 4605.6411 | N15: =_xlfn.XLOOKUP($A15,ALGLIB_SSA_XAUUSD!$J$2:$J$1001,ALGLIB_SSA_XAUUSD!$P$2:$P$1001,"",0) -> 4610.7752 | O15: =_xlfn.XLOOKUP($A15,ALGLIB_SSA_XAUUSD!$J$2:$J$1001,ALGLIB_SSA_XAUUSD!$Q$2:$Q$1001,"",0) -> 4600.2291 | R15: =A15 -> 1775131500 | S15: =I15 -> XAUUSD | T15: =J15 -> M5 | U15: =K15 -> 4603.93 | V15: =E15 -> 4631.1781 | W15: =F15 -> 4623.9301 | X15: =L15 -> 4607.7338 | Y15: =M15 -> 4605.6411 | Z15: =G15 -> 4649.8081 | AA15: =N15 -> 4610.7752 | AB15: =H15 -> 4607.3696 | AC15: =O15 -> 4600.2291 | AE15: =X15 -> 4607.7338 | AF15: =Z15 -> 4649.8081 | AG15: =AB15 -> 4607.3696
A16: =ALGLIB_SSA_XAUUSD!J16 -> 1775131800 | B16: =_xlfn.XLOOKUP($A16,ALGLIB_SSA_XAUUSD!$A$2:$A$1001,ALGLIB_SSA_XAUUSD!$B$2:$B$1001,"",0) | C16: =_xlfn.XLOOKUP($A16,ALGLIB_SSA_XAUUSD!$A$2:$A$1001,ALGLIB_SSA_XAUUSD!$C$2:$C$1001,"",0) | D16: =D14+(D26-D14)*2/12 -> 4608.7967 | E16: =E14+(E26-E14)*2/12 -> 4632.1864 | F16: =F14+(F26-F14)*2/12 -> 4624.7275 | G16: =G14+(G26-G14)*2/12 -> 4650.723 | H16: =H14+(H26-H14)*2/12 -> 4608.1752 | I16: =_xlfn.XLOOKUP($A16,ALGLIB_SSA_XAUUSD!$J$2:$J$1001,ALGLIB_SSA_XAUUSD!$K$2:$K$1001,"",0) -> XAUUSD | J16: =_xlfn.XLOOKUP($A16,ALGLIB_SSA_XAUUSD!$J$2:$J$1001,ALGLIB_SSA_XAUUSD!$L$2:$L$1001,"",0) -> M5 | K16: =_xlfn.XLOOKUP($A16,ALGLIB_SSA_XAUUSD!$J$2:$J$1001,ALGLIB_SSA_XAUUSD!$M$2:$M$1001,"",0) -> 4612.54 | L16: =_xlfn.XLOOKUP($A16,ALGLIB_SSA_XAUUSD!$J$2:$J$1001,ALGLIB_SSA_XAUUSD!$N$2:$N$1001,"",0) -> 4611.9904 | M16: =_xlfn.XLOOKUP($A16,ALGLIB_SSA_XAUUSD!$J$2:$J$1001,ALGLIB_SSA_XAUUSD!$O$2:$O$1001,"",0) -> 4608.8158 | N16: =_xlfn.XLOOKUP($A16,ALGLIB_SSA_XAUUSD!$J$2:$J$1001,ALGLIB_SSA_XAUUSD!$P$2:$P$1001,"",0) -> 4614.0696 | O16: =_xlfn.XLOOKUP($A16,ALGLIB_SSA_XAUUSD!$J$2:$J$1001,ALGLIB_SSA_XAUUSD!$Q$2:$Q$1001,"",0) -> 4604.528 | R16: =A16 -> 1775131800 | S16: =I16 -> XAUUSD | T16: =J16 -> M5 | U16: =K16 -> 4612.54 | V16: =E16 -> 4632.1864 | W16: =F16 -> 4624.7275 | X16: =L16 -> 4611.9904 | Y16: =M16 -> 4608.8158 | Z16: =G16 -> 4650.723 | AA16: =N16 -> 4614.0696 | AB16: =H16 -> 4608.1752 | AC16: =O16 -> 4604.528 | AE16: =X16 -> 4611.9904 | AF16: =Z16 -> 4650.723 | AG16: =AB16 -> 4608.1752
A17: =ALGLIB_SSA_XAUUSD!J17 -> 1775132100 | B17: =_xlfn.XLOOKUP($A17,ALGLIB_SSA_XAUUSD!$A$2:$A$1001,ALGLIB_SSA_XAUUSD!$B$2:$B$1001,"",0) | C17: =_xlfn.XLOOKUP($A17,ALGLIB_SSA_XAUUSD!$A$2:$A$1001,ALGLIB_SSA_XAUUSD!$C$2:$C$1001,"",0) | D17: =D14+(D26-D14)*3/12 -> 4612.45 | E17: =E14+(E26-E14)*3/12 -> 4633.1948 | F17: =F14+(F26-F14)*3/12 -> 4625.5248 | G17: =G14+(G26-G14)*3/12 -> 4651.6378 | H17: =H14+(H26-H14)*3/12 -> 4608.9809 | I17: =_xlfn.XLOOKUP($A17,ALGLIB_SSA_XAUUSD!$J$2:$J$1001,ALGLIB_SSA_XAUUSD!$K$2:$K$1001,"",0) -> XAUUSD | J17: =_xlfn.XLOOKUP($A17,ALGLIB_SSA_XAUUSD!$J$2:$J$1001,ALGLIB_SSA_XAUUSD!$L$2:$L$1001,"",0) -> M5 | K17: =_xlfn.XLOOKUP($A17,ALGLIB_SSA_XAUUSD!$J$2:$J$1001,ALGLIB_SSA_XAUUSD!$M$2:$M$1001,"",0) -> 4613.71 | L17: =_xlfn.XLOOKUP($A17,ALGLIB_SSA_XAUUSD!$J$2:$J$1001,ALGLIB_SSA_XAUUSD!$N$2:$N$1001,"",0) -> 4616.4376 | M17: =_xlfn.XLOOKUP($A17,ALGLIB_SSA_XAUUSD!$J$2:$J$1001,ALGLIB_SSA_XAUUSD!$O$2:$O$1001,"",0) -> 4612.6267 | N17: =_xlfn.XLOOKUP($A17,ALGLIB_SSA_XAUUSD!$J$2:$J$1001,ALGLIB_SSA_XAUUSD!$P$2:$P$1001,"",0) -> 4617.9351 | O17: =_xlfn.XLOOKUP($A17,ALGLIB_SSA_XAUUSD!$J$2:$J$1001,ALGLIB_SSA_XAUUSD!$Q$2:$Q$1001,"",0) -> 4609.5104 | R17: =A17 -> 1775132100 | S17: =I17 -> XAUUSD | T17: =J17 -> M5 | U17: =K17 -> 4613.71 | V17: =E17 -> 4633.1948 | W17: =F17 -> 4625.5248 | X17: =L17 -> 4616.4376 | Y17: =M17 -> 4612.6267 | Z17: =G17 -> 4651.6378 | AA17: =N17 -> 4617.9351 | AB17: =H17 -> 4608.9809 | AC17: =O17 -> 4609.5104 | AE17: =X17 -> 4616.4376 | AF17: =Z17 -> 4651.6378 | AG17: =AB17 -> 4608.9809
A18: =ALGLIB_SSA_XAUUSD!J18 -> 1775132400 | B18: =_xlfn.XLOOKUP($A18,ALGLIB_SSA_XAUUSD!$A$2:$A$1001,ALGLIB_SSA_XAUUSD!$B$2:$B$1001,"",0) | C18: =_xlfn.XLOOKUP($A18,ALGLIB_SSA_XAUUSD!$A$2:$A$1001,ALGLIB_SSA_XAUUSD!$C$2:$C$1001,"",0) | D18: =D14+(D26-D14)*4/12 -> 4616.1033 | E18: =E14+(E26-E14)*4/12 -> 4634.2031 | F18: =F14+(F26-F14)*4/12 -> 4626.3222 | G18: =G14+(G26-G14)*4/12 -> 4652.5527 | H18: =H14+(H26-H14)*4/12 -> 4609.7865 | I18: =_xlfn.XLOOKUP($A18,ALGLIB_SSA_XAUUSD!$J$2:$J$1001,ALGLIB_SSA_XAUUSD!$K$2:$K$1001,"",0) -> XAUUSD | J18: =_xlfn.XLOOKUP($A18,ALGLIB_SSA_XAUUSD!$J$2:$J$1001,ALGLIB_SSA_XAUUSD!$L$2:$L$1001,"",0) -> M5 | K18: =_xlfn.XLOOKUP($A18,ALGLIB_SSA_XAUUSD!$J$2:$J$1001,ALGLIB_SSA_XAUUSD!$M$2:$M$1001,"",0) -> 4628.26 | L18: =_xlfn.XLOOKUP($A18,ALGLIB_SSA_XAUUSD!$J$2:$J$1001,ALGLIB_SSA_XAUUSD!$N$2:$N$1001,"",0) -> 4620.5756 | M18: =_xlfn.XLOOKUP($A18,ALGLIB_SSA_XAUUSD!$J$2:$J$1001,ALGLIB_SSA_XAUUSD!$O$2:$O$1001,"",0) -> 4616.6012 | N18: =_xlfn.XLOOKUP($A18,ALGLIB_SSA_XAUUSD!$J$2:$J$1001,ALGLIB_SSA_XAUUSD!$P$2:$P$1001,"",0) -> 4621.9336 | O18: =_xlfn.XLOOKUP($A18,ALGLIB_SSA_XAUUSD!$J$2:$J$1001,ALGLIB_SSA_XAUUSD!$Q$2:$Q$1001,"",0) -> 4614.2645 | R18: =A18 -> 1775132400 | S18: =I18 -> XAUUSD | T18: =J18 -> M5 | U18: =K18 -> 4628.26 | V18: =E18 -> 4634.2031 | W18: =F18 -> 4626.3222 | X18: =L18 -> 4620.5756 | Y18: =M18 -> 4616.6012 | Z18: =G18 -> 4652.5527 | AA18: =N18 -> 4621.9336 | AB18: =H18 -> 4609.7865 | AC18: =O18 -> 4614.2645 | AE18: =X18 -> 4620.5756 | AF18: =Z18 -> 4652.5527 | AG18: =AB18 -> 4609.7865
A19: =ALGLIB_SSA_XAUUSD!J19 -> 1775132700 | B19: =_xlfn.XLOOKUP($A19,ALGLIB_SSA_XAUUSD!$A$2:$A$1001,ALGLIB_SSA_XAUUSD!$B$2:$B$1001,"",0) | C19: =_xlfn.XLOOKUP($A19,ALGLIB_SSA_XAUUSD!$A$2:$A$1001,ALGLIB_SSA_XAUUSD!$C$2:$C$1001,"",0) | D19: =D14+(D26-D14)*5/12 -> 4619.7567 | E19: =E14+(E26-E14)*5/12 -> 4635.2114 | F19: =F14+(F26-F14)*5/12 -> 4627.1196 | G19: =G14+(G26-G14)*5/12 -> 4653.4675 | H19: =H14+(H26-H14)*5/12 -> 4610.5922 | I19: =_xlfn.XLOOKUP($A19,ALGLIB_SSA_XAUUSD!$J$2:$J$1001,ALGLIB_SSA_XAUUSD!$K$2:$K$1001,"",0) -> XAUUSD | J19: =_xlfn.XLOOKUP($A19,ALGLIB_SSA_XAUUSD!$J$2:$J$1001,ALGLIB_SSA_XAUUSD!$L$2:$L$1001,"",0) -> M5 | K19: =_xlfn.XLOOKUP($A19,ALGLIB_SSA_XAUUSD!$J$2:$J$1001,ALGLIB_SSA_XAUUSD!$M$2:$M$1001,"",0) -> 4626.08 | L19: =_xlfn.XLOOKUP($A19,ALGLIB_SSA_XAUUSD!$J$2:$J$1001,ALGLIB_SSA_XAUUSD!$N$2:$N$1001,"",0) -> 4623.5375 | M19: =_xlfn.XLOOKUP($A19,ALGLIB_SSA_XAUUSD!$J$2:$J$1001,ALGLIB_SSA_XAUUSD!$O$2:$O$1001,"",0) -> 4620.0693 | N19: =_xlfn.XLOOKUP($A19,ALGLIB_SSA_XAUUSD!$J$2:$J$1001,ALGLIB_SSA_XAUUSD!$P$2:$P$1001,"",0) -> 4625.3803 | O19: =_xlfn.XLOOKUP($A19,ALGLIB_SSA_XAUUSD!$J$2:$J$1001,ALGLIB_SSA_XAUUSD!$Q$2:$Q$1001,"",0) -> 4618.0848 | R19: =A19 -> 1775132700 | S19: =I19 -> XAUUSD | T19: =J19 -> M5 | U19: =K19 -> 4626.08 | V19: =E19 -> 4635.2114 | W19: =F19 -> 4627.1196 | X19: =L19 -> 4623.5375 | Y19: =M19 -> 4620.0693 | Z19: =G19 -> 4653.4675 | AA19: =N19 -> 4625.3803 | AB19: =H19 -> 4610.5922 | AC19: =O19 -> 4618.0848 | AE19: =X19 -> 4623.5375 | AF19: =Z19 -> 4653.4675 | AG19: =AB19 -> 4610.5922
A20: =ALGLIB_SSA_XAUUSD!J20 -> 1775133000 | B20: =_xlfn.XLOOKUP($A20,ALGLIB_SSA_XAUUSD!$A$2:$A$1001,ALGLIB_SSA_XAUUSD!$B$2:$B$1001,"",0) | C20: =_xlfn.XLOOKUP($A20,ALGLIB_SSA_XAUUSD!$A$2:$A$1001,ALGLIB_SSA_XAUUSD!$C$2:$C$1001,"",0) | D20: =D14+(D26-D14)*6/12 -> 4623.41 | E20: =E14+(E26-E14)*6/12 -> 4636.2198 | F20: =F14+(F26-F14)*6/12 -> 4627.917 | G20: =G14+(G26-G14)*6/12 -> 4654.3824 | H20: =H14+(H26-H14)*6/12 -> 4611.3978 | I20: =_xlfn.XLOOKUP($A20,ALGLIB_SSA_XAUUSD!$J$2:$J$1001,ALGLIB_SSA_XAUUSD!$K$2:$K$1001,"",0) -> XAUUSD | J20: =_xlfn.XLOOKUP($A20,ALGLIB_SSA_XAUUSD!$J$2:$J$1001,ALGLIB_SSA_XAUUSD!$L$2:$L$1001,"",0) -> M5 | K20: =_xlfn.XLOOKUP($A20,ALGLIB_SSA_XAUUSD!$J$2:$J$1001,ALGLIB_SSA_XAUUSD!$M$2:$M$1001,"",0) -> 4621.94 | L20: =_xlfn.XLOOKUP($A20,ALGLIB_SSA_XAUUSD!$J$2:$J$1001,ALGLIB_SSA_XAUUSD!$N$2:$N$1001,"",0) -> 4624.9415 | M20: =_xlfn.XLOOKUP($A20,ALGLIB_SSA_XAUUSD!$J$2:$J$1001,ALGLIB_SSA_XAUUSD!$O$2:$O$1001,"",0) -> 4622.5054 | N20: =_xlfn.XLOOKUP($A20,ALGLIB_SSA_XAUUSD!$J$2:$J$1001,ALGLIB_SSA_XAUUSD!$P$2:$P$1001,"",0) -> 4627.8036 | O20: =_xlfn.XLOOKUP($A20,ALGLIB_SSA_XAUUSD!$J$2:$J$1001,ALGLIB_SSA_XAUUSD!$Q$2:$Q$1001,"",0) -> 4620.1751 | R20: =A20 -> 1775133000 | S20: =I20 -> XAUUSD | T20: =J20 -> M5 | U20: =K20 -> 4621.94 | V20: =E20 -> 4636.2198 | W20: =F20 -> 4627.917 | X20: =L20 -> 4624.9415 | Y20: =M20 -> 4622.5054 | Z20: =G20 -> 4654.3824 | AA20: =N20 -> 4627.8036 | AB20: =H20 -> 4611.3978 | AC20: =O20 -> 4620.1751 | AE20: =X20 -> 4624.9415 | AF20: =Z20 -> 4654.3824 | AG20: =AB20 -> 4611.3978
A21: =ALGLIB_SSA_XAUUSD!J21 -> 1775133300 | B21: =_xlfn.XLOOKUP($A21,ALGLIB_SSA_XAUUSD!$A$2:$A$1001,ALGLIB_SSA_XAUUSD!$B$2:$B$1001,"",0) | C21: =_xlfn.XLOOKUP($A21,ALGLIB_SSA_XAUUSD!$A$2:$A$1001,ALGLIB_SSA_XAUUSD!$C$2:$C$1001,"",0) | D21: =D14+(D26-D14)*7/12 -> 4627.0633 | E21: =E14+(E26-E14)*7/12 -> 4637.2281 | F21: =F14+(F26-F14)*7/12 -> 4628.7144 | G21: =G14+(G26-G14)*7/12 -> 4655.2972 | H21: =H14+(H26-H14)*7/12 -> 4612.2035 | I21: =_xlfn.XLOOKUP($A21,ALGLIB_SSA_XAUUSD!$J$2:$J$1001,ALGLIB_SSA_XAUUSD!$K$2:$K$1001,"",0) -> XAUUSD | J21: =_xlfn.XLOOKUP($A21,ALGLIB_SSA_XAUUSD!$J$2:$J$1001,ALGLIB_SSA_XAUUSD!$L$2:$L$1001,"",0) -> M5 | K21: =_xlfn.XLOOKUP($A21,ALGLIB_SSA_XAUUSD!$J$2:$J$1001,ALGLIB_SSA_XAUUSD!$M$2:$M$1001,"",0) -> 4621.45 | L21: =_xlfn.XLOOKUP($A21,ALGLIB_SSA_XAUUSD!$J$2:$J$1001,ALGLIB_SSA_XAUUSD!$N$2:$N$1001,"",0) -> 4624.5641 | M21: =_xlfn.XLOOKUP($A21,ALGLIB_SSA_XAUUSD!$J$2:$J$1001,ALGLIB_SSA_XAUUSD!$O$2:$O$1001,"",0) -> 4623.5348 | N21: =_xlfn.XLOOKUP($A21,ALGLIB_SSA_XAUUSD!$J$2:$J$1001,ALGLIB_SSA_XAUUSD!$P$2:$P$1001,"",0) -> 4628.8857 | O21: =_xlfn.XLOOKUP($A21,ALGLIB_SSA_XAUUSD!$J$2:$J$1001,ALGLIB_SSA_XAUUSD!$Q$2:$Q$1001,"",0) -> 4620.2812 | R21: =A21 -> 1775133300 | S21: =I21 -> XAUUSD | T21: =J21 -> M5 | U21: =K21 -> 4621.45 | V21: =E21 -> 4637.2281 | W21: =F21 -> 4628.7144 | X21: =L21 -> 4624.5641 | Y21: =M21 -> 4623.5348 | Z21: =G21 -> 4655.2972 | AA21: =N21 -> 4628.8857 | AB21: =H21 -> 4612.2035 | AC21: =O21 -> 4620.2812 | AE21: =X21 -> 4624.5641 | AF21: =Z21 -> 4655.2972 | AG21: =AB21 -> 4612.2035
A22: =ALGLIB_SSA_XAUUSD!J22 -> 1775133600 | B22: =_xlfn.XLOOKUP($A22,ALGLIB_SSA_XAUUSD!$A$2:$A$1001,ALGLIB_SSA_XAUUSD!$B$2:$B$1001,"",0) | C22: =_xlfn.XLOOKUP($A22,ALGLIB_SSA_XAUUSD!$A$2:$A$1001,ALGLIB_SSA_XAUUSD!$C$2:$C$1001,"",0) | D22: =D14+(D26-D14)*8/12 -> 4630.7167 | E22: =E14+(E26-E14)*8/12 -> 4638.2364 | F22: =F14+(F26-F14)*8/12 -> 4629.5117 | G22: =G14+(G26-G14)*8/12 -> 4656.2121 | H22: =H14+(H26-H14)*8/12 -> 4613.0091 | I22: =_xlfn.XLOOKUP($A22,ALGLIB_SSA_XAUUSD!$J$2:$J$1001,ALGLIB_SSA_XAUUSD!$K$2:$K$1001,"",0) -> XAUUSD | J22: =_xlfn.XLOOKUP($A22,ALGLIB_SSA_XAUUSD!$J$2:$J$1001,ALGLIB_SSA_XAUUSD!$L$2:$L$1001,"",0) -> M5 | K22: =_xlfn.XLOOKUP($A22,ALGLIB_SSA_XAUUSD!$J$2:$J$1001,ALGLIB_SSA_XAUUSD!$M$2:$M$1001,"",0) -> 4618.28 | L22: =_xlfn.XLOOKUP($A22,ALGLIB_SSA_XAUUSD!$J$2:$J$1001,ALGLIB_SSA_XAUUSD!$N$2:$N$1001,"",0) -> 4622.2757 | M22: =_xlfn.XLOOKUP($A22,ALGLIB_SSA_XAUUSD!$J$2:$J$1001,ALGLIB_SSA_XAUUSD!$O$2:$O$1001,"",0) -> 4622.9052 | N22: =_xlfn.XLOOKUP($A22,ALGLIB_SSA_XAUUSD!$J$2:$J$1001,ALGLIB_SSA_XAUUSD!$P$2:$P$1001,"",0) -> 4628.3622 | O22: =_xlfn.XLOOKUP($A22,ALGLIB_SSA_XAUUSD!$J$2:$J$1001,ALGLIB_SSA_XAUUSD!$Q$2:$Q$1001,"",0) -> 4618.254 | R22: =A22 -> 1775133600 | S22: =I22 -> XAUUSD | T22: =J22 -> M5 | U22: =K22 -> 4618.28 | V22: =E22 -> 4638.2364 | W22: =F22 -> 4629.5117 | X22: =L22 -> 4622.2757 | Y22: =M22 -> 4622.9052 | Z22: =G22 -> 4656.2121 | AA22: =N22 -> 4628.3622 | AB22: =H22 -> 4613.0091 | AC22: =O22 -> 4618.254 | AE22: =X22 -> 4622.2757 | AF22: =Z22 -> 4656.2121 | AG22: =AB22 -> 4613.0091
A23: =ALGLIB_SSA_XAUUSD!J23 -> 1775133900 | B23: =_xlfn.XLOOKUP($A23,ALGLIB_SSA_XAUUSD!$A$2:$A$1001,ALGLIB_SSA_XAUUSD!$B$2:$B$1001,"",0) | C23: =_xlfn.XLOOKUP($A23,ALGLIB_SSA_XAUUSD!$A$2:$A$1001,ALGLIB_SSA_XAUUSD!$C$2:$C$1001,"",0) | D23: =D14+(D26-D14)*9/12 -> 4634.37 | E23: =E14+(E26-E14)*9/12 -> 4639.2448 | F23: =F14+(F26-F14)*9/12 -> 4630.3091 | G23: =G14+(G26-G14)*9/12 -> 4657.1269 | H23: =H14+(H26-H14)*9/12 -> 4613.8148 | I23: =_xlfn.XLOOKUP($A23,ALGLIB_SSA_XAUUSD!$J$2:$J$1001,ALGLIB_SSA_XAUUSD!$K$2:$K$1001,"",0) -> XAUUSD | J23: =_xlfn.XLOOKUP($A23,ALGLIB_SSA_XAUUSD!$J$2:$J$1001,ALGLIB_SSA_XAUUSD!$L$2:$L$1001,"",0) -> M5 | K23: =_xlfn.XLOOKUP($A23,ALGLIB_SSA_XAUUSD!$J$2:$J$1001,ALGLIB_SSA_XAUUSD!$M$2:$M$1001,"",0) -> 4619.49 | L23: =_xlfn.XLOOKUP($A23,ALGLIB_SSA_XAUUSD!$J$2:$J$1001,ALGLIB_SSA_XAUUSD!$N$2:$N$1001,"",0) -> 4618.1843 | M23: =_xlfn.XLOOKUP($A23,ALGLIB_SSA_XAUUSD!$J$2:$J$1001,ALGLIB_SSA_XAUUSD!$O$2:$O$1001,"",0) -> 4620.5448 | N23: =_xlfn.XLOOKUP($A23,ALGLIB_SSA_XAUUSD!$J$2:$J$1001,ALGLIB_SSA_XAUUSD!$P$2:$P$1001,"",0) -> 4626.1302 | O23: =_xlfn.XLOOKUP($A23,ALGLIB_SSA_XAUUSD!$J$2:$J$1001,ALGLIB_SSA_XAUUSD!$Q$2:$Q$1001,"",0) -> 4614.2645 | R23: =A23 -> 1775133900 | S23: =I23 -> XAUUSD | T23: =J23 -> M5 | U23: =K23 -> 4619.49 | V23: =E23 -> 4639.2448 | W23: =F23 -> 4630.3091 | X23: =L23 -> 4618.1843 | Y23: =M23 -> 4620.5448 | Z23: =G23 -> 4657.1269 | AA23: =N23 -> 4626.1302 | AB23: =H23 -> 4613.8148 | AC23: =O23 -> 4614.2645 | AE23: =X23 -> 4618.1843 | AF23: =Z23 -> 4657.1269 | AG23: =AB23 -> 4613.8148
A24: =ALGLIB_SSA_XAUUSD!J24 -> 1775134200 | B24: =_xlfn.XLOOKUP($A24,ALGLIB_SSA_XAUUSD!$A$2:$A$1001,ALGLIB_SSA_XAUUSD!$B$2:$B$1001,"",0) | C24: =_xlfn.XLOOKUP($A24,ALGLIB_SSA_XAUUSD!$A$2:$A$1001,ALGLIB_SSA_XAUUSD!$C$2:$C$1001,"",0) | D24: =D14+(D26-D14)*10/12 -> 4638.0233 | E24: =E14+(E26-E14)*10/12 -> 4640.2531 | F24: =F14+(F26-F14)*10/12 -> 4631.1065 | G24: =G14+(G26-G14)*10/12 -> 4658.0418 | H24: =H14+(H26-H14)*10/12 -> 4614.6205 | I24: =_xlfn.XLOOKUP($A24,ALGLIB_SSA_XAUUSD!$J$2:$J$1001,ALGLIB_SSA_XAUUSD!$K$2:$K$1001,"",0) -> XAUUSD | J24: =_xlfn.XLOOKUP($A24,ALGLIB_SSA_XAUUSD!$J$2:$J$1001,ALGLIB_SSA_XAUUSD!$L$2:$L$1001,"",0) -> M5 | K24: =_xlfn.XLOOKUP($A24,ALGLIB_SSA_XAUUSD!$J$2:$J$1001,ALGLIB_SSA_XAUUSD!$M$2:$M$1001,"",0) -> 4620.28 | L24: =_xlfn.XLOOKUP($A24,ALGLIB_SSA_XAUUSD!$J$2:$J$1001,ALGLIB_SSA_XAUUSD!$N$2:$N$1001,"",0) -> 4612.5639 | M24: =_xlfn.XLOOKUP($A24,ALGLIB_SSA_XAUUSD!$J$2:$J$1001,ALGLIB_SSA_XAUUSD!$O$2:$O$1001,"",0) -> 4616.5543 | N24: =_xlfn.XLOOKUP($A24,ALGLIB_SSA_XAUUSD!$J$2:$J$1001,ALGLIB_SSA_XAUUSD!$P$2:$P$1001,"",0) -> 4622.2283 | O24: =_xlfn.XLOOKUP($A24,ALGLIB_SSA_XAUUSD!$J$2:$J$1001,ALGLIB_SSA_XAUUSD!$Q$2:$Q$1001,"",0) -> 4608.6793 | R24: =A24 -> 1775134200 | S24: =I24 -> XAUUSD | T24: =J24 -> M5 | U24: =K24 -> 4620.28 | V24: =E24 -> 4640.2531 | W24: =F24 -> 4631.1065 | X24: =L24 -> 4612.5639 | Y24: =M24 -> 4616.5543 | Z24: =G24 -> 4658.0418 | AA24: =N24 -> 4622.2283 | AB24: =H24 -> 4614.6205 | AC24: =O24 -> 4608.6793 | AE24: =X24 -> 4612.5639 | AF24: =Z24 -> 4658.0418 | AG24: =AB24 -> 4614.6205
A25: =ALGLIB_SSA_XAUUSD!J25 -> 1775134500 | B25: =_xlfn.XLOOKUP($A25,ALGLIB_SSA_XAUUSD!$A$2:$A$1001,ALGLIB_SSA_XAUUSD!$B$2:$B$1001,"",0) | C25: =_xlfn.XLOOKUP($A25,ALGLIB_SSA_XAUUSD!$A$2:$A$1001,ALGLIB_SSA_XAUUSD!$C$2:$C$1001,"",0) | D25: =D14+(D26-D14)*11/12 -> 4641.6767 | E25: =E14+(E26-E14)*11/12 -> 4641.2614 | F25: =F14+(F26-F14)*11/12 -> 4631.9039 | G25: =G14+(G26-G14)*11/12 -> 4658.9567 | H25: =H14+(H26-H14)*11/12 -> 4615.4261 | I25: =_xlfn.XLOOKUP($A25,ALGLIB_SSA_XAUUSD!$J$2:$J$1001,ALGLIB_SSA_XAUUSD!$K$2:$K$1001,"",0) -> XAUUSD | J25: =_xlfn.XLOOKUP($A25,ALGLIB_SSA_XAUUSD!$J$2:$J$1001,ALGLIB_SSA_XAUUSD!$L$2:$L$1001,"",0) -> M5 | K25: =_xlfn.XLOOKUP($A25,ALGLIB_SSA_XAUUSD!$J$2:$J$1001,ALGLIB_SSA_XAUUSD!$M$2:$M$1001,"",0) -> 4601.49 | L25: =_xlfn.XLOOKUP($A25,ALGLIB_SSA_XAUUSD!$J$2:$J$1001,ALGLIB_SSA_XAUUSD!$N$2:$N$1001,"",0) -> 4605.9619 | M25: =_xlfn.XLOOKUP($A25,ALGLIB_SSA_XAUUSD!$J$2:$J$1001,ALGLIB_SSA_XAUUSD!$O$2:$O$1001,"",0) -> 4611.2581 | N25: =_xlfn.XLOOKUP($A25,ALGLIB_SSA_XAUUSD!$J$2:$J$1001,ALGLIB_SSA_XAUUSD!$P$2:$P$1001,"",0) -> 4616.9907 | O25: =_xlfn.XLOOKUP($A25,ALGLIB_SSA_XAUUSD!$J$2:$J$1001,ALGLIB_SSA_XAUUSD!$Q$2:$Q$1001,"",0) -> 4601.9814 | R25: =A25 -> 1775134500 | S25: =I25 -> XAUUSD | T25: =J25 -> M5 | U25: =K25 -> 4601.49 | V25: =E25 -> 4641.2614 | W25: =F25 -> 4631.9039 | X25: =L25 -> 4605.9619 | Y25: =M25 -> 4611.2581 | Z25: =G25 -> 4658.9567 | AA25: =N25 -> 4616.9907 | AB25: =H25 -> 4615.4261 | AC25: =O25 -> 4601.9814 | AE25: =X25 -> 4605.9619 | AF25: =Z25 -> 4658.9567 | AG25: =AB25 -> 4615.4261
A26: =ALGLIB_SSA_XAUUSD!J26 -> 1775134800 | B26: =_xlfn.XLOOKUP($A26,ALGLIB_SSA_XAUUSD!$A$2:$A$1001,ALGLIB_SSA_XAUUSD!$B$2:$B$1001,"",0) -> XAUUSD | C26: =_xlfn.XLOOKUP($A26,ALGLIB_SSA_XAUUSD!$A$2:$A$1001,ALGLIB_SSA_XAUUSD!$C$2:$C$1001,"",0) -> H1 | D26: =_xlfn.XLOOKUP($A26,ALGLIB_SSA_XAUUSD!$A$2:$A$1001,ALGLIB_SSA_XAUUSD!$D$2:$D$1001,"",0) -> 4645.33 | E26: =_xlfn.XLOOKUP($A26,ALGLIB_SSA_XAUUSD!$A$2:$A$1001,ALGLIB_SSA_XAUUSD!$E$2:$E$1001,"",0) -> 4642.2698 | F26: =_xlfn.XLOOKUP($A26,ALGLIB_SSA_XAUUSD!$A$2:$A$1001,ALGLIB_SSA_XAUUSD!$F$2:$F$1001,"",0) -> 4632.7012 | G26: =_xlfn.XLOOKUP($A26,ALGLIB_SSA_XAUUSD!$A$2:$A$1001,ALGLIB_SSA_XAUUSD!$G$2:$G$1001,"",0) -> 4659.8715 | H26: =_xlfn.XLOOKUP($A26,ALGLIB_SSA_XAUUSD!$A$2:$A$1001,ALGLIB_SSA_XAUUSD!$H$2:$H$1001,"",0) -> 4616.2318 | I26: =_xlfn.XLOOKUP($A26,ALGLIB_SSA_XAUUSD!$J$2:$J$1001,ALGLIB_SSA_XAUUSD!$K$2:$K$1001,"",0) -> XAUUSD | J26: =_xlfn.XLOOKUP($A26,ALGLIB_SSA_XAUUSD!$J$2:$J$1001,ALGLIB_SSA_XAUUSD!$L$2:$L$1001,"",0) -> M5 | K26: =_xlfn.XLOOKUP($A26,ALGLIB_SSA_XAUUSD!$J$2:$J$1001,ALGLIB_SSA_XAUUSD!$M$2:$M$1001,"",0) -> 4595.07 | L26: =_xlfn.XLOOKUP($A26,ALGLIB_SSA_XAUUSD!$J$2:$J$1001,ALGLIB_SSA_XAUUSD!$N$2:$N$1001,"",0) -> 4599.3974 | M26: =_xlfn.XLOOKUP($A26,ALGLIB_SSA_XAUUSD!$J$2:$J$1001,ALGLIB_SSA_XAUUSD!$O$2:$O$1001,"",0) -> 4605.3277 | N26: =_xlfn.XLOOKUP($A26,ALGLIB_SSA_XAUUSD!$J$2:$J$1001,ALGLIB_SSA_XAUUSD!$P$2:$P$1001,"",0) -> 4611.0778 | O26: =_xlfn.XLOOKUP($A26,ALGLIB_SSA_XAUUSD!$J$2:$J$1001,ALGLIB_SSA_XAUUSD!$Q$2:$Q$1001,"",0) -> 4595.1583 | R26: =A26 -> 1775134800 | S26: =I26 -> XAUUSD | T26: =J26 -> M5 | U26: =K26 -> 4595.07 | V26: =E26 -> 4642.2698 | W26: =F26 -> 4632.7012 | X26: =L26 -> 4599.3974 | Y26: =M26 -> 4605.3277 | Z26: =G26 -> 4659.8715 | AA26: =N26 -> 4611.0778 | AB26: =H26 -> 4616.2318 | AC26: =O26 -> 4595.1583 | AE26: =X26 -> 4599.3974 | AF26: =Z26 -> 4659.8715 | AG26: =AB26 -> 4616.2318
A27: =ALGLIB_SSA_XAUUSD!J27 -> 1775135100 | B27: =_xlfn.XLOOKUP($A27,ALGLIB_SSA_XAUUSD!$A$2:$A$1001,ALGLIB_SSA_XAUUSD!$B$2:$B$1001,"",0) | C27: =_xlfn.XLOOKUP($A27,ALGLIB_SSA_XAUUSD!$A$2:$A$1001,ALGLIB_SSA_XAUUSD!$C$2:$C$1001,"",0) | D27: =D26+(D38-D26)*1/12 -> 4648.3292 | E27: =E26+(E38-E26)*1/12 -> 4643.203 | F27: =F26+(F38-F26)*1/12 -> 4633.5665 | G27: =G26+(G38-G26)*1/12 -> 4660.714 | H27: =H26+(H38-H26)*1/12 -> 4617.1564 | I27: =_xlfn.XLOOKUP($A27,ALGLIB_SSA_XAUUSD!$J$2:$J$1001,ALGLIB_SSA_XAUUSD!$K$2:$K$1001,"",0) -> XAUUSD | J27: =_xlfn.XLOOKUP($A27,ALGLIB_SSA_XAUUSD!$J$2:$J$1001,ALGLIB_SSA_XAUUSD!$L$2:$L$1001,"",0) -> M5 | K27: =_xlfn.XLOOKUP($A27,ALGLIB_SSA_XAUUSD!$J$2:$J$1001,ALGLIB_SSA_XAUUSD!$M$2:$M$1001,"",0) -> 4600.43 | L27: =_xlfn.XLOOKUP($A27,ALGLIB_SSA_XAUUSD!$J$2:$J$1001,ALGLIB_SSA_XAUUSD!$N$2:$N$1001,"",0) -> 4593.7296 | M27: =_xlfn.XLOOKUP($A27,ALGLIB_SSA_XAUUSD!$J$2:$J$1001,ALGLIB_SSA_XAUUSD!$O$2:$O$1001,"",0) -> 4599.5287 | N27: =_xlfn.XLOOKUP($A27,ALGLIB_SSA_XAUUSD!$J$2:$J$1001,ALGLIB_SSA_XAUUSD!$P$2:$P$1001,"",0) -> 4605.5109 | O27: =_xlfn.XLOOKUP($A27,ALGLIB_SSA_XAUUSD!$J$2:$J$1001,ALGLIB_SSA_XAUUSD!$Q$2:$Q$1001,"",0) -> 4589.1929 | R27: =A27 -> 1775135100 | S27: =I27 -> XAUUSD | T27: =J27 -> M5 | U27: =K27 -> 4600.43 | V27: =E27 -> 4643.203 | W27: =F27 -> 4633.5665 | X27: =L27 -> 4593.7296 | Y27: =M27 -> 4599.5287 | Z27: =G27 -> 4660.714 | AA27: =N27 -> 4605.5109 | AB27: =H27 -> 4617.1564 | AC27: =O27 -> 4589.1929 | AE27: =X27 -> 4593.7296 | AF27: =Z27 -> 4660.714 | AG27: =AB27 -> 4617.1564
A28: =ALGLIB_SSA_XAUUSD!J28 -> 1775135400 | B28: =_xlfn.XLOOKUP($A28,ALGLIB_SSA_XAUUSD!$A$2:$A$1001,ALGLIB_SSA_XAUUSD!$B$2:$B$1001,"",0) | C28: =_xlfn.XLOOKUP($A28,ALGLIB_SSA_XAUUSD!$A$2:$A$1001,ALGLIB_SSA_XAUUSD!$C$2:$C$1001,"",0) | D28: =D26+(D38-D26)*2/12 -> 4651.3283 | E28: =E26+(E38-E26)*2/12 -> 4644.1362 | F28: =F26+(F38-F26)*2/12 -> 4634.4319 | G28: =G26+(G38-G26)*2/12 -> 4661.5564 | H28: =H26+(H38-H26)*2/12 -> 4618.081 | I28: =_xlfn.XLOOKUP($A28,ALGLIB_SSA_XAUUSD!$J$2:$J$1001,ALGLIB_SSA_XAUUSD!$K$2:$K$1001,"",0) -> XAUUSD | J28: =_xlfn.XLOOKUP($A28,ALGLIB_SSA_XAUUSD!$J$2:$J$1001,ALGLIB_SSA_XAUUSD!$L$2:$L$1001,"",0) -> M5 | K28: =_xlfn.XLOOKUP($A28,ALGLIB_SSA_XAUUSD!$J$2:$J$1001,ALGLIB_SSA_XAUUSD!$M$2:$M$1001,"",0) -> 4587.61 | L28: =_xlfn.XLOOKUP($A28,ALGLIB_SSA_XAUUSD!$J$2:$J$1001,ALGLIB_SSA_XAUUSD!$N$2:$N$1001,"",0) -> 4589.5883 | M28: =_xlfn.XLOOKUP($A28,ALGLIB_SSA_XAUUSD!$J$2:$J$1001,ALGLIB_SSA_XAUUSD!$O$2:$O$1001,"",0) -> 4594.5585 | N28: =_xlfn.XLOOKUP($A28,ALGLIB_SSA_XAUUSD!$J$2:$J$1001,ALGLIB_SSA_XAUUSD!$P$2:$P$1001,"",0) -> 4600.8794 | O28: =_xlfn.XLOOKUP($A28,ALGLIB_SSA_XAUUSD!$J$2:$J$1001,ALGLIB_SSA_XAUUSD!$Q$2:$Q$1001,"",0) -> 4584.5235 | R28: =A28 -> 1775135400 | S28: =I28 -> XAUUSD | T28: =J28 -> M5 | U28: =K28 -> 4587.61 | V28: =E28 -> 4644.1362 | W28: =F28 -> 4634.4319 | X28: =L28 -> 4589.5883 | Y28: =M28 -> 4594.5585 | Z28: =G28 -> 4661.5564 | AA28: =N28 -> 4600.8794 | AB28: =H28 -> 4618.081 | AC28: =O28 -> 4584.5235 | AE28: =X28 -> 4589.5883 | AF28: =Z28 -> 4661.5564 | AG28: =AB28 -> 4618.081
A29: =ALGLIB_SSA_XAUUSD!J29 -> 1775135700 | B29: =_xlfn.XLOOKUP($A29,ALGLIB_SSA_XAUUSD!$A$2:$A$1001,ALGLIB_SSA_XAUUSD!$B$2:$B$1001,"",0) | C29: =_xlfn.XLOOKUP($A29,ALGLIB_SSA_XAUUSD!$A$2:$A$1001,ALGLIB_SSA_XAUUSD!$C$2:$C$1001,"",0) | D29: =D26+(D38-D26)*3/12 -> 4654.3275 | E29: =E26+(E38-E26)*3/12 -> 4645.0695 | F29: =F26+(F38-F26)*3/12 -> 4635.2972 | G29: =G26+(G38-G26)*3/12 -> 4662.3989 | H29: =H26+(H38-H26)*3/12 -> 4619.0057 | I29: =_xlfn.XLOOKUP($A29,ALGLIB_SSA_XAUUSD!$J$2:$J$1001,ALGLIB_SSA_XAUUSD!$K$2:$K$1001,"",0) -> XAUUSD | J29: =_xlfn.XLOOKUP($A29,ALGLIB_SSA_XAUUSD!$J$2:$J$1001,ALGLIB_SSA_XAUUSD!$L$2:$L$1001,"",0) -> M5 | K29: =_xlfn.XLOOKUP($A29,ALGLIB_SSA_XAUUSD!$J$2:$J$1001,ALGLIB_SSA_XAUUSD!$M$2:$M$1001,"",0) -> 4591.18 | L29: =_xlfn.XLOOKUP($A29,ALGLIB_SSA_XAUUSD!$J$2:$J$1001,ALGLIB_SSA_XAUUSD!$N$2:$N$1001,"",0) -> 4587.7102 | M29: =_xlfn.XLOOKUP($A29,ALGLIB_SSA_XAUUSD!$J$2:$J$1001,ALGLIB_SSA_XAUUSD!$O$2:$O$1001,"",0) -> 4591.1344 | N29: =_xlfn.XLOOKUP($A29,ALGLIB_SSA_XAUUSD!$J$2:$J$1001,ALGLIB_SSA_XAUUSD!$P$2:$P$1001,"",0) -> 4598.0306 | O29: =_xlfn.XLOOKUP($A29,ALGLIB_SSA_XAUUSD!$J$2:$J$1001,ALGLIB_SSA_XAUUSD!$Q$2:$Q$1001,"",0) -> 4581.7385 | R29: =A29 -> 1775135700 | S29: =I29 -> XAUUSD | T29: =J29 -> M5 | U29: =K29 -> 4591.18 | V29: =E29 -> 4645.0695 | W29: =F29 -> 4635.2972 | X29: =L29 -> 4587.7102 | Y29: =M29 -> 4591.1344 | Z29: =G29 -> 4662.3989 | AA29: =N29 -> 4598.0306 | AB29: =H29 -> 4619.0057 | AC29: =O29 -> 4581.7385 | AE29: =X29 -> 4587.7102 | AF29: =Z29 -> 4662.3989 | AG29: =AB29 -> 4619.0057
A30: =ALGLIB_SSA_XAUUSD!J30 -> 1775136000 | B30: =_xlfn.XLOOKUP($A30,ALGLIB_SSA_XAUUSD!$A$2:$A$1001,ALGLIB_SSA_XAUUSD!$B$2:$B$1001,"",0) | C30: =_xlfn.XLOOKUP($A30,ALGLIB_SSA_XAUUSD!$A$2:$A$1001,ALGLIB_SSA_XAUUSD!$C$2:$C$1001,"",0) | D30: =D26+(D38-D26)*4/12 -> 4657.3267 | E30: =E26+(E38-E26)*4/12 -> 4646.0027 | F30: =F26+(F38-F26)*4/12 -> 4636.1625 | G30: =G26+(G38-G26)*4/12 -> 4663.2413 | H30: =H26+(H38-H26)*4/12 -> 4619.9303 | I30: =_xlfn.XLOOKUP($A30,ALGLIB_SSA_XAUUSD!$J$2:$J$1001,ALGLIB_SSA_XAUUSD!$K$2:$K$1001,"",0) -> XAUUSD | J30: =_xlfn.XLOOKUP($A30,ALGLIB_SSA_XAUUSD!$J$2:$J$1001,ALGLIB_SSA_XAUUSD!$L$2:$L$1001,"",0) -> M5 | K30: =_xlfn.XLOOKUP($A30,ALGLIB_SSA_XAUUSD!$J$2:$J$1001,ALGLIB_SSA_XAUUSD!$M$2:$M$1001,"",0) -> 4582.98 | L30: =_xlfn.XLOOKUP($A30,ALGLIB_SSA_XAUUSD!$J$2:$J$1001,ALGLIB_SSA_XAUUSD!$N$2:$N$1001,"",0) -> 4588.3168 | M30: =_xlfn.XLOOKUP($A30,ALGLIB_SSA_XAUUSD!$J$2:$J$1001,ALGLIB_SSA_XAUUSD!$O$2:$O$1001,"",0) -> 4589.7256 | N30: =_xlfn.XLOOKUP($A30,ALGLIB_SSA_XAUUSD!$J$2:$J$1001,ALGLIB_SSA_XAUUSD!$P$2:$P$1001,"",0) -> 4597.5022 | O30: =_xlfn.XLOOKUP($A30,ALGLIB_SSA_XAUUSD!$J$2:$J$1001,ALGLIB_SSA_XAUUSD!$Q$2:$Q$1001,"",0) -> 4581.1429 | R30: =A30 -> 1775136000 | S30: =I30 -> XAUUSD | T30: =J30 -> M5 | U30: =K30 -> 4582.98 | V30: =E30 -> 4646.0027 | W30: =F30 -> 4636.1625 | X30: =L30 -> 4588.3168 | Y30: =M30 -> 4589.7256 | Z30: =G30 -> 4663.2413 | AA30: =N30 -> 4597.5022 | AB30: =H30 -> 4619.9303 | AC30: =O30 -> 4581.1429 | AE30: =X30 -> 4588.3168 | AF30: =Z30 -> 4663.2413 | AG30: =AB30 -> 4619.9303
A31: =ALGLIB_SSA_XAUUSD!J31 -> 1775136300 | B31: =_xlfn.XLOOKUP($A31,ALGLIB_SSA_XAUUSD!$A$2:$A$1001,ALGLIB_SSA_XAUUSD!$B$2:$B$1001,"",0) | C31: =_xlfn.XLOOKUP($A31,ALGLIB_SSA_XAUUSD!$A$2:$A$1001,ALGLIB_SSA_XAUUSD!$C$2:$C$1001,"",0) | D31: =D26+(D38-D26)*5/12 -> 4660.3258 | E31: =E26+(E38-E26)*5/12 -> 4646.9359 | F31: =F26+(F38-F26)*5/12 -> 4637.0278 | G31: =G26+(G38-G26)*5/12 -> 4664.0838 | H31: =H26+(H38-H26)*5/12 -> 4620.855 | I31: =_xlfn.XLOOKUP($A31,ALGLIB_SSA_XAUUSD!$J$2:$J$1001,ALGLIB_SSA_XAUUSD!$K$2:$K$1001,"",0) -> XAUUSD | J31: =_xlfn.XLOOKUP($A31,ALGLIB_SSA_XAUUSD!$J$2:$J$1001,ALGLIB_SSA_XAUUSD!$L$2:$L$1001,"",0) -> M5 | K31: =_xlfn.XLOOKUP($A31,ALGLIB_SSA_XAUUSD!$J$2:$J$1001,ALGLIB_SSA_XAUUSD!$M$2:$M$1001,"",0) -> 4597.48 | L31: =_xlfn.XLOOKUP($A31,ALGLIB_SSA_XAUUSD!$J$2:$J$1001,ALGLIB_SSA_XAUUSD!$N$2:$N$1001,"",0) -> 4591.471 | M31: =_xlfn.XLOOKUP($A31,ALGLIB_SSA_XAUUSD!$J$2:$J$1001,ALGLIB_SSA_XAUUSD!$O$2:$O$1001,"",0) -> 4590.5983 | N31: =_xlfn.XLOOKUP($A31,ALGLIB_SSA_XAUUSD!$J$2:$J$1001,ALGLIB_SSA_XAUUSD!$P$2:$P$1001,"",0) -> 4599.3926 | O31: =_xlfn.XLOOKUP($A31,ALGLIB_SSA_XAUUSD!$J$2:$J$1001,ALGLIB_SSA_XAUUSD!$Q$2:$Q$1001,"",0) -> 4582.855 | R31: =A31 -> 1775136300 | S31: =I31 -> XAUUSD | T31: =J31 -> M5 | U31: =K31 -> 4597.48 | V31: =E31 -> 4646.9359 | W31: =F31 -> 4637.0278 | X31: =L31 -> 4591.471 | Y31: =M31 -> 4590.5983 | Z31: =G31 -> 4664.0838 | AA31: =N31 -> 4599.3926 | AB31: =H31 -> 4620.855 | AC31: =O31 -> 4582.855 | AE31: =X31 -> 4591.471 | AF31: =Z31 -> 4664.0838 | AG31: =AB31 -> 4620.855
A32: =ALGLIB_SSA_XAUUSD!J32 -> 1775136600 | B32: =_xlfn.XLOOKUP($A32,ALGLIB_SSA_XAUUSD!$A$2:$A$1001,ALGLIB_SSA_XAUUSD!$B$2:$B$1001,"",0) | C32: =_xlfn.XLOOKUP($A32,ALGLIB_SSA_XAUUSD!$A$2:$A$1001,ALGLIB_SSA_XAUUSD!$C$2:$C$1001,"",0) | D32: =D26+(D38-D26)*6/12 -> 4663.325 | E32: =E26+(E38-E26)*6/12 -> 4647.8692 | F32: =F26+(F38-F26)*6/12 -> 4637.8931 | G32: =G26+(G38-G26)*6/12 -> 4664.9262 | H32: =H26+(H38-H26)*6/12 -> 4621.7796 | I32: =_xlfn.XLOOKUP($A32,ALGLIB_SSA_XAUUSD!$J$2:$J$1001,ALGLIB_SSA_XAUUSD!$K$2:$K$1001,"",0) -> XAUUSD | J32: =_xlfn.XLOOKUP($A32,ALGLIB_SSA_XAUUSD!$J$2:$J$1001,ALGLIB_SSA_XAUUSD!$L$2:$L$1001,"",0) -> M5 | K32: =_xlfn.XLOOKUP($A32,ALGLIB_SSA_XAUUSD!$J$2:$J$1001,ALGLIB_SSA_XAUUSD!$M$2:$M$1001,"",0) -> 4599.59 | L32: =_xlfn.XLOOKUP($A32,ALGLIB_SSA_XAUUSD!$J$2:$J$1001,ALGLIB_SSA_XAUUSD!$N$2:$N$1001,"",0) -> 4596.8588 | M32: =_xlfn.XLOOKUP($A32,ALGLIB_SSA_XAUUSD!$J$2:$J$1001,ALGLIB_SSA_XAUUSD!$O$2:$O$1001,"",0) -> 4593.7285 | N32: =_xlfn.XLOOKUP($A32,ALGLIB_SSA_XAUUSD!$J$2:$J$1001,ALGLIB_SSA_XAUUSD!$P$2:$P$1001,"",0) -> 4603.6296 | O32: =_xlfn.XLOOKUP($A32,ALGLIB_SSA_XAUUSD!$J$2:$J$1001,ALGLIB_SSA_XAUUSD!$Q$2:$Q$1001,"",0) -> 4586.8313 | R32: =A32 -> 1775136600 | S32: =I32 -> XAUUSD | T32: =J32 -> M5 | U32: =K32 -> 4599.59 | V32: =E32 -> 4647.8692 | W32: =F32 -> 4637.8931 | X32: =L32 -> 4596.8588 | Y32: =M32 -> 4593.7285 | Z32: =G32 -> 4664.9262 | AA32: =N32 -> 4603.6296 | AB32: =H32 -> 4621.7796 | AC32: =O32 -> 4586.8313 | AE32: =X32 -> 4596.8588 | AF32: =Z32 -> 4664.9262 | AG32: =AB32 -> 4621.7796
A33: =ALGLIB_SSA_XAUUSD!J33 -> 1775136900 | B33: =_xlfn.XLOOKUP($A33,ALGLIB_SSA_XAUUSD!$A$2:$A$1001,ALGLIB_SSA_XAUUSD!$B$2:$B$1001,"",0) | C33: =_xlfn.XLOOKUP($A33,ALGLIB_SSA_XAUUSD!$A$2:$A$1001,ALGLIB_SSA_XAUUSD!$C$2:$C$1001,"",0) | D33: =D26+(D38-D26)*7/12 -> 4666.3242 | E33: =E26+(E38-E26)*7/12 -> 4648.8024 | F33: =F26+(F38-F26)*7/12 -> 4638.7584 | G33: =G26+(G38-G26)*7/12 -> 4665.7687 | H33: =H26+(H38-H26)*7/12 -> 4622.7042 | I33: =_xlfn.XLOOKUP($A33,ALGLIB_SSA_XAUUSD!$J$2:$J$1001,ALGLIB_SSA_XAUUSD!$K$2:$K$1001,"",0) -> XAUUSD | J33: =_xlfn.XLOOKUP($A33,ALGLIB_SSA_XAUUSD!$J$2:$J$1001,ALGLIB_SSA_XAUUSD!$L$2:$L$1001,"",0) -> M5 | K33: =_xlfn.XLOOKUP($A33,ALGLIB_SSA_XAUUSD!$J$2:$J$1001,ALGLIB_SSA_XAUUSD!$M$2:$M$1001,"",0) -> 4590.12 | L33: =_xlfn.XLOOKUP($A33,ALGLIB_SSA_XAUUSD!$J$2:$J$1001,ALGLIB_SSA_XAUUSD!$N$2:$N$1001,"",0) -> 4603.9754 | M33: =_xlfn.XLOOKUP($A33,ALGLIB_SSA_XAUUSD!$J$2:$J$1001,ALGLIB_SSA_XAUUSD!$O$2:$O$1001,"",0) -> 4598.852 | N33: =_xlfn.XLOOKUP($A33,ALGLIB_SSA_XAUUSD!$J$2:$J$1001,ALGLIB_SSA_XAUUSD!$P$2:$P$1001,"",0) -> 4609.8396 | O33: =_xlfn.XLOOKUP($A33,ALGLIB_SSA_XAUUSD!$J$2:$J$1001,ALGLIB_SSA_XAUUSD!$Q$2:$Q$1001,"",0) -> 4592.5486 | R33: =A33 -> 1775136900 | S33: =I33 -> XAUUSD | T33: =J33 -> M5 | U33: =K33 -> 4590.12 | V33: =E33 -> 4648.8024 | W33: =F33 -> 4638.7584 | X33: =L33 -> 4603.9754 | Y33: =M33 -> 4598.852 | Z33: =G33 -> 4665.7687 | AA33: =N33 -> 4609.8396 | AB33: =H33 -> 4622.7042 | AC33: =O33 -> 4592.5486 | AE33: =X33 -> 4603.9754 | AF33: =Z33 -> 4665.7687 | AG33: =AB33 -> 4622.7042
A34: =ALGLIB_SSA_XAUUSD!J34 -> 1775137200 | B34: =_xlfn.XLOOKUP($A34,ALGLIB_SSA_XAUUSD!$A$2:$A$1001,ALGLIB_SSA_XAUUSD!$B$2:$B$1001,"",0) | C34: =_xlfn.XLOOKUP($A34,ALGLIB_SSA_XAUUSD!$A$2:$A$1001,ALGLIB_SSA_XAUUSD!$C$2:$C$1001,"",0) | D34: =D26+(D38-D26)*8/12 -> 4669.3233 | E34: =E26+(E38-E26)*8/12 -> 4649.7356 | F34: =F26+(F38-F26)*8/12 -> 4639.6237 | G34: =G26+(G38-G26)*8/12 -> 4666.6111 | H34: =H26+(H38-H26)*8/12 -> 4623.6289 | I34: =_xlfn.XLOOKUP($A34,ALGLIB_SSA_XAUUSD!$J$2:$J$1001,ALGLIB_SSA_XAUUSD!$K$2:$K$1001,"",0) -> XAUUSD | J34: =_xlfn.XLOOKUP($A34,ALGLIB_SSA_XAUUSD!$J$2:$J$1001,ALGLIB_SSA_XAUUSD!$L$2:$L$1001,"",0) -> M5 | K34: =_xlfn.XLOOKUP($A34,ALGLIB_SSA_XAUUSD!$J$2:$J$1001,ALGLIB_SSA_XAUUSD!$M$2:$M$1001,"",0) -> 4602.13 | L34: =_xlfn.XLOOKUP($A34,ALGLIB_SSA_XAUUSD!$J$2:$J$1001,ALGLIB_SSA_XAUUSD!$N$2:$N$1001,"",0) -> 4612.5609 | M34: =_xlfn.XLOOKUP($A34,ALGLIB_SSA_XAUUSD!$J$2:$J$1001,ALGLIB_SSA_XAUUSD!$O$2:$O$1001,"",0) -> 4605.7064 | N34: =_xlfn.XLOOKUP($A34,ALGLIB_SSA_XAUUSD!$J$2:$J$1001,ALGLIB_SSA_XAUUSD!$P$2:$P$1001,"",0) -> 4617.7262 | O34: =_xlfn.XLOOKUP($A34,ALGLIB_SSA_XAUUSD!$J$2:$J$1001,ALGLIB_SSA_XAUUSD!$Q$2:$Q$1001,"",0) -> 4599.7665 | R34: =A34 -> 1775137200 | S34: =I34 -> XAUUSD | T34: =J34 -> M5 | U34: =K34 -> 4602.13 | V34: =E34 -> 4649.7356 | W34: =F34 -> 4639.6237 | X34: =L34 -> 4612.5609 | Y34: =M34 -> 4605.7064 | Z34: =G34 -> 4666.6111 | AA34: =N34 -> 4617.7262 | AB34: =H34 -> 4623.6289 | AC34: =O34 -> 4599.7665 | AE34: =X34 -> 4612.5609 | AF34: =Z34 -> 4666.6111 | AG34: =AB34 -> 4623.6289
A35: =ALGLIB_SSA_XAUUSD!J35 -> 1775137500 | B35: =_xlfn.XLOOKUP($A35,ALGLIB_SSA_XAUUSD!$A$2:$A$1001,ALGLIB_SSA_XAUUSD!$B$2:$B$1001,"",0) | C35: =_xlfn.XLOOKUP($A35,ALGLIB_SSA_XAUUSD!$A$2:$A$1001,ALGLIB_SSA_XAUUSD!$C$2:$C$1001,"",0) | D35: =D26+(D38-D26)*9/12 -> 4672.3225 | E35: =E26+(E38-E26)*9/12 -> 4650.6689 | F35: =F26+(F38-F26)*9/12 -> 4640.489 | G35: =G26+(G38-G26)*9/12 -> 4667.4536 | H35: =H26+(H38-H26)*9/12 -> 4624.5535 | I35: =_xlfn.XLOOKUP($A35,ALGLIB_SSA_XAUUSD!$J$2:$J$1001,ALGLIB_SSA_XAUUSD!$K$2:$K$1001,"",0) -> XAUUSD | J35: =_xlfn.XLOOKUP($A35,ALGLIB_SSA_XAUUSD!$J$2:$J$1001,ALGLIB_SSA_XAUUSD!$L$2:$L$1001,"",0) -> M5 | K35: =_xlfn.XLOOKUP($A35,ALGLIB_SSA_XAUUSD!$J$2:$J$1001,ALGLIB_SSA_XAUUSD!$M$2:$M$1001,"",0) -> 4634.43 | L35: =_xlfn.XLOOKUP($A35,ALGLIB_SSA_XAUUSD!$J$2:$J$1001,ALGLIB_SSA_XAUUSD!$N$2:$N$1001,"",0) -> 4621.749 | M35: =_xlfn.XLOOKUP($A35,ALGLIB_SSA_XAUUSD!$J$2:$J$1001,ALGLIB_SSA_XAUUSD!$O$2:$O$1001,"",0) -> 4613.7277 | N35: =_xlfn.XLOOKUP($A35,ALGLIB_SSA_XAUUSD!$J$2:$J$1001,ALGLIB_SSA_XAUUSD!$P$2:$P$1001,"",0) -> 4626.7141 | O35: =_xlfn.XLOOKUP($A35,ALGLIB_SSA_XAUUSD!$J$2:$J$1001,ALGLIB_SSA_XAUUSD!$Q$2:$Q$1001,"",0) -> 4608.1671 | R35: =A35 -> 1775137500 | S35: =I35 -> XAUUSD | T35: =J35 -> M5 | U35: =K35 -> 4634.43 | V35: =E35 -> 4650.6689 | W35: =F35 -> 4640.489 | X35: =L35 -> 4621.749 | Y35: =M35 -> 4613.7277 | Z35: =G35 -> 4667.4536 | AA35: =N35 -> 4626.7141 | AB35: =H35 -> 4624.5535 | AC35: =O35 -> 4608.1671 | AE35: =X35 -> 4621.749 | AF35: =Z35 -> 4667.4536 | AG35: =AB35 -> 4624.5535
A36: =ALGLIB_SSA_XAUUSD!J36 -> 1775137800 | B36: =_xlfn.XLOOKUP($A36,ALGLIB_SSA_XAUUSD!$A$2:$A$1001,ALGLIB_SSA_XAUUSD!$B$2:$B$1001,"",0) | C36: =_xlfn.XLOOKUP($A36,ALGLIB_SSA_XAUUSD!$A$2:$A$1001,ALGLIB_SSA_XAUUSD!$C$2:$C$1001,"",0) | D36: =D26+(D38-D26)*10/12 -> 4675.3217 | E36: =E26+(E38-E26)*10/12 -> 4651.6021 | F36: =F26+(F38-F26)*10/12 -> 4641.3543 | G36: =G26+(G38-G26)*10/12 -> 4668.2961 | H36: =H26+(H38-H26)*10/12 -> 4625.4782 | I36: =_xlfn.XLOOKUP($A36,ALGLIB_SSA_XAUUSD!$J$2:$J$1001,ALGLIB_SSA_XAUUSD!$K$2:$K$1001,"",0) -> XAUUSD | J36: =_xlfn.XLOOKUP($A36,ALGLIB_SSA_XAUUSD!$J$2:$J$1001,ALGLIB_SSA_XAUUSD!$L$2:$L$1001,"",0) -> M5 | K36: =_xlfn.XLOOKUP($A36,ALGLIB_SSA_XAUUSD!$J$2:$J$1001,ALGLIB_SSA_XAUUSD!$M$2:$M$1001,"",0) -> 4635.58 | L36: =_xlfn.XLOOKUP($A36,ALGLIB_SSA_XAUUSD!$J$2:$J$1001,ALGLIB_SSA_XAUUSD!$N$2:$N$1001,"",0) -> 4630.2641 | M36: =_xlfn.XLOOKUP($A36,ALGLIB_SSA_XAUUSD!$J$2:$J$1001,ALGLIB_SSA_XAUUSD!$O$2:$O$1001,"",0) -> 4621.9959 | N36: =_xlfn.XLOOKUP($A36,ALGLIB_SSA_XAUUSD!$J$2:$J$1001,ALGLIB_SSA_XAUUSD!$P$2:$P$1001,"",0) -> 4635.4238 | O36: =_xlfn.XLOOKUP($A36,ALGLIB_SSA_XAUUSD!$J$2:$J$1001,ALGLIB_SSA_XAUUSD!$Q$2:$Q$1001,"",0) -> 4616.9749 | R36: =A36 -> 1775137800 | S36: =I36 -> XAUUSD | T36: =J36 -> M5 | U36: =K36 -> 4635.58 | V36: =E36 -> 4651.6021 | W36: =F36 -> 4641.3543 | X36: =L36 -> 4630.2641 | Y36: =M36 -> 4621.9959 | Z36: =G36 -> 4668.2961 | AA36: =N36 -> 4635.4238 | AB36: =H36 -> 4625.4782 | AC36: =O36 -> 4616.9749 | AE36: =X36 -> 4630.2641 | AF36: =Z36 -> 4668.2961 | AG36: =AB36 -> 4625.4782
A37: =ALGLIB_SSA_XAUUSD!J37 -> 1775138100 | B37: =_xlfn.XLOOKUP($A37,ALGLIB_SSA_XAUUSD!$A$2:$A$1001,ALGLIB_SSA_XAUUSD!$B$2:$B$1001,"",0) | C37: =_xlfn.XLOOKUP($A37,ALGLIB_SSA_XAUUSD!$A$2:$A$1001,ALGLIB_SSA_XAUUSD!$C$2:$C$1001,"",0) | D37: =D26+(D38-D26)*11/12 -> 4678.3208 | E37: =E26+(E38-E26)*11/12 -> 4652.5353 | F37: =F26+(F38-F26)*11/12 -> 4642.2196 | G37: =G26+(G38-G26)*11/12 -> 4669.1385 | H37: =H26+(H38-H26)*11/12 -> 4626.4028 | I37: =_xlfn.XLOOKUP($A37,ALGLIB_SSA_XAUUSD!$J$2:$J$1001,ALGLIB_SSA_XAUUSD!$K$2:$K$1001,"",0) -> XAUUSD | J37: =_xlfn.XLOOKUP($A37,ALGLIB_SSA_XAUUSD!$J$2:$J$1001,ALGLIB_SSA_XAUUSD!$L$2:$L$1001,"",0) -> M5 | K37: =_xlfn.XLOOKUP($A37,ALGLIB_SSA_XAUUSD!$J$2:$J$1001,ALGLIB_SSA_XAUUSD!$M$2:$M$1001,"",0) -> 4645.33 | L37: =_xlfn.XLOOKUP($A37,ALGLIB_SSA_XAUUSD!$J$2:$J$1001,ALGLIB_SSA_XAUUSD!$N$2:$N$1001,"",0) -> 4637.8591 | M37: =_xlfn.XLOOKUP($A37,ALGLIB_SSA_XAUUSD!$J$2:$J$1001,ALGLIB_SSA_XAUUSD!$O$2:$O$1001,"",0) -> 4629.9275 | N37: =_xlfn.XLOOKUP($A37,ALGLIB_SSA_XAUUSD!$J$2:$J$1001,ALGLIB_SSA_XAUUSD!$P$2:$P$1001,"",0) -> 4643.3449 | O37: =_xlfn.XLOOKUP($A37,ALGLIB_SSA_XAUUSD!$J$2:$J$1001,ALGLIB_SSA_XAUUSD!$Q$2:$Q$1001,"",0) -> 4625.1525 | R37: =A37 -> 1775138100 | S37: =I37 -> XAUUSD | T37: =J37 -> M5 | U37: =K37 -> 4645.33 | V37: =E37 -> 4652.5353 | W37: =F37 -> 4642.2196 | X37: =L37 -> 4637.8591 | Y37: =M37 -> 4629.9275 | Z37: =G37 -> 4669.1385 | AA37: =N37 -> 4643.3449 | AB37: =H37 -> 4626.4028 | AC37: =O37 -> 4625.1525 | AE37: =X37 -> 4637.8591 | AF37: =Z37 -> 4669.1385 | AG37: =AB37 -> 4626.4028
A38: =ALGLIB_SSA_XAUUSD!J38 -> 1775138400 | B38: =_xlfn.XLOOKUP($A38,ALGLIB_SSA_XAUUSD!$A$2:$A$1001,ALGLIB_SSA_XAUUSD!$B$2:$B$1001,"",0) -> XAUUSD | C38: =_xlfn.XLOOKUP($A38,ALGLIB_SSA_XAUUSD!$A$2:$A$1001,ALGLIB_SSA_XAUUSD!$C$2:$C$1001,"",0) -> H1 | D38: =_xlfn.XLOOKUP($A38,ALGLIB_SSA_XAUUSD!$A$2:$A$1001,ALGLIB_SSA_XAUUSD!$D$2:$D$1001,"",0) -> 4681.32 | E38: =_xlfn.XLOOKUP($A38,ALGLIB_SSA_XAUUSD!$A$2:$A$1001,ALGLIB_SSA_XAUUSD!$E$2:$E$1001,"",0) -> 4653.4686 | F38: =_xlfn.XLOOKUP($A38,ALGLIB_SSA_XAUUSD!$A$2:$A$1001,ALGLIB_SSA_XAUUSD!$F$2:$F$1001,"",0) -> 4643.0849 | G38: =_xlfn.XLOOKUP($A38,ALGLIB_SSA_XAUUSD!$A$2:$A$1001,ALGLIB_SSA_XAUUSD!$G$2:$G$1001,"",0) -> 4669.981 | H38: =_xlfn.XLOOKUP($A38,ALGLIB_SSA_XAUUSD!$A$2:$A$1001,ALGLIB_SSA_XAUUSD!$H$2:$H$1001,"",0) -> 4627.3274 | I38: =_xlfn.XLOOKUP($A38,ALGLIB_SSA_XAUUSD!$J$2:$J$1001,ALGLIB_SSA_XAUUSD!$K$2:$K$1001,"",0) -> XAUUSD | J38: =_xlfn.XLOOKUP($A38,ALGLIB_SSA_XAUUSD!$J$2:$J$1001,ALGLIB_SSA_XAUUSD!$L$2:$L$1001,"",0) -> M5 | K38: =_xlfn.XLOOKUP($A38,ALGLIB_SSA_XAUUSD!$J$2:$J$1001,ALGLIB_SSA_XAUUSD!$M$2:$M$1001,"",0) -> 4642.46 | L38: =_xlfn.XLOOKUP($A38,ALGLIB_SSA_XAUUSD!$J$2:$J$1001,ALGLIB_SSA_XAUUSD!$N$2:$N$1001,"",0) -> 4644.3978 | M38: =_xlfn.XLOOKUP($A38,ALGLIB_SSA_XAUUSD!$J$2:$J$1001,ALGLIB_SSA_XAUUSD!$O$2:$O$1001,"",0) -> 4637.1627 | N38: =_xlfn.XLOOKUP($A38,ALGLIB_SSA_XAUUSD!$J$2:$J$1001,ALGLIB_SSA_XAUUSD!$P$2:$P$1001,"",0) -> 4650.2239 | O38: =_xlfn.XLOOKUP($A38,ALGLIB_SSA_XAUUSD!$J$2:$J$1001,ALGLIB_SSA_XAUUSD!$Q$2:$Q$1001,"",0) -> 4632.5078 | R38: =A38 -> 1775138400 | S38: =I38 -> XAUUSD | T38: =J38 -> M5 | U38: =K38 -> 4642.46 | V38: =E38 -> 4653.4686 | W38: =F38 -> 4643.0849 | X38: =L38 -> 4644.3978 | Y38: =M38 -> 4637.1627 | Z38: =G38 -> 4669.981 | AA38: =N38 -> 4650.2239 | AB38: =H38 -> 4627.3274 | AC38: =O38 -> 4632.5078 | AE38: =X38 -> 4644.3978 | AF38: =Z38 -> 4669.981 | AG38: =AB38 -> 4627.3274
A39: =ALGLIB_SSA_XAUUSD!J39 -> 1775138700 | B39: =_xlfn.XLOOKUP($A39,ALGLIB_SSA_XAUUSD!$A$2:$A$1001,ALGLIB_SSA_XAUUSD!$B$2:$B$1001,"",0) | C39: =_xlfn.XLOOKUP($A39,ALGLIB_SSA_XAUUSD!$A$2:$A$1001,ALGLIB_SSA_XAUUSD!$C$2:$C$1001,"",0) | D39: =D38+(D50-D38)*1/12 -> 4679.6317 | E39: =E38+(E50-E38)*1/12 -> 4654.1422 | F39: =F38+(F50-F38)*1/12 -> 4643.8544 | G39: =G38+(G50-G38)*1/12 -> 4670.5507 | H39: =H38+(H50-H38)*1/12 -> 4628.1621 | I39: =_xlfn.XLOOKUP($A39,ALGLIB_SSA_XAUUSD!$J$2:$J$1001,ALGLIB_SSA_XAUUSD!$K$2:$K$1001,"",0) -> XAUUSD | J39: =_xlfn.XLOOKUP($A39,ALGLIB_SSA_XAUUSD!$J$2:$J$1001,ALGLIB_SSA_XAUUSD!$L$2:$L$1001,"",0) -> M5 | K39: =_xlfn.XLOOKUP($A39,ALGLIB_SSA_XAUUSD!$J$2:$J$1001,ALGLIB_SSA_XAUUSD!$M$2:$M$1001,"",0) -> 4648.01 | L39: =_xlfn.XLOOKUP($A39,ALGLIB_SSA_XAUUSD!$J$2:$J$1001,ALGLIB_SSA_XAUUSD!$N$2:$N$1001,"",0) -> 4650.2838 | M39: =_xlfn.XLOOKUP($A39,ALGLIB_SSA_XAUUSD!$J$2:$J$1001,ALGLIB_SSA_XAUUSD!$O$2:$O$1001,"",0) -> 4643.7232 | N39: =_xlfn.XLOOKUP($A39,ALGLIB_SSA_XAUUSD!$J$2:$J$1001,ALGLIB_SSA_XAUUSD!$P$2:$P$1001,"",0) -> 4656.318 | O39: =_xlfn.XLOOKUP($A39,ALGLIB_SSA_XAUUSD!$J$2:$J$1001,ALGLIB_SSA_XAUUSD!$Q$2:$Q$1001,"",0) -> 4639.1626 | R39: =A39 -> 1775138700 | S39: =I39 -> XAUUSD | T39: =J39 -> M5 | U39: =K39 -> 4648.01 | V39: =E39 -> 4654.1422 | W39: =F39 -> 4643.8544 | X39: =L39 -> 4650.2838 | Y39: =M39 -> 4643.7232 | Z39: =G39 -> 4670.5507 | AA39: =N39 -> 4656.318 | AB39: =H39 -> 4628.1621 | AC39: =O39 -> 4639.1626 | AE39: =X39 -> 4650.2838 | AF39: =Z39 -> 4670.5507 | AG39: =AB39 -> 4628.1621
A40: =ALGLIB_SSA_XAUUSD!J40 -> 1775139000 | B40: =_xlfn.XLOOKUP($A40,ALGLIB_SSA_XAUUSD!$A$2:$A$1001,ALGLIB_SSA_XAUUSD!$B$2:$B$1001,"",0) | C40: =_xlfn.XLOOKUP($A40,ALGLIB_SSA_XAUUSD!$A$2:$A$1001,ALGLIB_SSA_XAUUSD!$C$2:$C$1001,"",0) | D40: =D38+(D50-D38)*2/12 -> 4677.9433 | E40: =E38+(E50-E38)*2/12 -> 4654.8158 | F40: =F38+(F50-F38)*2/12 -> 4644.6238 | G40: =G38+(G50-G38)*2/12 -> 4671.1204 | H40: =H38+(H50-H38)*2/12 -> 4628.9968 | I40: =_xlfn.XLOOKUP($A40,ALGLIB_SSA_XAUUSD!$J$2:$J$1001,ALGLIB_SSA_XAUUSD!$K$2:$K$1001,"",0) -> XAUUSD | J40: =_xlfn.XLOOKUP($A40,ALGLIB_SSA_XAUUSD!$J$2:$J$1001,ALGLIB_SSA_XAUUSD!$L$2:$L$1001,"",0) -> M5 | K40: =_xlfn.XLOOKUP($A40,ALGLIB_SSA_XAUUSD!$J$2:$J$1001,ALGLIB_SSA_XAUUSD!$M$2:$M$1001,"",0) -> 4647.77 | L40: =_xlfn.XLOOKUP($A40,ALGLIB_SSA_XAUUSD!$J$2:$J$1001,ALGLIB_SSA_XAUUSD!$N$2:$N$1001,"",0) -> 4655.8185 | M40: =_xlfn.XLOOKUP($A40,ALGLIB_SSA_XAUUSD!$J$2:$J$1001,ALGLIB_SSA_XAUUSD!$O$2:$O$1001,"",0) -> 4649.7709 | N40: =_xlfn.XLOOKUP($A40,ALGLIB_SSA_XAUUSD!$J$2:$J$1001,ALGLIB_SSA_XAUUSD!$P$2:$P$1001,"",0) -> 4661.967 | O40: =_xlfn.XLOOKUP($A40,ALGLIB_SSA_XAUUSD!$J$2:$J$1001,ALGLIB_SSA_XAUUSD!$Q$2:$Q$1001,"",0) -> 4645.2204 | R40: =A40 -> 1775139000 | S40: =I40 -> XAUUSD | T40: =J40 -> M5 | U40: =K40 -> 4647.77 | V40: =E40 -> 4654.8158 | W40: =F40 -> 4644.6238 | X40: =L40 -> 4655.8185 | Y40: =M40 -> 4649.7709 | Z40: =G40 -> 4671.1204 | AA40: =N40 -> 4661.967 | AB40: =H40 -> 4628.9968 | AC40: =O40 -> 4645.2204 | AE40: =X40 -> 4655.8185 | AF40: =Z40 -> 4671.1204 | AG40: =AB40 -> 4628.9968
A41: =ALGLIB_SSA_XAUUSD!J41 -> 1775139300 | B41: =_xlfn.XLOOKUP($A41,ALGLIB_SSA_XAUUSD!$A$2:$A$1001,ALGLIB_SSA_XAUUSD!$B$2:$B$1001,"",0) | C41: =_xlfn.XLOOKUP($A41,ALGLIB_SSA_XAUUSD!$A$2:$A$1001,ALGLIB_SSA_XAUUSD!$C$2:$C$1001,"",0) | D41: =D38+(D50-D38)*3/12 -> 4676.255 | E41: =E38+(E50-E38)*3/12 -> 4655.4894 | F41: =F38+(F50-F38)*3/12 -> 4645.3933 | G41: =G38+(G50-G38)*3/12 -> 4671.6902 | H41: =H38+(H50-H38)*3/12 -> 4629.8315 | I41: =_xlfn.XLOOKUP($A41,ALGLIB_SSA_XAUUSD!$J$2:$J$1001,ALGLIB_SSA_XAUUSD!$K$2:$K$1001,"",0) -> XAUUSD | J41: =_xlfn.XLOOKUP($A41,ALGLIB_SSA_XAUUSD!$J$2:$J$1001,ALGLIB_SSA_XAUUSD!$L$2:$L$1001,"",0) -> M5 | K41: =_xlfn.XLOOKUP($A41,ALGLIB_SSA_XAUUSD!$J$2:$J$1001,ALGLIB_SSA_XAUUSD!$M$2:$M$1001,"",0) -> 4660.72 | L41: =_xlfn.XLOOKUP($A41,ALGLIB_SSA_XAUUSD!$J$2:$J$1001,ALGLIB_SSA_XAUUSD!$N$2:$N$1001,"",0) -> 4661.4186 | M41: =_xlfn.XLOOKUP($A41,ALGLIB_SSA_XAUUSD!$J$2:$J$1001,ALGLIB_SSA_XAUUSD!$O$2:$O$1001,"",0) -> 4655.5947 | N41: =_xlfn.XLOOKUP($A41,ALGLIB_SSA_XAUUSD!$J$2:$J$1001,ALGLIB_SSA_XAUUSD!$P$2:$P$1001,"",0) -> 4667.3708 | O41: =_xlfn.XLOOKUP($A41,ALGLIB_SSA_XAUUSD!$J$2:$J$1001,ALGLIB_SSA_XAUUSD!$Q$2:$Q$1001,"",0) -> 4650.7813 | R41: =A41 -> 1775139300 | S41: =I41 -> XAUUSD | T41: =J41 -> M5 | U41: =K41 -> 4660.72 | V41: =E41 -> 4655.4894 | W41: =F41 -> 4645.3933 | X41: =L41 -> 4661.4186 | Y41: =M41 -> 4655.5947 | Z41: =G41 -> 4671.6902 | AA41: =N41 -> 4667.3708 | AB41: =H41 -> 4629.8315 | AC41: =O41 -> 4650.7813 | AE41: =X41 -> 4661.4186 | AF41: =Z41 -> 4671.6902 | AG41: =AB41 -> 4629.8315
A42: =ALGLIB_SSA_XAUUSD!J42 -> 1775139600 | B42: =_xlfn.XLOOKUP($A42,ALGLIB_SSA_XAUUSD!$A$2:$A$1001,ALGLIB_SSA_XAUUSD!$B$2:$B$1001,"",0) | C42: =_xlfn.XLOOKUP($A42,ALGLIB_SSA_XAUUSD!$A$2:$A$1001,ALGLIB_SSA_XAUUSD!$C$2:$C$1001,"",0) | D42: =D38+(D50-D38)*4/12 -> 4674.5667 | E42: =E38+(E50-E38)*4/12 -> 4656.1629 | F42: =F38+(F50-F38)*4/12 -> 4646.1627 | G42: =G38+(G50-G38)*4/12 -> 4672.2599 | H42: =H38+(H50-H38)*4/12 -> 4630.6662 | I42: =_xlfn.XLOOKUP($A42,ALGLIB_SSA_XAUUSD!$J$2:$J$1001,ALGLIB_SSA_XAUUSD!$K$2:$K$1001,"",0) -> XAUUSD | J42: =_xlfn.XLOOKUP($A42,ALGLIB_SSA_XAUUSD!$J$2:$J$1001,ALGLIB_SSA_XAUUSD!$L$2:$L$1001,"",0) -> M5 | K42: =_xlfn.XLOOKUP($A42,ALGLIB_SSA_XAUUSD!$J$2:$J$1001,ALGLIB_SSA_XAUUSD!$M$2:$M$1001,"",0) -> 4675.17 | L42: =_xlfn.XLOOKUP($A42,ALGLIB_SSA_XAUUSD!$J$2:$J$1001,ALGLIB_SSA_XAUUSD!$N$2:$N$1001,"",0) -> 4666.9786 | M42: =_xlfn.XLOOKUP($A42,ALGLIB_SSA_XAUUSD!$J$2:$J$1001,ALGLIB_SSA_XAUUSD!$O$2:$O$1001,"",0) -> 4661.2867 | N42: =_xlfn.XLOOKUP($A42,ALGLIB_SSA_XAUUSD!$J$2:$J$1001,ALGLIB_SSA_XAUUSD!$P$2:$P$1001,"",0) -> 4672.7349 | O42: =_xlfn.XLOOKUP($A42,ALGLIB_SSA_XAUUSD!$J$2:$J$1001,ALGLIB_SSA_XAUUSD!$Q$2:$Q$1001,"",0) -> 4656.1408 | R42: =A42 -> 1775139600 | S42: =I42 -> XAUUSD | T42: =J42 -> M5 | U42: =K42 -> 4675.17 | V42: =E42 -> 4656.1629 | W42: =F42 -> 4646.1627 | X42: =L42 -> 4666.9786 | Y42: =M42 -> 4661.2867 | Z42: =G42 -> 4672.2599 | AA42: =N42 -> 4672.7349 | AB42: =H42 -> 4630.6662 | AC42: =O42 -> 4656.1408 | AE42: =X42 -> 4666.9786 | AF42: =Z42 -> 4672.2599 | AG42: =AB42 -> 4630.6662
A43: =ALGLIB_SSA_XAUUSD!J43 -> 1775139900 | B43: =_xlfn.XLOOKUP($A43,ALGLIB_SSA_XAUUSD!$A$2:$A$1001,ALGLIB_SSA_XAUUSD!$B$2:$B$1001,"",0) | C43: =_xlfn.XLOOKUP($A43,ALGLIB_SSA_XAUUSD!$A$2:$A$1001,ALGLIB_SSA_XAUUSD!$C$2:$C$1001,"",0) | D43: =D38+(D50-D38)*5/12 -> 4672.8783 | E43: =E38+(E50-E38)*5/12 -> 4656.8365 | F43: =F38+(F50-F38)*5/12 -> 4646.9322 | G43: =G38+(G50-G38)*5/12 -> 4672.8296 | H43: =H38+(H50-H38)*5/12 -> 4631.5009 | I43: =_xlfn.XLOOKUP($A43,ALGLIB_SSA_XAUUSD!$J$2:$J$1001,ALGLIB_SSA_XAUUSD!$K$2:$K$1001,"",0) -> XAUUSD | J43: =_xlfn.XLOOKUP($A43,ALGLIB_SSA_XAUUSD!$J$2:$J$1001,ALGLIB_SSA_XAUUSD!$L$2:$L$1001,"",0) -> M5 | K43: =_xlfn.XLOOKUP($A43,ALGLIB_SSA_XAUUSD!$J$2:$J$1001,ALGLIB_SSA_XAUUSD!$M$2:$M$1001,"",0) -> 4665.41 | L43: =_xlfn.XLOOKUP($A43,ALGLIB_SSA_XAUUSD!$J$2:$J$1001,ALGLIB_SSA_XAUUSD!$N$2:$N$1001,"",0) -> 4672.1594 | M43: =_xlfn.XLOOKUP($A43,ALGLIB_SSA_XAUUSD!$J$2:$J$1001,ALGLIB_SSA_XAUUSD!$O$2:$O$1001,"",0) -> 4666.723 | N43: =_xlfn.XLOOKUP($A43,ALGLIB_SSA_XAUUSD!$J$2:$J$1001,ALGLIB_SSA_XAUUSD!$P$2:$P$1001,"",0) -> 4677.8486 | O43: =_xlfn.XLOOKUP($A43,ALGLIB_SSA_XAUUSD!$J$2:$J$1001,ALGLIB_SSA_XAUUSD!$Q$2:$Q$1001,"",0) -> 4661.1554 | R43: =A43 -> 1775139900 | S43: =I43 -> XAUUSD | T43: =J43 -> M5 | U43: =K43 -> 4665.41 | V43: =E43 -> 4656.8365 | W43: =F43 -> 4646.9322 | X43: =L43 -> 4672.1594 | Y43: =M43 -> 4666.723 | Z43: =G43 -> 4672.8296 | AA43: =N43 -> 4677.8486 | AB43: =H43 -> 4631.5009 | AC43: =O43 -> 4661.1554 | AE43: =X43 -> 4672.1594 | AF43: =Z43 -> 4672.8296 | AG43: =AB43 -> 4631.5009
A44: =ALGLIB_SSA_XAUUSD!J44 -> 1775140200 | B44: =_xlfn.XLOOKUP($A44,ALGLIB_SSA_XAUUSD!$A$2:$A$1001,ALGLIB_SSA_XAUUSD!$B$2:$B$1001,"",0) | C44: =_xlfn.XLOOKUP($A44,ALGLIB_SSA_XAUUSD!$A$2:$A$1001,ALGLIB_SSA_XAUUSD!$C$2:$C$1001,"",0) | D44: =D38+(D50-D38)*6/12 -> 4671.19 | E44: =E38+(E50-E38)*6/12 -> 4657.5101 | F44: =F38+(F50-F38)*6/12 -> 4647.7016 | G44: =G38+(G50-G38)*6/12 -> 4673.3994 | H44: =H38+(H50-H38)*6/12 -> 4632.3356 | I44: =_xlfn.XLOOKUP($A44,ALGLIB_SSA_XAUUSD!$J$2:$J$1001,ALGLIB_SSA_XAUUSD!$K$2:$K$1001,"",0) -> XAUUSD | J44: =_xlfn.XLOOKUP($A44,ALGLIB_SSA_XAUUSD!$J$2:$J$1001,ALGLIB_SSA_XAUUSD!$L$2:$L$1001,"",0) -> M5 | K44: =_xlfn.XLOOKUP($A44,ALGLIB_SSA_XAUUSD!$J$2:$J$1001,ALGLIB_SSA_XAUUSD!$M$2:$M$1001,"",0) -> 4670.11 | L44: =_xlfn.XLOOKUP($A44,ALGLIB_SSA_XAUUSD!$J$2:$J$1001,ALGLIB_SSA_XAUUSD!$N$2:$N$1001,"",0) -> 4677.0683 | M44: =_xlfn.XLOOKUP($A44,ALGLIB_SSA_XAUUSD!$J$2:$J$1001,ALGLIB_SSA_XAUUSD!$O$2:$O$1001,"",0) -> 4671.8956 | N44: =_xlfn.XLOOKUP($A44,ALGLIB_SSA_XAUUSD!$J$2:$J$1001,ALGLIB_SSA_XAUUSD!$P$2:$P$1001,"",0) -> 4682.6741 | O44: =_xlfn.XLOOKUP($A44,ALGLIB_SSA_XAUUSD!$J$2:$J$1001,ALGLIB_SSA_XAUUSD!$Q$2:$Q$1001,"",0) -> 4665.8246 | R44: =A44 -> 1775140200 | S44: =I44 -> XAUUSD | T44: =J44 -> M5 | U44: =K44 -> 4670.11 | V44: =E44 -> 4657.5101 | W44: =F44 -> 4647.7016 | X44: =L44 -> 4677.0683 | Y44: =M44 -> 4671.8956 | Z44: =G44 -> 4673.3994 | AA44: =N44 -> 4682.6741 | AB44: =H44 -> 4632.3356 | AC44: =O44 -> 4665.8246 | AE44: =X44 -> 4677.0683 | AF44: =Z44 -> 4673.3994 | AG44: =AB44 -> 4632.3356
A45: =ALGLIB_SSA_XAUUSD!J45 -> 1775140500 | B45: =_xlfn.XLOOKUP($A45,ALGLIB_SSA_XAUUSD!$A$2:$A$1001,ALGLIB_SSA_XAUUSD!$B$2:$B$1001,"",0) | C45: =_xlfn.XLOOKUP($A45,ALGLIB_SSA_XAUUSD!$A$2:$A$1001,ALGLIB_SSA_XAUUSD!$C$2:$C$1001,"",0) | D45: =D38+(D50-D38)*7/12 -> 4669.5017 | E45: =E38+(E50-E38)*7/12 -> 4658.1837 | F45: =F38+(F50-F38)*7/12 -> 4648.4711 | G45: =G38+(G50-G38)*7/12 -> 4673.9691 | H45: =H38+(H50-H38)*7/12 -> 4633.1703 | I45: =_xlfn.XLOOKUP($A45,ALGLIB_SSA_XAUUSD!$J$2:$J$1001,ALGLIB_SSA_XAUUSD!$K$2:$K$1001,"",0) -> XAUUSD | J45: =_xlfn.XLOOKUP($A45,ALGLIB_SSA_XAUUSD!$J$2:$J$1001,ALGLIB_SSA_XAUUSD!$L$2:$L$1001,"",0) -> M5 | K45: =_xlfn.XLOOKUP($A45,ALGLIB_SSA_XAUUSD!$J$2:$J$1001,ALGLIB_SSA_XAUUSD!$M$2:$M$1001,"",0) -> 4687.83 | L45: =_xlfn.XLOOKUP($A45,ALGLIB_SSA_XAUUSD!$J$2:$J$1001,ALGLIB_SSA_XAUUSD!$N$2:$N$1001,"",0) -> 4681.2692 | M45: =_xlfn.XLOOKUP($A45,ALGLIB_SSA_XAUUSD!$J$2:$J$1001,ALGLIB_SSA_XAUUSD!$O$2:$O$1001,"",0) -> 4676.5824 | N45: =_xlfn.XLOOKUP($A45,ALGLIB_SSA_XAUUSD!$J$2:$J$1001,ALGLIB_SSA_XAUUSD!$P$2:$P$1001,"",0) -> 4687.0214 | O45: =_xlfn.XLOOKUP($A45,ALGLIB_SSA_XAUUSD!$J$2:$J$1001,ALGLIB_SSA_XAUUSD!$Q$2:$Q$1001,"",0) -> 4670.0659 | R45: =A45 -> 1775140500 | S45: =I45 -> XAUUSD | T45: =J45 -> M5 | U45: =K45 -> 4687.83 | V45: =E45 -> 4658.1837 | W45: =F45 -> 4648.4711 | X45: =L45 -> 4681.2692 | Y45: =M45 -> 4676.5824 | Z45: =G45 -> 4673.9691 | AA45: =N45 -> 4687.0214 | AB45: =H45 -> 4633.1703 | AC45: =O45 -> 4670.0659 | AE45: =X45 -> 4681.2692 | AF45: =Z45 -> 4673.9691 | AG45: =AB45 -> 4633.1703
A46: =ALGLIB_SSA_XAUUSD!J46 -> 1775140800 | B46: =_xlfn.XLOOKUP($A46,ALGLIB_SSA_XAUUSD!$A$2:$A$1001,ALGLIB_SSA_XAUUSD!$B$2:$B$1001,"",0) | C46: =_xlfn.XLOOKUP($A46,ALGLIB_SSA_XAUUSD!$A$2:$A$1001,ALGLIB_SSA_XAUUSD!$C$2:$C$1001,"",0) | D46: =D38+(D50-D38)*8/12 -> 4667.8133 | E46: =E38+(E50-E38)*8/12 -> 4658.8573 | F46: =F38+(F50-F38)*8/12 -> 4649.2405 | G46: =G38+(G50-G38)*8/12 -> 4674.5388 | H46: =H38+(H50-H38)*8/12 -> 4634.005 | I46: =_xlfn.XLOOKUP($A46,ALGLIB_SSA_XAUUSD!$J$2:$J$1001,ALGLIB_SSA_XAUUSD!$K$2:$K$1001,"",0) -> XAUUSD | J46: =_xlfn.XLOOKUP($A46,ALGLIB_SSA_XAUUSD!$J$2:$J$1001,ALGLIB_SSA_XAUUSD!$L$2:$L$1001,"",0) -> M5 | K46: =_xlfn.XLOOKUP($A46,ALGLIB_SSA_XAUUSD!$J$2:$J$1001,ALGLIB_SSA_XAUUSD!$M$2:$M$1001,"",0) -> 4693.91 | L46: =_xlfn.XLOOKUP($A46,ALGLIB_SSA_XAUUSD!$J$2:$J$1001,ALGLIB_SSA_XAUUSD!$N$2:$N$1001,"",0) -> 4683.9654 | M46: =_xlfn.XLOOKUP($A46,ALGLIB_SSA_XAUUSD!$J$2:$J$1001,ALGLIB_SSA_XAUUSD!$O$2:$O$1001,"",0) -> 4680.2739 | N46: =_xlfn.XLOOKUP($A46,ALGLIB_SSA_XAUUSD!$J$2:$J$1001,ALGLIB_SSA_XAUUSD!$P$2:$P$1001,"",0) -> 4690.0124 | O46: =_xlfn.XLOOKUP($A46,ALGLIB_SSA_XAUUSD!$J$2:$J$1001,ALGLIB_SSA_XAUUSD!$Q$2:$Q$1001,"",0) -> 4673.4285 | R46: =A46 -> 1775140800 | S46: =I46 -> XAUUSD | T46: =J46 -> M5 | U46: =K46 -> 4693.91 | V46: =E46 -> 4658.8573 | W46: =F46 -> 4649.2405 | X46: =L46 -> 4683.9654 | Y46: =M46 -> 4680.2739 | Z46: =G46 -> 4674.5388 | AA46: =N46 -> 4690.0124 | AB46: =H46 -> 4634.005 | AC46: =O46 -> 4673.4285 | AE46: =X46 -> 4683.9654 | AF46: =Z46 -> 4674.5388 | AG46: =AB46 -> 4634.005
A47: =ALGLIB_SSA_XAUUSD!J47 -> 1775141100 | B47: =_xlfn.XLOOKUP($A47,ALGLIB_SSA_XAUUSD!$A$2:$A$1001,ALGLIB_SSA_XAUUSD!$B$2:$B$1001,"",0) | C47: =_xlfn.XLOOKUP($A47,ALGLIB_SSA_XAUUSD!$A$2:$A$1001,ALGLIB_SSA_XAUUSD!$C$2:$C$1001,"",0) | D47: =D38+(D50-D38)*9/12 -> 4666.125 | E47: =E38+(E50-E38)*9/12 -> 4659.5309 | F47: =F38+(F50-F38)*9/12 -> 4650.01 | G47: =G38+(G50-G38)*9/12 -> 4675.1086 | H47: =H38+(H50-H38)*9/12 -> 4634.8397 | I47: =_xlfn.XLOOKUP($A47,ALGLIB_SSA_XAUUSD!$J$2:$J$1001,ALGLIB_SSA_XAUUSD!$K$2:$K$1001,"",0) -> XAUUSD | J47: =_xlfn.XLOOKUP($A47,ALGLIB_SSA_XAUUSD!$J$2:$J$1001,ALGLIB_SSA_XAUUSD!$L$2:$L$1001,"",0) -> M5 | K47: =_xlfn.XLOOKUP($A47,ALGLIB_SSA_XAUUSD!$J$2:$J$1001,ALGLIB_SSA_XAUUSD!$M$2:$M$1001,"",0) -> 4681.08 | L47: =_xlfn.XLOOKUP($A47,ALGLIB_SSA_XAUUSD!$J$2:$J$1001,ALGLIB_SSA_XAUUSD!$N$2:$N$1001,"",0) -> 4684.7865 | M47: =_xlfn.XLOOKUP($A47,ALGLIB_SSA_XAUUSD!$J$2:$J$1001,ALGLIB_SSA_XAUUSD!$O$2:$O$1001,"",0) -> 4682.5302 | N47: =_xlfn.XLOOKUP($A47,ALGLIB_SSA_XAUUSD!$J$2:$J$1001,ALGLIB_SSA_XAUUSD!$P$2:$P$1001,"",0) -> 4691.3217 | O47: =_xlfn.XLOOKUP($A47,ALGLIB_SSA_XAUUSD!$J$2:$J$1001,ALGLIB_SSA_XAUUSD!$Q$2:$Q$1001,"",0) -> 4675.4327 | R47: =A47 -> 1775141100 | S47: =I47 -> XAUUSD | T47: =J47 -> M5 | U47: =K47 -> 4681.08 | V47: =E47 -> 4659.5309 | W47: =F47 -> 4650.01 | X47: =L47 -> 4684.7865 | Y47: =M47 -> 4682.5302 | Z47: =G47 -> 4675.1086 | AA47: =N47 -> 4691.3217 | AB47: =H47 -> 4634.8397 | AC47: =O47 -> 4675.4327 | AE47: =X47 -> 4684.7865 | AF47: =Z47 -> 4675.1086 | AG47: =AB47 -> 4634.8397
A48: =ALGLIB_SSA_XAUUSD!J48 -> 1775141400 | B48: =_xlfn.XLOOKUP($A48,ALGLIB_SSA_XAUUSD!$A$2:$A$1001,ALGLIB_SSA_XAUUSD!$B$2:$B$1001,"",0) | C48: =_xlfn.XLOOKUP($A48,ALGLIB_SSA_XAUUSD!$A$2:$A$1001,ALGLIB_SSA_XAUUSD!$C$2:$C$1001,"",0) | D48: =D38+(D50-D38)*10/12 -> 4664.4367 | E48: =E38+(E50-E38)*10/12 -> 4660.2045 | F48: =F38+(F50-F38)*10/12 -> 4650.7794 | G48: =G38+(G50-G38)*10/12 -> 4675.6783 | H48: =H38+(H50-H38)*10/12 -> 4635.6744 | I48: =_xlfn.XLOOKUP($A48,ALGLIB_SSA_XAUUSD!$J$2:$J$1001,ALGLIB_SSA_XAUUSD!$K$2:$K$1001,"",0) -> XAUUSD | J48: =_xlfn.XLOOKUP($A48,ALGLIB_SSA_XAUUSD!$J$2:$J$1001,ALGLIB_SSA_XAUUSD!$L$2:$L$1001,"",0) -> M5 | K48: =_xlfn.XLOOKUP($A48,ALGLIB_SSA_XAUUSD!$J$2:$J$1001,ALGLIB_SSA_XAUUSD!$M$2:$M$1001,"",0) -> 4683.95 | L48: =_xlfn.XLOOKUP($A48,ALGLIB_SSA_XAUUSD!$J$2:$J$1001,ALGLIB_SSA_XAUUSD!$N$2:$N$1001,"",0) -> 4684.0852 | M48: =_xlfn.XLOOKUP($A48,ALGLIB_SSA_XAUUSD!$J$2:$J$1001,ALGLIB_SSA_XAUUSD!$O$2:$O$1001,"",0) -> 4683.3077 | N48: =_xlfn.XLOOKUP($A48,ALGLIB_SSA_XAUUSD!$J$2:$J$1001,ALGLIB_SSA_XAUUSD!$P$2:$P$1001,"",0) -> 4691.0279 | O48: =_xlfn.XLOOKUP($A48,ALGLIB_SSA_XAUUSD!$J$2:$J$1001,ALGLIB_SSA_XAUUSD!$Q$2:$Q$1001,"",0) -> 4675.9756 | R48: =A48 -> 1775141400 | S48: =I48 -> XAUUSD | T48: =J48 -> M5 | U48: =K48 -> 4683.95 | V48: =E48 -> 4660.2045 | W48: =F48 -> 4650.7794 | X48: =L48 -> 4684.0852 | Y48: =M48 -> 4683.3077 | Z48: =G48 -> 4675.6783 | AA48: =N48 -> 4691.0279 | AB48: =H48 -> 4635.6744 | AC48: =O48 -> 4675.9756 | AE48: =X48 -> 4684.0852 | AF48: =Z48 -> 4675.6783 | AG48: =AB48 -> 4635.6744
A49: =ALGLIB_SSA_XAUUSD!J49 -> 1775141700 | B49: =_xlfn.XLOOKUP($A49,ALGLIB_SSA_XAUUSD!$A$2:$A$1001,ALGLIB_SSA_XAUUSD!$B$2:$B$1001,"",0) | C49: =_xlfn.XLOOKUP($A49,ALGLIB_SSA_XAUUSD!$A$2:$A$1001,ALGLIB_SSA_XAUUSD!$C$2:$C$1001,"",0) | D49: =D38+(D50-D38)*11/12 -> 4662.7483 | E49: =E38+(E50-E38)*11/12 -> 4660.8781 | F49: =F38+(F50-F38)*11/12 -> 4651.5489 | G49: =G38+(G50-G38)*11/12 -> 4676.248 | H49: =H38+(H50-H38)*11/12 -> 4636.5091 | I49: =_xlfn.XLOOKUP($A49,ALGLIB_SSA_XAUUSD!$J$2:$J$1001,ALGLIB_SSA_XAUUSD!$K$2:$K$1001,"",0) -> XAUUSD | J49: =_xlfn.XLOOKUP($A49,ALGLIB_SSA_XAUUSD!$J$2:$J$1001,ALGLIB_SSA_XAUUSD!$L$2:$L$1001,"",0) -> M5 | K49: =_xlfn.XLOOKUP($A49,ALGLIB_SSA_XAUUSD!$J$2:$J$1001,ALGLIB_SSA_XAUUSD!$M$2:$M$1001,"",0) -> 4681.32 | L49: =_xlfn.XLOOKUP($A49,ALGLIB_SSA_XAUUSD!$J$2:$J$1001,ALGLIB_SSA_XAUUSD!$N$2:$N$1001,"",0) -> 4682.0227 | M49: =_xlfn.XLOOKUP($A49,ALGLIB_SSA_XAUUSD!$J$2:$J$1001,ALGLIB_SSA_XAUUSD!$O$2:$O$1001,"",0) -> 4682.6652 | N49: =_xlfn.XLOOKUP($A49,ALGLIB_SSA_XAUUSD!$J$2:$J$1001,ALGLIB_SSA_XAUUSD!$P$2:$P$1001,"",0) -> 4689.4954 | O49: =_xlfn.XLOOKUP($A49,ALGLIB_SSA_XAUUSD!$J$2:$J$1001,ALGLIB_SSA_XAUUSD!$Q$2:$Q$1001,"",0) -> 4675.3214 | R49: =A49 -> 1775141700 | S49: =I49 -> XAUUSD | T49: =J49 -> M5 | U49: =K49 -> 4681.32 | V49: =E49 -> 4660.8781 | W49: =F49 -> 4651.5489 | X49: =L49 -> 4682.0227 | Y49: =M49 -> 4682.6652 | Z49: =G49 -> 4676.248 | AA49: =N49 -> 4689.4954 | AB49: =H49 -> 4636.5091 | AC49: =O49 -> 4675.3214 | AE49: =X49 -> 4682.0227 | AF49: =Z49 -> 4676.248 | AG49: =AB49 -> 4636.5091
A50: =ALGLIB_SSA_XAUUSD!J50 -> 1775142000 | B50: =_xlfn.XLOOKUP($A50,ALGLIB_SSA_XAUUSD!$A$2:$A$1001,ALGLIB_SSA_XAUUSD!$B$2:$B$1001,"",0) -> XAUUSD | C50: =_xlfn.XLOOKUP($A50,ALGLIB_SSA_XAUUSD!$A$2:$A$1001,ALGLIB_SSA_XAUUSD!$C$2:$C$1001,"",0) -> H1 | D50: =_xlfn.XLOOKUP($A50,ALGLIB_SSA_XAUUSD!$A$2:$A$1001,ALGLIB_SSA_XAUUSD!$D$2:$D$1001,"",0) -> 4661.06 | E50: =_xlfn.XLOOKUP($A50,ALGLIB_SSA_XAUUSD!$A$2:$A$1001,ALGLIB_SSA_XAUUSD!$E$2:$E$1001,"",0) -> 4661.5517 | F50: =_xlfn.XLOOKUP($A50,ALGLIB_SSA_XAUUSD!$A$2:$A$1001,ALGLIB_SSA_XAUUSD!$F$2:$F$1001,"",0) -> 4652.3183 | G50: =_xlfn.XLOOKUP($A50,ALGLIB_SSA_XAUUSD!$A$2:$A$1001,ALGLIB_SSA_XAUUSD!$G$2:$G$1001,"",0) -> 4676.8178 | H50: =_xlfn.XLOOKUP($A50,ALGLIB_SSA_XAUUSD!$A$2:$A$1001,ALGLIB_SSA_XAUUSD!$H$2:$H$1001,"",0) -> 4637.3438 | I50: =_xlfn.XLOOKUP($A50,ALGLIB_SSA_XAUUSD!$J$2:$J$1001,ALGLIB_SSA_XAUUSD!$K$2:$K$1001,"",0) -> XAUUSD | J50: =_xlfn.XLOOKUP($A50,ALGLIB_SSA_XAUUSD!$J$2:$J$1001,ALGLIB_SSA_XAUUSD!$L$2:$L$1001,"",0) -> M5 | K50: =_xlfn.XLOOKUP($A50,ALGLIB_SSA_XAUUSD!$J$2:$J$1001,ALGLIB_SSA_XAUUSD!$M$2:$M$1001,"",0) -> 4681.19 | L50: =_xlfn.XLOOKUP($A50,ALGLIB_SSA_XAUUSD!$J$2:$J$1001,ALGLIB_SSA_XAUUSD!$N$2:$N$1001,"",0) -> 4679.1108 | M50: =_xlfn.XLOOKUP($A50,ALGLIB_SSA_XAUUSD!$J$2:$J$1001,ALGLIB_SSA_XAUUSD!$O$2:$O$1001,"",0) -> 4680.888 | N50: =_xlfn.XLOOKUP($A50,ALGLIB_SSA_XAUUSD!$J$2:$J$1001,ALGLIB_SSA_XAUUSD!$P$2:$P$1001,"",0) -> 4686.9388 | O50: =_xlfn.XLOOKUP($A50,ALGLIB_SSA_XAUUSD!$J$2:$J$1001,ALGLIB_SSA_XAUUSD!$Q$2:$Q$1001,"",0) -> 4673.5292 | R50: =A50 -> 1775142000 | S50: =I50 -> XAUUSD | T50: =J50 -> M5 | U50: =K50 -> 4681.19 | V50: =E50 -> 4661.5517 | W50: =F50 -> 4652.3183 | X50: =L50 -> 4679.1108 | Y50: =M50 -> 4680.888 | Z50: =G50 -> 4676.8178 | AA50: =N50 -> 4686.9388 | AB50: =H50 -> 4637.3438 | AC50: =O50 -> 4673.5292 | AE50: =X50 -> 4679.1108 | AF50: =Z50 -> 4676.8178 | AG50: =AB50 -> 4637.3438
A51: =ALGLIB_SSA_XAUUSD!J51 -> 1775142300 | B51: =_xlfn.XLOOKUP($A51,ALGLIB_SSA_XAUUSD!$A$2:$A$1001,ALGLIB_SSA_XAUUSD!$B$2:$B$1001,"",0) | C51: =_xlfn.XLOOKUP($A51,ALGLIB_SSA_XAUUSD!$A$2:$A$1001,ALGLIB_SSA_XAUUSD!$C$2:$C$1001,"",0) | D51: =D50+(D62-D50)*1/12 -> 4660.9142 | E51: =E50+(E62-E50)*1/12 -> 4661.9456 | F51: =F50+(F62-F50)*1/12 -> 4652.9 | G51: =G50+(G62-G50)*1/12 -> 4677.0995 | H51: =H50+(H62-H50)*1/12 -> 4637.9488 | I51: =_xlfn.XLOOKUP($A51,ALGLIB_SSA_XAUUSD!$J$2:$J$1001,ALGLIB_SSA_XAUUSD!$K$2:$K$1001,"",0) -> XAUUSD | J51: =_xlfn.XLOOKUP($A51,ALGLIB_SSA_XAUUSD!$J$2:$J$1001,ALGLIB_SSA_XAUUSD!$L$2:$L$1001,"",0) -> M5 | K51: =_xlfn.XLOOKUP($A51,ALGLIB_SSA_XAUUSD!$J$2:$J$1001,ALGLIB_SSA_XAUUSD!$M$2:$M$1001,"",0) -> 4670.99 | L51: =_xlfn.XLOOKUP($A51,ALGLIB_SSA_XAUUSD!$J$2:$J$1001,ALGLIB_SSA_XAUUSD!$N$2:$N$1001,"",0) -> 4675.8694 | M51: =_xlfn.XLOOKUP($A51,ALGLIB_SSA_XAUUSD!$J$2:$J$1001,ALGLIB_SSA_XAUUSD!$O$2:$O$1001,"",0) -> 4678.3787 | N51: =_xlfn.XLOOKUP($A51,ALGLIB_SSA_XAUUSD!$J$2:$J$1001,ALGLIB_SSA_XAUUSD!$P$2:$P$1001,"",0) -> 4683.9488 | O51: =_xlfn.XLOOKUP($A51,ALGLIB_SSA_XAUUSD!$J$2:$J$1001,ALGLIB_SSA_XAUUSD!$Q$2:$Q$1001,"",0) -> 4671.2441 | R51: =A51 -> 1775142300 | S51: =I51 -> XAUUSD | T51: =J51 -> M5 | U51: =K51 -> 4670.99 | V51: =E51 -> 4661.9456 | W51: =F51 -> 4652.9 | X51: =L51 -> 4675.8694 | Y51: =M51 -> 4678.3787 | Z51: =G51 -> 4677.0995 | AA51: =N51 -> 4683.9488 | AB51: =H51 -> 4637.9488 | AC51: =O51 -> 4671.2441 | AE51: =X51 -> 4675.8694 | AF51: =Z51 -> 4677.0995 | AG51: =AB51 -> 4637.9488
A52: =ALGLIB_SSA_XAUUSD!J52 -> 1775142600 | B52: =_xlfn.XLOOKUP($A52,ALGLIB_SSA_XAUUSD!$A$2:$A$1001,ALGLIB_SSA_XAUUSD!$B$2:$B$1001,"",0) | C52: =_xlfn.XLOOKUP($A52,ALGLIB_SSA_XAUUSD!$A$2:$A$1001,ALGLIB_SSA_XAUUSD!$C$2:$C$1001,"",0) | D52: =D50+(D62-D50)*2/12 -> 4660.7683 | E52: =E50+(E62-E50)*2/12 -> 4662.3395 | F52: =F50+(F62-F50)*2/12 -> 4653.4817 | G52: =G50+(G62-G50)*2/12 -> 4677.3812 | H52: =H50+(H62-H50)*2/12 -> 4638.5538 | I52: =_xlfn.XLOOKUP($A52,ALGLIB_SSA_XAUUSD!$J$2:$J$1001,ALGLIB_SSA_XAUUSD!$K$2:$K$1001,"",0) -> XAUUSD | J52: =_xlfn.XLOOKUP($A52,ALGLIB_SSA_XAUUSD!$J$2:$J$1001,ALGLIB_SSA_XAUUSD!$L$2:$L$1001,"",0) -> M5 | K52: =_xlfn.XLOOKUP($A52,ALGLIB_SSA_XAUUSD!$J$2:$J$1001,ALGLIB_SSA_XAUUSD!$M$2:$M$1001,"",0) -> 4672.36 | L52: =_xlfn.XLOOKUP($A52,ALGLIB_SSA_XAUUSD!$J$2:$J$1001,ALGLIB_SSA_XAUUSD!$N$2:$N$1001,"",0) -> 4673.027 | M52: =_xlfn.XLOOKUP($A52,ALGLIB_SSA_XAUUSD!$J$2:$J$1001,ALGLIB_SSA_XAUUSD!$O$2:$O$1001,"",0) -> 4675.7029 | N52: =_xlfn.XLOOKUP($A52,ALGLIB_SSA_XAUUSD!$J$2:$J$1001,ALGLIB_SSA_XAUUSD!$P$2:$P$1001,"",0) -> 4680.9777 | O52: =_xlfn.XLOOKUP($A52,ALGLIB_SSA_XAUUSD!$J$2:$J$1001,ALGLIB_SSA_XAUUSD!$Q$2:$Q$1001,"",0) -> 4668.9176 | R52: =A52 -> 1775142600 | S52: =I52 -> XAUUSD | T52: =J52 -> M5 | U52: =K52 -> 4672.36 | V52: =E52 -> 4662.3395 | W52: =F52 -> 4653.4817 | X52: =L52 -> 4673.027 | Y52: =M52 -> 4675.7029 | Z52: =G52 -> 4677.3812 | AA52: =N52 -> 4680.9777 | AB52: =H52 -> 4638.5538 | AC52: =O52 -> 4668.9176 | AE52: =X52 -> 4673.027 | AF52: =Z52 -> 4677.3812 | AG52: =AB52 -> 4638.5538
A53: =ALGLIB_SSA_XAUUSD!J53 -> 1775142900 | B53: =_xlfn.XLOOKUP($A53,ALGLIB_SSA_XAUUSD!$A$2:$A$1001,ALGLIB_SSA_XAUUSD!$B$2:$B$1001,"",0) | C53: =_xlfn.XLOOKUP($A53,ALGLIB_SSA_XAUUSD!$A$2:$A$1001,ALGLIB_SSA_XAUUSD!$C$2:$C$1001,"",0) | D53: =D50+(D62-D50)*3/12 -> 4660.6225 | E53: =E50+(E62-E50)*3/12 -> 4662.7334 | F53: =F50+(F62-F50)*3/12 -> 4654.0633 | G53: =G50+(G62-G50)*3/12 -> 4677.6629 | H53: =H50+(H62-H50)*3/12 -> 4639.1589 | I53: =_xlfn.XLOOKUP($A53,ALGLIB_SSA_XAUUSD!$J$2:$J$1001,ALGLIB_SSA_XAUUSD!$K$2:$K$1001,"",0) -> XAUUSD | J53: =_xlfn.XLOOKUP($A53,ALGLIB_SSA_XAUUSD!$J$2:$J$1001,ALGLIB_SSA_XAUUSD!$L$2:$L$1001,"",0) -> M5 | K53: =_xlfn.XLOOKUP($A53,ALGLIB_SSA_XAUUSD!$J$2:$J$1001,ALGLIB_SSA_XAUUSD!$M$2:$M$1001,"",0) -> 4672.56 | L53: =_xlfn.XLOOKUP($A53,ALGLIB_SSA_XAUUSD!$J$2:$J$1001,ALGLIB_SSA_XAUUSD!$N$2:$N$1001,"",0) -> 4670.8544 | M53: =_xlfn.XLOOKUP($A53,ALGLIB_SSA_XAUUSD!$J$2:$J$1001,ALGLIB_SSA_XAUUSD!$O$2:$O$1001,"",0) -> 4673.2786 | N53: =_xlfn.XLOOKUP($A53,ALGLIB_SSA_XAUUSD!$J$2:$J$1001,ALGLIB_SSA_XAUUSD!$P$2:$P$1001,"",0) -> 4678.3623 | O53: =_xlfn.XLOOKUP($A53,ALGLIB_SSA_XAUUSD!$J$2:$J$1001,ALGLIB_SSA_XAUUSD!$Q$2:$Q$1001,"",0) -> 4666.8238 | R53: =A53 -> 1775142900 | S53: =I53 -> XAUUSD | T53: =J53 -> M5 | U53: =K53 -> 4672.56 | V53: =E53 -> 4662.7334 | W53: =F53 -> 4654.0633 | X53: =L53 -> 4670.8544 | Y53: =M53 -> 4673.2786 | Z53: =G53 -> 4677.6629 | AA53: =N53 -> 4678.3623 | AB53: =H53 -> 4639.1589 | AC53: =O53 -> 4666.8238 | AE53: =X53 -> 4670.8544 | AF53: =Z53 -> 4677.6629 | AG53: =AB53 -> 4639.1589
A54: =ALGLIB_SSA_XAUUSD!J54 -> 1775143200 | B54: =_xlfn.XLOOKUP($A54,ALGLIB_SSA_XAUUSD!$A$2:$A$1001,ALGLIB_SSA_XAUUSD!$B$2:$B$1001,"",0) | C54: =_xlfn.XLOOKUP($A54,ALGLIB_SSA_XAUUSD!$A$2:$A$1001,ALGLIB_SSA_XAUUSD!$C$2:$C$1001,"",0) | D54: =D50+(D62-D50)*4/12 -> 4660.4767 | E54: =E50+(E62-E50)*4/12 -> 4663.1273 | F54: =F50+(F62-F50)*4/12 -> 4654.645 | G54: =G50+(G62-G50)*4/12 -> 4677.9446 | H54: =H50+(H62-H50)*4/12 -> 4639.7639 | I54: =_xlfn.XLOOKUP($A54,ALGLIB_SSA_XAUUSD!$J$2:$J$1001,ALGLIB_SSA_XAUUSD!$K$2:$K$1001,"",0) -> XAUUSD | J54: =_xlfn.XLOOKUP($A54,ALGLIB_SSA_XAUUSD!$J$2:$J$1001,ALGLIB_SSA_XAUUSD!$L$2:$L$1001,"",0) -> M5 | K54: =_xlfn.XLOOKUP($A54,ALGLIB_SSA_XAUUSD!$J$2:$J$1001,ALGLIB_SSA_XAUUSD!$M$2:$M$1001,"",0) -> 4662.04 | L54: =_xlfn.XLOOKUP($A54,ALGLIB_SSA_XAUUSD!$J$2:$J$1001,ALGLIB_SSA_XAUUSD!$N$2:$N$1001,"",0) -> 4669.4334 | M54: =_xlfn.XLOOKUP($A54,ALGLIB_SSA_XAUUSD!$J$2:$J$1001,ALGLIB_SSA_XAUUSD!$O$2:$O$1001,"",0) -> 4671.356 | N54: =_xlfn.XLOOKUP($A54,ALGLIB_SSA_XAUUSD!$J$2:$J$1001,ALGLIB_SSA_XAUUSD!$P$2:$P$1001,"",0) -> 4676.1981 | O54: =_xlfn.XLOOKUP($A54,ALGLIB_SSA_XAUUSD!$J$2:$J$1001,ALGLIB_SSA_XAUUSD!$Q$2:$Q$1001,"",0) -> 4665.0742 | R54: =A54 -> 1775143200 | S54: =I54 -> XAUUSD | T54: =J54 -> M5 | U54: =K54 -> 4662.04 | V54: =E54 -> 4663.1273 | W54: =F54 -> 4654.645 | X54: =L54 -> 4669.4334 | Y54: =M54 -> 4671.356 | Z54: =G54 -> 4677.9446 | AA54: =N54 -> 4676.1981 | AB54: =H54 -> 4639.7639 | AC54: =O54 -> 4665.0742 | AE54: =X54 -> 4669.4334 | AF54: =Z54 -> 4677.9446 | AG54: =AB54 -> 4639.7639
A55: =ALGLIB_SSA_XAUUSD!J55 -> 1775143500 | B55: =_xlfn.XLOOKUP($A55,ALGLIB_SSA_XAUUSD!$A$2:$A$1001,ALGLIB_SSA_XAUUSD!$B$2:$B$1001,"",0) | C55: =_xlfn.XLOOKUP($A55,ALGLIB_SSA_XAUUSD!$A$2:$A$1001,ALGLIB_SSA_XAUUSD!$C$2:$C$1001,"",0) | D55: =D50+(D62-D50)*5/12 -> 4660.3308 | E55: =E50+(E62-E50)*5/12 -> 4663.5213 | F55: =F50+(F62-F50)*5/12 -> 4655.2267 | G55: =G50+(G62-G50)*5/12 -> 4678.2263 | H55: =H50+(H62-H50)*5/12 -> 4640.369 | I55: =_xlfn.XLOOKUP($A55,ALGLIB_SSA_XAUUSD!$J$2:$J$1001,ALGLIB_SSA_XAUUSD!$K$2:$K$1001,"",0) -> XAUUSD | J55: =_xlfn.XLOOKUP($A55,ALGLIB_SSA_XAUUSD!$J$2:$J$1001,ALGLIB_SSA_XAUUSD!$L$2:$L$1001,"",0) -> M5 | K55: =_xlfn.XLOOKUP($A55,ALGLIB_SSA_XAUUSD!$J$2:$J$1001,ALGLIB_SSA_XAUUSD!$M$2:$M$1001,"",0) -> 4672.5 | L55: =_xlfn.XLOOKUP($A55,ALGLIB_SSA_XAUUSD!$J$2:$J$1001,ALGLIB_SSA_XAUUSD!$N$2:$N$1001,"",0) -> 4668.866 | M55: =_xlfn.XLOOKUP($A55,ALGLIB_SSA_XAUUSD!$J$2:$J$1001,ALGLIB_SSA_XAUUSD!$O$2:$O$1001,"",0) -> 4670.111 | N55: =_xlfn.XLOOKUP($A55,ALGLIB_SSA_XAUUSD!$J$2:$J$1001,ALGLIB_SSA_XAUUSD!$P$2:$P$1001,"",0) -> 4674.6621 | O55: =_xlfn.XLOOKUP($A55,ALGLIB_SSA_XAUUSD!$J$2:$J$1001,ALGLIB_SSA_XAUUSD!$Q$2:$Q$1001,"",0) -> 4663.9518 | R55: =A55 -> 1775143500 | S55: =I55 -> XAUUSD | T55: =J55 -> M5 | U55: =K55 -> 4672.5 | V55: =E55 -> 4663.5213 | W55: =F55 -> 4655.2267 | X55: =L55 -> 4668.866 | Y55: =M55 -> 4670.111 | Z55: =G55 -> 4678.2263 | AA55: =N55 -> 4674.6621 | AB55: =H55 -> 4640.369 | AC55: =O55 -> 4663.9518 | AE55: =X55 -> 4668.866 | AF55: =Z55 -> 4678.2263 | AG55: =AB55 -> 4640.369
A56: =ALGLIB_SSA_XAUUSD!J56 -> 1775143800 | B56: =_xlfn.XLOOKUP($A56,ALGLIB_SSA_XAUUSD!$A$2:$A$1001,ALGLIB_SSA_XAUUSD!$B$2:$B$1001,"",0) | C56: =_xlfn.XLOOKUP($A56,ALGLIB_SSA_XAUUSD!$A$2:$A$1001,ALGLIB_SSA_XAUUSD!$C$2:$C$1001,"",0) | D56: =D50+(D62-D50)*6/12 -> 4660.185 | E56: =E50+(E62-E50)*6/12 -> 4663.9152 | F56: =F50+(F62-F50)*6/12 -> 4655.8084 | G56: =G50+(G62-G50)*6/12 -> 4678.508 | H56: =H50+(H62-H50)*6/12 -> 4640.974 | I56: =_xlfn.XLOOKUP($A56,ALGLIB_SSA_XAUUSD!$J$2:$J$1001,ALGLIB_SSA_XAUUSD!$K$2:$K$1001,"",0) -> XAUUSD | J56: =_xlfn.XLOOKUP($A56,ALGLIB_SSA_XAUUSD!$J$2:$J$1001,ALGLIB_SSA_XAUUSD!$L$2:$L$1001,"",0) -> M5 | K56: =_xlfn.XLOOKUP($A56,ALGLIB_SSA_XAUUSD!$J$2:$J$1001,ALGLIB_SSA_XAUUSD!$M$2:$M$1001,"",0) -> 4675.2 | L56: =_xlfn.XLOOKUP($A56,ALGLIB_SSA_XAUUSD!$J$2:$J$1001,ALGLIB_SSA_XAUUSD!$N$2:$N$1001,"",0) -> 4668.5552 | M56: =_xlfn.XLOOKUP($A56,ALGLIB_SSA_XAUUSD!$J$2:$J$1001,ALGLIB_SSA_XAUUSD!$O$2:$O$1001,"",0) -> 4669.3331 | N56: =_xlfn.XLOOKUP($A56,ALGLIB_SSA_XAUUSD!$J$2:$J$1001,ALGLIB_SSA_XAUUSD!$P$2:$P$1001,"",0) -> 4673.4511 | O56: =_xlfn.XLOOKUP($A56,ALGLIB_SSA_XAUUSD!$J$2:$J$1001,ALGLIB_SSA_XAUUSD!$Q$2:$Q$1001,"",0) -> 4663.2979 | R56: =A56 -> 1775143800 | S56: =I56 -> XAUUSD | T56: =J56 -> M5 | U56: =K56 -> 4675.2 | V56: =E56 -> 4663.9152 | W56: =F56 -> 4655.8084 | X56: =L56 -> 4668.5552 | Y56: =M56 -> 4669.3331 | Z56: =G56 -> 4678.508 | AA56: =N56 -> 4673.4511 | AB56: =H56 -> 4640.974 | AC56: =O56 -> 4663.2979 | AE56: =X56 -> 4668.5552 | AF56: =Z56 -> 4678.508 | AG56: =AB56 -> 4640.974
A57: =ALGLIB_SSA_XAUUSD!J57 -> 1775144100 | B57: =_xlfn.XLOOKUP($A57,ALGLIB_SSA_XAUUSD!$A$2:$A$1001,ALGLIB_SSA_XAUUSD!$B$2:$B$1001,"",0) | C57: =_xlfn.XLOOKUP($A57,ALGLIB_SSA_XAUUSD!$A$2:$A$1001,ALGLIB_SSA_XAUUSD!$C$2:$C$1001,"",0) | D57: =D50+(D62-D50)*7/12 -> 4660.0392 | E57: =E50+(E62-E50)*7/12 -> 4664.3091 | F57: =F50+(F62-F50)*7/12 -> 4656.3901 | G57: =G50+(G62-G50)*7/12 -> 4678.7897 | H57: =H50+(H62-H50)*7/12 -> 4641.579 | I57: =_xlfn.XLOOKUP($A57,ALGLIB_SSA_XAUUSD!$J$2:$J$1001,ALGLIB_SSA_XAUUSD!$K$2:$K$1001,"",0) -> XAUUSD | J57: =_xlfn.XLOOKUP($A57,ALGLIB_SSA_XAUUSD!$J$2:$J$1001,ALGLIB_SSA_XAUUSD!$L$2:$L$1001,"",0) -> M5 | K57: =_xlfn.XLOOKUP($A57,ALGLIB_SSA_XAUUSD!$J$2:$J$1001,ALGLIB_SSA_XAUUSD!$M$2:$M$1001,"",0) -> 4670.34 | L57: =_xlfn.XLOOKUP($A57,ALGLIB_SSA_XAUUSD!$J$2:$J$1001,ALGLIB_SSA_XAUUSD!$N$2:$N$1001,"",0) -> 4668.0052 | M57: =_xlfn.XLOOKUP($A57,ALGLIB_SSA_XAUUSD!$J$2:$J$1001,ALGLIB_SSA_XAUUSD!$O$2:$O$1001,"",0) -> 4668.6691 | N57: =_xlfn.XLOOKUP($A57,ALGLIB_SSA_XAUUSD!$J$2:$J$1001,ALGLIB_SSA_XAUUSD!$P$2:$P$1001,"",0) -> 4672.3166 | O57: =_xlfn.XLOOKUP($A57,ALGLIB_SSA_XAUUSD!$J$2:$J$1001,ALGLIB_SSA_XAUUSD!$Q$2:$Q$1001,"",0) -> 4662.5597 | R57: =A57 -> 1775144100 | S57: =I57 -> XAUUSD | T57: =J57 -> M5 | U57: =K57 -> 4670.34 | V57: =E57 -> 4664.3091 | W57: =F57 -> 4656.3901 | X57: =L57 -> 4668.0052 | Y57: =M57 -> 4668.6691 | Z57: =G57 -> 4678.7897 | AA57: =N57 -> 4672.3166 | AB57: =H57 -> 4641.579 | AC57: =O57 -> 4662.5597 | AE57: =X57 -> 4668.0052 | AF57: =Z57 -> 4678.7897 | AG57: =AB57 -> 4641.579
A58: =ALGLIB_SSA_XAUUSD!J58 -> 1775144400 | B58: =_xlfn.XLOOKUP($A58,ALGLIB_SSA_XAUUSD!$A$2:$A$1001,ALGLIB_SSA_XAUUSD!$B$2:$B$1001,"",0) | C58: =_xlfn.XLOOKUP($A58,ALGLIB_SSA_XAUUSD!$A$2:$A$1001,ALGLIB_SSA_XAUUSD!$C$2:$C$1001,"",0) | D58: =D50+(D62-D50)*8/12 -> 4659.8933 | E58: =E50+(E62-E50)*8/12 -> 4664.703 | F58: =F50+(F62-F50)*8/12 -> 4656.9717 | G58: =G50+(G62-G50)*8/12 -> 4679.0714 | H58: =H50+(H62-H50)*8/12 -> 4642.1841 | I58: =_xlfn.XLOOKUP($A58,ALGLIB_SSA_XAUUSD!$J$2:$J$1001,ALGLIB_SSA_XAUUSD!$K$2:$K$1001,"",0) -> XAUUSD | J58: =_xlfn.XLOOKUP($A58,ALGLIB_SSA_XAUUSD!$J$2:$J$1001,ALGLIB_SSA_XAUUSD!$L$2:$L$1001,"",0) -> M5 | K58: =_xlfn.XLOOKUP($A58,ALGLIB_SSA_XAUUSD!$J$2:$J$1001,ALGLIB_SSA_XAUUSD!$M$2:$M$1001,"",0) -> 4666 | L58: =_xlfn.XLOOKUP($A58,ALGLIB_SSA_XAUUSD!$J$2:$J$1001,ALGLIB_SSA_XAUUSD!$N$2:$N$1001,"",0) -> 4666.9658 | M58: =_xlfn.XLOOKUP($A58,ALGLIB_SSA_XAUUSD!$J$2:$J$1001,ALGLIB_SSA_XAUUSD!$O$2:$O$1001,"",0) -> 4667.8175 | N58: =_xlfn.XLOOKUP($A58,ALGLIB_SSA_XAUUSD!$J$2:$J$1001,ALGLIB_SSA_XAUUSD!$P$2:$P$1001,"",0) -> 4670.9168 | O58: =_xlfn.XLOOKUP($A58,ALGLIB_SSA_XAUUSD!$J$2:$J$1001,ALGLIB_SSA_XAUUSD!$Q$2:$Q$1001,"",0) -> 4661.4008 | R58: =A58 -> 1775144400 | S58: =I58 -> XAUUSD | T58: =J58 -> M5 | U58: =K58 -> 4666 | V58: =E58 -> 4664.703 | W58: =F58 -> 4656.9717 | X58: =L58 -> 4666.9658 | Y58: =M58 -> 4667.8175 | Z58: =G58 -> 4679.0714 | AA58: =N58 -> 4670.9168 | AB58: =H58 -> 4642.1841 | AC58: =O58 -> 4661.4008 | AE58: =X58 -> 4666.9658 | AF58: =Z58 -> 4679.0714 | AG58: =AB58 -> 4642.1841
A59: =ALGLIB_SSA_XAUUSD!J59 -> 1775144700 | B59: =_xlfn.XLOOKUP($A59,ALGLIB_SSA_XAUUSD!$A$2:$A$1001,ALGLIB_SSA_XAUUSD!$B$2:$B$1001,"",0) | C59: =_xlfn.XLOOKUP($A59,ALGLIB_SSA_XAUUSD!$A$2:$A$1001,ALGLIB_SSA_XAUUSD!$C$2:$C$1001,"",0) | D59: =D50+(D62-D50)*9/12 -> 4659.7475 | E59: =E50+(E62-E50)*9/12 -> 4665.0969 | F59: =F50+(F62-F50)*9/12 -> 4657.5534 | G59: =G50+(G62-G50)*9/12 -> 4679.3531 | H59: =H50+(H62-H50)*9/12 -> 4642.7891 | I59: =_xlfn.XLOOKUP($A59,ALGLIB_SSA_XAUUSD!$J$2:$J$1001,ALGLIB_SSA_XAUUSD!$K$2:$K$1001,"",0) -> XAUUSD | J59: =_xlfn.XLOOKUP($A59,ALGLIB_SSA_XAUUSD!$J$2:$J$1001,ALGLIB_SSA_XAUUSD!$L$2:$L$1001,"",0) -> M5 | K59: =_xlfn.XLOOKUP($A59,ALGLIB_SSA_XAUUSD!$J$2:$J$1001,ALGLIB_SSA_XAUUSD!$M$2:$M$1001,"",0) -> 4659.15 | L59: =_xlfn.XLOOKUP($A59,ALGLIB_SSA_XAUUSD!$J$2:$J$1001,ALGLIB_SSA_XAUUSD!$N$2:$N$1001,"",0) -> 4665.3456 | M59: =_xlfn.XLOOKUP($A59,ALGLIB_SSA_XAUUSD!$J$2:$J$1001,ALGLIB_SSA_XAUUSD!$O$2:$O$1001,"",0) -> 4666.5815 | N59: =_xlfn.XLOOKUP($A59,ALGLIB_SSA_XAUUSD!$J$2:$J$1001,ALGLIB_SSA_XAUUSD!$P$2:$P$1001,"",0) -> 4669.2166 | O59: =_xlfn.XLOOKUP($A59,ALGLIB_SSA_XAUUSD!$J$2:$J$1001,ALGLIB_SSA_XAUUSD!$Q$2:$Q$1001,"",0) -> 4659.7411 | R59: =A59 -> 1775144700 | S59: =I59 -> XAUUSD | T59: =J59 -> M5 | U59: =K59 -> 4659.15 | V59: =E59 -> 4665.0969 | W59: =F59 -> 4657.5534 | X59: =L59 -> 4665.3456 | Y59: =M59 -> 4666.5815 | Z59: =G59 -> 4679.3531 | AA59: =N59 -> 4669.2166 | AB59: =H59 -> 4642.7891 | AC59: =O59 -> 4659.7411 | AE59: =X59 -> 4665.3456 | AF59: =Z59 -> 4679.3531 | AG59: =AB59 -> 4642.7891
A60: =ALGLIB_SSA_XAUUSD!J60 -> 1775145000 | B60: =_xlfn.XLOOKUP($A60,ALGLIB_SSA_XAUUSD!$A$2:$A$1001,ALGLIB_SSA_XAUUSD!$B$2:$B$1001,"",0) | C60: =_xlfn.XLOOKUP($A60,ALGLIB_SSA_XAUUSD!$A$2:$A$1001,ALGLIB_SSA_XAUUSD!$C$2:$C$1001,"",0) | D60: =D50+(D62-D50)*10/12 -> 4659.6017 | E60: =E50+(E62-E50)*10/12 -> 4665.4908 | F60: =F50+(F62-F50)*10/12 -> 4658.1351 | G60: =G50+(G62-G50)*10/12 -> 4679.6348 | H60: =H50+(H62-H50)*10/12 -> 4643.3942 | I60: =_xlfn.XLOOKUP($A60,ALGLIB_SSA_XAUUSD!$J$2:$J$1001,ALGLIB_SSA_XAUUSD!$K$2:$K$1001,"",0) -> XAUUSD | J60: =_xlfn.XLOOKUP($A60,ALGLIB_SSA_XAUUSD!$J$2:$J$1001,ALGLIB_SSA_XAUUSD!$L$2:$L$1001,"",0) -> M5 | K60: =_xlfn.XLOOKUP($A60,ALGLIB_SSA_XAUUSD!$J$2:$J$1001,ALGLIB_SSA_XAUUSD!$M$2:$M$1001,"",0) -> 4662.16 | L60: =_xlfn.XLOOKUP($A60,ALGLIB_SSA_XAUUSD!$J$2:$J$1001,ALGLIB_SSA_XAUUSD!$N$2:$N$1001,"",0) -> 4663.2686 | M60: =_xlfn.XLOOKUP($A60,ALGLIB_SSA_XAUUSD!$J$2:$J$1001,ALGLIB_SSA_XAUUSD!$O$2:$O$1001,"",0) -> 4664.9251 | N60: =_xlfn.XLOOKUP($A60,ALGLIB_SSA_XAUUSD!$J$2:$J$1001,ALGLIB_SSA_XAUUSD!$P$2:$P$1001,"",0) -> 4667.2694 | O60: =_xlfn.XLOOKUP($A60,ALGLIB_SSA_XAUUSD!$J$2:$J$1001,ALGLIB_SSA_XAUUSD!$Q$2:$Q$1001,"",0) -> 4657.5997 | R60: =A60 -> 1775145000 | S60: =I60 -> XAUUSD | T60: =J60 -> M5 | U60: =K60 -> 4662.16 | V60: =E60 -> 4665.4908 | W60: =F60 -> 4658.1351 | X60: =L60 -> 4663.2686 | Y60: =M60 -> 4664.9251 | Z60: =G60 -> 4679.6348 | AA60: =N60 -> 4667.2694 | AB60: =H60 -> 4643.3942 | AC60: =O60 -> 4657.5997 | AE60: =X60 -> 4663.2686 | AF60: =Z60 -> 4679.6348 | AG60: =AB60 -> 4643.3942
A61: =ALGLIB_SSA_XAUUSD!J61 -> 1775145300 | B61: =_xlfn.XLOOKUP($A61,ALGLIB_SSA_XAUUSD!$A$2:$A$1001,ALGLIB_SSA_XAUUSD!$B$2:$B$1001,"",0) | C61: =_xlfn.XLOOKUP($A61,ALGLIB_SSA_XAUUSD!$A$2:$A$1001,ALGLIB_SSA_XAUUSD!$C$2:$C$1001,"",0) | D61: =D50+(D62-D50)*11/12 -> 4659.4558 | E61: =E50+(E62-E50)*11/12 -> 4665.8847 | F61: =F50+(F62-F50)*11/12 -> 4658.7168 | G61: =G50+(G62-G50)*11/12 -> 4679.9165 | H61: =H50+(H62-H50)*11/12 -> 4643.9992 | I61: =_xlfn.XLOOKUP($A61,ALGLIB_SSA_XAUUSD!$J$2:$J$1001,ALGLIB_SSA_XAUUSD!$K$2:$K$1001,"",0) -> XAUUSD | J61: =_xlfn.XLOOKUP($A61,ALGLIB_SSA_XAUUSD!$J$2:$J$1001,ALGLIB_SSA_XAUUSD!$L$2:$L$1001,"",0) -> M5 | K61: =_xlfn.XLOOKUP($A61,ALGLIB_SSA_XAUUSD!$J$2:$J$1001,ALGLIB_SSA_XAUUSD!$M$2:$M$1001,"",0) -> 4661.06 | L61: =_xlfn.XLOOKUP($A61,ALGLIB_SSA_XAUUSD!$J$2:$J$1001,ALGLIB_SSA_XAUUSD!$N$2:$N$1001,"",0) -> 4660.7842 | M61: =_xlfn.XLOOKUP($A61,ALGLIB_SSA_XAUUSD!$J$2:$J$1001,ALGLIB_SSA_XAUUSD!$O$2:$O$1001,"",0) -> 4662.8547 | N61: =_xlfn.XLOOKUP($A61,ALGLIB_SSA_XAUUSD!$J$2:$J$1001,ALGLIB_SSA_XAUUSD!$P$2:$P$1001,"",0) -> 4665.2317 | O61: =_xlfn.XLOOKUP($A61,ALGLIB_SSA_XAUUSD!$J$2:$J$1001,ALGLIB_SSA_XAUUSD!$Q$2:$Q$1001,"",0) -> 4655.2181 | R61: =A61 -> 1775145300 | S61: =I61 -> XAUUSD | T61: =J61 -> M5 | U61: =K61 -> 4661.06 | V61: =E61 -> 4665.8847 | W61: =F61 -> 4658.7168 | X61: =L61 -> 4660.7842 | Y61: =M61 -> 4662.8547 | Z61: =G61 -> 4679.9165 | AA61: =N61 -> 4665.2317 | AB61: =H61 -> 4643.9992 | AC61: =O61 -> 4655.2181 | AE61: =X61 -> 4660.7842 | AF61: =Z61 -> 4679.9165 | AG61: =AB61 -> 4643.9992
A62: =ALGLIB_SSA_XAUUSD!J62 -> 1775145600 | B62: =_xlfn.XLOOKUP($A62,ALGLIB_SSA_XAUUSD!$A$2:$A$1001,ALGLIB_SSA_XAUUSD!$B$2:$B$1001,"",0) -> XAUUSD | C62: =_xlfn.XLOOKUP($A62,ALGLIB_SSA_XAUUSD!$A$2:$A$1001,ALGLIB_SSA_XAUUSD!$C$2:$C$1001,"",0) -> H1 | D62: =_xlfn.XLOOKUP($A62,ALGLIB_SSA_XAUUSD!$A$2:$A$1001,ALGLIB_SSA_XAUUSD!$D$2:$D$1001,"",0) -> 4659.31 | E62: =_xlfn.XLOOKUP($A62,ALGLIB_SSA_XAUUSD!$A$2:$A$1001,ALGLIB_SSA_XAUUSD!$E$2:$E$1001,"",0) -> 4666.2786 | F62: =_xlfn.XLOOKUP($A62,ALGLIB_SSA_XAUUSD!$A$2:$A$1001,ALGLIB_SSA_XAUUSD!$F$2:$F$1001,"",0) -> 4659.2985 | G62: =_xlfn.XLOOKUP($A62,ALGLIB_SSA_XAUUSD!$A$2:$A$1001,ALGLIB_SSA_XAUUSD!$G$2:$G$1001,"",0) -> 4680.1982 | H62: =_xlfn.XLOOKUP($A62,ALGLIB_SSA_XAUUSD!$A$2:$A$1001,ALGLIB_SSA_XAUUSD!$H$2:$H$1001,"",0) -> 4644.6043 | I62: =_xlfn.XLOOKUP($A62,ALGLIB_SSA_XAUUSD!$J$2:$J$1001,ALGLIB_SSA_XAUUSD!$K$2:$K$1001,"",0) -> XAUUSD | J62: =_xlfn.XLOOKUP($A62,ALGLIB_SSA_XAUUSD!$J$2:$J$1001,ALGLIB_SSA_XAUUSD!$L$2:$L$1001,"",0) -> M5 | K62: =_xlfn.XLOOKUP($A62,ALGLIB_SSA_XAUUSD!$J$2:$J$1001,ALGLIB_SSA_XAUUSD!$M$2:$M$1001,"",0) -> 4661.82 | L62: =_xlfn.XLOOKUP($A62,ALGLIB_SSA_XAUUSD!$J$2:$J$1001,ALGLIB_SSA_XAUUSD!$N$2:$N$1001,"",0) -> 4658.1377 | M62: =_xlfn.XLOOKUP($A62,ALGLIB_SSA_XAUUSD!$J$2:$J$1001,ALGLIB_SSA_XAUUSD!$O$2:$O$1001,"",0) -> 4660.4962 | N62: =_xlfn.XLOOKUP($A62,ALGLIB_SSA_XAUUSD!$J$2:$J$1001,ALGLIB_SSA_XAUUSD!$P$2:$P$1001,"",0) -> 4663.2184 | O62: =_xlfn.XLOOKUP($A62,ALGLIB_SSA_XAUUSD!$J$2:$J$1001,ALGLIB_SSA_XAUUSD!$Q$2:$Q$1001,"",0) -> 4652.793 | R62: =A62 -> 1775145600 | S62: =I62 -> XAUUSD | T62: =J62 -> M5 | U62: =K62 -> 4661.82 | V62: =E62 -> 4666.2786 | W62: =F62 -> 4659.2985 | X62: =L62 -> 4658.1377 | Y62: =M62 -> 4660.4962 | Z62: =G62 -> 4680.1982 | AA62: =N62 -> 4663.2184 | AB62: =H62 -> 4644.6043 | AC62: =O62 -> 4652.793 | AE62: =X62 -> 4658.1377 | AF62: =Z62 -> 4680.1982 | AG62: =AB62 -> 4644.6043
A63: =ALGLIB_SSA_XAUUSD!J63 -> 1775145900 | B63: =_xlfn.XLOOKUP($A63,ALGLIB_SSA_XAUUSD!$A$2:$A$1001,ALGLIB_SSA_XAUUSD!$B$2:$B$1001,"",0) | C63: =_xlfn.XLOOKUP($A63,ALGLIB_SSA_XAUUSD!$A$2:$A$1001,ALGLIB_SSA_XAUUSD!$C$2:$C$1001,"",0) | D63: =D62+(D74-D62)*1/12 -> 4658.435 | E63: =E62+(E74-E62)*1/12 -> 4666.373 | F63: =F62+(F74-F62)*1/12 -> 4659.6365 | G63: =G62+(G74-G62)*1/12 -> 4680.2177 | H63: =H62+(H74-H62)*1/12 -> 4644.9322 | I63: =_xlfn.XLOOKUP($A63,ALGLIB_SSA_XAUUSD!$J$2:$J$1001,ALGLIB_SSA_XAUUSD!$K$2:$K$1001,"",0) -> XAUUSD | J63: =_xlfn.XLOOKUP($A63,ALGLIB_SSA_XAUUSD!$J$2:$J$1001,ALGLIB_SSA_XAUUSD!$L$2:$L$1001,"",0) -> M5 | K63: =_xlfn.XLOOKUP($A63,ALGLIB_SSA_XAUUSD!$J$2:$J$1001,ALGLIB_SSA_XAUUSD!$M$2:$M$1001,"",0) -> 4658.07 | L63: =_xlfn.XLOOKUP($A63,ALGLIB_SSA_XAUUSD!$J$2:$J$1001,ALGLIB_SSA_XAUUSD!$N$2:$N$1001,"",0) -> 4655.6157 | M63: =_xlfn.XLOOKUP($A63,ALGLIB_SSA_XAUUSD!$J$2:$J$1001,ALGLIB_SSA_XAUUSD!$O$2:$O$1001,"",0) -> 4658.0559 | N63: =_xlfn.XLOOKUP($A63,ALGLIB_SSA_XAUUSD!$J$2:$J$1001,ALGLIB_SSA_XAUUSD!$P$2:$P$1001,"",0) -> 4661.3149 | O63: =_xlfn.XLOOKUP($A63,ALGLIB_SSA_XAUUSD!$J$2:$J$1001,ALGLIB_SSA_XAUUSD!$Q$2:$Q$1001,"",0) -> 4650.4533 | R63: =A63 -> 1775145900 | S63: =I63 -> XAUUSD | T63: =J63 -> M5 | U63: =K63 -> 4658.07 | V63: =E63 -> 4666.373 | W63: =F63 -> 4659.6365 | X63: =L63 -> 4655.6157 | Y63: =M63 -> 4658.0559 | Z63: =G63 -> 4680.2177 | AA63: =N63 -> 4661.3149 | AB63: =H63 -> 4644.9322 | AC63: =O63 -> 4650.4533 | AE63: =X63 -> 4655.6157 | AF63: =Z63 -> 4680.2177 | AG63: =AB63 -> 4644.9322
A64: =ALGLIB_SSA_XAUUSD!J64 -> 1775146200 | B64: =_xlfn.XLOOKUP($A64,ALGLIB_SSA_XAUUSD!$A$2:$A$1001,ALGLIB_SSA_XAUUSD!$B$2:$B$1001,"",0) | C64: =_xlfn.XLOOKUP($A64,ALGLIB_SSA_XAUUSD!$A$2:$A$1001,ALGLIB_SSA_XAUUSD!$C$2:$C$1001,"",0) | D64: =D62+(D74-D62)*2/12 -> 4657.56 | E64: =E62+(E74-E62)*2/12 -> 4666.4673 | F64: =F62+(F74-F62)*2/12 -> 4659.9745 | G64: =G62+(G74-G62)*2/12 -> 4680.2373 | H64: =H62+(H74-H62)*2/12 -> 4645.2601 | I64: =_xlfn.XLOOKUP($A64,ALGLIB_SSA_XAUUSD!$J$2:$J$1001,ALGLIB_SSA_XAUUSD!$K$2:$K$1001,"",0) -> XAUUSD | J64: =_xlfn.XLOOKUP($A64,ALGLIB_SSA_XAUUSD!$J$2:$J$1001,ALGLIB_SSA_XAUUSD!$L$2:$L$1001,"",0) -> M5 | K64: =_xlfn.XLOOKUP($A64,ALGLIB_SSA_XAUUSD!$J$2:$J$1001,ALGLIB_SSA_XAUUSD!$M$2:$M$1001,"",0) -> 4654.93 | L64: =_xlfn.XLOOKUP($A64,ALGLIB_SSA_XAUUSD!$J$2:$J$1001,ALGLIB_SSA_XAUUSD!$N$2:$N$1001,"",0) -> 4653.6526 | M64: =_xlfn.XLOOKUP($A64,ALGLIB_SSA_XAUUSD!$J$2:$J$1001,ALGLIB_SSA_XAUUSD!$O$2:$O$1001,"",0) -> 4655.8543 | N64: =_xlfn.XLOOKUP($A64,ALGLIB_SSA_XAUUSD!$J$2:$J$1001,ALGLIB_SSA_XAUUSD!$P$2:$P$1001,"",0) -> 4659.8493 | O64: =_xlfn.XLOOKUP($A64,ALGLIB_SSA_XAUUSD!$J$2:$J$1001,ALGLIB_SSA_XAUUSD!$Q$2:$Q$1001,"",0) -> 4648.7909 | R64: =A64 -> 1775146200 | S64: =I64 -> XAUUSD | T64: =J64 -> M5 | U64: =K64 -> 4654.93 | V64: =E64 -> 4666.4673 | W64: =F64 -> 4659.9745 | X64: =L64 -> 4653.6526 | Y64: =M64 -> 4655.8543 | Z64: =G64 -> 4680.2373 | AA64: =N64 -> 4659.8493 | AB64: =H64 -> 4645.2601 | AC64: =O64 -> 4648.7909 | AE64: =X64 -> 4653.6526 | AF64: =Z64 -> 4680.2373 | AG64: =AB64 -> 4645.2601
A65: =ALGLIB_SSA_XAUUSD!J65 -> 1775146500 | B65: =_xlfn.XLOOKUP($A65,ALGLIB_SSA_XAUUSD!$A$2:$A$1001,ALGLIB_SSA_XAUUSD!$B$2:$B$1001,"",0) | C65: =_xlfn.XLOOKUP($A65,ALGLIB_SSA_XAUUSD!$A$2:$A$1001,ALGLIB_SSA_XAUUSD!$C$2:$C$1001,"",0) | D65: =D62+(D74-D62)*3/12 -> 4656.685 | E65: =E62+(E74-E62)*3/12 -> 4666.5616 | F65: =F62+(F74-F62)*3/12 -> 4660.3125 | G65: =G62+(G74-G62)*3/12 -> 4680.2568 | H65: =H62+(H74-H62)*3/12 -> 4645.588 | I65: =_xlfn.XLOOKUP($A65,ALGLIB_SSA_XAUUSD!$J$2:$J$1001,ALGLIB_SSA_XAUUSD!$K$2:$K$1001,"",0) -> XAUUSD | J65: =_xlfn.XLOOKUP($A65,ALGLIB_SSA_XAUUSD!$J$2:$J$1001,ALGLIB_SSA_XAUUSD!$L$2:$L$1001,"",0) -> M5 | K65: =_xlfn.XLOOKUP($A65,ALGLIB_SSA_XAUUSD!$J$2:$J$1001,ALGLIB_SSA_XAUUSD!$M$2:$M$1001,"",0) -> 4646.49 | L65: =_xlfn.XLOOKUP($A65,ALGLIB_SSA_XAUUSD!$J$2:$J$1001,ALGLIB_SSA_XAUUSD!$N$2:$N$1001,"",0) -> 4652.5618 | M65: =_xlfn.XLOOKUP($A65,ALGLIB_SSA_XAUUSD!$J$2:$J$1001,ALGLIB_SSA_XAUUSD!$O$2:$O$1001,"",0) -> 4654.208 | N65: =_xlfn.XLOOKUP($A65,ALGLIB_SSA_XAUUSD!$J$2:$J$1001,ALGLIB_SSA_XAUUSD!$P$2:$P$1001,"",0) -> 4659.1784 | O65: =_xlfn.XLOOKUP($A65,ALGLIB_SSA_XAUUSD!$J$2:$J$1001,ALGLIB_SSA_XAUUSD!$Q$2:$Q$1001,"",0) -> 4647.9757 | R65: =A65 -> 1775146500 | S65: =I65 -> XAUUSD | T65: =J65 -> M5 | U65: =K65 -> 4646.49 | V65: =E65 -> 4666.5616 | W65: =F65 -> 4660.3125 | X65: =L65 -> 4652.5618 | Y65: =M65 -> 4654.208 | Z65: =G65 -> 4680.2568 | AA65: =N65 -> 4659.1784 | AB65: =H65 -> 4645.588 | AC65: =O65 -> 4647.9757 | AE65: =X65 -> 4652.5618 | AF65: =Z65 -> 4680.2568 | AG65: =AB65 -> 4645.588
A66: =ALGLIB_SSA_XAUUSD!J66 -> 1775146800 | B66: =_xlfn.XLOOKUP($A66,ALGLIB_SSA_XAUUSD!$A$2:$A$1001,ALGLIB_SSA_XAUUSD!$B$2:$B$1001,"",0) | C66: =_xlfn.XLOOKUP($A66,ALGLIB_SSA_XAUUSD!$A$2:$A$1001,ALGLIB_SSA_XAUUSD!$C$2:$C$1001,"",0) | D66: =D62+(D74-D62)*4/12 -> 4655.81 | E66: =E62+(E74-E62)*4/12 -> 4666.656 | F66: =F62+(F74-F62)*4/12 -> 4660.6505 | G66: =G62+(G74-G62)*4/12 -> 4680.2764 | H66: =H62+(H74-H62)*4/12 -> 4645.9159 | I66: =_xlfn.XLOOKUP($A66,ALGLIB_SSA_XAUUSD!$J$2:$J$1001,ALGLIB_SSA_XAUUSD!$K$2:$K$1001,"",0) -> XAUUSD | J66: =_xlfn.XLOOKUP($A66,ALGLIB_SSA_XAUUSD!$J$2:$J$1001,ALGLIB_SSA_XAUUSD!$L$2:$L$1001,"",0) -> M5 | K66: =_xlfn.XLOOKUP($A66,ALGLIB_SSA_XAUUSD!$J$2:$J$1001,ALGLIB_SSA_XAUUSD!$M$2:$M$1001,"",0) -> 4651.48 | L66: =_xlfn.XLOOKUP($A66,ALGLIB_SSA_XAUUSD!$J$2:$J$1001,ALGLIB_SSA_XAUUSD!$N$2:$N$1001,"",0) -> 4652.624 | M66: =_xlfn.XLOOKUP($A66,ALGLIB_SSA_XAUUSD!$J$2:$J$1001,ALGLIB_SSA_XAUUSD!$O$2:$O$1001,"",0) -> 4653.416 | N66: =_xlfn.XLOOKUP($A66,ALGLIB_SSA_XAUUSD!$J$2:$J$1001,ALGLIB_SSA_XAUUSD!$P$2:$P$1001,"",0) -> 4659.3595 | O66: =_xlfn.XLOOKUP($A66,ALGLIB_SSA_XAUUSD!$J$2:$J$1001,ALGLIB_SSA_XAUUSD!$Q$2:$Q$1001,"",0) -> 4648.2082 | R66: =A66 -> 1775146800 | S66: =I66 -> XAUUSD | T66: =J66 -> M5 | U66: =K66 -> 4651.48 | V66: =E66 -> 4666.656 | W66: =F66 -> 4660.6505 | X66: =L66 -> 4652.624 | Y66: =M66 -> 4653.416 | Z66: =G66 -> 4680.2764 | AA66: =N66 -> 4659.3595 | AB66: =H66 -> 4645.9159 | AC66: =O66 -> 4648.2082 | AE66: =X66 -> 4652.624 | AF66: =Z66 -> 4680.2764 | AG66: =AB66 -> 4645.9159
A67: =ALGLIB_SSA_XAUUSD!J67 -> 1775147100 | B67: =_xlfn.XLOOKUP($A67,ALGLIB_SSA_XAUUSD!$A$2:$A$1001,ALGLIB_SSA_XAUUSD!$B$2:$B$1001,"",0) | C67: =_xlfn.XLOOKUP($A67,ALGLIB_SSA_XAUUSD!$A$2:$A$1001,ALGLIB_SSA_XAUUSD!$C$2:$C$1001,"",0) | D67: =D62+(D74-D62)*5/12 -> 4654.935 | E67: =E62+(E74-E62)*5/12 -> 4666.7503 | F67: =F62+(F74-F62)*5/12 -> 4660.9885 | G67: =G62+(G74-G62)*5/12 -> 4680.2959 | H67: =H62+(H74-H62)*5/12 -> 4646.2438 | I67: =_xlfn.XLOOKUP($A67,ALGLIB_SSA_XAUUSD!$J$2:$J$1001,ALGLIB_SSA_XAUUSD!$K$2:$K$1001,"",0) -> XAUUSD | J67: =_xlfn.XLOOKUP($A67,ALGLIB_SSA_XAUUSD!$J$2:$J$1001,ALGLIB_SSA_XAUUSD!$L$2:$L$1001,"",0) -> M5 | K67: =_xlfn.XLOOKUP($A67,ALGLIB_SSA_XAUUSD!$J$2:$J$1001,ALGLIB_SSA_XAUUSD!$M$2:$M$1001,"",0) -> 4650.75 | L67: =_xlfn.XLOOKUP($A67,ALGLIB_SSA_XAUUSD!$J$2:$J$1001,ALGLIB_SSA_XAUUSD!$N$2:$N$1001,"",0) -> 4653.6658 | M67: =_xlfn.XLOOKUP($A67,ALGLIB_SSA_XAUUSD!$J$2:$J$1001,ALGLIB_SSA_XAUUSD!$O$2:$O$1001,"",0) -> 4653.5409 | N67: =_xlfn.XLOOKUP($A67,ALGLIB_SSA_XAUUSD!$J$2:$J$1001,ALGLIB_SSA_XAUUSD!$P$2:$P$1001,"",0) -> 4660.3495 | O67: =_xlfn.XLOOKUP($A67,ALGLIB_SSA_XAUUSD!$J$2:$J$1001,ALGLIB_SSA_XAUUSD!$Q$2:$Q$1001,"",0) -> 4649.4927 | R67: =A67 -> 1775147100 | S67: =I67 -> XAUUSD | T67: =J67 -> M5 | U67: =K67 -> 4650.75 | V67: =E67 -> 4666.7503 | W67: =F67 -> 4660.9885 | X67: =L67 -> 4653.6658 | Y67: =M67 -> 4653.5409 | Z67: =G67 -> 4680.2959 | AA67: =N67 -> 4660.3495 | AB67: =H67 -> 4646.2438 | AC67: =O67 -> 4649.4927 | AE67: =X67 -> 4653.6658 | AF67: =Z67 -> 4680.2959 | AG67: =AB67 -> 4646.2438
A68: =ALGLIB_SSA_XAUUSD!J68 -> 1775147400 | B68: =_xlfn.XLOOKUP($A68,ALGLIB_SSA_XAUUSD!$A$2:$A$1001,ALGLIB_SSA_XAUUSD!$B$2:$B$1001,"",0) | C68: =_xlfn.XLOOKUP($A68,ALGLIB_SSA_XAUUSD!$A$2:$A$1001,ALGLIB_SSA_XAUUSD!$C$2:$C$1001,"",0) | D68: =D62+(D74-D62)*6/12 -> 4654.06 | E68: =E62+(E74-E62)*6/12 -> 4666.8446 | F68: =F62+(F74-F62)*6/12 -> 4661.3265 | G68: =G62+(G74-G62)*6/12 -> 4680.3155 | H68: =H62+(H74-H62)*6/12 -> 4646.5717 | I68: =_xlfn.XLOOKUP($A68,ALGLIB_SSA_XAUUSD!$J$2:$J$1001,ALGLIB_SSA_XAUUSD!$K$2:$K$1001,"",0) -> XAUUSD | J68: =_xlfn.XLOOKUP($A68,ALGLIB_SSA_XAUUSD!$J$2:$J$1001,ALGLIB_SSA_XAUUSD!$L$2:$L$1001,"",0) -> M5 | K68: =_xlfn.XLOOKUP($A68,ALGLIB_SSA_XAUUSD!$J$2:$J$1001,ALGLIB_SSA_XAUUSD!$M$2:$M$1001,"",0) -> 4658.29 | L68: =_xlfn.XLOOKUP($A68,ALGLIB_SSA_XAUUSD!$J$2:$J$1001,ALGLIB_SSA_XAUUSD!$N$2:$N$1001,"",0) -> 4655.5101 | M68: =_xlfn.XLOOKUP($A68,ALGLIB_SSA_XAUUSD!$J$2:$J$1001,ALGLIB_SSA_XAUUSD!$O$2:$O$1001,"",0) -> 4654.5255 | N68: =_xlfn.XLOOKUP($A68,ALGLIB_SSA_XAUUSD!$J$2:$J$1001,ALGLIB_SSA_XAUUSD!$P$2:$P$1001,"",0) -> 4661.9626 | O68: =_xlfn.XLOOKUP($A68,ALGLIB_SSA_XAUUSD!$J$2:$J$1001,ALGLIB_SSA_XAUUSD!$Q$2:$Q$1001,"",0) -> 4651.46 | R68: =A68 -> 1775147400 | S68: =I68 -> XAUUSD | T68: =J68 -> M5 | U68: =K68 -> 4658.29 | V68: =E68 -> 4666.8446 | W68: =F68 -> 4661.3265 | X68: =L68 -> 4655.5101 | Y68: =M68 -> 4654.5255 | Z68: =G68 -> 4680.3155 | AA68: =N68 -> 4661.9626 | AB68: =H68 -> 4646.5717 | AC68: =O68 -> 4651.46 | AE68: =X68 -> 4655.5101 | AF68: =Z68 -> 4680.3155 | AG68: =AB68 -> 4646.5717
A69: =ALGLIB_SSA_XAUUSD!J69 -> 1775147700 | B69: =_xlfn.XLOOKUP($A69,ALGLIB_SSA_XAUUSD!$A$2:$A$1001,ALGLIB_SSA_XAUUSD!$B$2:$B$1001,"",0) | C69: =_xlfn.XLOOKUP($A69,ALGLIB_SSA_XAUUSD!$A$2:$A$1001,ALGLIB_SSA_XAUUSD!$C$2:$C$1001,"",0) | D69: =D62+(D74-D62)*7/12 -> 4653.185 | E69: =E62+(E74-E62)*7/12 -> 4666.9389 | F69: =F62+(F74-F62)*7/12 -> 4661.6645 | G69: =G62+(G74-G62)*7/12 -> 4680.335 | H69: =H62+(H74-H62)*7/12 -> 4646.8996 | I69: =_xlfn.XLOOKUP($A69,ALGLIB_SSA_XAUUSD!$J$2:$J$1001,ALGLIB_SSA_XAUUSD!$K$2:$K$1001,"",0) -> XAUUSD | J69: =_xlfn.XLOOKUP($A69,ALGLIB_SSA_XAUUSD!$J$2:$J$1001,ALGLIB_SSA_XAUUSD!$L$2:$L$1001,"",0) -> M5 | K69: =_xlfn.XLOOKUP($A69,ALGLIB_SSA_XAUUSD!$J$2:$J$1001,ALGLIB_SSA_XAUUSD!$M$2:$M$1001,"",0) -> 4663.98 | L69: =_xlfn.XLOOKUP($A69,ALGLIB_SSA_XAUUSD!$J$2:$J$1001,ALGLIB_SSA_XAUUSD!$N$2:$N$1001,"",0) -> 4657.6952 | M69: =_xlfn.XLOOKUP($A69,ALGLIB_SSA_XAUUSD!$J$2:$J$1001,ALGLIB_SSA_XAUUSD!$O$2:$O$1001,"",0) -> 4656.1103 | N69: =_xlfn.XLOOKUP($A69,ALGLIB_SSA_XAUUSD!$J$2:$J$1001,ALGLIB_SSA_XAUUSD!$P$2:$P$1001,"",0) -> 4663.7836 | O69: =_xlfn.XLOOKUP($A69,ALGLIB_SSA_XAUUSD!$J$2:$J$1001,ALGLIB_SSA_XAUUSD!$Q$2:$Q$1001,"",0) -> 4653.8363 | R69: =A69 -> 1775147700 | S69: =I69 -> XAUUSD | T69: =J69 -> M5 | U69: =K69 -> 4663.98 | V69: =E69 -> 4666.9389 | W69: =F69 -> 4661.6645 | X69: =L69 -> 4657.6952 | Y69: =M69 -> 4656.1103 | Z69: =G69 -> 4680.335 | AA69: =N69 -> 4663.7836 | AB69: =H69 -> 4646.8996 | AC69: =O69 -> 4653.8363 | AE69: =X69 -> 4657.6952 | AF69: =Z69 -> 4680.335 | AG69: =AB69 -> 4646.8996
A70: =ALGLIB_SSA_XAUUSD!J70 -> 1775148000 | B70: =_xlfn.XLOOKUP($A70,ALGLIB_SSA_XAUUSD!$A$2:$A$1001,ALGLIB_SSA_XAUUSD!$B$2:$B$1001,"",0) | C70: =_xlfn.XLOOKUP($A70,ALGLIB_SSA_XAUUSD!$A$2:$A$1001,ALGLIB_SSA_XAUUSD!$C$2:$C$1001,"",0) | D70: =D62+(D74-D62)*8/12 -> 4652.31 | E70: =E62+(E74-E62)*8/12 -> 4667.0333 | F70: =F62+(F74-F62)*8/12 -> 4662.0025 | G70: =G62+(G74-G62)*8/12 -> 4680.3546 | H70: =H62+(H74-H62)*8/12 -> 4647.2275 | I70: =_xlfn.XLOOKUP($A70,ALGLIB_SSA_XAUUSD!$J$2:$J$1001,ALGLIB_SSA_XAUUSD!$K$2:$K$1001,"",0) -> XAUUSD | J70: =_xlfn.XLOOKUP($A70,ALGLIB_SSA_XAUUSD!$J$2:$J$1001,ALGLIB_SSA_XAUUSD!$L$2:$L$1001,"",0) -> M5 | K70: =_xlfn.XLOOKUP($A70,ALGLIB_SSA_XAUUSD!$J$2:$J$1001,ALGLIB_SSA_XAUUSD!$M$2:$M$1001,"",0) -> 4658.9 | L70: =_xlfn.XLOOKUP($A70,ALGLIB_SSA_XAUUSD!$J$2:$J$1001,ALGLIB_SSA_XAUUSD!$N$2:$N$1001,"",0) -> 4659.7844 | M70: =_xlfn.XLOOKUP($A70,ALGLIB_SSA_XAUUSD!$J$2:$J$1001,ALGLIB_SSA_XAUUSD!$O$2:$O$1001,"",0) -> 4657.9474 | N70: =_xlfn.XLOOKUP($A70,ALGLIB_SSA_XAUUSD!$J$2:$J$1001,ALGLIB_SSA_XAUUSD!$P$2:$P$1001,"",0) -> 4665.4599 | O70: =_xlfn.XLOOKUP($A70,ALGLIB_SSA_XAUUSD!$J$2:$J$1001,ALGLIB_SSA_XAUUSD!$Q$2:$Q$1001,"",0) -> 4656.1349 | R70: =A70 -> 1775148000 | S70: =I70 -> XAUUSD | T70: =J70 -> M5 | U70: =K70 -> 4658.9 | V70: =E70 -> 4667.0333 | W70: =F70 -> 4662.0025 | X70: =L70 -> 4659.7844 | Y70: =M70 -> 4657.9474 | Z70: =G70 -> 4680.3546 | AA70: =N70 -> 4665.4599 | AB70: =H70 -> 4647.2275 | AC70: =O70 -> 4656.1349 | AE70: =X70 -> 4659.7844 | AF70: =Z70 -> 4680.3546 | AG70: =AB70 -> 4647.2275
A71: =ALGLIB_SSA_XAUUSD!J71 -> 1775148300 | B71: =_xlfn.XLOOKUP($A71,ALGLIB_SSA_XAUUSD!$A$2:$A$1001,ALGLIB_SSA_XAUUSD!$B$2:$B$1001,"",0) | C71: =_xlfn.XLOOKUP($A71,ALGLIB_SSA_XAUUSD!$A$2:$A$1001,ALGLIB_SSA_XAUUSD!$C$2:$C$1001,"",0) | D71: =D62+(D74-D62)*9/12 -> 4651.435 | E71: =E62+(E74-E62)*9/12 -> 4667.1276 | F71: =F62+(F74-F62)*9/12 -> 4662.3405 | G71: =G62+(G74-G62)*9/12 -> 4680.3741 | H71: =H62+(H74-H62)*9/12 -> 4647.5554 | I71: =_xlfn.XLOOKUP($A71,ALGLIB_SSA_XAUUSD!$J$2:$J$1001,ALGLIB_SSA_XAUUSD!$K$2:$K$1001,"",0) -> XAUUSD | J71: =_xlfn.XLOOKUP($A71,ALGLIB_SSA_XAUUSD!$J$2:$J$1001,ALGLIB_SSA_XAUUSD!$L$2:$L$1001,"",0) -> M5 | K71: =_xlfn.XLOOKUP($A71,ALGLIB_SSA_XAUUSD!$J$2:$J$1001,ALGLIB_SSA_XAUUSD!$M$2:$M$1001,"",0) -> 4660.35 | L71: =_xlfn.XLOOKUP($A71,ALGLIB_SSA_XAUUSD!$J$2:$J$1001,ALGLIB_SSA_XAUUSD!$N$2:$N$1001,"",0) -> 4661.6769 | M71: =_xlfn.XLOOKUP($A71,ALGLIB_SSA_XAUUSD!$J$2:$J$1001,ALGLIB_SSA_XAUUSD!$O$2:$O$1001,"",0) -> 4659.8121 | N71: =_xlfn.XLOOKUP($A71,ALGLIB_SSA_XAUUSD!$J$2:$J$1001,ALGLIB_SSA_XAUUSD!$P$2:$P$1001,"",0) -> 4666.7413 | O71: =_xlfn.XLOOKUP($A71,ALGLIB_SSA_XAUUSD!$J$2:$J$1001,ALGLIB_SSA_XAUUSD!$Q$2:$Q$1001,"",0) -> 4658.0846 | R71: =A71 -> 1775148300 | S71: =I71 -> XAUUSD | T71: =J71 -> M5 | U71: =K71 -> 4660.35 | V71: =E71 -> 4667.1276 | W71: =F71 -> 4662.3405 | X71: =L71 -> 4661.6769 | Y71: =M71 -> 4659.8121 | Z71: =G71 -> 4680.3741 | AA71: =N71 -> 4666.7413 | AB71: =H71 -> 4647.5554 | AC71: =O71 -> 4658.0846 | AE71: =X71 -> 4661.6769 | AF71: =Z71 -> 4680.3741 | AG71: =AB71 -> 4647.5554
A72: =ALGLIB_SSA_XAUUSD!J72 -> 1775148600 | B72: =_xlfn.XLOOKUP($A72,ALGLIB_SSA_XAUUSD!$A$2:$A$1001,ALGLIB_SSA_XAUUSD!$B$2:$B$1001,"",0) | C72: =_xlfn.XLOOKUP($A72,ALGLIB_SSA_XAUUSD!$A$2:$A$1001,ALGLIB_SSA_XAUUSD!$C$2:$C$1001,"",0) | D72: =D62+(D74-D62)*10/12 -> 4650.56 | E72: =E62+(E74-E62)*10/12 -> 4667.2219 | F72: =F62+(F74-F62)*10/12 -> 4662.6785 | G72: =G62+(G74-G62)*10/12 -> 4680.3937 | H72: =H62+(H74-H62)*10/12 -> 4647.8834 | I72: =_xlfn.XLOOKUP($A72,ALGLIB_SSA_XAUUSD!$J$2:$J$1001,ALGLIB_SSA_XAUUSD!$K$2:$K$1001,"",0) -> XAUUSD | J72: =_xlfn.XLOOKUP($A72,ALGLIB_SSA_XAUUSD!$J$2:$J$1001,ALGLIB_SSA_XAUUSD!$L$2:$L$1001,"",0) -> M5 | K72: =_xlfn.XLOOKUP($A72,ALGLIB_SSA_XAUUSD!$J$2:$J$1001,ALGLIB_SSA_XAUUSD!$M$2:$M$1001,"",0) -> 4664.3 | L72: =_xlfn.XLOOKUP($A72,ALGLIB_SSA_XAUUSD!$J$2:$J$1001,ALGLIB_SSA_XAUUSD!$N$2:$N$1001,"",0) -> 4663.1294 | M72: =_xlfn.XLOOKUP($A72,ALGLIB_SSA_XAUUSD!$J$2:$J$1001,ALGLIB_SSA_XAUUSD!$O$2:$O$1001,"",0) -> 4661.4708 | N72: =_xlfn.XLOOKUP($A72,ALGLIB_SSA_XAUUSD!$J$2:$J$1001,ALGLIB_SSA_XAUUSD!$P$2:$P$1001,"",0) -> 4667.6843 | O72: =_xlfn.XLOOKUP($A72,ALGLIB_SSA_XAUUSD!$J$2:$J$1001,ALGLIB_SSA_XAUUSD!$Q$2:$Q$1001,"",0) -> 4659.5505 | R72: =A72 -> 1775148600 | S72: =I72 -> XAUUSD | T72: =J72 -> M5 | U72: =K72 -> 4664.3 | V72: =E72 -> 4667.2219 | W72: =F72 -> 4662.6785 | X72: =L72 -> 4663.1294 | Y72: =M72 -> 4661.4708 | Z72: =G72 -> 4680.3937 | AA72: =N72 -> 4667.6843 | AB72: =H72 -> 4647.8834 | AC72: =O72 -> 4659.5505 | AE72: =X72 -> 4663.1294 | AF72: =Z72 -> 4680.3937 | AG72: =AB72 -> 4647.8834
A73: =ALGLIB_SSA_XAUUSD!J73 -> 1775148900 | B73: =_xlfn.XLOOKUP($A73,ALGLIB_SSA_XAUUSD!$A$2:$A$1001,ALGLIB_SSA_XAUUSD!$B$2:$B$1001,"",0) | C73: =_xlfn.XLOOKUP($A73,ALGLIB_SSA_XAUUSD!$A$2:$A$1001,ALGLIB_SSA_XAUUSD!$C$2:$C$1001,"",0) | D73: =D62+(D74-D62)*11/12 -> 4649.685 | E73: =E62+(E74-E62)*11/12 -> 4667.3163 | F73: =F62+(F74-F62)*11/12 -> 4663.0165 | G73: =G62+(G74-G62)*11/12 -> 4680.4132 | H73: =H62+(H74-H62)*11/12 -> 4648.2113 | I73: =_xlfn.XLOOKUP($A73,ALGLIB_SSA_XAUUSD!$J$2:$J$1001,ALGLIB_SSA_XAUUSD!$K$2:$K$1001,"",0) -> XAUUSD | J73: =_xlfn.XLOOKUP($A73,ALGLIB_SSA_XAUUSD!$J$2:$J$1001,ALGLIB_SSA_XAUUSD!$L$2:$L$1001,"",0) -> M5 | K73: =_xlfn.XLOOKUP($A73,ALGLIB_SSA_XAUUSD!$J$2:$J$1001,ALGLIB_SSA_XAUUSD!$M$2:$M$1001,"",0) -> 4659.31 | L73: =_xlfn.XLOOKUP($A73,ALGLIB_SSA_XAUUSD!$J$2:$J$1001,ALGLIB_SSA_XAUUSD!$N$2:$N$1001,"",0) -> 4663.8907 | M73: =_xlfn.XLOOKUP($A73,ALGLIB_SSA_XAUUSD!$J$2:$J$1001,ALGLIB_SSA_XAUUSD!$O$2:$O$1001,"",0) -> 4662.6807 | N73: =_xlfn.XLOOKUP($A73,ALGLIB_SSA_XAUUSD!$J$2:$J$1001,ALGLIB_SSA_XAUUSD!$P$2:$P$1001,"",0) -> 4667.9944 | O73: =_xlfn.XLOOKUP($A73,ALGLIB_SSA_XAUUSD!$J$2:$J$1001,ALGLIB_SSA_XAUUSD!$Q$2:$Q$1001,"",0) -> 4660.35 | R73: =A73 -> 1775148900 | S73: =I73 -> XAUUSD | T73: =J73 -> M5 | U73: =K73 -> 4659.31 | V73: =E73 -> 4667.3163 | W73: =F73 -> 4663.0165 | X73: =L73 -> 4663.8907 | Y73: =M73 -> 4662.6807 | Z73: =G73 -> 4680.4132 | AA73: =N73 -> 4667.9944 | AB73: =H73 -> 4648.2113 | AC73: =O73 -> 4660.35 | AE73: =X73 -> 4663.8907 | AF73: =Z73 -> 4680.4132 | AG73: =AB73 -> 4648.2113
A74: =ALGLIB_SSA_XAUUSD!J74 -> 1775149200 | B74: =_xlfn.XLOOKUP($A74,ALGLIB_SSA_XAUUSD!$A$2:$A$1001,ALGLIB_SSA_XAUUSD!$B$2:$B$1001,"",0) -> XAUUSD | C74: =_xlfn.XLOOKUP($A74,ALGLIB_SSA_XAUUSD!$A$2:$A$1001,ALGLIB_SSA_XAUUSD!$C$2:$C$1001,"",0) -> H1 | D74: =_xlfn.XLOOKUP($A74,ALGLIB_SSA_XAUUSD!$A$2:$A$1001,ALGLIB_SSA_XAUUSD!$D$2:$D$1001,"",0) -> 4648.81 | E74: =_xlfn.XLOOKUP($A74,ALGLIB_SSA_XAUUSD!$A$2:$A$1001,ALGLIB_SSA_XAUUSD!$E$2:$E$1001,"",0) -> 4667.4106 | F74: =_xlfn.XLOOKUP($A74,ALGLIB_SSA_XAUUSD!$A$2:$A$1001,ALGLIB_SSA_XAUUSD!$F$2:$F$1001,"",0) -> 4663.3545 | G74: =_xlfn.XLOOKUP($A74,ALGLIB_SSA_XAUUSD!$A$2:$A$1001,ALGLIB_SSA_XAUUSD!$G$2:$G$1001,"",0) -> 4680.4328 | H74: =_xlfn.XLOOKUP($A74,ALGLIB_SSA_XAUUSD!$A$2:$A$1001,ALGLIB_SSA_XAUUSD!$H$2:$H$1001,"",0) -> 4648.5392 | I74: =_xlfn.XLOOKUP($A74,ALGLIB_SSA_XAUUSD!$J$2:$J$1001,ALGLIB_SSA_XAUUSD!$K$2:$K$1001,"",0) -> XAUUSD | J74: =_xlfn.XLOOKUP($A74,ALGLIB_SSA_XAUUSD!$J$2:$J$1001,ALGLIB_SSA_XAUUSD!$L$2:$L$1001,"",0) -> M5 | K74: =_xlfn.XLOOKUP($A74,ALGLIB_SSA_XAUUSD!$J$2:$J$1001,ALGLIB_SSA_XAUUSD!$M$2:$M$1001,"",0) -> 4663.75 | L74: =_xlfn.XLOOKUP($A74,ALGLIB_SSA_XAUUSD!$J$2:$J$1001,ALGLIB_SSA_XAUUSD!$N$2:$N$1001,"",0) -> 4664.0563 | M74: =_xlfn.XLOOKUP($A74,ALGLIB_SSA_XAUUSD!$J$2:$J$1001,ALGLIB_SSA_XAUUSD!$O$2:$O$1001,"",0) -> 4663.3685 | N74: =_xlfn.XLOOKUP($A74,ALGLIB_SSA_XAUUSD!$J$2:$J$1001,ALGLIB_SSA_XAUUSD!$P$2:$P$1001,"",0) -> 4667.8017 | O74: =_xlfn.XLOOKUP($A74,ALGLIB_SSA_XAUUSD!$J$2:$J$1001,ALGLIB_SSA_XAUUSD!$Q$2:$Q$1001,"",0) -> 4660.4376 | R74: =A74 -> 1775149200 | S74: =I74 -> XAUUSD | T74: =J74 -> M5 | U74: =K74 -> 4663.75 | V74: =E74 -> 4667.4106 | W74: =F74 -> 4663.3545 | X74: =L74 -> 4664.0563 | Y74: =M74 -> 4663.3685 | Z74: =G74 -> 4680.4328 | AA74: =N74 -> 4667.8017 | AB74: =H74 -> 4648.5392 | AC74: =O74 -> 4660.4376 | AE74: =X74 -> 4664.0563 | AF74: =Z74 -> 4680.4328 | AG74: =AB74 -> 4648.5392
A75: =ALGLIB_SSA_XAUUSD!J75 -> 1775149500 | B75: =_xlfn.XLOOKUP($A75,ALGLIB_SSA_XAUUSD!$A$2:$A$1001,ALGLIB_SSA_XAUUSD!$B$2:$B$1001,"",0) | C75: =_xlfn.XLOOKUP($A75,ALGLIB_SSA_XAUUSD!$A$2:$A$1001,ALGLIB_SSA_XAUUSD!$C$2:$C$1001,"",0) | D75: =D74+(D86-D74)*1/12 -> 4650.4542 | E75: =E74+(E86-E74)*1/12 -> 4667.2428 | F75: =F74+(F86-F74)*1/12 -> 4663.4396 | G75: =G74+(G86-G74)*1/12 -> 4680.2213 | H75: =H74+(H86-H74)*1/12 -> 4648.5536 | I75: =_xlfn.XLOOKUP($A75,ALGLIB_SSA_XAUUSD!$J$2:$J$1001,ALGLIB_SSA_XAUUSD!$K$2:$K$1001,"",0) -> XAUUSD | J75: =_xlfn.XLOOKUP($A75,ALGLIB_SSA_XAUUSD!$J$2:$J$1001,ALGLIB_SSA_XAUUSD!$L$2:$L$1001,"",0) -> M5 | K75: =_xlfn.XLOOKUP($A75,ALGLIB_SSA_XAUUSD!$J$2:$J$1001,ALGLIB_SSA_XAUUSD!$M$2:$M$1001,"",0) -> 4662.91 | L75: =_xlfn.XLOOKUP($A75,ALGLIB_SSA_XAUUSD!$J$2:$J$1001,ALGLIB_SSA_XAUUSD!$N$2:$N$1001,"",0) -> 4663.5223 | M75: =_xlfn.XLOOKUP($A75,ALGLIB_SSA_XAUUSD!$J$2:$J$1001,ALGLIB_SSA_XAUUSD!$O$2:$O$1001,"",0) -> 4663.4454 | N75: =_xlfn.XLOOKUP($A75,ALGLIB_SSA_XAUUSD!$J$2:$J$1001,ALGLIB_SSA_XAUUSD!$P$2:$P$1001,"",0) -> 4667.1382 | O75: =_xlfn.XLOOKUP($A75,ALGLIB_SSA_XAUUSD!$J$2:$J$1001,ALGLIB_SSA_XAUUSD!$Q$2:$Q$1001,"",0) -> 4659.8991 | R75: =A75 -> 1775149500 | S75: =I75 -> XAUUSD | T75: =J75 -> M5 | U75: =K75 -> 4662.91 | V75: =E75 -> 4667.2428 | W75: =F75 -> 4663.4396 | X75: =L75 -> 4663.5223 | Y75: =M75 -> 4663.4454 | Z75: =G75 -> 4680.2213 | AA75: =N75 -> 4667.1382 | AB75: =H75 -> 4648.5536 | AC75: =O75 -> 4659.8991 | AE75: =X75 -> 4663.5223 | AF75: =Z75 -> 4680.2213 | AG75: =AB75 -> 4648.5536
A76: =ALGLIB_SSA_XAUUSD!J76 -> 1775149800 | B76: =_xlfn.XLOOKUP($A76,ALGLIB_SSA_XAUUSD!$A$2:$A$1001,ALGLIB_SSA_XAUUSD!$B$2:$B$1001,"",0) | C76: =_xlfn.XLOOKUP($A76,ALGLIB_SSA_XAUUSD!$A$2:$A$1001,ALGLIB_SSA_XAUUSD!$C$2:$C$1001,"",0) | D76: =D74+(D86-D74)*2/12 -> 4652.0983 | E76: =E74+(E86-E74)*2/12 -> 4667.0751 | F76: =F74+(F86-F74)*2/12 -> 4663.5248 | G76: =G74+(G86-G74)*2/12 -> 4680.0097 | H76: =H74+(H86-H74)*2/12 -> 4648.5679 | I76: =_xlfn.XLOOKUP($A76,ALGLIB_SSA_XAUUSD!$J$2:$J$1001,ALGLIB_SSA_XAUUSD!$K$2:$K$1001,"",0) -> XAUUSD | J76: =_xlfn.XLOOKUP($A76,ALGLIB_SSA_XAUUSD!$J$2:$J$1001,ALGLIB_SSA_XAUUSD!$L$2:$L$1001,"",0) -> M5 | K76: =_xlfn.XLOOKUP($A76,ALGLIB_SSA_XAUUSD!$J$2:$J$1001,ALGLIB_SSA_XAUUSD!$M$2:$M$1001,"",0) -> 4663.98 | L76: =_xlfn.XLOOKUP($A76,ALGLIB_SSA_XAUUSD!$J$2:$J$1001,ALGLIB_SSA_XAUUSD!$N$2:$N$1001,"",0) -> 4662.3518 | M76: =_xlfn.XLOOKUP($A76,ALGLIB_SSA_XAUUSD!$J$2:$J$1001,ALGLIB_SSA_XAUUSD!$O$2:$O$1001,"",0) -> 4662.8986 | N76: =_xlfn.XLOOKUP($A76,ALGLIB_SSA_XAUUSD!$J$2:$J$1001,ALGLIB_SSA_XAUUSD!$P$2:$P$1001,"",0) -> 4665.9216 | O76: =_xlfn.XLOOKUP($A76,ALGLIB_SSA_XAUUSD!$J$2:$J$1001,ALGLIB_SSA_XAUUSD!$Q$2:$Q$1001,"",0) -> 4658.6839 | R76: =A76 -> 1775149800 | S76: =I76 -> XAUUSD | T76: =J76 -> M5 | U76: =K76 -> 4663.98 | V76: =E76 -> 4667.0751 | W76: =F76 -> 4663.5248 | X76: =L76 -> 4662.3518 | Y76: =M76 -> 4662.8986 | Z76: =G76 -> 4680.0097 | AA76: =N76 -> 4665.9216 | AB76: =H76 -> 4648.5679 | AC76: =O76 -> 4658.6839 | AE76: =X76 -> 4662.3518 | AF76: =Z76 -> 4680.0097 | AG76: =AB76 -> 4648.5679
A77: =ALGLIB_SSA_XAUUSD!J77 -> 1775150100 | B77: =_xlfn.XLOOKUP($A77,ALGLIB_SSA_XAUUSD!$A$2:$A$1001,ALGLIB_SSA_XAUUSD!$B$2:$B$1001,"",0) | C77: =_xlfn.XLOOKUP($A77,ALGLIB_SSA_XAUUSD!$A$2:$A$1001,ALGLIB_SSA_XAUUSD!$C$2:$C$1001,"",0) | D77: =D74+(D86-D74)*3/12 -> 4653.7425 | E77: =E74+(E86-E74)*3/12 -> 4666.9073 | F77: =F74+(F86-F74)*3/12 -> 4663.6099 | G77: =G74+(G86-G74)*3/12 -> 4679.7982 | H77: =H74+(H86-H74)*3/12 -> 4648.5823 | I77: =_xlfn.XLOOKUP($A77,ALGLIB_SSA_XAUUSD!$J$2:$J$1001,ALGLIB_SSA_XAUUSD!$K$2:$K$1001,"",0) -> XAUUSD | J77: =_xlfn.XLOOKUP($A77,ALGLIB_SSA_XAUUSD!$J$2:$J$1001,ALGLIB_SSA_XAUUSD!$L$2:$L$1001,"",0) -> M5 | K77: =_xlfn.XLOOKUP($A77,ALGLIB_SSA_XAUUSD!$J$2:$J$1001,ALGLIB_SSA_XAUUSD!$M$2:$M$1001,"",0) -> 4662.15 | L77: =_xlfn.XLOOKUP($A77,ALGLIB_SSA_XAUUSD!$J$2:$J$1001,ALGLIB_SSA_XAUUSD!$N$2:$N$1001,"",0) -> 4660.6305 | M77: =_xlfn.XLOOKUP($A77,ALGLIB_SSA_XAUUSD!$J$2:$J$1001,ALGLIB_SSA_XAUUSD!$O$2:$O$1001,"",0) -> 4661.7645 | N77: =_xlfn.XLOOKUP($A77,ALGLIB_SSA_XAUUSD!$J$2:$J$1001,ALGLIB_SSA_XAUUSD!$P$2:$P$1001,"",0) -> 4664.3223 | O77: =_xlfn.XLOOKUP($A77,ALGLIB_SSA_XAUUSD!$J$2:$J$1001,ALGLIB_SSA_XAUUSD!$Q$2:$Q$1001,"",0) -> 4656.9564 | R77: =A77 -> 1775150100 | S77: =I77 -> XAUUSD | T77: =J77 -> M5 | U77: =K77 -> 4662.15 | V77: =E77 -> 4666.9073 | W77: =F77 -> 4663.6099 | X77: =L77 -> 4660.6305 | Y77: =M77 -> 4661.7645 | Z77: =G77 -> 4679.7982 | AA77: =N77 -> 4664.3223 | AB77: =H77 -> 4648.5823 | AC77: =O77 -> 4656.9564 | AE77: =X77 -> 4660.6305 | AF77: =Z77 -> 4679.7982 | AG77: =AB77 -> 4648.5823
A78: =ALGLIB_SSA_XAUUSD!J78 -> 1775150400 | B78: =_xlfn.XLOOKUP($A78,ALGLIB_SSA_XAUUSD!$A$2:$A$1001,ALGLIB_SSA_XAUUSD!$B$2:$B$1001,"",0) | C78: =_xlfn.XLOOKUP($A78,ALGLIB_SSA_XAUUSD!$A$2:$A$1001,ALGLIB_SSA_XAUUSD!$C$2:$C$1001,"",0) | D78: =D74+(D86-D74)*4/12 -> 4655.3867 | E78: =E74+(E86-E74)*4/12 -> 4666.7395 | F78: =F74+(F86-F74)*4/12 -> 4663.695 | G78: =G74+(G86-G74)*4/12 -> 4679.5867 | H78: =H74+(H86-H74)*4/12 -> 4648.5967 | I78: =_xlfn.XLOOKUP($A78,ALGLIB_SSA_XAUUSD!$J$2:$J$1001,ALGLIB_SSA_XAUUSD!$K$2:$K$1001,"",0) -> XAUUSD | J78: =_xlfn.XLOOKUP($A78,ALGLIB_SSA_XAUUSD!$J$2:$J$1001,ALGLIB_SSA_XAUUSD!$L$2:$L$1001,"",0) -> M5 | K78: =_xlfn.XLOOKUP($A78,ALGLIB_SSA_XAUUSD!$J$2:$J$1001,ALGLIB_SSA_XAUUSD!$M$2:$M$1001,"",0) -> 4663.71 | L78: =_xlfn.XLOOKUP($A78,ALGLIB_SSA_XAUUSD!$J$2:$J$1001,ALGLIB_SSA_XAUUSD!$N$2:$N$1001,"",0) -> 4658.5894 | M78: =_xlfn.XLOOKUP($A78,ALGLIB_SSA_XAUUSD!$J$2:$J$1001,ALGLIB_SSA_XAUUSD!$O$2:$O$1001,"",0) -> 4660.177 | N78: =_xlfn.XLOOKUP($A78,ALGLIB_SSA_XAUUSD!$J$2:$J$1001,ALGLIB_SSA_XAUUSD!$P$2:$P$1001,"",0) -> 4662.4262 | O78: =_xlfn.XLOOKUP($A78,ALGLIB_SSA_XAUUSD!$J$2:$J$1001,ALGLIB_SSA_XAUUSD!$Q$2:$Q$1001,"",0) -> 4654.8346 | R78: =A78 -> 1775150400 | S78: =I78 -> XAUUSD | T78: =J78 -> M5 | U78: =K78 -> 4663.71 | V78: =E78 -> 4666.7395 | W78: =F78 -> 4663.695 | X78: =L78 -> 4658.5894 | Y78: =M78 -> 4660.177 | Z78: =G78 -> 4679.5867 | AA78: =N78 -> 4662.4262 | AB78: =H78 -> 4648.5967 | AC78: =O78 -> 4654.8346 | AE78: =X78 -> 4658.5894 | AF78: =Z78 -> 4679.5867 | AG78: =AB78 -> 4648.5967
A79: =ALGLIB_SSA_XAUUSD!J79 -> 1775150700 | B79: =_xlfn.XLOOKUP($A79,ALGLIB_SSA_XAUUSD!$A$2:$A$1001,ALGLIB_SSA_XAUUSD!$B$2:$B$1001,"",0) | C79: =_xlfn.XLOOKUP($A79,ALGLIB_SSA_XAUUSD!$A$2:$A$1001,ALGLIB_SSA_XAUUSD!$C$2:$C$1001,"",0) | D79: =D74+(D86-D74)*5/12 -> 4657.0308 | E79: =E74+(E86-E74)*5/12 -> 4666.5718 | F79: =F74+(F86-F74)*5/12 -> 4663.7801 | G79: =G74+(G86-G74)*5/12 -> 4679.3752 | H79: =H74+(H86-H74)*5/12 -> 4648.6111 | I79: =_xlfn.XLOOKUP($A79,ALGLIB_SSA_XAUUSD!$J$2:$J$1001,ALGLIB_SSA_XAUUSD!$K$2:$K$1001,"",0) -> XAUUSD | J79: =_xlfn.XLOOKUP($A79,ALGLIB_SSA_XAUUSD!$J$2:$J$1001,ALGLIB_SSA_XAUUSD!$L$2:$L$1001,"",0) -> M5 | K79: =_xlfn.XLOOKUP($A79,ALGLIB_SSA_XAUUSD!$J$2:$J$1001,ALGLIB_SSA_XAUUSD!$M$2:$M$1001,"",0) -> 4651.84 | L79: =_xlfn.XLOOKUP($A79,ALGLIB_SSA_XAUUSD!$J$2:$J$1001,ALGLIB_SSA_XAUUSD!$N$2:$N$1001,"",0) -> 4656.3873 | M79: =_xlfn.XLOOKUP($A79,ALGLIB_SSA_XAUUSD!$J$2:$J$1001,ALGLIB_SSA_XAUUSD!$O$2:$O$1001,"",0) -> 4658.2821 | N79: =_xlfn.XLOOKUP($A79,ALGLIB_SSA_XAUUSD!$J$2:$J$1001,ALGLIB_SSA_XAUUSD!$P$2:$P$1001,"",0) -> 4660.3934 | O79: =_xlfn.XLOOKUP($A79,ALGLIB_SSA_XAUUSD!$J$2:$J$1001,ALGLIB_SSA_XAUUSD!$Q$2:$Q$1001,"",0) -> 4652.545 | R79: =A79 -> 1775150700 | S79: =I79 -> XAUUSD | T79: =J79 -> M5 | U79: =K79 -> 4651.84 | V79: =E79 -> 4666.5718 | W79: =F79 -> 4663.7801 | X79: =L79 -> 4656.3873 | Y79: =M79 -> 4658.2821 | Z79: =G79 -> 4679.3752 | AA79: =N79 -> 4660.3934 | AB79: =H79 -> 4648.6111 | AC79: =O79 -> 4652.545 | AE79: =X79 -> 4656.3873 | AF79: =Z79 -> 4679.3752 | AG79: =AB79 -> 4648.6111
A80: =ALGLIB_SSA_XAUUSD!J80 -> 1775151000 | B80: =_xlfn.XLOOKUP($A80,ALGLIB_SSA_XAUUSD!$A$2:$A$1001,ALGLIB_SSA_XAUUSD!$B$2:$B$1001,"",0) | C80: =_xlfn.XLOOKUP($A80,ALGLIB_SSA_XAUUSD!$A$2:$A$1001,ALGLIB_SSA_XAUUSD!$C$2:$C$1001,"",0) | D80: =D74+(D86-D74)*6/12 -> 4658.675 | E80: =E74+(E86-E74)*6/12 -> 4666.404 | F80: =F74+(F86-F74)*6/12 -> 4663.8652 | G80: =G74+(G86-G74)*6/12 -> 4679.1637 | H80: =H74+(H86-H74)*6/12 -> 4648.6255 | I80: =_xlfn.XLOOKUP($A80,ALGLIB_SSA_XAUUSD!$J$2:$J$1001,ALGLIB_SSA_XAUUSD!$K$2:$K$1001,"",0) -> XAUUSD | J80: =_xlfn.XLOOKUP($A80,ALGLIB_SSA_XAUUSD!$J$2:$J$1001,ALGLIB_SSA_XAUUSD!$L$2:$L$1001,"",0) -> M5 | K80: =_xlfn.XLOOKUP($A80,ALGLIB_SSA_XAUUSD!$J$2:$J$1001,ALGLIB_SSA_XAUUSD!$M$2:$M$1001,"",0) -> 4651.88 | L80: =_xlfn.XLOOKUP($A80,ALGLIB_SSA_XAUUSD!$J$2:$J$1001,ALGLIB_SSA_XAUUSD!$N$2:$N$1001,"",0) -> 4654.5322 | M80: =_xlfn.XLOOKUP($A80,ALGLIB_SSA_XAUUSD!$J$2:$J$1001,ALGLIB_SSA_XAUUSD!$O$2:$O$1001,"",0) -> 4656.4072 | N80: =_xlfn.XLOOKUP($A80,ALGLIB_SSA_XAUUSD!$J$2:$J$1001,ALGLIB_SSA_XAUUSD!$P$2:$P$1001,"",0) -> 4658.4268 | O80: =_xlfn.XLOOKUP($A80,ALGLIB_SSA_XAUUSD!$J$2:$J$1001,ALGLIB_SSA_XAUUSD!$Q$2:$Q$1001,"",0) -> 4650.5093 | R80: =A80 -> 1775151000 | S80: =I80 -> XAUUSD | T80: =J80 -> M5 | U80: =K80 -> 4651.88 | V80: =E80 -> 4666.404 | W80: =F80 -> 4663.8652 | X80: =L80 -> 4654.5322 | Y80: =M80 -> 4656.4072 | Z80: =G80 -> 4679.1637 | AA80: =N80 -> 4658.4268 | AB80: =H80 -> 4648.6255 | AC80: =O80 -> 4650.5093 | AE80: =X80 -> 4654.5322 | AF80: =Z80 -> 4679.1637 | AG80: =AB80 -> 4648.6255
A81: =ALGLIB_SSA_XAUUSD!J81 -> 1775151300 | B81: =_xlfn.XLOOKUP($A81,ALGLIB_SSA_XAUUSD!$A$2:$A$1001,ALGLIB_SSA_XAUUSD!$B$2:$B$1001,"",0) | C81: =_xlfn.XLOOKUP($A81,ALGLIB_SSA_XAUUSD!$A$2:$A$1001,ALGLIB_SSA_XAUUSD!$C$2:$C$1001,"",0) | D81: =D74+(D86-D74)*7/12 -> 4660.3192 | E81: =E74+(E86-E74)*7/12 -> 4666.2362 | F81: =F74+(F86-F74)*7/12 -> 4663.9504 | G81: =G74+(G86-G74)*7/12 -> 4678.9521 | H81: =H74+(H86-H74)*7/12 -> 4648.6399 | I81: =_xlfn.XLOOKUP($A81,ALGLIB_SSA_XAUUSD!$J$2:$J$1001,ALGLIB_SSA_XAUUSD!$K$2:$K$1001,"",0) -> XAUUSD | J81: =_xlfn.XLOOKUP($A81,ALGLIB_SSA_XAUUSD!$J$2:$J$1001,ALGLIB_SSA_XAUUSD!$L$2:$L$1001,"",0) -> M5 | K81: =_xlfn.XLOOKUP($A81,ALGLIB_SSA_XAUUSD!$J$2:$J$1001,ALGLIB_SSA_XAUUSD!$M$2:$M$1001,"",0) -> 4653.61 | L81: =_xlfn.XLOOKUP($A81,ALGLIB_SSA_XAUUSD!$J$2:$J$1001,ALGLIB_SSA_XAUUSD!$N$2:$N$1001,"",0) -> 4653.1577 | M81: =_xlfn.XLOOKUP($A81,ALGLIB_SSA_XAUUSD!$J$2:$J$1001,ALGLIB_SSA_XAUUSD!$O$2:$O$1001,"",0) -> 4654.7824 | N81: =_xlfn.XLOOKUP($A81,ALGLIB_SSA_XAUUSD!$J$2:$J$1001,ALGLIB_SSA_XAUUSD!$P$2:$P$1001,"",0) -> 4656.9286 | O81: =_xlfn.XLOOKUP($A81,ALGLIB_SSA_XAUUSD!$J$2:$J$1001,ALGLIB_SSA_XAUUSD!$Q$2:$Q$1001,"",0) -> 4649.0516 | R81: =A81 -> 1775151300 | S81: =I81 -> XAUUSD | T81: =J81 -> M5 | U81: =K81 -> 4653.61 | V81: =E81 -> 4666.2362 | W81: =F81 -> 4663.9504 | X81: =L81 -> 4653.1577 | Y81: =M81 -> 4654.7824 | Z81: =G81 -> 4678.9521 | AA81: =N81 -> 4656.9286 | AB81: =H81 -> 4648.6399 | AC81: =O81 -> 4649.0516 | AE81: =X81 -> 4653.1577 | AF81: =Z81 -> 4678.9521 | AG81: =AB81 -> 4648.6399
A82: =ALGLIB_SSA_XAUUSD!J82 -> 1775151600 | B82: =_xlfn.XLOOKUP($A82,ALGLIB_SSA_XAUUSD!$A$2:$A$1001,ALGLIB_SSA_XAUUSD!$B$2:$B$1001,"",0) | C82: =_xlfn.XLOOKUP($A82,ALGLIB_SSA_XAUUSD!$A$2:$A$1001,ALGLIB_SSA_XAUUSD!$C$2:$C$1001,"",0) | D82: =D74+(D86-D74)*8/12 -> 4661.9633 | E82: =E74+(E86-E74)*8/12 -> 4666.0685 | F82: =F74+(F86-F74)*8/12 -> 4664.0355 | G82: =G74+(G86-G74)*8/12 -> 4678.7406 | H82: =H74+(H86-H74)*8/12 -> 4648.6542 | I82: =_xlfn.XLOOKUP($A82,ALGLIB_SSA_XAUUSD!$J$2:$J$1001,ALGLIB_SSA_XAUUSD!$K$2:$K$1001,"",0) -> XAUUSD | J82: =_xlfn.XLOOKUP($A82,ALGLIB_SSA_XAUUSD!$J$2:$J$1001,ALGLIB_SSA_XAUUSD!$L$2:$L$1001,"",0) -> M5 | K82: =_xlfn.XLOOKUP($A82,ALGLIB_SSA_XAUUSD!$J$2:$J$1001,ALGLIB_SSA_XAUUSD!$M$2:$M$1001,"",0) -> 4658.13 | L82: =_xlfn.XLOOKUP($A82,ALGLIB_SSA_XAUUSD!$J$2:$J$1001,ALGLIB_SSA_XAUUSD!$N$2:$N$1001,"",0) -> 4652.264 | M82: =_xlfn.XLOOKUP($A82,ALGLIB_SSA_XAUUSD!$J$2:$J$1001,ALGLIB_SSA_XAUUSD!$O$2:$O$1001,"",0) -> 4653.5232 | N82: =_xlfn.XLOOKUP($A82,ALGLIB_SSA_XAUUSD!$J$2:$J$1001,ALGLIB_SSA_XAUUSD!$P$2:$P$1001,"",0) -> 4655.9787 | O82: =_xlfn.XLOOKUP($A82,ALGLIB_SSA_XAUUSD!$J$2:$J$1001,ALGLIB_SSA_XAUUSD!$Q$2:$Q$1001,"",0) -> 4648.2207 | R82: =A82 -> 1775151600 | S82: =I82 -> XAUUSD | T82: =J82 -> M5 | U82: =K82 -> 4658.13 | V82: =E82 -> 4666.0685 | W82: =F82 -> 4664.0355 | X82: =L82 -> 4652.264 | Y82: =M82 -> 4653.5232 | Z82: =G82 -> 4678.7406 | AA82: =N82 -> 4655.9787 | AB82: =H82 -> 4648.6542 | AC82: =O82 -> 4648.2207 | AE82: =X82 -> 4652.264 | AF82: =Z82 -> 4678.7406 | AG82: =AB82 -> 4648.6542
A83: =ALGLIB_SSA_XAUUSD!J83 -> 1775151900 | B83: =_xlfn.XLOOKUP($A83,ALGLIB_SSA_XAUUSD!$A$2:$A$1001,ALGLIB_SSA_XAUUSD!$B$2:$B$1001,"",0) | C83: =_xlfn.XLOOKUP($A83,ALGLIB_SSA_XAUUSD!$A$2:$A$1001,ALGLIB_SSA_XAUUSD!$C$2:$C$1001,"",0) | D83: =D74+(D86-D74)*9/12 -> 4663.6075 | E83: =E74+(E86-E74)*9/12 -> 4665.9007 | F83: =F74+(F86-F74)*9/12 -> 4664.1206 | G83: =G74+(G86-G74)*9/12 -> 4678.5291 | H83: =H74+(H86-H74)*9/12 -> 4648.6686 | I83: =_xlfn.XLOOKUP($A83,ALGLIB_SSA_XAUUSD!$J$2:$J$1001,ALGLIB_SSA_XAUUSD!$K$2:$K$1001,"",0) -> XAUUSD | J83: =_xlfn.XLOOKUP($A83,ALGLIB_SSA_XAUUSD!$J$2:$J$1001,ALGLIB_SSA_XAUUSD!$L$2:$L$1001,"",0) -> M5 | K83: =_xlfn.XLOOKUP($A83,ALGLIB_SSA_XAUUSD!$J$2:$J$1001,ALGLIB_SSA_XAUUSD!$M$2:$M$1001,"",0) -> 4647.29 | L83: =_xlfn.XLOOKUP($A83,ALGLIB_SSA_XAUUSD!$J$2:$J$1001,ALGLIB_SSA_XAUUSD!$N$2:$N$1001,"",0) -> 4651.6856 | M83: =_xlfn.XLOOKUP($A83,ALGLIB_SSA_XAUUSD!$J$2:$J$1001,ALGLIB_SSA_XAUUSD!$O$2:$O$1001,"",0) -> 4652.6044 | N83: =_xlfn.XLOOKUP($A83,ALGLIB_SSA_XAUUSD!$J$2:$J$1001,ALGLIB_SSA_XAUUSD!$P$2:$P$1001,"",0) -> 4655.4299 | O83: =_xlfn.XLOOKUP($A83,ALGLIB_SSA_XAUUSD!$J$2:$J$1001,ALGLIB_SSA_XAUUSD!$Q$2:$Q$1001,"",0) -> 4647.9004 | R83: =A83 -> 1775151900 | S83: =I83 -> XAUUSD | T83: =J83 -> M5 | U83: =K83 -> 4647.29 | V83: =E83 -> 4665.9007 | W83: =F83 -> 4664.1206 | X83: =L83 -> 4651.6856 | Y83: =M83 -> 4652.6044 | Z83: =G83 -> 4678.5291 | AA83: =N83 -> 4655.4299 | AB83: =H83 -> 4648.6686 | AC83: =O83 -> 4647.9004 | AE83: =X83 -> 4651.6856 | AF83: =Z83 -> 4678.5291 | AG83: =AB83 -> 4648.6686
A84: =ALGLIB_SSA_XAUUSD!J84 -> 1775152200 | B84: =_xlfn.XLOOKUP($A84,ALGLIB_SSA_XAUUSD!$A$2:$A$1001,ALGLIB_SSA_XAUUSD!$B$2:$B$1001,"",0) | C84: =_xlfn.XLOOKUP($A84,ALGLIB_SSA_XAUUSD!$A$2:$A$1001,ALGLIB_SSA_XAUUSD!$C$2:$C$1001,"",0) | D84: =D74+(D86-D74)*10/12 -> 4665.2517 | E84: =E74+(E86-E74)*10/12 -> 4665.733 | F84: =F74+(F86-F74)*10/12 -> 4664.2057 | G84: =G74+(G86-G74)*10/12 -> 4678.3176 | H84: =H74+(H86-H74)*10/12 -> 4648.683 | I84: =_xlfn.XLOOKUP($A84,ALGLIB_SSA_XAUUSD!$J$2:$J$1001,ALGLIB_SSA_XAUUSD!$K$2:$K$1001,"",0) -> XAUUSD | J84: =_xlfn.XLOOKUP($A84,ALGLIB_SSA_XAUUSD!$J$2:$J$1001,ALGLIB_SSA_XAUUSD!$L$2:$L$1001,"",0) -> M5 | K84: =_xlfn.XLOOKUP($A84,ALGLIB_SSA_XAUUSD!$J$2:$J$1001,ALGLIB_SSA_XAUUSD!$M$2:$M$1001,"",0) -> 4650.38 | L84: =_xlfn.XLOOKUP($A84,ALGLIB_SSA_XAUUSD!$J$2:$J$1001,ALGLIB_SSA_XAUUSD!$N$2:$N$1001,"",0) -> 4651.5974 | M84: =_xlfn.XLOOKUP($A84,ALGLIB_SSA_XAUUSD!$J$2:$J$1001,ALGLIB_SSA_XAUUSD!$O$2:$O$1001,"",0) -> 4652.1009 | N84: =_xlfn.XLOOKUP($A84,ALGLIB_SSA_XAUUSD!$J$2:$J$1001,ALGLIB_SSA_XAUUSD!$P$2:$P$1001,"",0) -> 4655.1612 | O84: =_xlfn.XLOOKUP($A84,ALGLIB_SSA_XAUUSD!$J$2:$J$1001,ALGLIB_SSA_XAUUSD!$Q$2:$Q$1001,"",0) -> 4648.1357 | R84: =A84 -> 1775152200 | S84: =I84 -> XAUUSD | T84: =J84 -> M5 | U84: =K84 -> 4650.38 | V84: =E84 -> 4665.733 | W84: =F84 -> 4664.2057 | X84: =L84 -> 4651.5974 | Y84: =M84 -> 4652.1009 | Z84: =G84 -> 4678.3176 | AA84: =N84 -> 4655.1612 | AB84: =H84 -> 4648.683 | AC84: =O84 -> 4648.1357 | AE84: =X84 -> 4651.5974 | AF84: =Z84 -> 4678.3176 | AG84: =AB84 -> 4648.683
A85: =ALGLIB_SSA_XAUUSD!J85 -> 1775152500 | B85: =_xlfn.XLOOKUP($A85,ALGLIB_SSA_XAUUSD!$A$2:$A$1001,ALGLIB_SSA_XAUUSD!$B$2:$B$1001,"",0) | C85: =_xlfn.XLOOKUP($A85,ALGLIB_SSA_XAUUSD!$A$2:$A$1001,ALGLIB_SSA_XAUUSD!$C$2:$C$1001,"",0) | D85: =D74+(D86-D74)*11/12 -> 4666.8958 | E85: =E74+(E86-E74)*11/12 -> 4665.5652 | F85: =F74+(F86-F74)*11/12 -> 4664.2909 | G85: =G74+(G86-G74)*11/12 -> 4678.106 | H85: =H74+(H86-H74)*11/12 -> 4648.6974 | I85: =_xlfn.XLOOKUP($A85,ALGLIB_SSA_XAUUSD!$J$2:$J$1001,ALGLIB_SSA_XAUUSD!$K$2:$K$1001,"",0) -> XAUUSD | J85: =_xlfn.XLOOKUP($A85,ALGLIB_SSA_XAUUSD!$J$2:$J$1001,ALGLIB_SSA_XAUUSD!$L$2:$L$1001,"",0) -> M5 | K85: =_xlfn.XLOOKUP($A85,ALGLIB_SSA_XAUUSD!$J$2:$J$1001,ALGLIB_SSA_XAUUSD!$M$2:$M$1001,"",0) -> 4648.81 | L85: =_xlfn.XLOOKUP($A85,ALGLIB_SSA_XAUUSD!$J$2:$J$1001,ALGLIB_SSA_XAUUSD!$N$2:$N$1001,"",0) -> 4651.785 | M85: =_xlfn.XLOOKUP($A85,ALGLIB_SSA_XAUUSD!$J$2:$J$1001,ALGLIB_SSA_XAUUSD!$O$2:$O$1001,"",0) -> 4651.943 | N85: =_xlfn.XLOOKUP($A85,ALGLIB_SSA_XAUUSD!$J$2:$J$1001,ALGLIB_SSA_XAUUSD!$P$2:$P$1001,"",0) -> 4655.2239 | O85: =_xlfn.XLOOKUP($A85,ALGLIB_SSA_XAUUSD!$J$2:$J$1001,ALGLIB_SSA_XAUUSD!$Q$2:$Q$1001,"",0) -> 4648.7756 | R85: =A85 -> 1775152500 | S85: =I85 -> XAUUSD | T85: =J85 -> M5 | U85: =K85 -> 4648.81 | V85: =E85 -> 4665.5652 | W85: =F85 -> 4664.2909 | X85: =L85 -> 4651.785 | Y85: =M85 -> 4651.943 | Z85: =G85 -> 4678.106 | AA85: =N85 -> 4655.2239 | AB85: =H85 -> 4648.6974 | AC85: =O85 -> 4648.7756 | AE85: =X85 -> 4651.785 | AF85: =Z85 -> 4678.106 | AG85: =AB85 -> 4648.6974
A86: =ALGLIB_SSA_XAUUSD!J86 -> 1775152800 | B86: =_xlfn.XLOOKUP($A86,ALGLIB_SSA_XAUUSD!$A$2:$A$1001,ALGLIB_SSA_XAUUSD!$B$2:$B$1001,"",0) -> XAUUSD | C86: =_xlfn.XLOOKUP($A86,ALGLIB_SSA_XAUUSD!$A$2:$A$1001,ALGLIB_SSA_XAUUSD!$C$2:$C$1001,"",0) -> H1 | D86: =_xlfn.XLOOKUP($A86,ALGLIB_SSA_XAUUSD!$A$2:$A$1001,ALGLIB_SSA_XAUUSD!$D$2:$D$1001,"",0) -> 4668.54 | E86: =_xlfn.XLOOKUP($A86,ALGLIB_SSA_XAUUSD!$A$2:$A$1001,ALGLIB_SSA_XAUUSD!$E$2:$E$1001,"",0) -> 4665.3974 | F86: =_xlfn.XLOOKUP($A86,ALGLIB_SSA_XAUUSD!$A$2:$A$1001,ALGLIB_SSA_XAUUSD!$F$2:$F$1001,"",0) -> 4664.376 | G86: =_xlfn.XLOOKUP($A86,ALGLIB_SSA_XAUUSD!$A$2:$A$1001,ALGLIB_SSA_XAUUSD!$G$2:$G$1001,"",0) -> 4677.8945 | H86: =_xlfn.XLOOKUP($A86,ALGLIB_SSA_XAUUSD!$A$2:$A$1001,ALGLIB_SSA_XAUUSD!$H$2:$H$1001,"",0) -> 4648.7118 | I86: =_xlfn.XLOOKUP($A86,ALGLIB_SSA_XAUUSD!$J$2:$J$1001,ALGLIB_SSA_XAUUSD!$K$2:$K$1001,"",0) -> XAUUSD | J86: =_xlfn.XLOOKUP($A86,ALGLIB_SSA_XAUUSD!$J$2:$J$1001,ALGLIB_SSA_XAUUSD!$L$2:$L$1001,"",0) -> M5 | K86: =_xlfn.XLOOKUP($A86,ALGLIB_SSA_XAUUSD!$J$2:$J$1001,ALGLIB_SSA_XAUUSD!$M$2:$M$1001,"",0) -> 4653.29 | L86: =_xlfn.XLOOKUP($A86,ALGLIB_SSA_XAUUSD!$J$2:$J$1001,ALGLIB_SSA_XAUUSD!$N$2:$N$1001,"",0) -> 4652.1149 | M86: =_xlfn.XLOOKUP($A86,ALGLIB_SSA_XAUUSD!$J$2:$J$1001,ALGLIB_SSA_XAUUSD!$O$2:$O$1001,"",0) -> 4652.0289 | N86: =_xlfn.XLOOKUP($A86,ALGLIB_SSA_XAUUSD!$J$2:$J$1001,ALGLIB_SSA_XAUUSD!$P$2:$P$1001,"",0) -> 4655.4402 | O86: =_xlfn.XLOOKUP($A86,ALGLIB_SSA_XAUUSD!$J$2:$J$1001,ALGLIB_SSA_XAUUSD!$Q$2:$Q$1001,"",0) -> 4649.567 | R86: =A86 -> 1775152800 | S86: =I86 -> XAUUSD | T86: =J86 -> M5 | U86: =K86 -> 4653.29 | V86: =E86 -> 4665.3974 | W86: =F86 -> 4664.376 | X86: =L86 -> 4652.1149 | Y86: =M86 -> 4652.0289 | Z86: =G86 -> 4677.8945 | AA86: =N86 -> 4655.4402 | AB86: =H86 -> 4648.7118 | AC86: =O86 -> 4649.567 | AE86: =X86 -> 4652.1149 | AF86: =Z86 -> 4677.8945 | AG86: =AB86 -> 4648.7118
A87: =ALGLIB_SSA_XAUUSD!J87 -> 1775153100 | B87: =_xlfn.XLOOKUP($A87,ALGLIB_SSA_XAUUSD!$A$2:$A$1001,ALGLIB_SSA_XAUUSD!$B$2:$B$1001,"",0) | C87: =_xlfn.XLOOKUP($A87,ALGLIB_SSA_XAUUSD!$A$2:$A$1001,ALGLIB_SSA_XAUUSD!$C$2:$C$1001,"",0) | D87: =D86+(D98-D86)*1/12 -> 4668.8275 | E87: =E86+(E98-E86)*1/12 -> 4664.9595 | F87: =F86+(F98-F86)*1/12 -> 4664.1996 | G87: =G86+(G98-G86)*1/12 -> 4677.4944 | H87: =H86+(H98-H86)*1/12 -> 4648.4153 | I87: =_xlfn.XLOOKUP($A87,ALGLIB_SSA_XAUUSD!$J$2:$J$1001,ALGLIB_SSA_XAUUSD!$K$2:$K$1001,"",0) -> XAUUSD | J87: =_xlfn.XLOOKUP($A87,ALGLIB_SSA_XAUUSD!$J$2:$J$1001,ALGLIB_SSA_XAUUSD!$L$2:$L$1001,"",0) -> M5 | K87: =_xlfn.XLOOKUP($A87,ALGLIB_SSA_XAUUSD!$J$2:$J$1001,ALGLIB_SSA_XAUUSD!$M$2:$M$1001,"",0) -> 4656.04 | L87: =_xlfn.XLOOKUP($A87,ALGLIB_SSA_XAUUSD!$J$2:$J$1001,ALGLIB_SSA_XAUUSD!$N$2:$N$1001,"",0) -> 4652.3671 | M87: =_xlfn.XLOOKUP($A87,ALGLIB_SSA_XAUUSD!$J$2:$J$1001,ALGLIB_SSA_XAUUSD!$O$2:$O$1001,"",0) -> 4652.198 | N87: =_xlfn.XLOOKUP($A87,ALGLIB_SSA_XAUUSD!$J$2:$J$1001,ALGLIB_SSA_XAUUSD!$P$2:$P$1001,"",0) -> 4655.6647 | O87: =_xlfn.XLOOKUP($A87,ALGLIB_SSA_XAUUSD!$J$2:$J$1001,ALGLIB_SSA_XAUUSD!$Q$2:$Q$1001,"",0) -> 4650.2981 | R87: =A87 -> 1775153100 | S87: =I87 -> XAUUSD | T87: =J87 -> M5 | U87: =K87 -> 4656.04 | V87: =E87 -> 4664.9595 | W87: =F87 -> 4664.1996 | X87: =L87 -> 4652.3671 | Y87: =M87 -> 4652.198 | Z87: =G87 -> 4677.4944 | AA87: =N87 -> 4655.6647 | AB87: =H87 -> 4648.4153 | AC87: =O87 -> 4650.2981 | AE87: =X87 -> 4652.3671 | AF87: =Z87 -> 4677.4944 | AG87: =AB87 -> 4648.4153
A88: =ALGLIB_SSA_XAUUSD!J88 -> 1775153400 | B88: =_xlfn.XLOOKUP($A88,ALGLIB_SSA_XAUUSD!$A$2:$A$1001,ALGLIB_SSA_XAUUSD!$B$2:$B$1001,"",0) | C88: =_xlfn.XLOOKUP($A88,ALGLIB_SSA_XAUUSD!$A$2:$A$1001,ALGLIB_SSA_XAUUSD!$C$2:$C$1001,"",0) | D88: =D86+(D98-D86)*2/12 -> 4669.115 | E88: =E86+(E98-E86)*2/12 -> 4664.5216 | F88: =F86+(F98-F86)*2/12 -> 4664.0232 | G88: =G86+(G98-G86)*2/12 -> 4677.0944 | H88: =H86+(H98-H86)*2/12 -> 4648.1188 | I88: =_xlfn.XLOOKUP($A88,ALGLIB_SSA_XAUUSD!$J$2:$J$1001,ALGLIB_SSA_XAUUSD!$K$2:$K$1001,"",0) -> XAUUSD | J88: =_xlfn.XLOOKUP($A88,ALGLIB_SSA_XAUUSD!$J$2:$J$1001,ALGLIB_SSA_XAUUSD!$L$2:$L$1001,"",0) -> M5 | K88: =_xlfn.XLOOKUP($A88,ALGLIB_SSA_XAUUSD!$J$2:$J$1001,ALGLIB_SSA_XAUUSD!$M$2:$M$1001,"",0) -> 4653.49 | L88: =_xlfn.XLOOKUP($A88,ALGLIB_SSA_XAUUSD!$J$2:$J$1001,ALGLIB_SSA_XAUUSD!$N$2:$N$1001,"",0) -> 4652.4977 | M88: =_xlfn.XLOOKUP($A88,ALGLIB_SSA_XAUUSD!$J$2:$J$1001,ALGLIB_SSA_XAUUSD!$O$2:$O$1001,"",0) -> 4652.3479 | N88: =_xlfn.XLOOKUP($A88,ALGLIB_SSA_XAUUSD!$J$2:$J$1001,ALGLIB_SSA_XAUUSD!$P$2:$P$1001,"",0) -> 4655.7309 | O88: =_xlfn.XLOOKUP($A88,ALGLIB_SSA_XAUUSD!$J$2:$J$1001,ALGLIB_SSA_XAUUSD!$Q$2:$Q$1001,"",0) -> 4650.7403 | R88: =A88 -> 1775153400 | S88: =I88 -> XAUUSD | T88: =J88 -> M5 | U88: =K88 -> 4653.49 | V88: =E88 -> 4664.5216 | W88: =F88 -> 4664.0232 | X88: =L88 -> 4652.4977 | Y88: =M88 -> 4652.3479 | Z88: =G88 -> 4677.0944 | AA88: =N88 -> 4655.7309 | AB88: =H88 -> 4648.1188 | AC88: =O88 -> 4650.7403 | AE88: =X88 -> 4652.4977 | AF88: =Z88 -> 4677.0944 | AG88: =AB88 -> 4648.1188
A89: =ALGLIB_SSA_XAUUSD!J89 -> 1775153700 | B89: =_xlfn.XLOOKUP($A89,ALGLIB_SSA_XAUUSD!$A$2:$A$1001,ALGLIB_SSA_XAUUSD!$B$2:$B$1001,"",0) | C89: =_xlfn.XLOOKUP($A89,ALGLIB_SSA_XAUUSD!$A$2:$A$1001,ALGLIB_SSA_XAUUSD!$C$2:$C$1001,"",0) | D89: =D86+(D98-D86)*3/12 -> 4669.4025 | E89: =E86+(E98-E86)*3/12 -> 4664.0837 | F89: =F86+(F98-F86)*3/12 -> 4663.8468 | G89: =G86+(G98-G86)*3/12 -> 4676.6943 | H89: =H86+(H98-H86)*3/12 -> 4647.8223 | I89: =_xlfn.XLOOKUP($A89,ALGLIB_SSA_XAUUSD!$J$2:$J$1001,ALGLIB_SSA_XAUUSD!$K$2:$K$1001,"",0) -> XAUUSD | J89: =_xlfn.XLOOKUP($A89,ALGLIB_SSA_XAUUSD!$J$2:$J$1001,ALGLIB_SSA_XAUUSD!$L$2:$L$1001,"",0) -> M5 | K89: =_xlfn.XLOOKUP($A89,ALGLIB_SSA_XAUUSD!$J$2:$J$1001,ALGLIB_SSA_XAUUSD!$M$2:$M$1001,"",0) -> 4653.9 | L89: =_xlfn.XLOOKUP($A89,ALGLIB_SSA_XAUUSD!$J$2:$J$1001,ALGLIB_SSA_XAUUSD!$N$2:$N$1001,"",0) -> 4652.7302 | M89: =_xlfn.XLOOKUP($A89,ALGLIB_SSA_XAUUSD!$J$2:$J$1001,ALGLIB_SSA_XAUUSD!$O$2:$O$1001,"",0) -> 4652.5391 | N89: =_xlfn.XLOOKUP($A89,ALGLIB_SSA_XAUUSD!$J$2:$J$1001,ALGLIB_SSA_XAUUSD!$P$2:$P$1001,"",0) -> 4655.75 | O89: =_xlfn.XLOOKUP($A89,ALGLIB_SSA_XAUUSD!$J$2:$J$1001,ALGLIB_SSA_XAUUSD!$Q$2:$Q$1001,"",0) -> 4650.9544 | R89: =A89 -> 1775153700 | S89: =I89 -> XAUUSD | T89: =J89 -> M5 | U89: =K89 -> 4653.9 | V89: =E89 -> 4664.0837 | W89: =F89 -> 4663.8468 | X89: =L89 -> 4652.7302 | Y89: =M89 -> 4652.5391 | Z89: =G89 -> 4676.6943 | AA89: =N89 -> 4655.75 | AB89: =H89 -> 4647.8223 | AC89: =O89 -> 4650.9544 | AE89: =X89 -> 4652.7302 | AF89: =Z89 -> 4676.6943 | AG89: =AB89 -> 4647.8223
A90: =ALGLIB_SSA_XAUUSD!J90 -> 1775154000 | B90: =_xlfn.XLOOKUP($A90,ALGLIB_SSA_XAUUSD!$A$2:$A$1001,ALGLIB_SSA_XAUUSD!$B$2:$B$1001,"",0) | C90: =_xlfn.XLOOKUP($A90,ALGLIB_SSA_XAUUSD!$A$2:$A$1001,ALGLIB_SSA_XAUUSD!$C$2:$C$1001,"",0) | D90: =D86+(D98-D86)*4/12 -> 4669.69 | E90: =E86+(E98-E86)*4/12 -> 4663.6458 | F90: =F86+(F98-F86)*4/12 -> 4663.6704 | G90: =G86+(G98-G86)*4/12 -> 4676.2942 | H90: =H86+(H98-H86)*4/12 -> 4647.5257 | I90: =_xlfn.XLOOKUP($A90,ALGLIB_SSA_XAUUSD!$J$2:$J$1001,ALGLIB_SSA_XAUUSD!$K$2:$K$1001,"",0) -> XAUUSD | J90: =_xlfn.XLOOKUP($A90,ALGLIB_SSA_XAUUSD!$J$2:$J$1001,ALGLIB_SSA_XAUUSD!$L$2:$L$1001,"",0) -> M5 | K90: =_xlfn.XLOOKUP($A90,ALGLIB_SSA_XAUUSD!$J$2:$J$1001,ALGLIB_SSA_XAUUSD!$M$2:$M$1001,"",0) -> 4651.99 | L90: =_xlfn.XLOOKUP($A90,ALGLIB_SSA_XAUUSD!$J$2:$J$1001,ALGLIB_SSA_XAUUSD!$N$2:$N$1001,"",0) -> 4653.2952 | M90: =_xlfn.XLOOKUP($A90,ALGLIB_SSA_XAUUSD!$J$2:$J$1001,ALGLIB_SSA_XAUUSD!$O$2:$O$1001,"",0) -> 4652.9171 | N90: =_xlfn.XLOOKUP($A90,ALGLIB_SSA_XAUUSD!$J$2:$J$1001,ALGLIB_SSA_XAUUSD!$P$2:$P$1001,"",0) -> 4656.0099 | O90: =_xlfn.XLOOKUP($A90,ALGLIB_SSA_XAUUSD!$J$2:$J$1001,ALGLIB_SSA_XAUUSD!$Q$2:$Q$1001,"",0) -> 4651.1726 | R90: =A90 -> 1775154000 | S90: =I90 -> XAUUSD | T90: =J90 -> M5 | U90: =K90 -> 4651.99 | V90: =E90 -> 4663.6458 | W90: =F90 -> 4663.6704 | X90: =L90 -> 4653.2952 | Y90: =M90 -> 4652.9171 | Z90: =G90 -> 4676.2942 | AA90: =N90 -> 4656.0099 | AB90: =H90 -> 4647.5257 | AC90: =O90 -> 4651.1726 | AE90: =X90 -> 4653.2952 | AF90: =Z90 -> 4676.2942 | AG90: =AB90 -> 4647.5257
A91: =ALGLIB_SSA_XAUUSD!J91 -> 1775154300 | B91: =_xlfn.XLOOKUP($A91,ALGLIB_SSA_XAUUSD!$A$2:$A$1001,ALGLIB_SSA_XAUUSD!$B$2:$B$1001,"",0) | C91: =_xlfn.XLOOKUP($A91,ALGLIB_SSA_XAUUSD!$A$2:$A$1001,ALGLIB_SSA_XAUUSD!$C$2:$C$1001,"",0) | D91: =D86+(D98-D86)*5/12 -> 4669.9775 | E91: =E86+(E98-E86)*5/12 -> 4663.2079 | F91: =F86+(F98-F86)*5/12 -> 4663.494 | G91: =G86+(G98-G86)*5/12 -> 4675.8942 | H91: =H86+(H98-H86)*5/12 -> 4647.2292 | I91: =_xlfn.XLOOKUP($A91,ALGLIB_SSA_XAUUSD!$J$2:$J$1001,ALGLIB_SSA_XAUUSD!$K$2:$K$1001,"",0) -> XAUUSD | J91: =_xlfn.XLOOKUP($A91,ALGLIB_SSA_XAUUSD!$J$2:$J$1001,ALGLIB_SSA_XAUUSD!$L$2:$L$1001,"",0) -> M5 | K91: =_xlfn.XLOOKUP($A91,ALGLIB_SSA_XAUUSD!$J$2:$J$1001,ALGLIB_SSA_XAUUSD!$M$2:$M$1001,"",0) -> 4651.44 | L91: =_xlfn.XLOOKUP($A91,ALGLIB_SSA_XAUUSD!$J$2:$J$1001,ALGLIB_SSA_XAUUSD!$N$2:$N$1001,"",0) -> 4654.487 | M91: =_xlfn.XLOOKUP($A91,ALGLIB_SSA_XAUUSD!$J$2:$J$1001,ALGLIB_SSA_XAUUSD!$O$2:$O$1001,"",0) -> 4653.7021 | N91: =_xlfn.XLOOKUP($A91,ALGLIB_SSA_XAUUSD!$J$2:$J$1001,ALGLIB_SSA_XAUUSD!$P$2:$P$1001,"",0) -> 4656.7803 | O91: =_xlfn.XLOOKUP($A91,ALGLIB_SSA_XAUUSD!$J$2:$J$1001,ALGLIB_SSA_XAUUSD!$Q$2:$Q$1001,"",0) -> 4651.7002 | R91: =A91 -> 1775154300 | S91: =I91 -> XAUUSD | T91: =J91 -> M5 | U91: =K91 -> 4651.44 | V91: =E91 -> 4663.2079 | W91: =F91 -> 4663.494 | X91: =L91 -> 4654.487 | Y91: =M91 -> 4653.7021 | Z91: =G91 -> 4675.8942 | AA91: =N91 -> 4656.7803 | AB91: =H91 -> 4647.2292 | AC91: =O91 -> 4651.7002 | AE91: =X91 -> 4654.487 | AF91: =Z91 -> 4675.8942 | AG91: =AB91 -> 4647.2292
A92: =ALGLIB_SSA_XAUUSD!J92 -> 1775154600 | B92: =_xlfn.XLOOKUP($A92,ALGLIB_SSA_XAUUSD!$A$2:$A$1001,ALGLIB_SSA_XAUUSD!$B$2:$B$1001,"",0) | C92: =_xlfn.XLOOKUP($A92,ALGLIB_SSA_XAUUSD!$A$2:$A$1001,ALGLIB_SSA_XAUUSD!$C$2:$C$1001,"",0) | D92: =D86+(D98-D86)*6/12 -> 4670.265 | E92: =E86+(E98-E86)*6/12 -> 4662.77 | F92: =F86+(F98-F86)*6/12 -> 4663.3176 | G92: =G86+(G98-G86)*6/12 -> 4675.4941 | H92: =H86+(H98-H86)*6/12 -> 4646.9327 | I92: =_xlfn.XLOOKUP($A92,ALGLIB_SSA_XAUUSD!$J$2:$J$1001,ALGLIB_SSA_XAUUSD!$K$2:$K$1001,"",0) -> XAUUSD | J92: =_xlfn.XLOOKUP($A92,ALGLIB_SSA_XAUUSD!$J$2:$J$1001,ALGLIB_SSA_XAUUSD!$L$2:$L$1001,"",0) -> M5 | K92: =_xlfn.XLOOKUP($A92,ALGLIB_SSA_XAUUSD!$J$2:$J$1001,ALGLIB_SSA_XAUUSD!$M$2:$M$1001,"",0) -> 4658.95 | L92: =_xlfn.XLOOKUP($A92,ALGLIB_SSA_XAUUSD!$J$2:$J$1001,ALGLIB_SSA_XAUUSD!$N$2:$N$1001,"",0) -> 4656.4994 | M92: =_xlfn.XLOOKUP($A92,ALGLIB_SSA_XAUUSD!$J$2:$J$1001,ALGLIB_SSA_XAUUSD!$O$2:$O$1001,"",0) -> 4655.1007 | N92: =_xlfn.XLOOKUP($A92,ALGLIB_SSA_XAUUSD!$J$2:$J$1001,ALGLIB_SSA_XAUUSD!$P$2:$P$1001,"",0) -> 4658.3718 | O92: =_xlfn.XLOOKUP($A92,ALGLIB_SSA_XAUUSD!$J$2:$J$1001,ALGLIB_SSA_XAUUSD!$Q$2:$Q$1001,"",0) -> 4652.8678 | R92: =A92 -> 1775154600 | S92: =I92 -> XAUUSD | T92: =J92 -> M5 | U92: =K92 -> 4658.95 | V92: =E92 -> 4662.77 | W92: =F92 -> 4663.3176 | X92: =L92 -> 4656.4994 | Y92: =M92 -> 4655.1007 | Z92: =G92 -> 4675.4941 | AA92: =N92 -> 4658.3718 | AB92: =H92 -> 4646.9327 | AC92: =O92 -> 4652.8678 | AE92: =X92 -> 4656.4994 | AF92: =Z92 -> 4675.4941 | AG92: =AB92 -> 4646.9327
A93: =ALGLIB_SSA_XAUUSD!J93 -> 1775154900 | B93: =_xlfn.XLOOKUP($A93,ALGLIB_SSA_XAUUSD!$A$2:$A$1001,ALGLIB_SSA_XAUUSD!$B$2:$B$1001,"",0) | C93: =_xlfn.XLOOKUP($A93,ALGLIB_SSA_XAUUSD!$A$2:$A$1001,ALGLIB_SSA_XAUUSD!$C$2:$C$1001,"",0) | D93: =D86+(D98-D86)*7/12 -> 4670.5525 | E93: =E86+(E98-E86)*7/12 -> 4662.3321 | F93: =F86+(F98-F86)*7/12 -> 4663.1412 | G93: =G86+(G98-G86)*7/12 -> 4675.094 | H93: =H86+(H98-H86)*7/12 -> 4646.6362 | I93: =_xlfn.XLOOKUP($A93,ALGLIB_SSA_XAUUSD!$J$2:$J$1001,ALGLIB_SSA_XAUUSD!$K$2:$K$1001,"",0) -> XAUUSD | J93: =_xlfn.XLOOKUP($A93,ALGLIB_SSA_XAUUSD!$J$2:$J$1001,ALGLIB_SSA_XAUUSD!$L$2:$L$1001,"",0) -> M5 | K93: =_xlfn.XLOOKUP($A93,ALGLIB_SSA_XAUUSD!$J$2:$J$1001,ALGLIB_SSA_XAUUSD!$M$2:$M$1001,"",0) -> 4656.14 | L93: =_xlfn.XLOOKUP($A93,ALGLIB_SSA_XAUUSD!$J$2:$J$1001,ALGLIB_SSA_XAUUSD!$N$2:$N$1001,"",0) -> 4659.2308 | M93: =_xlfn.XLOOKUP($A93,ALGLIB_SSA_XAUUSD!$J$2:$J$1001,ALGLIB_SSA_XAUUSD!$O$2:$O$1001,"",0) -> 4657.1658 | N93: =_xlfn.XLOOKUP($A93,ALGLIB_SSA_XAUUSD!$J$2:$J$1001,ALGLIB_SSA_XAUUSD!$P$2:$P$1001,"",0) -> 4660.7738 | O93: =_xlfn.XLOOKUP($A93,ALGLIB_SSA_XAUUSD!$J$2:$J$1001,ALGLIB_SSA_XAUUSD!$Q$2:$Q$1001,"",0) -> 4654.8506 | R93: =A93 -> 1775154900 | S93: =I93 -> XAUUSD | T93: =J93 -> M5 | U93: =K93 -> 4656.14 | V93: =E93 -> 4662.3321 | W93: =F93 -> 4663.1412 | X93: =L93 -> 4659.2308 | Y93: =M93 -> 4657.1658 | Z93: =G93 -> 4675.094 | AA93: =N93 -> 4660.7738 | AB93: =H93 -> 4646.6362 | AC93: =O93 -> 4654.8506 | AE93: =X93 -> 4659.2308 | AF93: =Z93 -> 4675.094 | AG93: =AB93 -> 4646.6362
A94: =ALGLIB_SSA_XAUUSD!J94 -> 1775155200 | B94: =_xlfn.XLOOKUP($A94,ALGLIB_SSA_XAUUSD!$A$2:$A$1001,ALGLIB_SSA_XAUUSD!$B$2:$B$1001,"",0) | C94: =_xlfn.XLOOKUP($A94,ALGLIB_SSA_XAUUSD!$A$2:$A$1001,ALGLIB_SSA_XAUUSD!$C$2:$C$1001,"",0) | D94: =D86+(D98-D86)*8/12 -> 4670.84 | E94: =E86+(E98-E86)*8/12 -> 4661.8942 | F94: =F86+(F98-F86)*8/12 -> 4662.9649 | G94: =G86+(G98-G86)*8/12 -> 4674.6939 | H94: =H86+(H98-H86)*8/12 -> 4646.3397 | I94: =_xlfn.XLOOKUP($A94,ALGLIB_SSA_XAUUSD!$J$2:$J$1001,ALGLIB_SSA_XAUUSD!$K$2:$K$1001,"",0) -> XAUUSD | J94: =_xlfn.XLOOKUP($A94,ALGLIB_SSA_XAUUSD!$J$2:$J$1001,ALGLIB_SSA_XAUUSD!$L$2:$L$1001,"",0) -> M5 | K94: =_xlfn.XLOOKUP($A94,ALGLIB_SSA_XAUUSD!$J$2:$J$1001,ALGLIB_SSA_XAUUSD!$M$2:$M$1001,"",0) -> 4662.73 | L94: =_xlfn.XLOOKUP($A94,ALGLIB_SSA_XAUUSD!$J$2:$J$1001,ALGLIB_SSA_XAUUSD!$N$2:$N$1001,"",0) -> 4662.6221 | M94: =_xlfn.XLOOKUP($A94,ALGLIB_SSA_XAUUSD!$J$2:$J$1001,ALGLIB_SSA_XAUUSD!$O$2:$O$1001,"",0) -> 4659.8939 | N94: =_xlfn.XLOOKUP($A94,ALGLIB_SSA_XAUUSD!$J$2:$J$1001,ALGLIB_SSA_XAUUSD!$P$2:$P$1001,"",0) -> 4663.9699 | O94: =_xlfn.XLOOKUP($A94,ALGLIB_SSA_XAUUSD!$J$2:$J$1001,ALGLIB_SSA_XAUUSD!$Q$2:$Q$1001,"",0) -> 4657.5983 | R94: =A94 -> 1775155200 | S94: =I94 -> XAUUSD | T94: =J94 -> M5 | U94: =K94 -> 4662.73 | V94: =E94 -> 4661.8942 | W94: =F94 -> 4662.9649 | X94: =L94 -> 4662.6221 | Y94: =M94 -> 4659.8939 | Z94: =G94 -> 4674.6939 | AA94: =N94 -> 4663.9699 | AB94: =H94 -> 4646.3397 | AC94: =O94 -> 4657.5983 | AE94: =X94 -> 4662.6221 | AF94: =Z94 -> 4674.6939 | AG94: =AB94 -> 4646.3397
A95: =ALGLIB_SSA_XAUUSD!J95 -> 1775155500 | B95: =_xlfn.XLOOKUP($A95,ALGLIB_SSA_XAUUSD!$A$2:$A$1001,ALGLIB_SSA_XAUUSD!$B$2:$B$1001,"",0) | C95: =_xlfn.XLOOKUP($A95,ALGLIB_SSA_XAUUSD!$A$2:$A$1001,ALGLIB_SSA_XAUUSD!$C$2:$C$1001,"",0) | D95: =D86+(D98-D86)*9/12 -> 4671.1275 | E95: =E86+(E98-E86)*9/12 -> 4661.4563 | F95: =F86+(F98-F86)*9/12 -> 4662.7885 | G95: =G86+(G98-G86)*9/12 -> 4674.2939 | H95: =H86+(H98-H86)*9/12 -> 4646.0432 | I95: =_xlfn.XLOOKUP($A95,ALGLIB_SSA_XAUUSD!$J$2:$J$1001,ALGLIB_SSA_XAUUSD!$K$2:$K$1001,"",0) -> XAUUSD | J95: =_xlfn.XLOOKUP($A95,ALGLIB_SSA_XAUUSD!$J$2:$J$1001,ALGLIB_SSA_XAUUSD!$L$2:$L$1001,"",0) -> M5 | K95: =_xlfn.XLOOKUP($A95,ALGLIB_SSA_XAUUSD!$J$2:$J$1001,ALGLIB_SSA_XAUUSD!$M$2:$M$1001,"",0) -> 4669.2 | L95: =_xlfn.XLOOKUP($A95,ALGLIB_SSA_XAUUSD!$J$2:$J$1001,ALGLIB_SSA_XAUUSD!$N$2:$N$1001,"",0) -> 4666.2031 | M95: =_xlfn.XLOOKUP($A95,ALGLIB_SSA_XAUUSD!$J$2:$J$1001,ALGLIB_SSA_XAUUSD!$O$2:$O$1001,"",0) -> 4663.0485 | N95: =_xlfn.XLOOKUP($A95,ALGLIB_SSA_XAUUSD!$J$2:$J$1001,ALGLIB_SSA_XAUUSD!$P$2:$P$1001,"",0) -> 4667.6584 | O95: =_xlfn.XLOOKUP($A95,ALGLIB_SSA_XAUUSD!$J$2:$J$1001,ALGLIB_SSA_XAUUSD!$Q$2:$Q$1001,"",0) -> 4660.9099 | R95: =A95 -> 1775155500 | S95: =I95 -> XAUUSD | T95: =J95 -> M5 | U95: =K95 -> 4669.2 | V95: =E95 -> 4661.4563 | W95: =F95 -> 4662.7885 | X95: =L95 -> 4666.2031 | Y95: =M95 -> 4663.0485 | Z95: =G95 -> 4674.2939 | AA95: =N95 -> 4667.6584 | AB95: =H95 -> 4646.0432 | AC95: =O95 -> 4660.9099 | AE95: =X95 -> 4666.2031 | AF95: =Z95 -> 4674.2939 | AG95: =AB95 -> 4646.0432
A96: =ALGLIB_SSA_XAUUSD!J96 -> 1775155800 | B96: =_xlfn.XLOOKUP($A96,ALGLIB_SSA_XAUUSD!$A$2:$A$1001,ALGLIB_SSA_XAUUSD!$B$2:$B$1001,"",0) | C96: =_xlfn.XLOOKUP($A96,ALGLIB_SSA_XAUUSD!$A$2:$A$1001,ALGLIB_SSA_XAUUSD!$C$2:$C$1001,"",0) | D96: =D86+(D98-D86)*10/12 -> 4671.415 | E96: =E86+(E98-E86)*10/12 -> 4661.0184 | F96: =F86+(F98-F86)*10/12 -> 4662.6121 | G96: =G86+(G98-G86)*10/12 -> 4673.8938 | H96: =H86+(H98-H86)*10/12 -> 4645.7467 | I96: =_xlfn.XLOOKUP($A96,ALGLIB_SSA_XAUUSD!$J$2:$J$1001,ALGLIB_SSA_XAUUSD!$K$2:$K$1001,"",0) -> XAUUSD | J96: =_xlfn.XLOOKUP($A96,ALGLIB_SSA_XAUUSD!$J$2:$J$1001,ALGLIB_SSA_XAUUSD!$L$2:$L$1001,"",0) -> M5 | K96: =_xlfn.XLOOKUP($A96,ALGLIB_SSA_XAUUSD!$J$2:$J$1001,ALGLIB_SSA_XAUUSD!$M$2:$M$1001,"",0) -> 4668.3 | L96: =_xlfn.XLOOKUP($A96,ALGLIB_SSA_XAUUSD!$J$2:$J$1001,ALGLIB_SSA_XAUUSD!$N$2:$N$1001,"",0) -> 4669.4146 | M96: =_xlfn.XLOOKUP($A96,ALGLIB_SSA_XAUUSD!$J$2:$J$1001,ALGLIB_SSA_XAUUSD!$O$2:$O$1001,"",0) -> 4666.2316 | N96: =_xlfn.XLOOKUP($A96,ALGLIB_SSA_XAUUSD!$J$2:$J$1001,ALGLIB_SSA_XAUUSD!$P$2:$P$1001,"",0) -> 4671.3118 | O96: =_xlfn.XLOOKUP($A96,ALGLIB_SSA_XAUUSD!$J$2:$J$1001,ALGLIB_SSA_XAUUSD!$Q$2:$Q$1001,"",0) -> 4664.2521 | R96: =A96 -> 1775155800 | S96: =I96 -> XAUUSD | T96: =J96 -> M5 | U96: =K96 -> 4668.3 | V96: =E96 -> 4661.0184 | W96: =F96 -> 4662.6121 | X96: =L96 -> 4669.4146 | Y96: =M96 -> 4666.2316 | Z96: =G96 -> 4673.8938 | AA96: =N96 -> 4671.3118 | AB96: =H96 -> 4645.7467 | AC96: =O96 -> 4664.2521 | AE96: =X96 -> 4669.4146 | AF96: =Z96 -> 4673.8938 | AG96: =AB96 -> 4645.7467
A97: =ALGLIB_SSA_XAUUSD!J97 -> 1775156100 | B97: =_xlfn.XLOOKUP($A97,ALGLIB_SSA_XAUUSD!$A$2:$A$1001,ALGLIB_SSA_XAUUSD!$B$2:$B$1001,"",0) | C97: =_xlfn.XLOOKUP($A97,ALGLIB_SSA_XAUUSD!$A$2:$A$1001,ALGLIB_SSA_XAUUSD!$C$2:$C$1001,"",0) | D97: =D86+(D98-D86)*11/12 -> 4671.7025 | E97: =E86+(E98-E86)*11/12 -> 4660.5805 | F97: =F86+(F98-F86)*11/12 -> 4662.4357 | G97: =G86+(G98-G86)*11/12 -> 4673.4937 | H97: =H86+(H98-H86)*11/12 -> 4645.4502 | I97: =_xlfn.XLOOKUP($A97,ALGLIB_SSA_XAUUSD!$J$2:$J$1001,ALGLIB_SSA_XAUUSD!$K$2:$K$1001,"",0) -> XAUUSD | J97: =_xlfn.XLOOKUP($A97,ALGLIB_SSA_XAUUSD!$J$2:$J$1001,ALGLIB_SSA_XAUUSD!$L$2:$L$1001,"",0) -> M5 | K97: =_xlfn.XLOOKUP($A97,ALGLIB_SSA_XAUUSD!$J$2:$J$1001,ALGLIB_SSA_XAUUSD!$M$2:$M$1001,"",0) -> 4668.54 | L97: =_xlfn.XLOOKUP($A97,ALGLIB_SSA_XAUUSD!$J$2:$J$1001,ALGLIB_SSA_XAUUSD!$N$2:$N$1001,"",0) -> 4671.8973 | M97: =_xlfn.XLOOKUP($A97,ALGLIB_SSA_XAUUSD!$J$2:$J$1001,ALGLIB_SSA_XAUUSD!$O$2:$O$1001,"",0) -> 4669.0644 | N97: =_xlfn.XLOOKUP($A97,ALGLIB_SSA_XAUUSD!$J$2:$J$1001,ALGLIB_SSA_XAUUSD!$P$2:$P$1001,"",0) -> 4674.4766 | O97: =_xlfn.XLOOKUP($A97,ALGLIB_SSA_XAUUSD!$J$2:$J$1001,ALGLIB_SSA_XAUUSD!$Q$2:$Q$1001,"",0) -> 4667.162 | R97: =A97 -> 1775156100 | S97: =I97 -> XAUUSD | T97: =J97 -> M5 | U97: =K97 -> 4668.54 | V97: =E97 -> 4660.5805 | W97: =F97 -> 4662.4357 | X97: =L97 -> 4671.8973 | Y97: =M97 -> 4669.0644 | Z97: =G97 -> 4673.4937 | AA97: =N97 -> 4674.4766 | AB97: =H97 -> 4645.4502 | AC97: =O97 -> 4667.162 | AE97: =X97 -> 4671.8973 | AF97: =Z97 -> 4673.4937 | AG97: =AB97 -> 4645.4502
A98: =ALGLIB_SSA_XAUUSD!J98 -> 1775156400 | B98: =_xlfn.XLOOKUP($A98,ALGLIB_SSA_XAUUSD!$A$2:$A$1001,ALGLIB_SSA_XAUUSD!$B$2:$B$1001,"",0) -> XAUUSD | C98: =_xlfn.XLOOKUP($A98,ALGLIB_SSA_XAUUSD!$A$2:$A$1001,ALGLIB_SSA_XAUUSD!$C$2:$C$1001,"",0) -> H1 | D98: =_xlfn.XLOOKUP($A98,ALGLIB_SSA_XAUUSD!$A$2:$A$1001,ALGLIB_SSA_XAUUSD!$D$2:$D$1001,"",0) -> 4671.99 | E98: =_xlfn.XLOOKUP($A98,ALGLIB_SSA_XAUUSD!$A$2:$A$1001,ALGLIB_SSA_XAUUSD!$E$2:$E$1001,"",0) -> 4660.1426 | F98: =_xlfn.XLOOKUP($A98,ALGLIB_SSA_XAUUSD!$A$2:$A$1001,ALGLIB_SSA_XAUUSD!$F$2:$F$1001,"",0) -> 4662.2593 | G98: =_xlfn.XLOOKUP($A98,ALGLIB_SSA_XAUUSD!$A$2:$A$1001,ALGLIB_SSA_XAUUSD!$G$2:$G$1001,"",0) -> 4673.0937 | H98: =_xlfn.XLOOKUP($A98,ALGLIB_SSA_XAUUSD!$A$2:$A$1001,ALGLIB_SSA_XAUUSD!$H$2:$H$1001,"",0) -> 4645.1537 | I98: =_xlfn.XLOOKUP($A98,ALGLIB_SSA_XAUUSD!$J$2:$J$1001,ALGLIB_SSA_XAUUSD!$K$2:$K$1001,"",0) -> XAUUSD | J98: =_xlfn.XLOOKUP($A98,ALGLIB_SSA_XAUUSD!$J$2:$J$1001,ALGLIB_SSA_XAUUSD!$L$2:$L$1001,"",0) -> M5 | K98: =_xlfn.XLOOKUP($A98,ALGLIB_SSA_XAUUSD!$J$2:$J$1001,ALGLIB_SSA_XAUUSD!$M$2:$M$1001,"",0) -> 4672.38 | L98: =_xlfn.XLOOKUP($A98,ALGLIB_SSA_XAUUSD!$J$2:$J$1001,ALGLIB_SSA_XAUUSD!$N$2:$N$1001,"",0) -> 4673.3916 | M98: =_xlfn.XLOOKUP($A98,ALGLIB_SSA_XAUUSD!$J$2:$J$1001,ALGLIB_SSA_XAUUSD!$O$2:$O$1001,"",0) -> 4671.228 | N98: =_xlfn.XLOOKUP($A98,ALGLIB_SSA_XAUUSD!$J$2:$J$1001,ALGLIB_SSA_XAUUSD!$P$2:$P$1001,"",0) -> 4676.7465 | O98: =_xlfn.XLOOKUP($A98,ALGLIB_SSA_XAUUSD!$J$2:$J$1001,ALGLIB_SSA_XAUUSD!$Q$2:$Q$1001,"",0) -> 4669.1888 | R98: =A98 -> 1775156400 | S98: =I98 -> XAUUSD | T98: =J98 -> M5 | U98: =K98 -> 4672.38 | V98: =E98 -> 4660.1426 | W98: =F98 -> 4662.2593 | X98: =L98 -> 4673.3916 | Y98: =M98 -> 4671.228 | Z98: =G98 -> 4673.0937 | AA98: =N98 -> 4676.7465 | AB98: =H98 -> 4645.1537 | AC98: =O98 -> 4669.1888 | AE98: =X98 -> 4673.3916 | AF98: =Z98 -> 4673.0937 | AG98: =AB98 -> 4645.1537
A99: =ALGLIB_SSA_XAUUSD!J99 -> 1775156700 | B99: =_xlfn.XLOOKUP($A99,ALGLIB_SSA_XAUUSD!$A$2:$A$1001,ALGLIB_SSA_XAUUSD!$B$2:$B$1001,"",0) | C99: =_xlfn.XLOOKUP($A99,ALGLIB_SSA_XAUUSD!$A$2:$A$1001,ALGLIB_SSA_XAUUSD!$C$2:$C$1001,"",0) | D99: =D98+(D110-D98)*1/12 -> 4672.3317 | E99: =E98+(E110-E98)*1/12 -> 4659.5071 | F99: =F98+(F110-F98)*1/12 -> 4661.8534 | G99: =G98+(G110-G98)*1/12 -> 4672.556 | H99: =H98+(H110-H98)*1/12 -> 4644.5708 | I99: =_xlfn.XLOOKUP($A99,ALGLIB_SSA_XAUUSD!$J$2:$J$1001,ALGLIB_SSA_XAUUSD!$K$2:$K$1001,"",0) -> XAUUSD | J99: =_xlfn.XLOOKUP($A99,ALGLIB_SSA_XAUUSD!$J$2:$J$1001,ALGLIB_SSA_XAUUSD!$L$2:$L$1001,"",0) -> M5 | K99: =_xlfn.XLOOKUP($A99,ALGLIB_SSA_XAUUSD!$J$2:$J$1001,ALGLIB_SSA_XAUUSD!$M$2:$M$1001,"",0) -> 4679.65 | L99: =_xlfn.XLOOKUP($A99,ALGLIB_SSA_XAUUSD!$J$2:$J$1001,ALGLIB_SSA_XAUUSD!$N$2:$N$1001,"",0) -> 4673.7091 | M99: =_xlfn.XLOOKUP($A99,ALGLIB_SSA_XAUUSD!$J$2:$J$1001,ALGLIB_SSA_XAUUSD!$O$2:$O$1001,"",0) -> 4672.4686 | N99: =_xlfn.XLOOKUP($A99,ALGLIB_SSA_XAUUSD!$J$2:$J$1001,ALGLIB_SSA_XAUUSD!$P$2:$P$1001,"",0) -> 4677.8069 | O99: =_xlfn.XLOOKUP($A99,ALGLIB_SSA_XAUUSD!$J$2:$J$1001,ALGLIB_SSA_XAUUSD!$Q$2:$Q$1001,"",0) -> 4670.0971 | R99: =A99 -> 1775156700 | S99: =I99 -> XAUUSD | T99: =J99 -> M5 | U99: =K99 -> 4679.65 | V99: =E99 -> 4659.5071 | W99: =F99 -> 4661.8534 | X99: =L99 -> 4673.7091 | Y99: =M99 -> 4672.4686 | Z99: =G99 -> 4672.556 | AA99: =N99 -> 4677.8069 | AB99: =H99 -> 4644.5708 | AC99: =O99 -> 4670.0971 | AE99: =X99 -> 4673.7091 | AF99: =Z99 -> 4672.556 | AG99: =AB99 -> 4644.5708
A100: =ALGLIB_SSA_XAUUSD!J100 -> 1775157000 | B100: =_xlfn.XLOOKUP($A100,ALGLIB_SSA_XAUUSD!$A$2:$A$1001,ALGLIB_SSA_XAUUSD!$B$2:$B$1001,"",0) | C100: =_xlfn.XLOOKUP($A100,ALGLIB_SSA_XAUUSD!$A$2:$A$1001,ALGLIB_SSA_XAUUSD!$C$2:$C$1001,"",0) | D100: =D98+(D110-D98)*2/12 -> 4672.6733 | E100: =E98+(E110-E98)*2/12 -> 4658.8716 | F100: =F98+(F110-F98)*2/12 -> 4661.4474 | G100: =G98+(G110-G98)*2/12 -> 4672.0184 | H100: =H98+(H110-H98)*2/12 -> 4643.988 | I100: =_xlfn.XLOOKUP($A100,ALGLIB_SSA_XAUUSD!$J$2:$J$1001,ALGLIB_SSA_XAUUSD!$K$2:$K$1001,"",0) -> XAUUSD | J100: =_xlfn.XLOOKUP($A100,ALGLIB_SSA_XAUUSD!$J$2:$J$1001,ALGLIB_SSA_XAUUSD!$L$2:$L$1001,"",0) -> M5 | K100: =_xlfn.XLOOKUP($A100,ALGLIB_SSA_XAUUSD!$J$2:$J$1001,ALGLIB_SSA_XAUUSD!$M$2:$M$1001,"",0) -> 4674.5 | L100: =_xlfn.XLOOKUP($A100,ALGLIB_SSA_XAUUSD!$J$2:$J$1001,ALGLIB_SSA_XAUUSD!$N$2:$N$1001,"",0) -> 4672.7949 | M100: =_xlfn.XLOOKUP($A100,ALGLIB_SSA_XAUUSD!$J$2:$J$1001,ALGLIB_SSA_XAUUSD!$O$2:$O$1001,"",0) -> 4672.6317 | N100: =_xlfn.XLOOKUP($A100,ALGLIB_SSA_XAUUSD!$J$2:$J$1001,ALGLIB_SSA_XAUUSD!$P$2:$P$1001,"",0) -> 4677.5679 | O100: =_xlfn.XLOOKUP($A100,ALGLIB_SSA_XAUUSD!$J$2:$J$1001,ALGLIB_SSA_XAUUSD!$Q$2:$Q$1001,"",0) -> 4669.8264 | R100: =A100 -> 1775157000 | S100: =I100 -> XAUUSD | T100: =J100 -> M5 | U100: =K100 -> 4674.5 | V100: =E100 -> 4658.8716 | W100: =F100 -> 4661.4474 | X100: =L100 -> 4672.7949 | Y100: =M100 -> 4672.6317 | Z100: =G100 -> 4672.0184 | AA100: =N100 -> 4677.5679 | AB100: =H100 -> 4643.988 | AC100: =O100 -> 4669.8264 | AE100: =X100 -> 4672.7949 | AF100: =Z100 -> 4672.0184 | AG100: =AB100 -> 4643.988
...

Sheet Mapped_H1_M5_Interporate
A1: timestamp_m5 | B1: symbol_h1 | C1: timeframe_h1 | D1: close_h1 | E1: ssa_h1 | F1: ema_ssa_h1 | G1: ssa_high_h1 | H1: ssa_low_h1 | I1: symbol_m5 | J1: timeframe_m5 | K1: close_m5 | L1: ssa_m5 | M1: ema_ssa_m5 | N1: ssa_high_m5 | O1: ssa_low_m5 | R1: timestamp | S1: symbol | T1: timeframe | U1: close | V1: ssa_m5_interpolation | W1: ema_ssa_m5_interpolation | X1: ssa_m5 | Y1: ema_ssa_m5 | Z1: ssa_high_m5_interpolation | AA1: ssa_high_m5 | AB1: ssa_low_m5_interpolation | AC1: ssa_low_m5 | AF1: timestamp_forward | AG1: symbol_forward | AH1: timeframe_forward | AI1: close | AJ1: =V1 -> ssa_m5_interpolation | AK1: =W1 -> ema_ssa_m5_interpolation | AL1: ssa_emassa_m5_interpolation_diff | AM1: ssa_m5_interpolation_trend | AN1: ssa_m5_interpolation_trend_projection | AO1: =Z1 -> ssa_high_m5_interpolation | AP1: =AB1 -> ssa_low_m5_interpolation | AQ1: x_count_regression | AR1: slope_12_ssa_high_m5_interpolation | AS1: slope_12_ssa_low_m5_interpolation | AT1: ssa_high_m5_regression | AU1: ssa_low_m5_regression | AV1: ssa_high_m5_projection | AW1: ssa_low_m5_projection | AY1: ssa_high_error | AZ1: ssa_low_error | BB1: =AF1 -> timestamp_forward | BC1: =AG1 -> symbol_forward | BD1: =AH1 -> timeframe_forward | BE1: =V1 -> ssa_m5_interpolation | BF1: =W1 -> ema_ssa_m5_interpolation | BG1: =X1 -> ssa_m5 | BH1: =Y1 -> ema_ssa_m5 | BI1: =AV1 -> ssa_high_m5_projection | BJ1: =AW1 -> ssa_low_m5_projection
A2: =ALGLIB_SSA_XAUUSD!J2 -> 1775127600 | B2: =_xlfn.XLOOKUP($A2,ALGLIB_SSA_XAUUSD!$A$2:$A$1001,ALGLIB_SSA_XAUUSD!$B$2:$B$1001,"",0) -> XAUUSD | C2: =_xlfn.XLOOKUP($A2,ALGLIB_SSA_XAUUSD!$A$2:$A$1001,ALGLIB_SSA_XAUUSD!$C$2:$C$1001,"",0) -> H1 | D2: =_xlfn.XLOOKUP($A2,ALGLIB_SSA_XAUUSD!$A$2:$A$1001,ALGLIB_SSA_XAUUSD!$D$2:$D$1001,"",0) -> 4600.2 | E2: =_xlfn.XLOOKUP($A2,ALGLIB_SSA_XAUUSD!$A$2:$A$1001,ALGLIB_SSA_XAUUSD!$E$2:$E$1001,"",0) -> 4619.8464 | F2: =_xlfn.XLOOKUP($A2,ALGLIB_SSA_XAUUSD!$A$2:$A$1001,ALGLIB_SSA_XAUUSD!$F$2:$F$1001,"",0) -> 4616.0957 | G2: =_xlfn.XLOOKUP($A2,ALGLIB_SSA_XAUUSD!$A$2:$A$1001,ALGLIB_SSA_XAUUSD!$G$2:$G$1001,"",0) -> 4639.0441 | H2: =_xlfn.XLOOKUP($A2,ALGLIB_SSA_XAUUSD!$A$2:$A$1001,ALGLIB_SSA_XAUUSD!$H$2:$H$1001,"",0) -> 4598.7185 | I2: =_xlfn.XLOOKUP($A2,ALGLIB_SSA_XAUUSD!$J$2:$J$1001,ALGLIB_SSA_XAUUSD!$K$2:$K$1001,"",0) -> XAUUSD | J2: =_xlfn.XLOOKUP($A2,ALGLIB_SSA_XAUUSD!$J$2:$J$1001,ALGLIB_SSA_XAUUSD!$L$2:$L$1001,"",0) -> M5 | K2: =_xlfn.XLOOKUP($A2,ALGLIB_SSA_XAUUSD!$J$2:$J$1001,ALGLIB_SSA_XAUUSD!$M$2:$M$1001,"",0) -> 4626.58 | L2: =_xlfn.XLOOKUP($A2,ALGLIB_SSA_XAUUSD!$J$2:$J$1001,ALGLIB_SSA_XAUUSD!$N$2:$N$1001,"",0) -> 4627.2149 | M2: =_xlfn.XLOOKUP($A2,ALGLIB_SSA_XAUUSD!$J$2:$J$1001,ALGLIB_SSA_XAUUSD!$O$2:$O$1001,"",0) -> 4627.2149 | N2: =_xlfn.XLOOKUP($A2,ALGLIB_SSA_XAUUSD!$J$2:$J$1001,ALGLIB_SSA_XAUUSD!$P$2:$P$1001,"",0) -> 4628.9427 | O2: =_xlfn.XLOOKUP($A2,ALGLIB_SSA_XAUUSD!$J$2:$J$1001,ALGLIB_SSA_XAUUSD!$Q$2:$Q$1001,"",0) -> 4622.0951 | R2: =A2 -> 1775127600 | S2: =I2 -> XAUUSD | T2: =J2 -> M5 | U2: =K2 -> 4626.58 | V2: =E2 -> 4619.8464 | W2: =F2 -> 4616.0957 | X2: =L2 -> 4627.2149 | Y2: =M2 -> 4627.2149 | Z2: =G2 -> 4639.0441 | AA2: =N2 -> 4628.9427 | AB2: =H2 -> 4598.7185 | AC2: =O2 -> 4622.0951 | AF2: =IF(R2<>"",R2,"") -> 1775127600 | AG2: =S2 -> XAUUSD | AH2: =T2 -> M5 | AI2: =IF(U2<>"",U2,"") -> 4626.58 | AJ2: =IF(V2<>"",V2,"") -> 4619.8464 | AK2: =IF(W2<>"",W2,"") -> 4616.0957 | AL2: =IF(OR(AJ2="",AK2=""),"",AJ2-AK2) -> 3.75077 | AM2: =IF(AL2="","",IF(AL2>0,"Bullish","Bearish")) -> Bullish | AN2: =AM2 -> Bullish | AO2: =Z2 -> 4639.0441 | AP2: =AB2 -> 4598.7185 | AQ2: =IF(C2="","",1) -> 1
A3: =ALGLIB_SSA_XAUUSD!J3 -> 1775127900 | B3: =_xlfn.XLOOKUP($A3,ALGLIB_SSA_XAUUSD!$A$2:$A$1001,ALGLIB_SSA_XAUUSD!$B$2:$B$1001,"",0) | C3: =_xlfn.XLOOKUP($A3,ALGLIB_SSA_XAUUSD!$A$2:$A$1001,ALGLIB_SSA_XAUUSD!$C$2:$C$1001,"",0) | D3: =D2+(D14-D2)*1/12 -> 4600.3075 | E3: =E2+(E14-E2)*1/12 -> 4620.7067 | F3: =F2+(F14-F2)*1/12 -> 4616.6821 | G3: =G2+(G14-G2)*1/12 -> 4639.8649 | H3: =H2+(H14-H2)*1/12 -> 4599.3722 | I3: =_xlfn.XLOOKUP($A3,ALGLIB_SSA_XAUUSD!$J$2:$J$1001,ALGLIB_SSA_XAUUSD!$K$2:$K$1001,"",0) -> XAUUSD | J3: =_xlfn.XLOOKUP($A3,ALGLIB_SSA_XAUUSD!$J$2:$J$1001,ALGLIB_SSA_XAUUSD!$L$2:$L$1001,"",0) -> M5 | K3: =_xlfn.XLOOKUP($A3,ALGLIB_SSA_XAUUSD!$J$2:$J$1001,ALGLIB_SSA_XAUUSD!$M$2:$M$1001,"",0) -> 4625.78 | L3: =_xlfn.XLOOKUP($A3,ALGLIB_SSA_XAUUSD!$J$2:$J$1001,ALGLIB_SSA_XAUUSD!$N$2:$N$1001,"",0) -> 4627.1536 | M3: =_xlfn.XLOOKUP($A3,ALGLIB_SSA_XAUUSD!$J$2:$J$1001,ALGLIB_SSA_XAUUSD!$O$2:$O$1001,"",0) -> 4627.1842 | N3: =_xlfn.XLOOKUP($A3,ALGLIB_SSA_XAUUSD!$J$2:$J$1001,ALGLIB_SSA_XAUUSD!$P$2:$P$1001,"",0) -> 4629.7389 | O3: =_xlfn.XLOOKUP($A3,ALGLIB_SSA_XAUUSD!$J$2:$J$1001,ALGLIB_SSA_XAUUSD!$Q$2:$Q$1001,"",0) -> 4623.56 | R3: =A3 -> 1775127900 | S3: =I3 -> XAUUSD | T3: =J3 -> M5 | U3: =K3 -> 4625.78 | V3: =E3 -> 4620.7067 | W3: =F3 -> 4616.6821 | X3: =L3 -> 4627.1536 | Y3: =M3 -> 4627.1842 | Z3: =G3 -> 4639.8649 | AA3: =N3 -> 4629.7389 | AB3: =H3 -> 4599.3722 | AC3: =O3 -> 4623.56 | AF3: =IF(R3<>"",R3,AF2+300) -> 1775127900 | AG3: =IF(S3<>"",S3,AG2) -> XAUUSD | AH3: =IF(T3<>"",T3,AH2) -> M5 | AI3: =IF(U3<>"",U3,"") -> 4625.78 | AJ3: =IF(V3<>"",V3,"") -> 4620.7067 | AK3: =IF(W3<>"",W3,"") -> 4616.6821 | AL3: =IF(OR(AJ3="",AK3=""),"",AJ3-AK3) -> 4.0246267 | AM3: =IF(AL3="","",IF(AL3>0,"Bullish","Bearish")) -> Bullish | AN3: =IF(AM3="",AN2,AM3) -> Bullish | AO3: =IF(Z3<>"",Z3,"") -> 4639.8649 | AP3: =IF(AB3<>"",AB3,"") -> 4599.3722 | AQ3: =IF(AQ2+1=13,1,AQ2+1) -> 2
A4: =ALGLIB_SSA_XAUUSD!J4 -> 1775128200 | B4: =_xlfn.XLOOKUP($A4,ALGLIB_SSA_XAUUSD!$A$2:$A$1001,ALGLIB_SSA_XAUUSD!$B$2:$B$1001,"",0) | C4: =_xlfn.XLOOKUP($A4,ALGLIB_SSA_XAUUSD!$A$2:$A$1001,ALGLIB_SSA_XAUUSD!$C$2:$C$1001,"",0) | D4: =D2+(D14-D2)*2/12 -> 4600.415 | E4: =E2+(E14-E2)*2/12 -> 4621.567 | F4: =F2+(F14-F2)*2/12 -> 4617.2685 | G4: =G2+(G14-G2)*2/12 -> 4640.6856 | H4: =H2+(H14-H2)*2/12 -> 4600.026 | I4: =_xlfn.XLOOKUP($A4,ALGLIB_SSA_XAUUSD!$J$2:$J$1001,ALGLIB_SSA_XAUUSD!$K$2:$K$1001,"",0) -> XAUUSD | J4: =_xlfn.XLOOKUP($A4,ALGLIB_SSA_XAUUSD!$J$2:$J$1001,ALGLIB_SSA_XAUUSD!$L$2:$L$1001,"",0) -> M5 | K4: =_xlfn.XLOOKUP($A4,ALGLIB_SSA_XAUUSD!$J$2:$J$1001,ALGLIB_SSA_XAUUSD!$M$2:$M$1001,"",0) -> 4627.5 | L4: =_xlfn.XLOOKUP($A4,ALGLIB_SSA_XAUUSD!$J$2:$J$1001,ALGLIB_SSA_XAUUSD!$N$2:$N$1001,"",0) -> 4626.4943 | M4: =_xlfn.XLOOKUP($A4,ALGLIB_SSA_XAUUSD!$J$2:$J$1001,ALGLIB_SSA_XAUUSD!$O$2:$O$1001,"",0) -> 4626.8393 | N4: =_xlfn.XLOOKUP($A4,ALGLIB_SSA_XAUUSD!$J$2:$J$1001,ALGLIB_SSA_XAUUSD!$P$2:$P$1001,"",0) -> 4630.0633 | O4: =_xlfn.XLOOKUP($A4,ALGLIB_SSA_XAUUSD!$J$2:$J$1001,ALGLIB_SSA_XAUUSD!$Q$2:$Q$1001,"",0) -> 4623.5508 | R4: =A4 -> 1775128200 | S4: =I4 -> XAUUSD | T4: =J4 -> M5 | U4: =K4 -> 4627.5 | V4: =E4 -> 4621.567 | W4: =F4 -> 4617.2685 | X4: =L4 -> 4626.4943 | Y4: =M4 -> 4626.8393 | Z4: =G4 -> 4640.6856 | AA4: =N4 -> 4630.0633 | AB4: =H4 -> 4600.026 | AC4: =O4 -> 4623.5508 | AF4: =IF(R4<>"",R4,AF3+300) -> 1775128200 | AG4: =IF(S4<>"",S4,AG3) -> XAUUSD | AH4: =IF(T4<>"",T4,AH3) -> M5 | AI4: =IF(U4<>"",U4,"") -> 4627.5 | AJ4: =IF(V4<>"",V4,"") -> 4621.567 | AK4: =IF(W4<>"",W4,"") -> 4617.2685 | AL4: =IF(OR(AJ4="",AK4=""),"",AJ4-AK4) -> 4.2984833 | AM4: =IF(AL4="","",IF(AL4>0,"Bullish","Bearish")) -> Bullish | AN4: =IF(AM4="",AN3,AM4) -> Bullish | AO4: =IF(Z4<>"",Z4,"") -> 4640.6856 | AP4: =IF(AB4<>"",AB4,"") -> 4600.026 | AQ4: =IF(AQ3+1=13,1,AQ3+1) -> 3
A5: =ALGLIB_SSA_XAUUSD!J5 -> 1775128500 | B5: =_xlfn.XLOOKUP($A5,ALGLIB_SSA_XAUUSD!$A$2:$A$1001,ALGLIB_SSA_XAUUSD!$B$2:$B$1001,"",0) | C5: =_xlfn.XLOOKUP($A5,ALGLIB_SSA_XAUUSD!$A$2:$A$1001,ALGLIB_SSA_XAUUSD!$C$2:$C$1001,"",0) | D5: =D2+(D14-D2)*3/12 -> 4600.5225 | E5: =E2+(E14-E2)*3/12 -> 4622.4273 | F5: =F2+(F14-F2)*3/12 -> 4617.8549 | G5: =G2+(G14-G2)*3/12 -> 4641.5064 | H5: =H2+(H14-H2)*3/12 -> 4600.6798 | I5: =_xlfn.XLOOKUP($A5,ALGLIB_SSA_XAUUSD!$J$2:$J$1001,ALGLIB_SSA_XAUUSD!$K$2:$K$1001,"",0) -> XAUUSD | J5: =_xlfn.XLOOKUP($A5,ALGLIB_SSA_XAUUSD!$J$2:$J$1001,ALGLIB_SSA_XAUUSD!$L$2:$L$1001,"",0) -> M5 | K5: =_xlfn.XLOOKUP($A5,ALGLIB_SSA_XAUUSD!$J$2:$J$1001,ALGLIB_SSA_XAUUSD!$M$2:$M$1001,"",0) -> 4624.55 | L5: =_xlfn.XLOOKUP($A5,ALGLIB_SSA_XAUUSD!$J$2:$J$1001,ALGLIB_SSA_XAUUSD!$N$2:$N$1001,"",0) -> 4624.5197 | M5: =_xlfn.XLOOKUP($A5,ALGLIB_SSA_XAUUSD!$J$2:$J$1001,ALGLIB_SSA_XAUUSD!$O$2:$O$1001,"",0) -> 4625.6795 | N5: =_xlfn.XLOOKUP($A5,ALGLIB_SSA_XAUUSD!$J$2:$J$1001,ALGLIB_SSA_XAUUSD!$P$2:$P$1001,"",0) -> 4629.3205 | O5: =_xlfn.XLOOKUP($A5,ALGLIB_SSA_XAUUSD!$J$2:$J$1001,ALGLIB_SSA_XAUUSD!$Q$2:$Q$1001,"",0) -> 4622.127 | R5: =A5 -> 1775128500 | S5: =I5 -> XAUUSD | T5: =J5 -> M5 | U5: =K5 -> 4624.55 | V5: =E5 -> 4622.4273 | W5: =F5 -> 4617.8549 | X5: =L5 -> 4624.5197 | Y5: =M5 -> 4625.6795 | Z5: =G5 -> 4641.5064 | AA5: =N5 -> 4629.3205 | AB5: =H5 -> 4600.6798 | AC5: =O5 -> 4622.127 | AF5: =IF(R5<>"",R5,AF4+300) -> 1775128500 | AG5: =IF(S5<>"",S5,AG4) -> XAUUSD | AH5: =IF(T5<>"",T5,AH4) -> M5 | AI5: =IF(U5<>"",U5,"") -> 4624.55 | AJ5: =IF(V5<>"",V5,"") -> 4622.4273 | AK5: =IF(W5<>"",W5,"") -> 4617.8549 | AL5: =IF(OR(AJ5="",AK5=""),"",AJ5-AK5) -> 4.57234 | AM5: =IF(AL5="","",IF(AL5>0,"Bullish","Bearish")) -> Bullish | AN5: =IF(AM5="",AN4,AM5) -> Bullish | AO5: =IF(Z5<>"",Z5,"") -> 4641.5064 | AP5: =IF(AB5<>"",AB5,"") -> 4600.6798 | AQ5: =IF(AQ4+1=13,1,AQ4+1) -> 4
A6: =ALGLIB_SSA_XAUUSD!J6 -> 1775128800 | B6: =_xlfn.XLOOKUP($A6,ALGLIB_SSA_XAUUSD!$A$2:$A$1001,ALGLIB_SSA_XAUUSD!$B$2:$B$1001,"",0) | C6: =_xlfn.XLOOKUP($A6,ALGLIB_SSA_XAUUSD!$A$2:$A$1001,ALGLIB_SSA_XAUUSD!$C$2:$C$1001,"",0) | D6: =D2+(D14-D2)*4/12 -> 4600.63 | E6: =E2+(E14-E2)*4/12 -> 4623.2875 | F6: =F2+(F14-F2)*4/12 -> 4618.4414 | G6: =G2+(G14-G2)*4/12 -> 4642.3272 | H6: =H2+(H14-H2)*4/12 -> 4601.3336 | I6: =_xlfn.XLOOKUP($A6,ALGLIB_SSA_XAUUSD!$J$2:$J$1001,ALGLIB_SSA_XAUUSD!$K$2:$K$1001,"",0) -> XAUUSD | J6: =_xlfn.XLOOKUP($A6,ALGLIB_SSA_XAUUSD!$J$2:$J$1001,ALGLIB_SSA_XAUUSD!$L$2:$L$1001,"",0) -> M5 | K6: =_xlfn.XLOOKUP($A6,ALGLIB_SSA_XAUUSD!$J$2:$J$1001,ALGLIB_SSA_XAUUSD!$M$2:$M$1001,"",0) -> 4625.56 | L6: =_xlfn.XLOOKUP($A6,ALGLIB_SSA_XAUUSD!$J$2:$J$1001,ALGLIB_SSA_XAUUSD!$N$2:$N$1001,"",0) -> 4621.2593 | M6: =_xlfn.XLOOKUP($A6,ALGLIB_SSA_XAUUSD!$J$2:$J$1001,ALGLIB_SSA_XAUUSD!$O$2:$O$1001,"",0) -> 4623.4694 | N6: =_xlfn.XLOOKUP($A6,ALGLIB_SSA_XAUUSD!$J$2:$J$1001,ALGLIB_SSA_XAUUSD!$P$2:$P$1001,"",0) -> 4627.1789 | O6: =_xlfn.XLOOKUP($A6,ALGLIB_SSA_XAUUSD!$J$2:$J$1001,ALGLIB_SSA_XAUUSD!$Q$2:$Q$1001,"",0) -> 4619.3456 | R6: =A6 -> 1775128800 | S6: =I6 -> XAUUSD | T6: =J6 -> M5 | U6: =K6 -> 4625.56 | V6: =E6 -> 4623.2875 | W6: =F6 -> 4618.4414 | X6: =L6 -> 4621.2593 | Y6: =M6 -> 4623.4694 | Z6: =G6 -> 4642.3272 | AA6: =N6 -> 4627.1789 | AB6: =H6 -> 4601.3336 | AC6: =O6 -> 4619.3456 | AF6: =IF(R6<>"",R6,AF5+300) -> 1775128800 | AG6: =IF(S6<>"",S6,AG5) -> XAUUSD | AH6: =IF(T6<>"",T6,AH5) -> M5 | AI6: =IF(U6<>"",U6,"") -> 4625.56 | AJ6: =IF(V6<>"",V6,"") -> 4623.2875 | AK6: =IF(W6<>"",W6,"") -> 4618.4414 | AL6: =IF(OR(AJ6="",AK6=""),"",AJ6-AK6) -> 4.8461967 | AM6: =IF(AL6="","",IF(AL6>0,"Bullish","Bearish")) -> Bullish | AN6: =IF(AM6="",AN5,AM6) -> Bullish | AO6: =IF(Z6<>"",Z6,"") -> 4642.3272 | AP6: =IF(AB6<>"",AB6,"") -> 4601.3336 | AQ6: =IF(AQ5+1=13,1,AQ5+1) -> 5
A7: =ALGLIB_SSA_XAUUSD!J7 -> 1775129100 | B7: =_xlfn.XLOOKUP($A7,ALGLIB_SSA_XAUUSD!$A$2:$A$1001,ALGLIB_SSA_XAUUSD!$B$2:$B$1001,"",0) | C7: =_xlfn.XLOOKUP($A7,ALGLIB_SSA_XAUUSD!$A$2:$A$1001,ALGLIB_SSA_XAUUSD!$C$2:$C$1001,"",0) | D7: =D2+(D14-D2)*5/12 -> 4600.7375 | E7: =E2+(E14-E2)*5/12 -> 4624.1478 | F7: =F2+(F14-F2)*5/12 -> 4619.0278 | G7: =G2+(G14-G2)*5/12 -> 4643.1479 | H7: =H2+(H14-H2)*5/12 -> 4601.9874 | I7: =_xlfn.XLOOKUP($A7,ALGLIB_SSA_XAUUSD!$J$2:$J$1001,ALGLIB_SSA_XAUUSD!$K$2:$K$1001,"",0) -> XAUUSD | J7: =_xlfn.XLOOKUP($A7,ALGLIB_SSA_XAUUSD!$J$2:$J$1001,ALGLIB_SSA_XAUUSD!$L$2:$L$1001,"",0) -> M5 | K7: =_xlfn.XLOOKUP($A7,ALGLIB_SSA_XAUUSD!$J$2:$J$1001,ALGLIB_SSA_XAUUSD!$M$2:$M$1001,"",0) -> 4614.98 | L7: =_xlfn.XLOOKUP($A7,ALGLIB_SSA_XAUUSD!$J$2:$J$1001,ALGLIB_SSA_XAUUSD!$N$2:$N$1001,"",0) -> 4616.8745 | M7: =_xlfn.XLOOKUP($A7,ALGLIB_SSA_XAUUSD!$J$2:$J$1001,ALGLIB_SSA_XAUUSD!$O$2:$O$1001,"",0) -> 4620.172 | N7: =_xlfn.XLOOKUP($A7,ALGLIB_SSA_XAUUSD!$J$2:$J$1001,ALGLIB_SSA_XAUUSD!$P$2:$P$1001,"",0) -> 4623.8187 | O7: =_xlfn.XLOOKUP($A7,ALGLIB_SSA_XAUUSD!$J$2:$J$1001,ALGLIB_SSA_XAUUSD!$Q$2:$Q$1001,"",0) -> 4615.1334 | R7: =A7 -> 1775129100 | S7: =I7 -> XAUUSD | T7: =J7 -> M5 | U7: =K7 -> 4614.98 | V7: =E7 -> 4624.1478 | W7: =F7 -> 4619.0278 | X7: =L7 -> 4616.8745 | Y7: =M7 -> 4620.172 | Z7: =G7 -> 4643.1479 | AA7: =N7 -> 4623.8187 | AB7: =H7 -> 4601.9874 | AC7: =O7 -> 4615.1334 | AF7: =IF(R7<>"",R7,AF6+300) -> 1775129100 | AG7: =IF(S7<>"",S7,AG6) -> XAUUSD | AH7: =IF(T7<>"",T7,AH6) -> M5 | AI7: =IF(U7<>"",U7,"") -> 4614.98 | AJ7: =IF(V7<>"",V7,"") -> 4624.1478 | AK7: =IF(W7<>"",W7,"") -> 4619.0278 | AL7: =IF(OR(AJ7="",AK7=""),"",AJ7-AK7) -> 5.1200533 | AM7: =IF(AL7="","",IF(AL7>0,"Bullish","Bearish")) -> Bullish | AN7: =IF(AM7="",AN6,AM7) -> Bullish | AO7: =IF(Z7<>"",Z7,"") -> 4643.1479 | AP7: =IF(AB7<>"",AB7,"") -> 4601.9874 | AQ7: =IF(AQ6+1=13,1,AQ6+1) -> 6
A8: =ALGLIB_SSA_XAUUSD!J8 -> 1775129400 | B8: =_xlfn.XLOOKUP($A8,ALGLIB_SSA_XAUUSD!$A$2:$A$1001,ALGLIB_SSA_XAUUSD!$B$2:$B$1001,"",0) | C8: =_xlfn.XLOOKUP($A8,ALGLIB_SSA_XAUUSD!$A$2:$A$1001,ALGLIB_SSA_XAUUSD!$C$2:$C$1001,"",0) | D8: =D2+(D14-D2)*6/12 -> 4600.845 | E8: =E2+(E14-E2)*6/12 -> 4625.0081 | F8: =F2+(F14-F2)*6/12 -> 4619.6142 | G8: =G2+(G14-G2)*6/12 -> 4643.9687 | H8: =H2+(H14-H2)*6/12 -> 4602.6412 | I8: =_xlfn.XLOOKUP($A8,ALGLIB_SSA_XAUUSD!$J$2:$J$1001,ALGLIB_SSA_XAUUSD!$K$2:$K$1001,"",0) -> XAUUSD | J8: =_xlfn.XLOOKUP($A8,ALGLIB_SSA_XAUUSD!$J$2:$J$1001,ALGLIB_SSA_XAUUSD!$L$2:$L$1001,"",0) -> M5 | K8: =_xlfn.XLOOKUP($A8,ALGLIB_SSA_XAUUSD!$J$2:$J$1001,ALGLIB_SSA_XAUUSD!$M$2:$M$1001,"",0) -> 4613.45 | L8: =_xlfn.XLOOKUP($A8,ALGLIB_SSA_XAUUSD!$J$2:$J$1001,ALGLIB_SSA_XAUUSD!$N$2:$N$1001,"",0) -> 4612.3584 | M8: =_xlfn.XLOOKUP($A8,ALGLIB_SSA_XAUUSD!$J$2:$J$1001,ALGLIB_SSA_XAUUSD!$O$2:$O$1001,"",0) -> 4616.2652 | N8: =_xlfn.XLOOKUP($A8,ALGLIB_SSA_XAUUSD!$J$2:$J$1001,ALGLIB_SSA_XAUUSD!$P$2:$P$1001,"",0) -> 4619.472 | O8: =_xlfn.XLOOKUP($A8,ALGLIB_SSA_XAUUSD!$J$2:$J$1001,ALGLIB_SSA_XAUUSD!$Q$2:$Q$1001,"",0) -> 4610.3074 | R8: =A8 -> 1775129400 | S8: =I8 -> XAUUSD | T8: =J8 -> M5 | U8: =K8 -> 4613.45 | V8: =E8 -> 4625.0081 | W8: =F8 -> 4619.6142 | X8: =L8 -> 4612.3584 | Y8: =M8 -> 4616.2652 | Z8: =G8 -> 4643.9687 | AA8: =N8 -> 4619.472 | AB8: =H8 -> 4602.6412 | AC8: =O8 -> 4610.3074 | AF8: =IF(R8<>"",R8,AF7+300) -> 1775129400 | AG8: =IF(S8<>"",S8,AG7) -> XAUUSD | AH8: =IF(T8<>"",T8,AH7) -> M5 | AI8: =IF(U8<>"",U8,"") -> 4613.45 | AJ8: =IF(V8<>"",V8,"") -> 4625.0081 | AK8: =IF(W8<>"",W8,"") -> 4619.6142 | AL8: =IF(OR(AJ8="",AK8=""),"",AJ8-AK8) -> 5.39391 | AM8: =IF(AL8="","",IF(AL8>0,"Bullish","Bearish")) -> Bullish | AN8: =IF(AM8="",AN7,AM8) -> Bullish | AO8: =IF(Z8<>"",Z8,"") -> 4643.9687 | AP8: =IF(AB8<>"",AB8,"") -> 4602.6412 | AQ8: =IF(AQ7+1=13,1,AQ7+1) -> 7
A9: =ALGLIB_SSA_XAUUSD!J9 -> 1775129700 | B9: =_xlfn.XLOOKUP($A9,ALGLIB_SSA_XAUUSD!$A$2:$A$1001,ALGLIB_SSA_XAUUSD!$B$2:$B$1001,"",0) | C9: =_xlfn.XLOOKUP($A9,ALGLIB_SSA_XAUUSD!$A$2:$A$1001,ALGLIB_SSA_XAUUSD!$C$2:$C$1001,"",0) | D9: =D2+(D14-D2)*7/12 -> 4600.9525 | E9: =E2+(E14-E2)*7/12 -> 4625.8684 | F9: =F2+(F14-F2)*7/12 -> 4620.2006 | G9: =G2+(G14-G2)*7/12 -> 4644.7894 | H9: =H2+(H14-H2)*7/12 -> 4603.295 | I9: =_xlfn.XLOOKUP($A9,ALGLIB_SSA_XAUUSD!$J$2:$J$1001,ALGLIB_SSA_XAUUSD!$K$2:$K$1001,"",0) -> XAUUSD | J9: =_xlfn.XLOOKUP($A9,ALGLIB_SSA_XAUUSD!$J$2:$J$1001,ALGLIB_SSA_XAUUSD!$L$2:$L$1001,"",0) -> M5 | K9: =_xlfn.XLOOKUP($A9,ALGLIB_SSA_XAUUSD!$J$2:$J$1001,ALGLIB_SSA_XAUUSD!$M$2:$M$1001,"",0) -> 4608.84 | L9: =_xlfn.XLOOKUP($A9,ALGLIB_SSA_XAUUSD!$J$2:$J$1001,ALGLIB_SSA_XAUUSD!$N$2:$N$1001,"",0) -> 4608.057 | M9: =_xlfn.XLOOKUP($A9,ALGLIB_SSA_XAUUSD!$J$2:$J$1001,ALGLIB_SSA_XAUUSD!$O$2:$O$1001,"",0) -> 4612.1611 | N9: =_xlfn.XLOOKUP($A9,ALGLIB_SSA_XAUUSD!$J$2:$J$1001,ALGLIB_SSA_XAUUSD!$P$2:$P$1001,"",0) -> 4615.3228 | O9: =_xlfn.XLOOKUP($A9,ALGLIB_SSA_XAUUSD!$J$2:$J$1001,ALGLIB_SSA_XAUUSD!$Q$2:$Q$1001,"",0) -> 4605.4399 | R9: =A9 -> 1775129700 | S9: =I9 -> XAUUSD | T9: =J9 -> M5 | U9: =K9 -> 4608.84 | V9: =E9 -> 4625.8684 | W9: =F9 -> 4620.2006 | X9: =L9 -> 4608.057 | Y9: =M9 -> 4612.1611 | Z9: =G9 -> 4644.7894 | AA9: =N9 -> 4615.3228 | AB9: =H9 -> 4603.295 | AC9: =O9 -> 4605.4399 | AF9: =IF(R9<>"",R9,AF8+300) -> 1775129700 | AG9: =IF(S9<>"",S9,AG8) -> XAUUSD | AH9: =IF(T9<>"",T9,AH8) -> M5 | AI9: =IF(U9<>"",U9,"") -> 4608.84 | AJ9: =IF(V9<>"",V9,"") -> 4625.8684 | AK9: =IF(W9<>"",W9,"") -> 4620.2006 | AL9: =IF(OR(AJ9="",AK9=""),"",AJ9-AK9) -> 5.6677667 | AM9: =IF(AL9="","",IF(AL9>0,"Bullish","Bearish")) -> Bullish | AN9: =IF(AM9="",AN8,AM9) -> Bullish | AO9: =IF(Z9<>"",Z9,"") -> 4644.7894 | AP9: =IF(AB9<>"",AB9,"") -> 4603.295 | AQ9: =IF(AQ8+1=13,1,AQ8+1) -> 8
A10: =ALGLIB_SSA_XAUUSD!J10 -> 1775130000 | B10: =_xlfn.XLOOKUP($A10,ALGLIB_SSA_XAUUSD!$A$2:$A$1001,ALGLIB_SSA_XAUUSD!$B$2:$B$1001,"",0) | C10: =_xlfn.XLOOKUP($A10,ALGLIB_SSA_XAUUSD!$A$2:$A$1001,ALGLIB_SSA_XAUUSD!$C$2:$C$1001,"",0) | D10: =D2+(D14-D2)*8/12 -> 4601.06 | E10: =E2+(E14-E2)*8/12 -> 4626.7287 | F10: =F2+(F14-F2)*8/12 -> 4620.787 | G10: =G2+(G14-G2)*8/12 -> 4645.6102 | H10: =H2+(H14-H2)*8/12 -> 4603.9488 | I10: =_xlfn.XLOOKUP($A10,ALGLIB_SSA_XAUUSD!$J$2:$J$1001,ALGLIB_SSA_XAUUSD!$K$2:$K$1001,"",0) -> XAUUSD | J10: =_xlfn.XLOOKUP($A10,ALGLIB_SSA_XAUUSD!$J$2:$J$1001,ALGLIB_SSA_XAUUSD!$L$2:$L$1001,"",0) -> M5 | K10: =_xlfn.XLOOKUP($A10,ALGLIB_SSA_XAUUSD!$J$2:$J$1001,ALGLIB_SSA_XAUUSD!$M$2:$M$1001,"",0) -> 4600.1 | L10: =_xlfn.XLOOKUP($A10,ALGLIB_SSA_XAUUSD!$J$2:$J$1001,ALGLIB_SSA_XAUUSD!$N$2:$N$1001,"",0) -> 4604.4893 | M10: =_xlfn.XLOOKUP($A10,ALGLIB_SSA_XAUUSD!$J$2:$J$1001,ALGLIB_SSA_XAUUSD!$O$2:$O$1001,"",0) -> 4608.3252 | N10: =_xlfn.XLOOKUP($A10,ALGLIB_SSA_XAUUSD!$J$2:$J$1001,ALGLIB_SSA_XAUUSD!$P$2:$P$1001,"",0) -> 4611.6118 | O10: =_xlfn.XLOOKUP($A10,ALGLIB_SSA_XAUUSD!$J$2:$J$1001,ALGLIB_SSA_XAUUSD!$Q$2:$Q$1001,"",0) -> 4600.863 | R10: =A10 -> 1775130000 | S10: =I10 -> XAUUSD | T10: =J10 -> M5 | U10: =K10 -> 4600.1 | V10: =E10 -> 4626.7287 | W10: =F10 -> 4620.787 | X10: =L10 -> 4604.4893 | Y10: =M10 -> 4608.3252 | Z10: =G10 -> 4645.6102 | AA10: =N10 -> 4611.6118 | AB10: =H10 -> 4603.9488 | AC10: =O10 -> 4600.863 | AF10: =IF(R10<>"",R10,AF9+300) -> 1775130000 | AG10: =IF(S10<>"",S10,AG9) -> XAUUSD | AH10: =IF(T10<>"",T10,AH9) -> M5 | AI10: =IF(U10<>"",U10,"") -> 4600.1 | AJ10: =IF(V10<>"",V10,"") -> 4626.7287 | AK10: =IF(W10<>"",W10,"") -> 4620.787 | AL10: =IF(OR(AJ10="",AK10=""),"",AJ10-AK10) -> 5.9416233 | AM10: =IF(AL10="","",IF(AL10>0,"Bullish","Bearish")) -> Bullish | AN10: =IF(AM10="",AN9,AM10) -> Bullish | AO10: =IF(Z10<>"",Z10,"") -> 4645.6102 | AP10: =IF(AB10<>"",AB10,"") -> 4603.9488 | AQ10: =IF(AQ9+1=13,1,AQ9+1) -> 9
A11: =ALGLIB_SSA_XAUUSD!J11 -> 1775130300 | B11: =_xlfn.XLOOKUP($A11,ALGLIB_SSA_XAUUSD!$A$2:$A$1001,ALGLIB_SSA_XAUUSD!$B$2:$B$1001,"",0) | C11: =_xlfn.XLOOKUP($A11,ALGLIB_SSA_XAUUSD!$A$2:$A$1001,ALGLIB_SSA_XAUUSD!$C$2:$C$1001,"",0) | D11: =D2+(D14-D2)*9/12 -> 4601.1675 | E11: =E2+(E14-E2)*9/12 -> 4627.5889 | F11: =F2+(F14-F2)*9/12 -> 4621.3735 | G11: =G2+(G14-G2)*9/12 -> 4646.431 | H11: =H2+(H14-H2)*9/12 -> 4604.6025 | I11: =_xlfn.XLOOKUP($A11,ALGLIB_SSA_XAUUSD!$J$2:$J$1001,ALGLIB_SSA_XAUUSD!$K$2:$K$1001,"",0) -> XAUUSD | J11: =_xlfn.XLOOKUP($A11,ALGLIB_SSA_XAUUSD!$J$2:$J$1001,ALGLIB_SSA_XAUUSD!$L$2:$L$1001,"",0) -> M5 | K11: =_xlfn.XLOOKUP($A11,ALGLIB_SSA_XAUUSD!$J$2:$J$1001,ALGLIB_SSA_XAUUSD!$M$2:$M$1001,"",0) -> 4604.26 | L11: =_xlfn.XLOOKUP($A11,ALGLIB_SSA_XAUUSD!$J$2:$J$1001,ALGLIB_SSA_XAUUSD!$N$2:$N$1001,"",0) -> 4602.3008 | M11: =_xlfn.XLOOKUP($A11,ALGLIB_SSA_XAUUSD!$J$2:$J$1001,ALGLIB_SSA_XAUUSD!$O$2:$O$1001,"",0) -> 4605.313 | N11: =_xlfn.XLOOKUP($A11,ALGLIB_SSA_XAUUSD!$J$2:$J$1001,ALGLIB_SSA_XAUUSD!$P$2:$P$1001,"",0) -> 4608.9235 | O11: =_xlfn.XLOOKUP($A11,ALGLIB_SSA_XAUUSD!$J$2:$J$1001,ALGLIB_SSA_XAUUSD!$Q$2:$Q$1001,"",0) -> 4597.6154 | R11: =A11 -> 1775130300 | S11: =I11 -> XAUUSD | T11: =J11 -> M5 | U11: =K11 -> 4604.26 | V11: =E11 -> 4627.5889 | W11: =F11 -> 4621.3735 | X11: =L11 -> 4602.3008 | Y11: =M11 -> 4605.313 | Z11: =G11 -> 4646.431 | AA11: =N11 -> 4608.9235 | AB11: =H11 -> 4604.6025 | AC11: =O11 -> 4597.6154 | AF11: =IF(R11<>"",R11,AF10+300) -> 1775130300 | AG11: =IF(S11<>"",S11,AG10) -> XAUUSD | AH11: =IF(T11<>"",T11,AH10) -> M5 | AI11: =IF(U11<>"",U11,"") -> 4604.26 | AJ11: =IF(V11<>"",V11,"") -> 4627.5889 | AK11: =IF(W11<>"",W11,"") -> 4621.3735 | AL11: =IF(OR(AJ11="",AK11=""),"",AJ11-AK11) -> 6.21548 | AM11: =IF(AL11="","",IF(AL11>0,"Bullish","Bearish")) -> Bullish | AN11: =IF(AM11="",AN10,AM11) -> Bullish | AO11: =IF(Z11<>"",Z11,"") -> 4646.431 | AP11: =IF(AB11<>"",AB11,"") -> 4604.6025 | AQ11: =IF(AQ10+1=13,1,AQ10+1) -> 10
A12: =ALGLIB_SSA_XAUUSD!J12 -> 1775130600 | B12: =_xlfn.XLOOKUP($A12,ALGLIB_SSA_XAUUSD!$A$2:$A$1001,ALGLIB_SSA_XAUUSD!$B$2:$B$1001,"",0) | C12: =_xlfn.XLOOKUP($A12,ALGLIB_SSA_XAUUSD!$A$2:$A$1001,ALGLIB_SSA_XAUUSD!$C$2:$C$1001,"",0) | D12: =D2+(D14-D2)*10/12 -> 4601.275 | E12: =E2+(E14-E2)*10/12 -> 4628.4492 | F12: =F2+(F14-F2)*10/12 -> 4621.9599 | G12: =G2+(G14-G2)*10/12 -> 4647.2517 | H12: =H2+(H14-H2)*10/12 -> 4605.2563 | I12: =_xlfn.XLOOKUP($A12,ALGLIB_SSA_XAUUSD!$J$2:$J$1001,ALGLIB_SSA_XAUUSD!$K$2:$K$1001,"",0) -> XAUUSD | J12: =_xlfn.XLOOKUP($A12,ALGLIB_SSA_XAUUSD!$J$2:$J$1001,ALGLIB_SSA_XAUUSD!$L$2:$L$1001,"",0) -> M5 | K12: =_xlfn.XLOOKUP($A12,ALGLIB_SSA_XAUUSD!$J$2:$J$1001,ALGLIB_SSA_XAUUSD!$M$2:$M$1001,"",0) -> 4601.44 | L12: =_xlfn.XLOOKUP($A12,ALGLIB_SSA_XAUUSD!$J$2:$J$1001,ALGLIB_SSA_XAUUSD!$N$2:$N$1001,"",0) -> 4601.4458 | M12: =_xlfn.XLOOKUP($A12,ALGLIB_SSA_XAUUSD!$J$2:$J$1001,ALGLIB_SSA_XAUUSD!$O$2:$O$1001,"",0) -> 4603.3794 | N12: =_xlfn.XLOOKUP($A12,ALGLIB_SSA_XAUUSD!$J$2:$J$1001,ALGLIB_SSA_XAUUSD!$P$2:$P$1001,"",0) -> 4607.53 | O12: =_xlfn.XLOOKUP($A12,ALGLIB_SSA_XAUUSD!$J$2:$J$1001,ALGLIB_SSA_XAUUSD!$Q$2:$Q$1001,"",0) -> 4595.8358 | R12: =A12 -> 1775130600 | S12: =I12 -> XAUUSD | T12: =J12 -> M5 | U12: =K12 -> 4601.44 | V12: =E12 -> 4628.4492 | W12: =F12 -> 4621.9599 | X12: =L12 -> 4601.4458 | Y12: =M12 -> 4603.3794 | Z12: =G12 -> 4647.2517 | AA12: =N12 -> 4607.53 | AB12: =H12 -> 4605.2563 | AC12: =O12 -> 4595.8358 | AF12: =IF(R12<>"",R12,AF11+300) -> 1775130600 | AG12: =IF(S12<>"",S12,AG11) -> XAUUSD | AH12: =IF(T12<>"",T12,AH11) -> M5 | AI12: =IF(U12<>"",U12,"") -> 4601.44 | AJ12: =IF(V12<>"",V12,"") -> 4628.4492 | AK12: =IF(W12<>"",W12,"") -> 4621.9599 | AL12: =IF(OR(AJ12="",AK12=""),"",AJ12-AK12) -> 6.4893367 | AM12: =IF(AL12="","",IF(AL12>0,"Bullish","Bearish")) -> Bullish | AN12: =IF(AM12="",AN11,AM12) -> Bullish | AO12: =IF(Z12<>"",Z12,"") -> 4647.2517 | AP12: =IF(AB12<>"",AB12,"") -> 4605.2563 | AQ12: =IF(AQ11+1=13,1,AQ11+1) -> 11
A13: =ALGLIB_SSA_XAUUSD!J13 -> 1775130900 | B13: =_xlfn.XLOOKUP($A13,ALGLIB_SSA_XAUUSD!$A$2:$A$1001,ALGLIB_SSA_XAUUSD!$B$2:$B$1001,"",0) | C13: =_xlfn.XLOOKUP($A13,ALGLIB_SSA_XAUUSD!$A$2:$A$1001,ALGLIB_SSA_XAUUSD!$C$2:$C$1001,"",0) | D13: =D2+(D14-D2)*11/12 -> 4601.3825 | E13: =E2+(E14-E2)*11/12 -> 4629.3095 | F13: =F2+(F14-F2)*11/12 -> 4622.5463 | G13: =G2+(G14-G2)*11/12 -> 4648.0725 | H13: =H2+(H14-H2)*11/12 -> 4605.9101 | I13: =_xlfn.XLOOKUP($A13,ALGLIB_SSA_XAUUSD!$J$2:$J$1001,ALGLIB_SSA_XAUUSD!$K$2:$K$1001,"",0) -> XAUUSD | J13: =_xlfn.XLOOKUP($A13,ALGLIB_SSA_XAUUSD!$J$2:$J$1001,ALGLIB_SSA_XAUUSD!$L$2:$L$1001,"",0) -> M5 | K13: =_xlfn.XLOOKUP($A13,ALGLIB_SSA_XAUUSD!$J$2:$J$1001,ALGLIB_SSA_XAUUSD!$M$2:$M$1001,"",0) -> 4600.2 | L13: =_xlfn.XLOOKUP($A13,ALGLIB_SSA_XAUUSD!$J$2:$J$1001,ALGLIB_SSA_XAUUSD!$N$2:$N$1001,"",0) -> 4602.115 | M13: =_xlfn.XLOOKUP($A13,ALGLIB_SSA_XAUUSD!$J$2:$J$1001,ALGLIB_SSA_XAUUSD!$O$2:$O$1001,"",0) -> 4602.7472 | N13: =_xlfn.XLOOKUP($A13,ALGLIB_SSA_XAUUSD!$J$2:$J$1001,ALGLIB_SSA_XAUUSD!$P$2:$P$1001,"",0) -> 4607.235 | O13: =_xlfn.XLOOKUP($A13,ALGLIB_SSA_XAUUSD!$J$2:$J$1001,ALGLIB_SSA_XAUUSD!$Q$2:$Q$1001,"",0) -> 4595.5989 | R13: =A13 -> 1775130900 | S13: =I13 -> XAUUSD | T13: =J13 -> M5 | U13: =K13 -> 4600.2 | V13: =E13 -> 4629.3095 | W13: =F13 -> 4622.5463 | X13: =L13 -> 4602.115 | Y13: =M13 -> 4602.7472 | Z13: =G13 -> 4648.0725 | AA13: =N13 -> 4607.235 | AB13: =H13 -> 4605.9101 | AC13: =O13 -> 4595.5989 | AF13: =IF(R13<>"",R13,AF12+300) -> 1775130900 | AG13: =IF(S13<>"",S13,AG12) -> XAUUSD | AH13: =IF(T13<>"",T13,AH12) -> M5 | AI13: =IF(U13<>"",U13,"") -> 4600.2 | AJ13: =IF(V13<>"",V13,"") -> 4629.3095 | AK13: =IF(W13<>"",W13,"") -> 4622.5463 | AL13: =IF(OR(AJ13="",AK13=""),"",AJ13-AK13) -> 6.7631933 | AM13: =IF(AL13="","",IF(AL13>0,"Bullish","Bearish")) -> Bullish | AN13: =IF(AM13="",AN12,AM13) -> Bullish | AO13: =IF(Z13<>"",Z13,"") -> 4648.0725 | AP13: =IF(AB13<>"",AB13,"") -> 4605.9101 | AQ13: =IF(AQ12+1=13,1,AQ12+1) -> 12
A14: =ALGLIB_SSA_XAUUSD!J14 -> 1775131200 | B14: =_xlfn.XLOOKUP($A14,ALGLIB_SSA_XAUUSD!$A$2:$A$1001,ALGLIB_SSA_XAUUSD!$B$2:$B$1001,"",0) -> XAUUSD | C14: =_xlfn.XLOOKUP($A14,ALGLIB_SSA_XAUUSD!$A$2:$A$1001,ALGLIB_SSA_XAUUSD!$C$2:$C$1001,"",0) -> H1 | D14: =_xlfn.XLOOKUP($A14,ALGLIB_SSA_XAUUSD!$A$2:$A$1001,ALGLIB_SSA_XAUUSD!$D$2:$D$1001,"",0) -> 4601.49 | E14: =_xlfn.XLOOKUP($A14,ALGLIB_SSA_XAUUSD!$A$2:$A$1001,ALGLIB_SSA_XAUUSD!$E$2:$E$1001,"",0) -> 4630.1698 | F14: =_xlfn.XLOOKUP($A14,ALGLIB_SSA_XAUUSD!$A$2:$A$1001,ALGLIB_SSA_XAUUSD!$F$2:$F$1001,"",0) -> 4623.1327 | G14: =_xlfn.XLOOKUP($A14,ALGLIB_SSA_XAUUSD!$A$2:$A$1001,ALGLIB_SSA_XAUUSD!$G$2:$G$1001,"",0) -> 4648.8933 | H14: =_xlfn.XLOOKUP($A14,ALGLIB_SSA_XAUUSD!$A$2:$A$1001,ALGLIB_SSA_XAUUSD!$H$2:$H$1001,"",0) -> 4606.5639 | I14: =_xlfn.XLOOKUP($A14,ALGLIB_SSA_XAUUSD!$J$2:$J$1001,ALGLIB_SSA_XAUUSD!$K$2:$K$1001,"",0) -> XAUUSD | J14: =_xlfn.XLOOKUP($A14,ALGLIB_SSA_XAUUSD!$J$2:$J$1001,ALGLIB_SSA_XAUUSD!$L$2:$L$1001,"",0) -> M5 | K14: =_xlfn.XLOOKUP($A14,ALGLIB_SSA_XAUUSD!$J$2:$J$1001,ALGLIB_SSA_XAUUSD!$M$2:$M$1001,"",0) -> 4607.01 | L14: =_xlfn.XLOOKUP($A14,ALGLIB_SSA_XAUUSD!$J$2:$J$1001,ALGLIB_SSA_XAUUSD!$N$2:$N$1001,"",0) -> 4604.3495 | M14: =_xlfn.XLOOKUP($A14,ALGLIB_SSA_XAUUSD!$J$2:$J$1001,ALGLIB_SSA_XAUUSD!$O$2:$O$1001,"",0) -> 4603.5483 | N14: =_xlfn.XLOOKUP($A14,ALGLIB_SSA_XAUUSD!$J$2:$J$1001,ALGLIB_SSA_XAUUSD!$P$2:$P$1001,"",0) -> 4608.377 | O14: =_xlfn.XLOOKUP($A14,ALGLIB_SSA_XAUUSD!$J$2:$J$1001,ALGLIB_SSA_XAUUSD!$Q$2:$Q$1001,"",0) -> 4597.0596 | R14: =A14 -> 1775131200 | S14: =I14 -> XAUUSD | T14: =J14 -> M5 | U14: =K14 -> 4607.01 | V14: =E14 -> 4630.1698 | W14: =F14 -> 4623.1327 | X14: =L14 -> 4604.3495 | Y14: =M14 -> 4603.5483 | Z14: =G14 -> 4648.8933 | AA14: =N14 -> 4608.377 | AB14: =H14 -> 4606.5639 | AC14: =O14 -> 4597.0596 | AF14: =IF(R14<>"",R14,AF13+300) -> 1775131200 | AG14: =IF(S14<>"",S14,AG13) -> XAUUSD | AH14: =IF(T14<>"",T14,AH13) -> M5 | AI14: =IF(U14<>"",U14,"") -> 4607.01 | AJ14: =IF(V14<>"",V14,"") -> 4630.1698 | AK14: =IF(W14<>"",W14,"") -> 4623.1327 | AL14: =IF(OR(AJ14="",AK14=""),"",AJ14-AK14) -> 7.03705 | AM14: =IF(AL14="","",IF(AL14>0,"Bullish","Bearish")) -> Bullish | AN14: =IF(AM14="",AN13,AM14) -> Bullish | AO14: =IF(Z14<>"",Z14,"") -> 4648.8933 | AP14: =IF(AB14<>"",AB14,"") -> 4606.5639 | AQ14: =IF(AQ13+1=13,1,AQ13+1) -> 1 | AR14: =IF(SLOPE($AO$2:$AO$13,$AQ$2:$AQ$13)>0,MIN(3,ABS(SLOPE($AO$2:$AO$13,$AQ$2:$AQ$13))),IF(SLOPE($AO$2:$AO$13,$AQ$2:$AQ$13)<-0.5,-0.5,0)) -> 0.82076083 | AS14: =IF(SLOPE($AP$2:$AP$13,$AQ$2:$AQ$13)<0,MAX(-3,-ABS(SLOPE($AP$2:$AP$13,$AQ$2:$AQ$13))),IF(SLOPE($AP$2:$AP$13,$AQ$2:$AQ$13)>0.5,0.5,0)) -> 0.5 | AT14: =($AO$14+(AR14*(AQ14-1))) -> 4648.8933 | AU14: =($AP$14+(AS14*(AQ14-1))) -> 4606.5639 | AV14: =IF(AR14>0,AT14+AR14,AT14) -> 4649.714 | AW14: =IF(AS14<0,AU14+AS14,AU14) -> 4606.5639 | AY14: =AV14-AO14 -> 0.82076083 | AZ14: =AW14-AP14 -> 0 | BB14: =AF14 -> 1775131200 | BC14: =AG14 -> XAUUSD | BD14: =AH14 -> M5 | BE14: =V14 -> 4630.1698 | BF14: =W14 -> 4623.1327 | BG14: =X14 -> 4604.3495 | BH14: =Y14 -> 4603.5483 | BI14: =AV14 -> 4649.714 | BJ14: =AW14 -> 4606.5639
A15: =ALGLIB_SSA_XAUUSD!J15 -> 1775131500 | B15: =_xlfn.XLOOKUP($A15,ALGLIB_SSA_XAUUSD!$A$2:$A$1001,ALGLIB_SSA_XAUUSD!$B$2:$B$1001,"",0) | C15: =_xlfn.XLOOKUP($A15,ALGLIB_SSA_XAUUSD!$A$2:$A$1001,ALGLIB_SSA_XAUUSD!$C$2:$C$1001,"",0) | D15: =D14+(D26-D14)*1/12 -> 4605.1433 | E15: =E14+(E26-E14)*1/12 -> 4631.1781 | F15: =F14+(F26-F14)*1/12 -> 4623.9301 | G15: =G14+(G26-G14)*1/12 -> 4649.8081 | H15: =H14+(H26-H14)*1/12 -> 4607.3696 | I15: =_xlfn.XLOOKUP($A15,ALGLIB_SSA_XAUUSD!$J$2:$J$1001,ALGLIB_SSA_XAUUSD!$K$2:$K$1001,"",0) -> XAUUSD | J15: =_xlfn.XLOOKUP($A15,ALGLIB_SSA_XAUUSD!$J$2:$J$1001,ALGLIB_SSA_XAUUSD!$L$2:$L$1001,"",0) -> M5 | K15: =_xlfn.XLOOKUP($A15,ALGLIB_SSA_XAUUSD!$J$2:$J$1001,ALGLIB_SSA_XAUUSD!$M$2:$M$1001,"",0) -> 4603.93 | L15: =_xlfn.XLOOKUP($A15,ALGLIB_SSA_XAUUSD!$J$2:$J$1001,ALGLIB_SSA_XAUUSD!$N$2:$N$1001,"",0) -> 4607.7338 | M15: =_xlfn.XLOOKUP($A15,ALGLIB_SSA_XAUUSD!$J$2:$J$1001,ALGLIB_SSA_XAUUSD!$O$2:$O$1001,"",0) -> 4605.6411 | N15: =_xlfn.XLOOKUP($A15,ALGLIB_SSA_XAUUSD!$J$2:$J$1001,ALGLIB_SSA_XAUUSD!$P$2:$P$1001,"",0) -> 4610.7752 | O15: =_xlfn.XLOOKUP($A15,ALGLIB_SSA_XAUUSD!$J$2:$J$1001,ALGLIB_SSA_XAUUSD!$Q$2:$Q$1001,"",0) -> 4600.2291 | R15: =A15 -> 1775131500 | S15: =I15 -> XAUUSD | T15: =J15 -> M5 | U15: =K15 -> 4603.93 | V15: =E15 -> 4631.1781 | W15: =F15 -> 4623.9301 | X15: =L15 -> 4607.7338 | Y15: =M15 -> 4605.6411 | Z15: =G15 -> 4649.8081 | AA15: =N15 -> 4610.7752 | AB15: =H15 -> 4607.3696 | AC15: =O15 -> 4600.2291 | AF15: =IF(R15<>"",R15,AF14+300) -> 1775131500 | AG15: =IF(S15<>"",S15,AG14) -> XAUUSD | AH15: =IF(T15<>"",T15,AH14) -> M5 | AI15: =IF(U15<>"",U15,"") -> 4603.93 | AJ15: =IF(V15<>"",V15,"") -> 4631.1781 | AK15: =IF(W15<>"",W15,"") -> 4623.9301 | AL15: =IF(OR(AJ15="",AK15=""),"",AJ15-AK15) -> 7.2480067 | AM15: =IF(AL15="","",IF(AL15>0,"Bullish","Bearish")) -> Bullish | AN15: =IF(AM15="",AN14,AM15) -> Bullish | AO15: =IF(Z15<>"",Z15,"") -> 4649.8081 | AP15: =IF(AB15<>"",AB15,"") -> 4607.3696 | AQ15: =IF(AQ14+1=13,1,AQ14+1) -> 2 | AR15: =IF(SLOPE($AO$2:$AO$13,$AQ$2:$AQ$13)>0,MIN(3,ABS(SLOPE($AO$2:$AO$13,$AQ$2:$AQ$13))),IF(SLOPE($AO$2:$AO$13,$AQ$2:$AQ$13)<-0.5,-0.5,0)) -> 0.82076083 | AS15: =IF(SLOPE($AP$2:$AP$13,$AQ$2:$AQ$13)<0,MAX(-3,-ABS(SLOPE($AP$2:$AP$13,$AQ$2:$AQ$13))),IF(SLOPE($AP$2:$AP$13,$AQ$2:$AQ$13)>0.5,0.5,0)) -> 0.5 | AT15: =($AO$14+(AR15*(AQ15-1))) -> 4649.714 | AU15: =($AP$14+(AS15*(AQ15-1))) -> 4607.0639 | AV15: =IF(AR15>0,AT15+AR15,AT15) -> 4650.5348 | AW15: =IF(AS15<0,AU15+AS15,AU15) -> 4607.0639 | AY15: =AV15-AO15 -> 0.72666667 | AZ15: =AW15-AP15 -> -0.30565417 | BB15: =AF15 -> 1775131500 | BC15: =AG15 -> XAUUSD | BD15: =AH15 -> M5 | BE15: =V15 -> 4631.1781 | BF15: =W15 -> 4623.9301 | BG15: =X15 -> 4607.7338 | BH15: =Y15 -> 4605.6411 | BI15: =AV15 -> 4650.5348 | BJ15: =AW15 -> 4607.0639
A16: =ALGLIB_SSA_XAUUSD!J16 -> 1775131800 | B16: =_xlfn.XLOOKUP($A16,ALGLIB_SSA_XAUUSD!$A$2:$A$1001,ALGLIB_SSA_XAUUSD!$B$2:$B$1001,"",0) | C16: =_xlfn.XLOOKUP($A16,ALGLIB_SSA_XAUUSD!$A$2:$A$1001,ALGLIB_SSA_XAUUSD!$C$2:$C$1001,"",0) | D16: =D14+(D26-D14)*2/12 -> 4608.7967 | E16: =E14+(E26-E14)*2/12 -> 4632.1864 | F16: =F14+(F26-F14)*2/12 -> 4624.7275 | G16: =G14+(G26-G14)*2/12 -> 4650.723 | H16: =H14+(H26-H14)*2/12 -> 4608.1752 | I16: =_xlfn.XLOOKUP($A16,ALGLIB_SSA_XAUUSD!$J$2:$J$1001,ALGLIB_SSA_XAUUSD!$K$2:$K$1001,"",0) -> XAUUSD | J16: =_xlfn.XLOOKUP($A16,ALGLIB_SSA_XAUUSD!$J$2:$J$1001,ALGLIB_SSA_XAUUSD!$L$2:$L$1001,"",0) -> M5 | K16: =_xlfn.XLOOKUP($A16,ALGLIB_SSA_XAUUSD!$J$2:$J$1001,ALGLIB_SSA_XAUUSD!$M$2:$M$1001,"",0) -> 4612.54 | L16: =_xlfn.XLOOKUP($A16,ALGLIB_SSA_XAUUSD!$J$2:$J$1001,ALGLIB_SSA_XAUUSD!$N$2:$N$1001,"",0) -> 4611.9904 | M16: =_xlfn.XLOOKUP($A16,ALGLIB_SSA_XAUUSD!$J$2:$J$1001,ALGLIB_SSA_XAUUSD!$O$2:$O$1001,"",0) -> 4608.8158 | N16: =_xlfn.XLOOKUP($A16,ALGLIB_SSA_XAUUSD!$J$2:$J$1001,ALGLIB_SSA_XAUUSD!$P$2:$P$1001,"",0) -> 4614.0696 | O16: =_xlfn.XLOOKUP($A16,ALGLIB_SSA_XAUUSD!$J$2:$J$1001,ALGLIB_SSA_XAUUSD!$Q$2:$Q$1001,"",0) -> 4604.528 | R16: =A16 -> 1775131800 | S16: =I16 -> XAUUSD | T16: =J16 -> M5 | U16: =K16 -> 4612.54 | V16: =E16 -> 4632.1864 | W16: =F16 -> 4624.7275 | X16: =L16 -> 4611.9904 | Y16: =M16 -> 4608.8158 | Z16: =G16 -> 4650.723 | AA16: =N16 -> 4614.0696 | AB16: =H16 -> 4608.1752 | AC16: =O16 -> 4604.528 | AF16: =IF(R16<>"",R16,AF15+300) -> 1775131800 | AG16: =IF(S16<>"",S16,AG15) -> XAUUSD | AH16: =IF(T16<>"",T16,AH15) -> M5 | AI16: =IF(U16<>"",U16,"") -> 4612.54 | AJ16: =IF(V16<>"",V16,"") -> 4632.1864 | AK16: =IF(W16<>"",W16,"") -> 4624.7275 | AL16: =IF(OR(AJ16="",AK16=""),"",AJ16-AK16) -> 7.4589633 | AM16: =IF(AL16="","",IF(AL16>0,"Bullish","Bearish")) -> Bullish | AN16: =IF(AM16="",AN15,AM16) -> Bullish | AO16: =IF(Z16<>"",Z16,"") -> 4650.723 | AP16: =IF(AB16<>"",AB16,"") -> 4608.1752 | AQ16: =IF(AQ15+1=13,1,AQ15+1) -> 3 | AR16: =IF(SLOPE($AO$2:$AO$13,$AQ$2:$AQ$13)>0,MIN(3,ABS(SLOPE($AO$2:$AO$13,$AQ$2:$AQ$13))),IF(SLOPE($AO$2:$AO$13,$AQ$2:$AQ$13)<-0.5,-0.5,0)) -> 0.82076083 | AS16: =IF(SLOPE($AP$2:$AP$13,$AQ$2:$AQ$13)<0,MAX(-3,-ABS(SLOPE($AP$2:$AP$13,$AQ$2:$AQ$13))),IF(SLOPE($AP$2:$AP$13,$AQ$2:$AQ$13)>0.5,0.5,0)) -> 0.5 | AT16: =($AO$14+(AR16*(AQ16-1))) -> 4650.5348 | AU16: =($AP$14+(AS16*(AQ16-1))) -> 4607.5639 | AV16: =IF(AR16>0,AT16+AR16,AT16) -> 4651.3555 | AW16: =IF(AS16<0,AU16+AS16,AU16) -> 4607.5639 | AY16: =AV16-AO16 -> 0.6325725 | AZ16: =AW16-AP16 -> -0.61130833 | BB16: =AF16 -> 1775131800 | BC16: =AG16 -> XAUUSD | BD16: =AH16 -> M5 | BE16: =V16 -> 4632.1864 | BF16: =W16 -> 4624.7275 | BG16: =X16 -> 4611.9904 | BH16: =Y16 -> 4608.8158 | BI16: =AV16 -> 4651.3555 | BJ16: =AW16 -> 4607.5639
A17: =ALGLIB_SSA_XAUUSD!J17 -> 1775132100 | B17: =_xlfn.XLOOKUP($A17,ALGLIB_SSA_XAUUSD!$A$2:$A$1001,ALGLIB_SSA_XAUUSD!$B$2:$B$1001,"",0) | C17: =_xlfn.XLOOKUP($A17,ALGLIB_SSA_XAUUSD!$A$2:$A$1001,ALGLIB_SSA_XAUUSD!$C$2:$C$1001,"",0) | D17: =D14+(D26-D14)*3/12 -> 4612.45 | E17: =E14+(E26-E14)*3/12 -> 4633.1948 | F17: =F14+(F26-F14)*3/12 -> 4625.5248 | G17: =G14+(G26-G14)*3/12 -> 4651.6378 | H17: =H14+(H26-H14)*3/12 -> 4608.9809 | I17: =_xlfn.XLOOKUP($A17,ALGLIB_SSA_XAUUSD!$J$2:$J$1001,ALGLIB_SSA_XAUUSD!$K$2:$K$1001,"",0) -> XAUUSD | J17: =_xlfn.XLOOKUP($A17,ALGLIB_SSA_XAUUSD!$J$2:$J$1001,ALGLIB_SSA_XAUUSD!$L$2:$L$1001,"",0) -> M5 | K17: =_xlfn.XLOOKUP($A17,ALGLIB_SSA_XAUUSD!$J$2:$J$1001,ALGLIB_SSA_XAUUSD!$M$2:$M$1001,"",0) -> 4613.71 | L17: =_xlfn.XLOOKUP($A17,ALGLIB_SSA_XAUUSD!$J$2:$J$1001,ALGLIB_SSA_XAUUSD!$N$2:$N$1001,"",0) -> 4616.4376 | M17: =_xlfn.XLOOKUP($A17,ALGLIB_SSA_XAUUSD!$J$2:$J$1001,ALGLIB_SSA_XAUUSD!$O$2:$O$1001,"",0) -> 4612.6267 | N17: =_xlfn.XLOOKUP($A17,ALGLIB_SSA_XAUUSD!$J$2:$J$1001,ALGLIB_SSA_XAUUSD!$P$2:$P$1001,"",0) -> 4617.9351 | O17: =_xlfn.XLOOKUP($A17,ALGLIB_SSA_XAUUSD!$J$2:$J$1001,ALGLIB_SSA_XAUUSD!$Q$2:$Q$1001,"",0) -> 4609.5104 | R17: =A17 -> 1775132100 | S17: =I17 -> XAUUSD | T17: =J17 -> M5 | U17: =K17 -> 4613.71 | V17: =E17 -> 4633.1948 | W17: =F17 -> 4625.5248 | X17: =L17 -> 4616.4376 | Y17: =M17 -> 4612.6267 | Z17: =G17 -> 4651.6378 | AA17: =N17 -> 4617.9351 | AB17: =H17 -> 4608.9809 | AC17: =O17 -> 4609.5104 | AF17: =IF(R17<>"",R17,AF16+300) -> 1775132100 | AG17: =IF(S17<>"",S17,AG16) -> XAUUSD | AH17: =IF(T17<>"",T17,AH16) -> M5 | AI17: =IF(U17<>"",U17,"") -> 4613.71 | AJ17: =IF(V17<>"",V17,"") -> 4633.1948 | AK17: =IF(W17<>"",W17,"") -> 4625.5248 | AL17: =IF(OR(AJ17="",AK17=""),"",AJ17-AK17) -> 7.66992 | AM17: =IF(AL17="","",IF(AL17>0,"Bullish","Bearish")) -> Bullish | AN17: =IF(AM17="",AN16,AM17) -> Bullish | AO17: =IF(Z17<>"",Z17,"") -> 4651.6378 | AP17: =IF(AB17<>"",AB17,"") -> 4608.9809 | AQ17: =IF(AQ16+1=13,1,AQ16+1) -> 4 | AR17: =IF(SLOPE($AO$2:$AO$13,$AQ$2:$AQ$13)>0,MIN(3,ABS(SLOPE($AO$2:$AO$13,$AQ$2:$AQ$13))),IF(SLOPE($AO$2:$AO$13,$AQ$2:$AQ$13)<-0.5,-0.5,0)) -> 0.82076083 | AS17: =IF(SLOPE($AP$2:$AP$13,$AQ$2:$AQ$13)<0,MAX(-3,-ABS(SLOPE($AP$2:$AP$13,$AQ$2:$AQ$13))),IF(SLOPE($AP$2:$AP$13,$AQ$2:$AQ$13)>0.5,0.5,0)) -> 0.5 | AT17: =($AO$14+(AR17*(AQ17-1))) -> 4651.3555 | AU17: =($AP$14+(AS17*(AQ17-1))) -> 4608.0639 | AV17: =IF(AR17>0,AT17+AR17,AT17) -> 4652.1763 | AW17: =IF(AS17<0,AU17+AS17,AU17) -> 4608.0639 | AY17: =AV17-AO17 -> 0.53847833 | AZ17: =AW17-AP17 -> -0.9169625 | BB17: =AF17 -> 1775132100 | BC17: =AG17 -> XAUUSD | BD17: =AH17 -> M5 | BE17: =V17 -> 4633.1948 | BF17: =W17 -> 4625.5248 | BG17: =X17 -> 4616.4376 | BH17: =Y17 -> 4612.6267 | BI17: =AV17 -> 4652.1763 | BJ17: =AW17 -> 4608.0639
A18: =ALGLIB_SSA_XAUUSD!J18 -> 1775132400 | B18: =_xlfn.XLOOKUP($A18,ALGLIB_SSA_XAUUSD!$A$2:$A$1001,ALGLIB_SSA_XAUUSD!$B$2:$B$1001,"",0) | C18: =_xlfn.XLOOKUP($A18,ALGLIB_SSA_XAUUSD!$A$2:$A$1001,ALGLIB_SSA_XAUUSD!$C$2:$C$1001,"",0) | D18: =D14+(D26-D14)*4/12 -> 4616.1033 | E18: =E14+(E26-E14)*4/12 -> 4634.2031 | F18: =F14+(F26-F14)*4/12 -> 4626.3222 | G18: =G14+(G26-G14)*4/12 -> 4652.5527 | H18: =H14+(H26-H14)*4/12 -> 4609.7865 | I18: =_xlfn.XLOOKUP($A18,ALGLIB_SSA_XAUUSD!$J$2:$J$1001,ALGLIB_SSA_XAUUSD!$K$2:$K$1001,"",0) -> XAUUSD | J18: =_xlfn.XLOOKUP($A18,ALGLIB_SSA_XAUUSD!$J$2:$J$1001,ALGLIB_SSA_XAUUSD!$L$2:$L$1001,"",0) -> M5 | K18: =_xlfn.XLOOKUP($A18,ALGLIB_SSA_XAUUSD!$J$2:$J$1001,ALGLIB_SSA_XAUUSD!$M$2:$M$1001,"",0) -> 4628.26 | L18: =_xlfn.XLOOKUP($A18,ALGLIB_SSA_XAUUSD!$J$2:$J$1001,ALGLIB_SSA_XAUUSD!$N$2:$N$1001,"",0) -> 4620.5756 | M18: =_xlfn.XLOOKUP($A18,ALGLIB_SSA_XAUUSD!$J$2:$J$1001,ALGLIB_SSA_XAUUSD!$O$2:$O$1001,"",0) -> 4616.6012 | N18: =_xlfn.XLOOKUP($A18,ALGLIB_SSA_XAUUSD!$J$2:$J$1001,ALGLIB_SSA_XAUUSD!$P$2:$P$1001,"",0) -> 4621.9336 | O18: =_xlfn.XLOOKUP($A18,ALGLIB_SSA_XAUUSD!$J$2:$J$1001,ALGLIB_SSA_XAUUSD!$Q$2:$Q$1001,"",0) -> 4614.2645 | R18: =A18 -> 1775132400 | S18: =I18 -> XAUUSD | T18: =J18 -> M5 | U18: =K18 -> 4628.26 | V18: =E18 -> 4634.2031 | W18: =F18 -> 4626.3222 | X18: =L18 -> 4620.5756 | Y18: =M18 -> 4616.6012 | Z18: =G18 -> 4652.5527 | AA18: =N18 -> 4621.9336 | AB18: =H18 -> 4609.7865 | AC18: =O18 -> 4614.2645 | AF18: =IF(R18<>"",R18,AF17+300) -> 1775132400 | AG18: =IF(S18<>"",S18,AG17) -> XAUUSD | AH18: =IF(T18<>"",T18,AH17) -> M5 | AI18: =IF(U18<>"",U18,"") -> 4628.26 | AJ18: =IF(V18<>"",V18,"") -> 4634.2031 | AK18: =IF(W18<>"",W18,"") -> 4626.3222 | AL18: =IF(OR(AJ18="",AK18=""),"",AJ18-AK18) -> 7.8808767 | AM18: =IF(AL18="","",IF(AL18>0,"Bullish","Bearish")) -> Bullish | AN18: =IF(AM18="",AN17,AM18) -> Bullish | AO18: =IF(Z18<>"",Z18,"") -> 4652.5527 | AP18: =IF(AB18<>"",AB18,"") -> 4609.7865 | AQ18: =IF(AQ17+1=13,1,AQ17+1) -> 5 | AR18: =IF(SLOPE($AO$2:$AO$13,$AQ$2:$AQ$13)>0,MIN(3,ABS(SLOPE($AO$2:$AO$13,$AQ$2:$AQ$13))),IF(SLOPE($AO$2:$AO$13,$AQ$2:$AQ$13)<-0.5,-0.5,0)) -> 0.82076083 | AS18: =IF(SLOPE($AP$2:$AP$13,$AQ$2:$AQ$13)<0,MAX(-3,-ABS(SLOPE($AP$2:$AP$13,$AQ$2:$AQ$13))),IF(SLOPE($AP$2:$AP$13,$AQ$2:$AQ$13)>0.5,0.5,0)) -> 0.5 | AT18: =($AO$14+(AR18*(AQ18-1))) -> 4652.1763 | AU18: =($AP$14+(AS18*(AQ18-1))) -> 4608.5639 | AV18: =IF(AR18>0,AT18+AR18,AT18) -> 4652.9971 | AW18: =IF(AS18<0,AU18+AS18,AU18) -> 4608.5639 | AY18: =AV18-AO18 -> 0.44438417 | AZ18: =AW18-AP18 -> -1.2226167 | BB18: =AF18 -> 1775132400 | BC18: =AG18 -> XAUUSD | BD18: =AH18 -> M5 | BE18: =V18 -> 4634.2031 | BF18: =W18 -> 4626.3222 | BG18: =X18 -> 4620.5756 | BH18: =Y18 -> 4616.6012 | BI18: =AV18 -> 4652.9971 | BJ18: =AW18 -> 4608.5639
