Workbook

Sheet Statistic2
A1: Regression Centroids (Box B): 4
A2: Excluded Recent Centroids (Box A): 2
A3: Math Search Window (Bars): 3000
A4: Visual EDT Window (Bars): 1496
A5: Observation Window (Box B Bars): 1135
A6: Total 171 Crossings (n): 107
A7: Timeframe (Sec): 900
A8: Raw Slope (b): -0.26760
A9: Regression Angle: -29.73
A10: Anchored Y-Int: 4417.30201
A12: [MODEL A; CROSSINGS]
A13: Sample (n): 107
... A26: Kurtosis: 2.33

Sheet Data Export2
A1: MQL DATA EXPORT | AE1: SW_Base_FL2 Sheet | AK1: JB_BaseFL2 Sheet | AS1: BP_BaseFL2 Sheet | AY1: White_BaseFL2
A2: timestamp | B2: symbol | C2: timeframe | D2: close | E2: CEN_0 | F2: CEN_1 | G2: CEN_2 | H2: CEN_3 | I2: CEN_4 | J2: CEN_5 | K2: CEN_6 | L2: CEN_7 | M2: CEN_8 | N2: CEN_9 | O2: CEN_10 | P2: CEN_11 | Q2: Base_FL | R2: EDT_1 | S2: EDT_2 | T2: EDT_3 | U2: EDT_4 | V2: EDT_5 | W2: EDT_6 | X2: EDT_7 | Y2: EDT_8 | Z2: horiz_high_map | AA2: horiz_low_map | AB2: ssa | AC2: ema_ssa | AD2: crossing | AE2: i | AF2: Bar Index | AG2: SSA | AH2: Base_FL (MQL5) | AI2: Residual eᵢ | AJ2: eᵢ² | AK2: i | AL2: Bar Index | AM2: Close | AN2: Base_FL (MQL5) | AO2: eᵢ | AP2: eᵢ² | AQ2: (eᵢ/σ)³ | AR2: (eᵢ/σ)⁴ | AS2: i | AT2: Bar Index (X) | AU2: SSA | AV2: Base_FL (MQL5) | AW2: eᵢ | AX2: eᵢ² (dep.var.) | AY2: i | AZ2: Bar Index (X) | BA2: Close | BB2: Base_FL (MQL5) | BC2: eᵢ | BD2: eᵢ² | BE2: X²
A3: 1776351602 | B3: XAUUSD | C3: M15 | D3: 4806.71 | E3: 4518.5928 | F3: 4596.0559 | G3: 4755.4035 | H3: 4792.7697 | Q3: 4817.3701 | R3: 4846.7334 | S3: 4873.3222 | V3: 4782.4304 | W3: 4748.8654 | AB3: 4798.9749 | AC3: 4798.2946 | AD3: 1 | AE3: 1 | AF3: 0 | AG3: 4798.9749 | AH3: 4817.3701 | AI3: -18.3952 | AJ3: 338.3841 | AK3: 1 | AL3: 0 | AM3: 4806.71 | AN3: 4817.3701 | AO3: -10.6601 | AP3: 113.6384 | AQ3: -0.027868 | AR3: 0.008449 | AS3: 1 | AT3: 0 | AU3: 4798.9749 | AV3: 4817.3701 | AW3: -18.3952 | AX3: 338.3841 | AY3: 1 | AZ3: 0 | BA3: 4806.71 | BB3: 4817.3701 | BC3: -10.6601 | BD3: 113.6384 | BE3: 0
A4: 1776352502 | B4: XAUUSD | C4: M15 | D4: 4802.1 | E4: 4518.5928 | F4: 4596.0559 | G4: 4755.4035 | H4: 4792.7697 | Q4: 4817.1025 | R4: 4846.4658 | S4: 4873.0546 | V4: 4782.1628 | W4: 4748.5978 | AB4: 4800.8624 | AC4: 4799.5785 | AD4: 0 | AE4: 2 | AF4: 4 | AG4: 4801.7586 | AH4: 4816.2997 | AI4: -14.5411 | AJ4: 211.4448 | AK4: 2 | AL4: 1 | AM4: 4802.1 | AN4: 4817.1025 | AO4: -15.0025 | AP4: 225.0756 | AQ4: -0.07768 | AR4: 0.033144 | AS4: 2 | AT4: 4 | AU4: 4801.7586 | AV4: 4816.2997 | AW4: -14.5411 | AX4: 211.4448 | AY4: 2 | AZ4: 1 | BA4: 4802.1 | BB4: 4817.1025 | BC4: -15.0025 | BD4: 225.0756 | BE4: 1
A5: 1776353402 | B5: XAUUSD | C5: M15 | D5: 4802.98 | E5: 4518.5928 | F5: 4596.0559 | G5: 4755.4035 | H5: 4792.7697 | Q5: 4816.8349 | R5: 4846.1982 | S5: 4872.787 | V5: 4781.8952 | W5: 4748.3301 | AB5: 4802.265 | AC5: 4800.9218 | AD5: 0 | AE5: 3 | AF5: 13 | AG5: 4788.1799 | AH5: 4813.8913 | AI5: -25.7114 | AJ5: 661.0761 | AK5: 3 | AL5: 2 | AM5: 4802.98 | AN5: 4816.8349 | AO5: -13.8549 | AP5: 191.9588 | AQ5: -0.061183 | AR5: 0.024109 | AS5: 3 | AT5: 13 | AU5: 4788.1799 | AV5: 4813.8913 | AW5: -25.7114 | AX5: 661.0761 | AY5: 3 | AZ5: 2 | BA5: 4802.98 | BB5: 4816.8349 | BC5: -13.8549 | BD5: 191.9588 | BE5: 4
A6: 1776354302 | B6: XAUUSD | C6: M15 | D6: 4807.09 | E6: 4518.5928 | F6: 4596.0559 | G6: 4755.4035 | H6: 4792.7697 | Q6: 4816.5673 | R6: 4845.9306 | S6: 4872.5194 | V6: 4781.6275 | W6: 4748.0625 | AB6: 4802.689 | AC6: 4801.8054 | AD6: 0 | AE6: 4 | AF6: 20 | AG6: 4791.7372 | AH6: 4812.018 | AI6: -20.2809 | AJ6: 411.3137 | AK6: 4 | AL6: 3 | AM6: 4807.09 | AN6: 4816.5673 | AO6: -9.4773 | AP6: 89.8194 | AQ6: -0.019583 | AR6: 0.005278 | AS6: 4 | AT6: 20 | AU6: 4791.7372 | AV6: 4812.018 | AW6: -20.2809 | AX6: 411.3137 | AY6: 4 | AZ6: 3 | BA6: 4807.09 | BB6: 4816.5673 | BC6: -9.4773 | BD6: 89.8194 | BE6: 9
A7: 1776355202 | B7: XAUUSD | C7: M15 | D7: 4805.02 | E7: 4518.5928 | F7: 4596.0559 | G7: 4755.4035 | H7: 4792.7697 | Q7: 4816.2997 | R7: 4845.663 | S7: 4872.2518 | V7: 4781.3599 | W7: 4747.7949 | AB7: 4801.7586 | AC7: 4801.782 | AD7: 1 | AE7: 5 | AF7: 24 | AG7: 4791.9693 | AH7: 4810.9476 | AI7: -18.9783 | AJ7: 360.1766 | AK7: 5 | AL7: 4 | AM7: 4805.02 | AN7: 4816.2997 | AO7: -11.2797 | AP7: 127.2319 | AQ7: -0.033015 | AR7: 0.010591 | AS7: 5 | AT7: 24 | AU7: 4791.9693 | AV7: 4810.9476 | AW7: -18.9783 | AX7: 360.1766 | AY7: 5 | AZ7: 4 | BA7: 4805.02 | BB7: 4816.2997 | BC7: -11.2797 | BD7: 127.2319 | BE7: 16
A8: 1776356102 | B8: XAUUSD | C8: M15 | D8: 4799.31 | E8: 4518.5928 | F8: 4596.0559 | G8: 4755.4035 | H8: 4792.7697 | Q8: 4816.0321 | R8: 4845.3954 | S8: 4871.9842 | V8: 4781.0923 | W8: 4747.5273 | AB8: 4799.5437 | AC8: 4800.6628 | AD8: 0 | AE8: 6 | AF8: 31 | AG8: 4794.635 | AH8: 4809.0744 | AI8: -14.4394 | AJ8: 208.4963 | AK8: 6 | AL8: 5 | AM8: 4799.31 | AN8: 4816.0321 | AO8: -16.7221 | AP8: 279.629 | AQ8: -0.107569 | AR8: 0.051159 | AS8: 6 | AT8: 31 | AU8: 4794.635 | AV8: 4809.0744 | AW8: -14.4394 | AX8: 208.4963 | AY8: 6 | AZ8: 5 | BA8: 4799.31 | BB8: 4816.0321 | BC8: -16.7221 | BD8: 279.629 | BE8: 25
A9: 1776357002 | B9: XAUUSD | C9: M15 | D9: 4790.11 | E9: 4518.5928 | F9: 4596.0559 | G9: 4755.4035 | H9: 4792.7697 | Q9: 4815.7645 | R9: 4845.1278 | S9: 4871.7166 | V9: 4780.8247 | W9: 4747.2597 | AB9: 4796.4861 | AC9: 4798.5745 | AD9: 0 | AE9: 7 | AF9: 39 | AG9: 4784.2445 | AH9: 4806.9336 | AI9: -22.689 | AJ9: 514.7925 | AK9: 7 | AL9: 6 | AM9: 4790.11 | AN9: 4815.7645 | AO9: -25.6545 | AP9: 658.1534 | AQ9: -0.388424 | AR9: 0.283406 | AS9: 7 | AT9: 39 | AU9: 4784.2445 | AV9: 4806.9336 | AW9: -22.689 | AX9: 514.7925 | AY9: 7 | AZ9: 6 | BA9: 4790.11 | BB9: 4815.7645 | BC9: -25.6545 | BD9: 658.1534 | BE9: 36
A10: 1776357902 | B10: XAUUSD | C10: M15 | D10: 4791.99 | E10: 4518.5928 | F10: 4596.0559 | G10: 4755.4035 | H10: 4792.7697 | Q10: 4815.4969 | R10: 4844.8602 | S10: 4871.449 | V10: 4780.5571 | W10: 4746.9921 | AB10: 4793.2914 | AC10: 4795.9329 | AD10: 0 | AE10: 8 | AF10: 53 | AG10: 4799.4912 | AH10: 4803.1871 | AI10: -3.696 | AJ10: 13.66 | AK10: 8 | AL10: 7 | AM10: 4791.99 | AN10: 4815.4969 | AO10: -23.5069 | AP10: 552.5743 | AQ10: -0.298814 | AR10: 0.199772 | AS10: 8 | AT10: 53 | AU10: 4799.4912 | AV10: 4803.1871 | AW10: -3.696 | AX10: 13.66 | AY10: 8 | AZ10: 7 | BA10: 4791.99 | BB10: 4815.4969 | BC10: -23.5069 | BD10: 552.5743 | BE10: 49
A11: 1776358802 | B11: XAUUSD | C11: M15 | D11: 4791.41 | E11: 4518.5928 | F11: 4596.0559 | G11: 4755.4035 | H11: 4792.7697 | Q11: 4815.2293 | R11: 4844.5926 | S11: 4871.1814 | V11: 4780.2895 | W11: 4746.7245 | AB11: 4790.3715 | AC11: 4793.1522 | AD11: 0 | AE11: 9 | AF11: 62 | AG11: 4785.2155 | AH11: 4800.7787 | AI11: -15.5631 | AJ11: 242.211 | AK11: 9 | AL11: 8 | AM11: 4791.41 | AN11: 4815.2293 | AO11: -23.8193 | AP11: 567.3586 | AQ11: -0.310887 | AR11: 0.210605 | AS11: 9 | AT11: 62 | AU11: 4785.2155 | AV11: 4800.7787 | AW11: -15.5631 | AX11: 242.211 | AY11: 9 | AZ11: 8 | BA11: 4791.41 | BB11: 4815.2293 | BC11: -23.8193 | BD11: 567.3586 | BE11: 64
A12: 1776359702 | B12: XAUUSD | C12: M15 | D12: 4785.04 | E12: 4518.5928 | F12: 4596.0559 | G12: 4755.4035 | H12: 4792.7697 | Q12: 4814.9617 | R12: 4844.325 | S12: 4870.9138 | V12: 4780.0219 | W12: 4746.4569 | AB12: 4788.0806 | AC12: 4790.6164 | AD12: 0 | AE12: 10 | AF12: 71 | AG12: 4792.9258 | AH12: 4798.3702 | AI12: -5.4444 | AJ12: 29.6418 | AK12: 10 | AL12: 9 | AM12: 4785.04 | AN12: 4814.9617 | AO12: -29.9217 | AP12: 895.3075 | AQ12: -0.616274 | AR12: 0.524443 | AS12: 10 | AT12: 71 | AU12: 4792.9258 | AV12: 4798.3702 | AW12: -5.4444 | AX12: 29.6418 | AY12: 10 | AZ12: 9 | BA12: 4785.04 | BB12: 4814.9617 | BC12: -29.9217 | BD12: 895.3075 | BE12: 81
A13: 1776360602 | B13: XAUUSD | C13: M15 | D13: 4787.16 | E13: 4518.5928 | F13: 4596.0559 | G13: 4755.4035 | H13: 4792.7697 | Q13: 4814.6941 | R13: 4844.0574 | S13: 4870.6462 | V13: 4779.7543 | W13: 4746.1893 | AB13: 4786.7966 | AC13: 4788.7065 | AD13: 0 | AE13: 11 | AF13: 77 | AG13: 4789.136 | AH13: 4796.7646 | AI13: -7.6286 | AJ13: 58.196 | AK13: 11 | AL13: 10 | AM13: 4787.16 | AN13: 4814.6941 | AO13: -27.5341 | AP13: 758.1261 | AQ13: -0.480206 | AR13: 0.376043 | AS13: 11 | AT13: 77 | AU13: 4789.136 | AV13: 4796.7646 | AW13: -7.6286 | AX13: 58.196 | AY13: 11 | AZ13: 10 | BA13: 4787.16 | BB13: 4814.6941 | BC13: -27.5341 | BD13: 758.1261 | BE13: 100
A14: 1776361502 | B14: XAUUSD | C14: M15 | D14: 4789.22 | E14: 4518.5928 | F14: 4596.0559 | G14: 4755.4035 | H14: 4792.7697 | Q14: 4814.4265 | R14: 4843.7898 | S14: 4870.3786 | V14: 4779.4867 | W14: 4745.9217 | AB14: 4786.5161 | AC14: 4787.6113 | AD14: 0 | AE14: 12 | AF14: 90 | AG14: 4872.1414 | AH14: 4793.2858 | AI14: 78.8557 | AJ14: 6218.2183 | AK14: 12 | AL14: 11 | AM14: 4789.22 | AN14: 4814.4265 | AO14: -25.2065 | AP14: 635.3666 | AQ14: -0.368428 | AR14: 0.264121 | AS14: 12 | AT14: 90 | AU14: 4872.1414 | AV14: 4793.2858 | AW14: 78.8557 | AX14: 6218.2183 | AY14: 12 | AZ14: 11 | BA14: 4789.22 | BB14: 4814.4265 | BC14: -25.2065 | BD14: 635.3666 | BE14: 121
... A40: 1776388502 | B40: XAUUSD | C40: M15 | D40: 4769.01 | E40: 4518.5928 | F40: 4596.0559 | G40: 4755.4035 | H40: 4792.7697 | Q40: 4807.4688 | R40: 4836.8321 | S40: 4863.4209 | V40: 4772.529 | W40: 4738.964 | AB40: 4783.176 | AC40: 4784.8672 | AD40: 0 | AE40: 38 | AF40: 363 | AG40: 4748.0625 | AH40: 4720.2298 | AI40: 27.8327 | AJ40: 774.6581 | AK40: 38 | AL40: 37 | AM40: 4769.01 | AN40: 4807.4688 | AO40: -38.4588 | AP40: 1479.0778 | AQ40: -1.308585 | AR40: 1.431318 | AS40: 38 | AT40: 363 | AU40: 4748.0625 | AV40: 4720.2298 | AW40: 27.8327 | AX40: 774.6581 | AY40: 38 | AZ40: 37 | BA40: 4769.01 | BB40: 4807.4688 | BC40: -38.4588 | BD40: 1479.0778 | BE40: 1369
A41: 1776389402 | B41: XAUUSD | C41: M15 | D41: 4777.87 | E41: 4518.5928 | F41: 4596.0559 | G41: 4755.4035 | H41: 4792.7697 | Q41: 4807.2012 | R41: 4836.5645 | S41: 4863.1532 | V41: 4772.2614 | W41: 4738.6964 | AA41: 4768.07 | AB41: 4783.2232 | AC41: 4784.0452 | AD41: 0 | AE41: 39 | AF41: 374 | AG41: 4729.4164 | AH41: 4717.2862 | AI41: 12.1302 | AJ41: 147.1415 | AK41: 39 | AL41: 38 | AM41: 4777.87 | AN41: 4807.2012 | AO41: -29.3312 | AP41: 860.3175 | AQ41: -0.580502 | AR41: 0.484252 | AS41: 39 | AT41: 374 | AU41: 4729.4164 | AV41: 4717.2862 | AW41: 12.1302 | AX41: 147.1415 | AY41: 39 | AZ41: 38 | BA41: 4777.87 | BB41: 4807.2012 | BC41: -29.3312 | BD41: 860.3175 | BE41: 1444
A42: 1776390302 | B42: XAUUSD | C42: M15 | D42: 4789.48 | E42: 4518.5928 | F42: 4596.0559 | G42: 4755.4035 | H42: 4792.7697 | Q42: 4806.9336 | R42: 4836.2969 | S42: 4862.8856 | V42: 4771.9938 | W42: 4738.4288 | AB42: 4784.2445 | AC42: 4784.1449 | AD42: 1 | AE42: 40 | AF42: 390 | AG42: 4739.1687 | AH42: 4713.0045 | AI42: 26.1642 | AJ42: 684.5643 | AK42: 40 | AL42: 39 | AM42: 4789.48 | AN42: 4806.9336 | AO42: -17.4536 | AP42: 304.6271 | AQ42: -0.122312 | AR42: 0.060714 | AS42: 40 | AT42: 390 | AU42: 4739.1687 | AV42: 4713.0045 | AW42: 26.1642 | AX42: 684.5643 | AY42: 40 | AZ42: 39 | BA42: 4789.48 | BB42: 4806.9336 | BC42: -17.4536 | BD42: 304.6271 | BE42: 1521
A43: 1776391202 | B43: XAUUSD | C43: M15 | D43: 4791.35 | E43: 4518.5928 | F43: 4596.0559 | G43: 4755.4035 | H43: 4792.7697 | Q43: 4806.666 | R43: 4836.0293 | S43: 4862.618 | V43: 4771.7262 | W43: 4738.1612 | AB43: 4785.6992 | AC43: 4784.9221 | AD43: 0 | AE43: 41 | AF43: 399 | AG43: 4725.8976 | AH43: 4710.5961 | AI43: 15.3015 | AJ43: 234.135 | AK43: 41 | AL43: 40 | AM43: 4791.35 | AN43: 4806.666 | AO43: -15.316 | AP43: 234.5786 | AQ43: -0.082651 | AR43: 0.036002 | AS43: 41 | AT43: 399 | AU43: 4725.8976 | AV43: 4710.5961 | AW43: 15.3015 | AX43: 234.135 | AY43: 41 | AZ43: 40 | BA43: 4791.35 | BB43: 4806.666 | BC43: -15.316 | BD43: 234.5786 | BE43: 1600
A44: 1776392102 | B44: XAUUSD | C44: M15 | D44: 4788.86 | E44: 4518.5928 | F44: 4596.0559 | G44: 4755.4035 | H44: 4792.7697 | Q44: 4806.3984 | R44: 4835.7617 | S44: 4862.3504 | V44: 4771.4586 | W44: 4737.8936 | AB44: 4787.2894 | AC44: 4786.1057 | AD44: 0 | AE44: 42 | AF44: 405 | AG44: 4733.9721 | AH44: 4708.9905 | AI44: 24.9816 | AJ44: 624.0823 | AK44: 42 | AL44: 41 | AM44: 4788.86 | AN44: 4806.3984 | AO44: -17.5384 | AP44: 307.5941 | AQ44: -0.124103 | AR44: 0.061903 | AS44: 42 | AT44: 405 | AU44: 4733.9721 | AV44: 4708.9905 | AW44: 24.9816 | AX44: 624.0823 | AY44: 42 | AZ44: 41 | BA44: 4788.86 | BB44: 4806.3984 | BC44: -17.5384 | BD44: 307.5941 | BE44: 1681
A45: 1776393002 | B45: XAUUSD | C45: M15 | D45: 4791.57 | E45: 4518.5928 | F45: 4596.0559 | G45: 4755.4035 | H45: 4792.7697 | Q45: 4806.1308 | R45: 4835.4941 | S45: 4862.0828 | V45: 4771.191 | W45: 4737.626 | AB45: 4788.9024 | AC45: 4787.5041 | AD45: 0 | AE45: 43 | AF45: 415 | AG45: 4703.263 | AH45: 4706.3144 | AI45: -3.0514 | AJ45: 9.3113 | AK45: 43 | AL45: 42 | AM45: 4791.57 | AN45: 4806.1308 | AO45: -14.5608 | AP45: 212.0154 | AQ45: -0.071018 | AR45: 0.02941 | AS45: 43 | AT45: 415 | AU45: 4703.263 | AV45: 4706.3144 | AW45: -3.0514 | AX45: 9.3113 | AY45: 43 | AZ45: 42 | BA45: 4791.57 | BB45: 4806.1308 | BC45: -14.5608 | BD45: 212.0154 | BE45: 1764
A46: 1776393902 | B46: XAUUSD | C46: M15 | D46: 4784.81 | E46: 4518.5928 | F46: 4596.0559 | G46: 4755.4035 | H46: 4792.7697 | Q46: 4805.8632 | R46: 4835.2265 | S46: 4861.8152 | V46: 4770.9234 | W46: 4737.3584 | AB46: 4790.3727 | AC46: 4788.9384 | AD46: 0 | AE46: 44 | AF46: 432 | AG46: 4713.1717 | AH46: 4701.7652 | AI46: 11.4066 | AJ46: 130.1096 | AK46: 44 | AL46: 43 | AM46: 4784.81 | AN46: 4805.8632 | AO46: -21.0531 | AP46: 443.2351 | AQ46: -0.214668 | AR46: 0.128535 | AS46: 44 | AT46: 432 | AU46: 4713.1717 | AV46: 4701.7652 | AW46: 11.4066 | AX46: 130.1096 | AY46: 44 | AZ46: 43 | BA46: 4784.81 | BB46: 4805.8632 | BC46: -21.0531 | BD46: 443.2351 | BE46: 1849
A47: 1776394802 | B47: XAUUSD | C47: M15 | D47: 4795.86 | E47: 4518.5928 | F47: 4596.0559 | G47: 4755.4035 | H47: 4792.7697 | Q47: 4805.5956 | R47: 4834.9588 | S47: 4861.5476 | V47: 4770.6558 | W47: 4737.0908 | AB47: 4791.8981 | AC47: 4790.4182 | AD47: 0 | AE47: 45 | AF47: 443 | AG47: 4693.4593 | AH47: 4698.8215 | AI47: -5.3623 | AJ47: 28.7537 | AK47: 45 | AL47: 44 | AM47: 4795.86 | AN47: 4805.5956 | AO47: -9.7356 | AP47: 94.7809 | AQ47: -0.021227 | AR47: 0.005878 | AS47: 45 | AT47: 443 | AU47: 4693.4593 | AV47: 4698.8215 | AW47: -5.3623 | AX47: 28.7537 | AY47: 45 | AZ47: 44 | BA47: 4795.86 | BB47: 4805.5956 | BC47: -9.7356 | BD47: 94.7809 | BE47: 1936
A48: 1776395702 | B48: XAUUSD | C48: M15 | D48: 4793.93 | E48: 4518.5928 | F48: 4596.0559 | G48: 4755.4035 | H48: 4792.7697 | Q48: 4805.3279 | R48: 4834.6912 | S48: 4861.28 | V48: 4770.3882 | W48: 4736.8232 | AB48: 4793.245 | AC48: 4791.8316 | AD48: 0 | AE48: 46 | AF48: 453 | AG48: 4732.4203 | AH48: 4696.1455 | AI48: 36.2748 | AJ48: 1315.8626 | AK48: 46 | AL48: 45 | AM48: 4793.93 | AN48: 4805.3279 | AO48: -11.3979 | AP48: 129.913 | AQ48: -0.034064 | AR48: 0.011042 | AS48: 46 | AT48: 453 | AU48: 4732.4203 | AV48: 4696.1455 | AW48: 36.2748 | AX48: 1315.8626 | AY48: 46 | AZ48: 45 | BA48: 4793.93 | BB48: 4805.3279 | BC48: -11.3979 | BD48: 129.913 | BE48: 2025
A49: 1776396602 | B49: XAUUSD | C49: M15 | D49: 4794.26 | E49: 4518.5928 | F49: 4596.0559 | G49: 4755.4035 | H49: 4792.7697 | Q49: 4805.0603 | R49: 4834.4236 | S49: 4861.0124 | V49: 4770.1206 | W49: 4736.5556 | AB49: 4794.5677 | AC49: 4793.1997 | AD49: 0 | AE49: 47 | AF49: 458 | AG49: 4728.4898 | AH49: 4694.8075 | AI49: 33.6823 | AJ49: 1134.4987 | AK49: 47 | AL49: 46 | AM49: 4794.26 | AN49: 4805.0603 | AO49: -10.8003 | AP49: 116.6473 | AQ49: -0.028982 | AR49: 0.008902 | AS49: 47 | AT49: 458 | AU49: 4728.4898 | AV49: 4694.8075 | AW49: 33.6823 | AX49: 1134.4987 | AY49: 47 | AZ49: 46 | BA49: 4794.26 | BB49: 4805.0603 | BC49: -10.8003 | BD49: 116.6473 | BE49: 2116
A50: 1776397502 | B50: XAUUSD | C50: M15 | D50: 4793.09 | E50: 4518.5928 | F50: 4596.0559 | G50: 4755.4035 | H50: 4792.7697 | Q50: 4804.7927 | R50: 4834.156 | S50: 4860.7448 | V50: 4769.853 | W50: 4736.288 | AB50: 4795.955 | AC50: 4794.5773 | AD50: 0 | AE50: 48 | AF50: 463 | AG50: 4729.1198 | AH50: 4693.4694 | AI50: 35.6504 | AJ50: 1270.9517 | AK50: 48 | AL50: 47 | AM50: 4793.09 | AN50: 4804.7927 | AO50: -11.7027 | AP50: 136.9539 | AQ50: -0.03687 | AR50: 0.012272 | AS50: 48 | AT50: 463 | AU50: 4729.1198 | AV50: 4693.4694 | AW50: 35.6504 | AX50: 1270.9517 | AY50: 48 | AZ50: 47 | BA50: 4793.09 | BB50: 4804.7927 | BC50: -11.7027 | BD50: 136.9539 | BE50: 2209
A51: 1776398402 | B51: XAUUSD | C51: M15 | D51: 4795.16 | E51: 4518.5928 | F51: 4596.0559 | G51: 4755.4035 | H51: 4792.7697 | Q51: 4804.5251 | R51: 4833.8884 | S51: 4860.4772 | V51: 4769.5854 | W51: 4736.0204 | AB51: 4797.4545 | AC51: 4796.0159 | AD51: 0 | AE51: 49 | AF51: 485 | AG51: 4692.6568 | AH51: 4687.5821 | AI51: 5.0747 | AJ51: 25.7523 | AK51: 49 | AL51: 48 | AM51: 4795.16 | AN51: 4804.5251 | AO51: -9.3651 | AP51: 87.7057 | AQ51: -0.018895 | AR51: 0.005033 | AS51: 49 | AT51: 485 | AU51: 4692.6568 | AV51: 4687.5821 | AW51: 5.0747 | AX51: 25.7523 | AY51: 49 | AZ51: 48 | BA51: 4795.16 | BB51: 4804.5251 | BC51: -9.3651 | BD51: 87.7057 | BE51: 2304
A52: 1776399302 | B52: XAUUSD | C52: M15 | D52: 4795.87 | E52: 4518.5928 | F52: 4596.0559 | G52: 4755.4035 | H52: 4792.7697 | Q52: 4804.2575 | R52: 4833.6208 | S52: 4860.2096 | V52: 4769.3178 | W52: 4735.7528 | AB52: 4798.9172 | AC52: 4797.4665 | AD52: 0 | AE52: 50 | AF52: 497 | AG52: 4701.3644 | AH52: 4684.3709 | AI52: 16.9935 | AJ52: 288.7794 | AK52: 50 | AL52: 49 | AM52: 4795.87 | AN52: 4804.2575 | AO52: -8.3875 | AP52: 70.3507 | AQ52: -0.013574 | AR52: 0.003238 | AS52: 50 | AT52: 497 | AU52: 4701.3644 | AV52: 4684.3709 | AW52: 16.9935 | AX52: 288.7794 | AY52: 50 | AZ52: 49 | BA52: 4795.87 | BB52: 4804.2575 | BC52: -8.3875 | BD52: 70.3507 | BE52: 2401
A53: 1776400202 | B53: XAUUSD | C53: M15 | D53: 4801.05 | E53: 4518.5928 | F53: 4596.0559 | G53: 4755.4035 | H53: 4792.7697 | Q53: 4803.9899 | R53: 4833.3532 | S53: 4859.942 | V53: 4769.0502 | W53: 4735.4852 | AB53: 4800.1665 | AC53: 4798.8165 | AD53: 0 | AE53: 51 | AF53: 510 | AG53: 4671.0085 | AH53: 4680.892 | AI53: -9.8835 | AJ53: 97.684 | AK53: 51 | AL53: 50 | AM53: 4801.05 | AN53: 4803.9899 | AO53: -2.9399 | AP53: 8.6431 | AQ53: -0.000585 | AR53: 4.9e-05 | AS53: 51 | AT53: 510 | AU53: 4671.0085 | AV53: 4680.892 | AW53: -9.8835 | AX53: 97.684 | AY53: 51 | AZ53: 50 | BA53: 4801.05 | BB53: 4803.9899 | BC53: -2.9399 | BD53: 8.6431 | BE53: 2500
A54: 1776401102 | B54: XAUUSD | C54: M15 | D54: 4803.04 | E54: 4518.5928 | F54: 4596.0559 | G54: 4755.4035 | H54: 4792.7697 | Q54: 4803.7223 | R54: 4833.0856 | S54: 4859.6744 | V54: 4768.7825 | W54: 4735.2176 | AB54: 4800.8418 | AC54: 4799.8292 | AD54: 0 | AE54: 52 | AF54: 517 | AG54: 4677.5968 | AH54: 4679.0188 | AI54: -1.422 | AJ54: 2.0221 | AK54: 52 | AL54: 51 | AM54: 4803.04 | AN54: 4803.7223 | AO54: -0.6823 | AP54: 0.4656 | AQ54: -7e-06 | AR54: 0 | AS54: 52 | AT54: 517 | AU54: 4677.5968 | AV54: 4679.0188 | AW54: -1.422 | AX54: 2.0221 | AY54: 52 | AZ54: 51 | BA54: 4803.04 | BB54: 4803.7223 | BC54: -0.6823 | BD54: 0.4656 | BE54: 2601
A55: 1776402002 | B55: XAUUSD | C55: M15 | D55: 4804.78 | E55: 4518.5928 | F55: 4596.0559 | G55: 4755.4035 | H55: 4792.7697 | Q55: 4803.4547 | R55: 4832.818 | S55: 4859.4068 | V55: 4768.5149 | W55: 4734.95 | Z55: 4805.97 | AB55: 4800.6718 | AC55: 4800.2505 | AD55: 0 | AE55: 53 | AF55: 519 | AG55: 4677.6687 | AH55: 4678.4836 | AI55: -0.8149 | AJ55: 0.664 | AK55: 53 | AL55: 52 | AM55: 4804.78 | AN55: 4803.4547 | AO55: 1.3253 | AP55: 1.7564 | AQ55: 5.4e-05 | AR55: 2e-06 | AS55: 53 | AT55: 519 | AU55: 4677.6687 | AV55: 4678.4836 | AW55: -0.8149 | AX55: 0.664 | AY55: 53 | AZ55: 52 | BA55: 4804.78 | BB55: 4803.4547 | BC55: 1.3253 | BD55: 1.7564 | BE55: 2704
A56: 1776402902 | B56: XAUUSD | C56: M15 | D56: 4803.25 | E56: 4518.5928 | F56: 4596.0559 | G56: 4755.4035 | H56: 4792.7697 | Q56: 4803.1871 | R56: 4832.5504 | S56: 4859.1392 | V56: 4768.2473 | W56: 4734.6823 | AB56: 4799.4912 | AC56: 4799.8708 | AD56: 1 | AE56: 54 | AF56: 528 | AG56: 4688.6921 | AH56: 4676.0752 | AI56: 12.617 | AJ56: 159.1882 | AK56: 54 | AL56: 53 | AM56: 4803.25 | AN56: 4803.1871 | AO56: 0.0629 | AP56: 0.004 | AQ56: 0 | AR56: 0 | AS56: 54 | AT56: 528 | AU56: 4688.6921 | AV56: 4676.0752 | AW56: 12.617 | AX56: 159.1882 | AY56: 54 | AZ56: 53 | BA56: 4803.25 | BB56: 4803.1871 | BC56: 0.0629 | BD56: 0.004 | BE56: 2809
A57: 1776403802 | B57: XAUUSD | C57: M15 | D57: 4796.48 | E57: 4518.5928 | F57: 4596.0559 | G57: 4755.4035 | H57: 4792.7697 | Q57: 4802.9195 | R57: 4832.2828 | S57: 4858.8716 | V57: 4767.9797 | W57: 4734.4147 | AB57: 4797.3362 | AC57: 4798.6035 | AD57: 0 | AE57: 55 | AF57: 533 | AG57: 4682.0741 | AH57: 4674.7371 | AI57: 7.337 | AJ57: 53.8311 | AK57: 55 | AL57: 54 | AM57: 4796.48 | AN57: 4802.9195 | AO57: -6.4395 | AP57: 41.4673 | AQ57: -0.006143 | AR57: 0.001125 | AS57: 55 | AT57: 533 | AU57: 4682.0741 | AV57: 4674.7371 | AW57: 7.337 | AX57: 53.8311 | AY57: 55 | AZ57: 54 | BA57: 4796.48 | BB57: 4802.9195 | BC57: -6.4395 | BD57: 41.4673 | BE57: 2916
A58: 1776404702 | B58: XAUUSD | C58: M15 | D58: 4794.41 | E58: 4518.5928 | F58: 4596.0559 | G58: 4755.4035 | H58: 4792.7697 | Q58: 4802.6519 | R58: 4832.0152 | S58: 4858.604 | V58: 4767.7121 | W58: 4734.1471 | AB58: 4794.5247 | AC58: 4796.5641 | AD58: 0 | AE58: 56 | AF58: 542 | AG58: 4703.9862 | AH58: 4672.3287 | AI58: 31.6575 | AJ58: 1002.1979 | AK58: 56 | AL58: 55 | AM58: 4794.41 | AN58: 4802.6519 | AO58: -8.2419 | AP58: 67.9289 | AQ58: -0.012879 | AR58: 0.003019 | AS58: 56 | AT58: 542 | AU58: 4703.9862 | AV58: 4672.3287 | AW58: 31.6575 | AX58: 1002.1979 | AY58: 56 | AZ58: 55 | BA58: 4794.41 | BB58: 4802.6519 | BC58: -8.2419 | BD58: 67.9289 | BE58: 3025
A59: 1776405602 | B59: XAUUSD | C59: M15 | D59: 4787.73 | E59: 4518.5928 | F59: 4596.0559 | G59: 4755.4035 | H59: 4792.7697 | Q59: 4802.3843 | R59: 4831.7476 | S59: 4858.3364 | V59: 4767.4445 | W59: 4733.8795 | AB59: 4791.4825 | AC59: 4794.0233 | AD59: 0 | AE59: 57 | AF59: 545 | AG59: 4705.476 | AH59: 4671.5259 | AI59: 33.9501 | AJ59: 1152.6093 | AK59: 57 | AL59: 56 | AM59: 4787.73 | AN59: 4802.3843 | AO59: -14.6543 | AP59: 214.7485 | AQ59: -0.072395 | AR59: 0.030173 | AS59: 57 | AT59: 545 | AU59: 4705.476 | AV59: 4671.5259 | AW59: 33.9501 | AX59: 1152.6093 | AY59: 57 | AZ59: 56 | BA59: 4787.73 | BB59: 4802.3843 | BC59: -14.6543 | BD59: 214.7485 | BE59: 3136
A60: 1776406502 | B60: XAUUSD | C60: M15 | D60: 4783.78 | E60: 4518.5928 | F60: 4596.0559 | G60: 4755.4035 | H60: 4792.7697 | Q60: 4802.1167 | R60: 4831.48 | S60: 4858.0688 | V60: 4767.1769 | W60: 4733.6119 | AB60: 4788.6996 | AC60: 4791.3615 | AD60: 0 | AE60: 58 | AF60: 554 | AG60: 4725.9997 | AH60: 4669.1175 | AI60: 56.8823 | AJ60: 3235.5938 | AK60: 58 | AL60: 57 | AM60: 4783.78 | AN60: 4802.1167 | AO60: -18.3367 | AP60: 336.2342 | AQ60: -0.141833 | AR60: 0.073967 | AS60: 58 | AT60: 554 | AU60: 4725.9997 | AV60: 4669.1175 | AW60: 56.8823 | AX60: 3235.5938 | AY60: 58 | AZ60: 57 | BA60: 4783.78 | BB60: 4802.1167 | BC60: -18.3367 | BD60: 336.2342 | BE60: 3249
A61: 1776407402 | B61: XAUUSD | C61: M15 | D61: 4785.67 | E61: 4518.5928 | F61: 4596.0559 | G61: 4755.4035 | H61: 4792.7697 | Q61: 4801.8491 | R61: 4831.2124 | S61: 4857.8012 | V61: 4766.9093 | W61: 4733.3443 | AB61: 4786.5307 | AC61: 4788.9461 | AD61: 0 | AE61: 59 | AF61: 559 | AG61: 4723.6963 | AH61: 4667.7794 | AI61: 55.9168 | AJ61: 3126.6908 | AK61: 59 | AL61: 58 | AM61: 4785.67 | AN61: 4801.8491 | AO61: -16.1791 | AP61: 261.763 | AQ61: -0.097427 | AR61: 0.04483 | AS61: 59 | AT61: 559 | AU61: 4723.6963 | AV61: 4667.7794 | AW61: 55.9168 | AX61: 3126.6908 | AY61: 59 | AZ61: 58 | BA61: 4785.67 | BB61: 4801.8491 | BC61: -16.1791 | BD61: 261.763 | BE61: 3364
A62: 1776408302 | B62: XAUUSD | C62: M15 | D62: 4785.07 | E62: 4518.5928 | F62: 4596.0559 | G62: 4755.4035 | H62: 4792.7697 | Q62: 4801.5815 | R62: 4830.9448 | S62: 4857.5336 | V62: 4766.6417 | W62: 4733.0767 | AB62: 4785.1178 | AC62: 4787.032 | AD62: 0 | AE62: 60 | AF62: 562 | AG62: 4723.8595 | AH62: 4666.9766 | AI62: 56.8829 | AJ62: 3235.6655 | AK62: 60 | AL62: 59 | AM62: 4785.07 | AN62: 4801.5815 | AO62: -16.5115 | AP62: 272.6293 | AQ62: -0.103556 | AR62: 0.048629 | AS62: 60 | AT62: 562 | AU62: 4723.8595 | AV62: 4666.9766 | AW62: 56.8829 | AX62: 3235.6655 | AY62: 60 | AZ62: 59 | BA62: 4785.07 | BB62: 4801.5815 | BC62: -16.5115 | BD62: 272.6293 | BE62: 3481
A63: 1776409202 | B63: XAUUSD | C63: M15 | D63: 4787.12 | E63: 4518.5928 | F63: 4596.0559 | G63: 4755.4035 | H63: 4792.7697 | Q63: 4801.3139 | R63: 4830.6772 | S63: 4857.2659 | V63: 4766.3741 | W63: 4732.8091 | AB63: 4784.5163 | AC63: 4785.7741 | AD63: 0 | AE63: 61 | AF63: 584 | AG63: 4680.7626 | AH63: 4661.0893 | AI63: 19.6733 | AJ63: 387.0379 | AK63: 61 | AL63: 60 | AM63: 4787.12 | AN63: 4801.3139 | AO63: -14.1939 | AP63: 201.4662 | AQ63: -0.065784 | AR63: 0.026556 | AS63: 61 | AT63: 584 | AU63: 4680.7626 | AV63: 4661.0893 | AW63: 19.6733 | AX63: 387.0379 | AY63: 61 | AZ63: 60 | BA63: 4787.12 | BB63: 4801.3139 | BC63: -14.1939 | BD63: 201.4662 | BE63: 3600
A64: 1776410102 | B64: XAUUSD | C64: M15 | D64: 4791.72 | E64: 4518.5928 | F64: 4596.0559 | G64: 4755.4035 | H64: 4792.7697 | Q64: 4801.0463 | R64: 4830.4096 | S64: 4856.9983 | V64: 4766.1065 | W64: 4732.5415 | AB64: 4784.6154 | AC64: 4785.1948 | AD64: 0 | AE64: 62 | AF64: 602 | AG64: 4725.1237 | AH64: 4656.2725 | AI64: 68.8513 | AJ64: 4740.4974 | AK64: 62 | AL64: 61 | AM64: 4791.72 | AN64: 4801.0463 | AO64: -9.3263 | AP64: 86.9795 | AQ64: -0.018661 | AR64: 0.00495 | AS64: 62 | AT64: 602 | AU64: 4725.1237 | AV64: 4656.2725 | AW64: 68.8513 | AX64: 4740.4974 | AY64: 62 | AZ64: 61 | BA64: 4791.72 | BB64: 4801.0463 | BC64: -9.3263 | BD64: 86.9795 | BE64: 3721
A65: 1776411002 | B65: XAUUSD | C65: M15 | D65: 4785.87 | E65: 4518.5928 | F65: 4596.0559 | G65: 4755.4035 | H65: 4792.7697 | Q65: 4800.7787 | R65: 4830.142 | S65: 4856.7307 | V65: 4765.8389 | W65: 4732.2739 | AB65: 4785.2155 | AC65: 4785.2052 | AD65: 1 | AE65: 63 | AF65: 611 | AG65: 4713.8471 | AH65: 4653.864 | AI65: 59.983 | AJ65: 3597.9651 | AK65: 63 | AL65: 62 | AM65: 4785.87 | AN65: 4800.7787 | AO65: -14.9087 | AP65: 222.2684 | AQ65: -0.076231 | AR65: 0.032323 | AS65: 63 | AT65: 611 | AU65: 4713.8471 | AV65: 4653.864 | AW65: 59.983 | AX65: 3597.9651 | AY65: 63 | AZ65: 62 | BA65: 4785.87 | BB65: 4800.7787 | BC65: -14.9087 | BD65: 222.2684 | BE65: 3844
A66: 1776411902 | B66: XAUUSD | C66: M15 | D66: 4784.38 | E66: 4518.5928 | F66: 4596.0559 | G66: 4755.4035 | H66: 4792.7697 | Q66: 4800.5111 | R66: 4829.8744 | S66: 4856.4631 | V66: 4765.5713 | W66: 4732.0063 | AA66: 4778.83 | AB66: 4786.3804 | AC66: 4785.7928 | AD66: 0 | AE66: 64 | AF66: 615 | AG66: 4714.2374 | AH66: 4652.7936 | AI66: 61.4438 | AJ66: 3775.343 | AK66: 64 | AL66: 63 | AM66: 4784.38 | AN66: 4800.5111 | AO66: -16.1311 | AP66: 260.2114 | AQ66: -0.096562 | AR66: 0.0443 | AS66: 64 | AT66: 615 | AU66: 4714.2374 | AV66: 4652.7936 | AW66: 61.4438 | AX66: 3775.343 | AY66: 64 | AZ66: 63 | BA66: 4784.38 | BB66: 4800.5111 | BC66: -16.1311 | BD66: 260.2114 | BE66: 3969
A67: 1776412802 | B67: XAUUSD | C67: M15 | D67: 4783.7 | E67: 4518.5928 | F67: 4596.0559 | G67: 4755.4035 | H67: 4792.7697 | Q67: 4800.2435 | R67: 4829.6068 | S67: 4856.1955 | V67: 4765.3037 | W67: 4731.7387 | AB67: 4788.0104 | AC67: 4786.9016 | AD67: 0 | AE67: 65 | AF67: 624 | AG67: 4704.1656 | AH67: 4650.3852 | AI67: 53.7804 | AJ67: 2892.3347 | AK67: 65 | AL67: 64 | AM67: 4783.7 | AN67: 4800.2435 | AO67: -16.5435 | AP67: 273.6864 | AQ67: -0.104159 | AR67: 0.049007 | AS67: 65 | AT67: 624 | AU67: 4704.1656 | AV67: 4650.3852 | AW67: 53.7804 | AX67: 2892.3347 | AY67: 65 | AZ67: 64 | BA67: 4783.7 | BB67: 4800.2435 | BC67: -16.5435 | BD67: 273.6864 | BE67: 4096
A68: 1776413702 | B68: XAUUSD | C68: M15 | D68: 4784.58 | E68: 4518.5928 | F68: 4596.0559 | G68: 4755.4035 | H68: 4792.7697 | Q68: 4799.9759 | R68: 4829.3392 | S68: 4855.9279 | V68: 4765.0361 | W68: 4731.4711 | AB68: 4789.9465 | AC68: 4788.424 | AD68: 0 | AE68: 66 | AF68: 630 | AG68: 4705.993 | AH68: 4648.7796 | AI68: 57.2135 | AJ68: 3273.3834 | AK68: 66 | AL68: 65 | AM68: 4784.58 | AN68: 4799.9759 | AO68: -15.3959 | AP68: 237.0325 | AQ68: -0.083951 | AR68: 0.03676 | AS68: 66 | AT68: 630 | AU68: 4705.993 | AV68: 4648.7796 | AW68: 57.2135 | AX68: 3273.3834 | AY68: 66 | AZ68: 65 | BA68: 4784.58 | BB68: 4799.9759 | BC68: -15.3959 | BD68: 237.0325 | BE68: 4225
A69: 1776414602 | B69: XAUUSD | C69: M15 | D69: 4797.03 | E69: 4518.5928 | F69: 4596.0559 | G69: 4755.4035 | H69: 4792.7697 | Q69: 4799.7083 | R69: 4829.0716 | S69: 4855.6603 | V69: 4764.7685 | W69: 4731.2035 | AB69: 4791.941 | AC69: 4790.1825 | AD69: 0 | AE69: 67 | AF69: 650 | AG69: 4674.7766 | AH69: 4643.4275 | AI69: 31.3491 | AJ69: 982.7667 | AK69: 67 | AL69: 66 | AM69: 4797.03 | AN69: 4799.7083 | AO69: -2.6783 | AP69: 7.1731 | AQ69: -0.000442 | AR69: 3.4e-05 | AS69: 67 | AT69: 650 | AU69: 4674.7766 | AV69: 4643.4275 | AW69: 31.3491 | AX69: 982.7667 | AY69: 67 | AZ69: 66 | BA69: 4797.03 | BB69: 4799.7083 | BC69: -2.6783 | BD69: 7.1731 | BE69: 4356
A70: 1776415502 | B70: XAUUSD | C70: M15 | D70: 4796.09 | E70: 4518.5928 | F70: 4596.0559 | G70: 4755.4035 | H70: 4792.7697 | Q70: 4799.4406 | R70: 4828.804 | S70: 4855.3927 | V70: 4764.5009 | W70: 4730.9359 | AB70: 4793.4619 | AC70: 4791.8222 | AD70: 0 | AE70: 68 | AF70: 659 | AG70: 4681.7926 | AH70: 4641.019 | AI70: 40.7735 | AJ70: 1662.4816 | AK70: 68 | AL70: 67 | AM70: 4796.09 | AN70: 4799.4406 | AO70: -3.3506 | AP70: 11.2269 | AQ70: -0.000865 | AR70: 8.2e-05 | AS70: 68 | AT70: 659 | AU70: 4681.7926 | AV70: 4641.019 | AW70: 40.7735 | AX70: 1662.4816 | AY70: 68 | AZ70: 67 | BA70: 4796.09 | BB70: 4799.4406 | BC70: -3.3506 | BD70: 11.2269 | BE70: 4489
A71: 1776416402 | B71: XAUUSD | C71: M15 | D71: 4793.1 | E71: 4518.5928 | F71: 4596.0559 | G71: 4755.4035 | H71: 4792.7697 | Q71: 4799.1731 | R71: 4828.5364 | S71: 4855.1251 | V71: 4764.2333 | W71: 4730.6683 | AB71: 4794.3959 | AC71: 4793.1091 | AD71: 0 | AE71: 69 | AF71: 664 | AG71: 4680.2319 | AH71: 4639.681 | AI71: 40.5509 | AJ71: 1644.3731 | AK71: 69 | AL71: 68 | AM71: 4793.1 | AN71: 4799.1731 | AO71: -6.073 | AP71: 36.8819 | AQ71: -0.005153 | AR71: 0.00089 | AS71: 69 | AT71: 664 | AU71: 4680.2319 | AV71: 4639.681 | AW71: 40.5509 | AX71: 1644.3731 | AY71: 69 | AZ71: 68 | BA71: 4793.1 | BB71: 4799.1731 | BC71: -6.073 | BD71: 36.8819 | BE71: 4624
A72: 1776417302 | B72: XAUUSD | C72: M15 | D72: 4795.93 | E72: 4518.5928 | F72: 4596.0559 | G72: 4755.4035 | H72: 4792.7697 | Q72: 4798.9054 | R72: 4828.2687 | S72: 4854.8575 | V72: 4763.9657 | W72: 4730.4007 | AB72: 4794.6896 | AC72: 4793.8993 | AD72: 0 | AE72: 70 | AF72: 678 | AG72: 4693.6994 | AH72: 4635.9345 | AI72: 57.7648 | AJ72: 3336.7756 | AK72: 70 | AL72: 69 | AM72: 4795.93 | AN72: 4798.9054 | AO72: -2.9754 | AP72: 8.8532 | AQ72: -0.000606 | AR72: 5.1e-05 | AS72: 70 | AT72: 678 | AU72: 4693.6994 | AV72: 4635.9345 | AW72: 57.7648 | AX72: 3336.7756 | AY72: 70 | AZ72: 69 | BA72: 4795.93 | BB72: 4798.9054 | BC72: -2.9754 | BD72: 8.8532 | BE72: 4761
A73: 1776418202 | B73: XAUUSD | C73: M15 | D73: 4794.67 | E73: 4518.5928 | F73: 4596.0559 | G73: 4755.4035 | H73: 4792.7697 | Q73: 4798.6378 | R73: 4828.0011 | S73: 4854.5899 | V73: 4763.6981 | W73: 4730.1331 | AB73: 4794.1798 | AC73: 4794.0396 | AD73: 0 | AE73: 71 | AF73: 689 | AG73: 4672.4743 | AH73: 4632.9909 | AI73: 39.4834 | AJ73: 1558.9397 | AK73: 71 | AL73: 70 | AM73: 4794.67 | AN73: 4798.6378 | AO73: -3.9678 | AP73: 15.7438 | AQ73: -0.001437 | AR73: 0.000162 | AS73: 71 | AT73: 689 | AU73: 4672.4743 | AV73: 4632.9909 | AW73: 39.4834 | AX73: 1558.9397 | AY73: 71 | AZ73: 70 | BA73: 4794.67 | BB73: 4798.6378 | BC73: -3.9678 | BD73: 15.7438 | BE73: 4900
A74: 1776419102 | B74: XAUUSD | C74: M15 | D74: 4790.39 | E74: 4518.5928 | F74: 4596.0559 | G74: 4755.4035 | H74: 4792.7697 | Q74: 4798.3702 | R74: 4827.7335 | S74: 4854.3223 | V74: 4763.4305 | W74: 4729.8655 | AB74: 4792.9258 | AC74: 4793.4827 | AD74: 1 | AE74: 72 | AF74: 692 | AG74: 4672.133 | AH74: 4632.1881 | AI74: 39.9449 | AJ74: 1595.5934 | AK74: 72 | AL74: 71 | AM74: 4790.39 | AN74: 4798.3702 | AO74: -7.9802 | AP74: 63.6842 | AQ74: -0.011691 | AR74: 0.002653 | AS74: 72 | AT74: 692 | AU74: 4672.133 | AV74: 4632.1881 | AW74: 39.9449 | AX74: 1595.5934 | AY74: 72 | AZ74: 71 | BA74: 4790.39 | BB74: 4798.3702 | BC74: -7.9802 | BD74: 63.6842 | BE74: 5041
A75: 1776420002 | B75: XAUUSD | C75: M15 | D75: 4791.33 | E75: 4518.5928 | F75: 4596.0559 | G75: 4755.4035 | H75: 4792.7697 | Q75: 4798.1026 | R75: 4827.4659 | S75: 4854.0547 | V75: 4763.1629 | W75: 4729.5979 | AB75: 4791.1914 | AC75: 4792.3371 | AD75: 0 | AE75: 73 | AF75: 727 | AG75: 4582.2172 | AH75: 4622.8219 | AI75: -40.6047 | AJ75: 1648.7433 | AK75: 73 | AL75: 72 | AM75: 4791.33 | AN75: 4798.1026 | AO75: -6.7726 | AP75: 45.8685 | AQ75: -0.007146 | AR75: 0.001377 | AS75: 73 | AT75: 727 | AU75: 4582.2172 | AV75: 4622.8219 | AW75: -40.6047 | AX75: 1648.7433 | AY75: 73 | AZ75: 72 | BA75: 4791.33 | BB75: 4798.1026 | BC75: -6.7726 | BD75: 45.8685 | BE75: 5184
A76: 1776420902 | B76: XAUUSD | C76: M15 | D76: 4789.59 | E76: 4518.5928 | F76: 4596.0559 | G76: 4755.4035 | H76: 4792.7697 | Q76: 4797.835 | R76: 4827.1983 | S76: 4853.7871 | V76: 4762.8953 | W76: 4729.3303 | AB76: 4789.2111 | AC76: 4790.7741 | AD76: 0 | AE76: 74 | AF76: 729 | AG76: 4581.4012 | AH76: 4622.2868 | AI76: -40.8855 | AJ76: 1671.6241 | AK76: 74 | AL76: 73 | AM76: 4789.59 | AN76: 4797.835 | AO76: -8.245 | AP76: 67.9805 | AQ76: -0.012894 | AR76: 0.003024 | AS76: 74 | AT76: 729 | AU76: 4581.4012 | AV76: 4622.2868 | AW76: -40.8855 | AX76: 1671.6241 | AY76: 74 | AZ76: 73 | BA76: 4789.59 | BB76: 4797.835 | BC76: -8.245 | BD76: 67.9805 | BE76: 5329
A77: 1776421802 | B77: XAUUSD | C77: M15 | D77: 4784.95 | E77: 4518.5928 | F77: 4596.0559 | G77: 4755.4035 | H77: 4792.7697 | Q77: 4797.5674 | R77: 4826.9307 | S77: 4853.5195 | V77: 4762.6277 | W77: 4729.0627 | AB77: 4787.4277 | AC77: 4789.1009 | AD77: 0 | AE77: 75 | AF77: 736 | AG77: 4572.3875 | AH77: 4620.4135 | AI77: -48.026 | AJ77: 2306.4996 | AK77: 75 | AL77: 74 | AM77: 4784.95 | AN77: 4797.5674 | AO77: -12.6174 | AP77: 159.1993 | AQ77: -0.046209 | AR77: 0.016582 | AS77: 75 | AT77: 736 | AU77: 4572.3875 | AV77: 4620.4135 | AW77: -48.026 | AX77: 2306.4996 | AY77: 75 | AZ77: 74 | BA77: 4784.95 | BB77: 4797.5674 | BC77: -12.6174 | BD77: 159.1993 | BE77: 5476
A78: 1776422702 | B78: XAUUSD | C78: M15 | D78: 4787.41 | E78: 4518.5928 | F78: 4596.0559 | G78: 4755.4035 | H78: 4792.7697 | Q78: 4797.2998 | R78: 4826.6631 | S78: 4853.2519 | V78: 4762.3601 | W78: 4728.795 | AB78: 4786.4673 | AC78: 4787.7841 | AD78: 0 | AE78: 76 | AF78: 755 | AG78: 4596.5934 | AH78: 4615.329 | AI78: -18.7356 | AJ78: 351.0246 | AK78: 76 | AL78: 75 | AM78: 4787.41 | AN78: 4797.2998 | AO78: -9.8898 | AP78: 97.8085 | AQ78: -0.022253 | AR78: 0.006259 | AS78: 76 | AT78: 755 | AU78: 4596.5934 | AV78: 4615.329 | AW78: -18.7356 | AX78: 351.0246 | AY78: 76 | AZ78: 75 | BA78: 4787.41 | BB78: 4797.2998 | BC78: -9.8898 | BD78: 97.8085 | BE78: 5625
... A86: 1776429902 | B86: XAUUSD | C86: M15 | D86: 4846.75 | E86: 4518.5928 | F86: 4596.0559 | G86: 4755.4035 | H86: 4792.7697 | Q86: 4795.159 | R86: 4824.5223 | S86: 4851.1111 | V86: 4760.2192 | W86: 4726.6542 | AB86: 4845.1534 | AC86: 4833.7514 | AD86: 0 | AE86: 84 | AF86: 835 | AG86: 4551.6611 | AH86: 4593.9207 | AI86: -42.2596 | AJ86: 1785.8746 | AK86: 84 | AL86: 83 | AM86: 4846.75 | AN86: 4795.159 | AO86: 51.591 | AP86: 2661.6323 | AQ86: 3.158913 | AR86: 4.635005 | AS86: 84 | AT86: 835 | AU86: 4551.6611 | AV86: 4593.9207 | AW86: -42.2596 | AX86: 1785.8746 | AY86: 84 | AZ86: 83 | BA86: 4846.75 | BB86: 4795.159 | BC86: 51.591 | BD86: 2661.6323 | BE86: 6889
A87: 1776430802 | B87: XAUUSD | C87: M15 | D87: 4883.6 | E87: 4518.5928 | F87: 4596.0559 | G87: 4755.4035 | H87: 4792.7697 | Q87: 4794.8914 | R87: 4824.2547 | S87: 4850.8435 | V87: 4759.9516 | W87: 4726.3866 | Z87: 4889.21 | AB87: 4856.031 | AC87: 4844.8912 | AD87: 0 | AE87: 85 | AF87: 843 | AG87: 4535.9611 | AH87: 4591.7799 | AI87: -55.8188 | AJ87: 3115.7329 | AK87: 85 | AL87: 84 | AM87: 4883.6 | AN87: 4794.8914 | AO87: 88.7086 | AP87: 7869.2193 | AQ87: 16.058799 | AR87: 40.515146 | AS87: 85 | AT87: 843 | AU87: 4535.9611 | AV87: 4591.7799 | AW87: -55.8188 | AX87: 3115.7329 | AY87: 85 | AZ87: 84 | BA87: 4883.6 | BB87: 4794.8914 | BC87: 88.7086 | BD87: 7869.2193 | BE87: 7056
A88: 1776431702 | B88: XAUUSD | C88: M15 | D88: 4851.59 | E88: 4518.5928 | F88: 4596.0559 | G88: 4755.4035 | H88: 4792.7697 | Q88: 4794.6238 | R88: 4823.9871 | S88: 4850.5759 | V88: 4759.684 | W88: 4726.119 | AB88: 4864.0206 | AC88: 4854.4559 | AD88: 0 | AE88: 86 | AF88: 869 | AG88: 4573.7037 | AH88: 4584.8222 | AI88: -11.1184 | AJ88: 123.6199 | AK88: 86 | AL88: 85 | AM88: 4851.59 | AN88: 4794.6238 | AO88: 56.9662 | AP88: 3245.1502 | AQ88: 4.25273 | AR88: 6.890071 | AS88: 86 | AT88: 869 | AU88: 4573.7037 | AV88: 4584.8222 | AW88: -11.1184 | AX88: 123.6199 | AY88: 86 | AZ88: 85 | BA88: 4851.59 | BB88: 4794.6238 | BC88: 56.9662 | BD88: 3245.1502 | BE88: 7225
A89: 1776432602 | B89: XAUUSD | C89: M15 | D89: 4864.42 | E89: 4518.5928 | F89: 4596.0559 | G89: 4755.4035 | H89: 4792.7697 | Q89: 4794.3562 | R89: 4823.7195 | S89: 4850.3082 | V89: 4759.4164 | W89: 4725.8514 | AB89: 4869.8075 | AC89: 4862.1317 | AD89: 0 | AE89: 87 | AF89: 880 | AG89: 4551.2341 | AH89: 4581.8785 | AI89: -30.6444 | AJ89: 939.0805 | AK89: 87 | AL89: 86 | AM89: 4864.42 | AN89: 4794.3562 | AO89: 70.0638 | AP89: 4908.9389 | AQ89: 7.912196 | AR89: 15.766285 | AS89: 87 | AT89: 880 | AU89: 4551.2341 | AV89: 4581.8785 | AW89: -30.6444 | AX89: 939.0805 | AY89: 87 | AZ89: 86 | BA89: 4864.42 | BB89: 4794.3562 | BC89: 70.0638 | BD89: 4908.9389 | BE89: 7396
A90: 1776433502 | B90: XAUUSD | C90: M15 | D90: 4880.26 | E90: 4518.5928 | F90: 4596.0559 | G90: 4755.4035 | H90: 4792.7697 | Q90: 4794.0886 | R90: 4823.4519 | S90: 4850.0406 | V90: 4759.1488 | W90: 4725.5838 | AB90: 4873.2327 | AC90: 4867.6822 | AD90: 0 | AE90: 88 | AF90: 906 | AG90: 4635.2304 | AH90: 4574.9208 | AI90: 60.3096 | AJ90: 3637.2442 | AK90: 88 | AL90: 87 | AM90: 4880.26 | AN90: 4794.0886 | AO90: 86.1714 | AP90: 7425.5153 | AQ90: 14.719921 | AR90: 36.075081 | AS90: 88 | AT90: 906 | AU90: 4635.2304 | AV90: 4574.9208 | AW90: 60.3096 | AX90: 3637.2442 | AY90: 88 | AZ90: 87 | BA90: 4880.26 | BB90: 4794.0886 | BC90: 86.1714 | BD90: 7425.5153 | BE90: 7569
A91: 1776434402 | B91: XAUUSD | C91: M15 | D91: 4867.03 | E91: 4518.5928 | F91: 4596.0559 | G91: 4755.4035 | H91: 4792.7697 | Q91: 4793.821 | R91: 4823.1843 | S91: 4849.773 | V91: 4758.8812 | W91: 4725.3162 | AB91: 4874.2234 | AC91: 4870.9528 | AD91: 0 | AE91: 89 | AF91: 928 | AG91: 4612.4703 | AH91: 4569.0335 | AI91: 43.4367 | AJ91: 1886.7495 | AK91: 89 | AL91: 88 | AM91: 4867.03 | AN91: 4793.821 | AO91: 73.209 | AP91: 5359.5621 | AQ91: 9.026295 | AR91: 18.793719 | AS91: 89 | AT91: 928 | AU91: 4612.4703 | AV91: 4569.0335 | AW91: 43.4367 | AX91: 1886.7495 | AY91: 89 | AZ91: 88 | BA91: 4867.03 | BB91: 4793.821 | BC91: 73.209 | BD91: 5359.5621 | BE91: 7744
A92: 1776435302 | B92: XAUUSD | C92: M15 | D92: 4871.43 | E92: 4518.5928 | F92: 4596.0559 | G92: 4755.4035 | H92: 4792.7697 | Q92: 4793.5534 | R92: 4822.9167 | S92: 4849.5054 | V92: 4758.6136 | W92: 4725.0486 | AB92: 4873.6899 | AC92: 4872.3214 | AD92: 0 | AE92: 90 | AF92: 936 | AG92: 4621.3179 | AH92: 4566.8927 | AI92: 54.4252 | AJ92: 2962.1024 | AK92: 90 | AL92: 89 | AM92: 4871.43 | AN92: 4793.5534 | AO92: 77.8766 | AP92: 6064.7711 | AQ92: 10.865187 | AR92: 24.064838 | AS92: 90 | AT92: 936 | AU92: 4621.3179 | AV92: 4566.8927 | AW92: 54.4252 | AX92: 2962.1024 | AY92: 90 | AZ92: 89 | BA92: 4871.43 | BB92: 4793.5534 | BC92: 77.8766 | BD92: 6064.7711 | BE92: 7921
A93: 1776436202 | B93: XAUUSD | C93: M15 | D93: 4877.31 | E93: 4518.5928 | F93: 4596.0559 | G93: 4755.4035 | H93: 4792.7697 | Q93: 4793.2858 | R93: 4822.6491 | S93: 4849.2378 | V93: 4758.346 | W93: 4724.781 | AB93: 4872.1414 | AC93: 4872.2314 | AD93: 1 | AE93: 91 | AF93: 941 | AG93: 4618.4207 | AH93: 4565.5547 | AI93: 52.866 | AJ93: 2794.8118 | AK93: 91 | AL93: 90 | AM93: 4877.31 | AN93: 4793.2858 | AO93: 84.0242 | AP93: 7060.0729 | AQ93: 13.646754 | AR93: 32.611628 | AS93: 91 | AT93: 941 | AU93: 4618.4207 | AV93: 4565.5547 | AW93: 52.866 | AX93: 2794.8118 | AY93: 91 | AZ93: 90 | BA93: 4877.31 | BB93: 4793.2858 | BC93: 84.0242 | BD93: 7060.0729 | BE93: 8100
A94: 1776437102 | B94: XAUUSD | C94: M15 | D94: 4873.15 | E94: 4518.5928 | F94: 4596.0559 | G94: 4755.4035 | H94: 4792.7697 | Q94: 4793.0181 | R94: 4822.3814 | S94: 4848.9702 | V94: 4758.0784 | W94: 4724.5134 | AB94: 4870.0355 | AC94: 4871.1334 | AD94: 0 | AE94: 92 | AF94: 949 | AG94: 4631.1862 | AH94: 4563.4138 | AI94: 67.7724 | AJ94: 4593.0955 | AK94: 92 | AL94: 91 | AM94: 4873.15 | AN94: 4793.0181 | AO94: 80.1318 | AP94: 6421.1134 | AQ94: 11.836712 | AR94: 26.975828 | AS94: 92 | AT94: 949 | AU94: 4631.1862 | AV94: 4563.4138 | AW94: 67.7724 | AX94: 4593.0955 | AY94: 92 | AZ94: 91 | BA94: 4873.15 | BB94: 4793.0181 | BC94: 80.1318 | BD94: 6421.1134 | BE94: 8281
A95: 1776438002 | B95: XAUUSD | C95: M15 | D95: 4867.01 | E95: 4518.5928 | F95: 4596.0559 | G95: 4755.4035 | H95: 4792.7697 | Q95: 4792.7505 | R95: 4822.1138 | S95: 4848.7026 | V95: 4757.8108 | W95: 4724.2458 | AB95: 4868.0127 | AC95: 4869.5731 | AD95: 0 | AE95: 93 | AF95: 958 | AG95: 4621.1766 | AH95: 4561.0054 | AI95: 60.1712 | AJ95: 3620.5769 | AK95: 93 | AL95: 92 | AM95: 4867.01 | AN95: 4792.7505 | AO95: 74.2595 | AP95: 5514.4659 | AQ95: 9.420431 | AR95: 19.895783 | AS95: 93 | AT95: 958 | AU95: 4621.1766 | AV95: 4561.0054 | AW95: 60.1712 | AX95: 3620.5769 | AY95: 93 | AZ95: 92 | BA95: 4867.01 | BB95: 4792.7505 | BC95: 74.2595 | BD95: 5514.4659 | BE95: 8464
A96: 1776438902 | B96: XAUUSD | C96: M15 | D96: 4865.86 | E96: 4518.5928 | F96: 4596.0559 | G96: 4755.4035 | H96: 4792.7697 | Q96: 4792.4829 | R96: 4821.8462 | S96: 4848.435 | V96: 4757.5432 | W96: 4723.9782 | AB96: 4866.6349 | AC96: 4868.104 | AD96: 0 | AE96: 94 | AF96: 965 | AG96: 4624.7019 | AH96: 4559.1322 | AI96: 65.5697 | AJ96: 4299.3842 | AK96: 94 | AL96: 93 | AM96: 4865.86 | AN96: 4792.4829 | AO96: 73.3771 | AP96: 5384.1915 | AQ96: 9.088586 | AR96: 18.966845 | AS96: 94 | AT96: 965 | AU96: 4624.7019 | AV96: 4559.1322 | AW96: 65.5697 | AX96: 4299.3842 | AY96: 94 | AZ96: 93 | BA96: 4865.86 | BB96: 4792.4829 | BC96: 73.3771 | BD96: 5384.1915 | BE96: 8649
A97: 1776439802 | B97: XAUUSD | C97: M15 | D97: 4858.58 | E97: 4518.5928 | F97: 4596.0559 | G97: 4755.4035 | H97: 4792.7697 | Q97: 4792.2153 | R97: 4821.5786 | S97: 4848.1674 | V97: 4757.2756 | W97: 4723.7106 | AB97: 4866.0424 | AC97: 4867.0732 | AD97: 0 | AE97: 95 | AF97: 992 | AG97: 4566.9336 | AH97: 4551.9069 | AI97: 15.0268 | AJ97: 225.8035 | AK97: 95 | AL97: 94 | AM97: 4858.58 | AN97: 4792.2153 | AO97: 66.3647 | AP97: 4404.2681 | AQ97: 6.723977 | AR97: 12.691168 | AS97: 95 | AT97: 992 | AU97: 4566.9336 | AV97: 4551.9069 | AW97: 15.0268 | AX97: 225.8035 | AY97: 95 | AZ97: 94 | BA97: 4858.58 | BB97: 4792.2153 | BC97: 66.3647 | BD97: 4404.2681 | BE97: 8836
A98: 1776440702 | B98: XAUUSD | C98: M15 | D98: 4867.57 | E98: 4518.5928 | F98: 4596.0559 | G98: 4755.4035 | H98: 4792.7697 | Q98: 4791.9477 | R98: 4821.311 | S98: 4847.8998 | V98: 4757.008 | W98: 4723.443 | AB98: 4866.2983 | AC98: 4866.6858 | AD98: 0 | AE98: 96 | AF98: 1016 | AG98: 4640.4135 | AH98: 4545.4844 | AI98: 94.9291 | AJ98: 9011.5321 | AK98: 96 | AL98: 95 | AM98: 4867.57 | AN98: 4791.9477 | AO98: 75.6223 | AP98: 5718.7262 | AQ98: 9.948659 | AR98: 21.396992 | AS98: 96 | AT98: 1016 | AU98: 4640.4135 | AV98: 4545.4844 | AW98: 94.9291 | AX98: 9011.5321 | AY98: 96 | AZ98: 95 | BA98: 4867.57 | BB98: 4791.9477 | BC98: 75.6223 | BD98: 5718.7262 | BE98: 9025
A99: 1776441602 | B99: XAUUSD | C99: M15 | D99: 4871.66 | E99: 4518.5928 | F99: 4596.0559 | G99: 4755.4035 | H99: 4792.7697 | Q99: 4791.6801 | R99: 4821.0434 | S99: 4847.6322 | V99: 4756.7404 | W99: 4723.1754 | AB99: 4866.7911 | AC99: 4866.7384 | AD99: 1 | AE99: 97 | AF99: 1034 | AG99: 4615.1934 | AH99: 4540.6675 | AI99: 74.5259 | AJ99: 5554.1142 | AK99: 97 | AL99: 96 | AM99: 4871.66 | AN99: 4791.6801 | AO99: 79.9799 | AP99: 6396.7796 | AQ99: 11.769491 | AR99: 26.771758 | AS99: 97 | AT99: 1034 | AU99: 4615.1934 | AV99: 4540.6675 | AW99: 74.5259 | AX99: 5554.1142 | AY99: 97 | AZ99: 96 | BA99: 4871.66 | BB99: 4791.6801 | BC99: 79.9799 | BD99: 6396.7796 | BE99: 9216
... A109: 1776450602 | B109: XAUUSD | C109: M15 | D109: 4862.4 | E109: 4518.5928 | F109: 4596.0559 | G109: 4755.4035 | H109: 4792.7697 | Q109: 4789.0041 | R109: 4818.3674 | S109: 4844.9562 | V109: 4754.0643 | W109: 4720.4993 | AB109: 4859.3727 | AC109: 4859.3691 | AD109: 1 | AE109: 107 | AF109: 1134 | AG109: 4519.4497 | AH109: 4513.9071 | AI109: 5.5426 | AJ109: 30.7201 | AK109: 107 | AL109: 106 | AM109: 4862.4 | AN109: 4789.0041 | AO109: 73.3959 | AP109: 5386.9596 | AQ109: 9.095596 | AR109: 18.986353 | AS109: 107 | AT109: 1134 | AU109: 4519.4497 | AV109: 4513.9071 | AW109: 5.5426 | AX109: 30.7201 | AY109: 107 | AZ109: 106 | BA109: 4862.4 | BB109: 4789.0041 | BC109: 73.3959 | BD109: 5386.9596 | BE109: 11236
A110: 1776451502 | B110: XAUUSD | C110: M15 | D110: 4858.16 | E110: 4518.5928 | F110: 4596.0559 | G110: 4755.4035 | H110: 4792.7697 | Q110: 4788.7365 | R110: 4818.0998 | S110: 4844.6886 | V110: 4753.7967 | W110: 4720.2317 | AB110: 4859.8986 | AC110: 4859.6338 | AD110: 0 | AK110: 108 | AL110: 107 | AM110: 4858.16 | AN110: 4788.7365 | AO110: 69.4235 | AP110: 4819.6237 | AQ110: 7.697245 | AR110: 15.197788 | AY110: 108 | AZ110: 107 | BA110: 4858.16 | BB110: 4788.7365 | BC110: 69.4235 | BD110: 4819.6237 | BE110: 11449
A111: 1776452402 | B111: XAUUSD | C111: M15 | D111: 4856.59 | E111: 4518.5928 | F111: 4596.0559 | G111: 4755.4035 | H111: 4792.7697 | Q111: 4788.4689 | R111: 4817.8322 | S111: 4844.4209 | V111: 4753.5291 | W111: 4719.9641 | AB111: 4860.1541 | AC111: 4859.894 | AD111: 0 | AK111: 109 | AL111: 108 | AM111: 4856.59 | AN111: 4788.4689 | AO111: 68.1211 | AP111: 4640.4856 | AQ111: 7.272115 | AR111: 14.089026 | AY111: 109 | AZ111: 108 | BA111: 4856.59 | BB111: 4788.4689 | BC111: 68.1211 | BD111: 4640.4856 | BE111: 11664
A112: 1776453302 | B112: XAUUSD | C112: M15 | D112: 4856.91 | E112: 4518.5928 | F112: 4596.0559 | G112: 4755.4035 | H112: 4792.7697 | Q112: 4788.2013 | R112: 4817.5646 | S112: 4844.1533 | V112: 4753.2615 | W112: 4719.6965 | AB112: 4859.671 | AC112: 4859.7825 | AD112: 1 | AK112: 110 | AL112: 109 | AM112: 4856.91 | AN112: 4788.2013 | AO112: 68.7087 | AP112: 4720.8882 | AQ112: 7.46193 | AR112: 14.581478 | AY112: 110 | AZ112: 109 | BA112: 4856.91 | BB112: 4788.2013 | BC112: 68.7087 | BD112: 4720.8882 | BE112: 11881
A113: 1776454202 | B113: XAUUSD | C113: M15 | D113: 4860.34 | E113: 4518.5928 | F113: 4596.0559 | G113: 4755.4035 | H113: 4792.7697 | Q113: 4787.9337 | R113: 4817.297 | S113: 4843.8858 | V113: 4752.9939 | W113: 4719.4289 | AB113: 4857.9269 | AC113: 4858.8547 | AD113: 0 | AK113: 111 | AL113: 110 | AM113: 4860.34 | AN113: 4787.9337 | AO113: 72.4063 | AP113: 5242.6752 | AQ113: 8.732629 | AR113: 17.982912 | AY113: 111 | AZ113: 110 | BA113: 4860.34 | BB113: 4787.9337 | BC113: 72.4063 | BD113: 5242.6752 | BE113: 12100
A114: 1776455102 | B114: XAUUSD | C114: M15 | D114: 4854.73 | E114: 4518.5928 | F114: 4596.0559 | G114: 4755.4035 | H114: 4792.7697 | Q114: 4787.6661 | R114: 4817.0294 | S114: 4843.6181 | V114: 4752.7263 | W114: 4719.1613 | AB114: 4854.3576 | AC114: 4856.6061 | AD114: 0 | AK114: 112 | AL114: 111 | AM114: 4854.73 | AN114: 4787.6661 | AO114: 67.0639 | AP114: 4497.5707 | AQ114: 6.938771 | AR114: 13.234578 | AY114: 112 | AZ114: 111 | BA114: 4854.73 | BB114: 4787.6661 | BC114: 67.0639 | BD114: 4497.5707 | BE114: 12321
A115: 1776456002 | B115: XAUUSD | C115: M15 | D115: 4845.91 | E115: 4518.5928 | F115: 4596.0559 | G115: 4755.4035 | H115: 4792.7697 | Q115: 4787.3985 | R115: 4816.7618 | S115: 4843.3505 | V115: 4752.4587 | W115: 4718.8937 | AB115: 4848.7513 | AC115: 4852.6787 | AD115: 0 | AK115: 113 | AL115: 112 | AM115: 4845.91 | AN115: 4787.3985 | AO115: 58.5115 | AP115: 3423.5991 | AQ115: 4.608292 | AR115: 7.668668 | AY115: 113 | AZ115: 112 | BA115: 4845.91 | BB115: 4787.3985 | BC115: 58.5115 | BD115: 3423.5991 | BE115: 12544
A116: 1776456902 | B116: XAUUSD | C116: M15 | D116: 4845.96 | E116: 4518.5928 | F116: 4596.0559 | G116: 4755.4035 | H116: 4792.7697 | Q116: 4787.1309 | R116: 4816.4942 | S116: 4843.0829 | V116: 4752.1911 | W116: 4718.6261 | AB116: 4841.1542 | AC116: 4846.9165 | AD116: 0 | AK116: 114 | AL116: 113 | AM116: 4845.96 | AN116: 4787.1309 | AO116: 58.8291 | AP116: 3460.8677 | AQ116: 4.683743 | AR116: 7.836536 | AY116: 114 | AZ116: 113 | BA116: 4845.96 | BB116: 4787.1309 | BC116: 58.8291 | BD116: 3460.8677 | BE116: 12769
A117: 1776457802 | B117: XAUUSD | C117: M15 | D117: 4835.81 | E117: 4518.5928 | F117: 4596.0559 | G117: 4755.4035 | H117: 4792.7697 | Q117: 4786.8633 | R117: 4816.2266 | S117: 4842.8153 | V117: 4751.9235 | W117: 4718.3585 | AB117: 4831.4755 | AC117: 4839.196 | AD117: 0 | AK117: 115 | AL117: 114 | AM117: 4835.81 | AN117: 4786.8633 | AO117: 48.9467 | AP117: 2395.7834 | AQ117: 2.697658 | AR117: 3.755339 | AY117: 115 | AZ117: 114 | BA117: 4835.81 | BB117: 4786.8633 | BC117: 48.9467 | BD117: 2395.7834 | BE117: 12996
A118: 1776458702 | B118: XAUUSD | C118: M15 | D118: 4833.02 | E118: 4518.5928 | F118: 4596.0559 | G118: 4755.4035 | H118: 4792.7697 | Q118: 4786.5957 | R118: 4815.959 | S118: 4842.5477 | V118: 4751.6559 | W118: 4718.0909 | AB118: 4820.0658 | AC118: 4829.6309 | AD118: 0 | AK118: 116 | AL118: 115 | AM118: 4833.02 | AN118: 4786.5957 | AO118: 46.4243 | AP118: 2155.2193 | AQ118: 2.301722 | AR118: 3.039045 | AY118: 116 | AZ118: 115 | BA118: 4833.02 | BB118: 4786.5957 | BC118: 46.4243 | BD118: 2155.2193 | BE118: 13225
A119: 1776636002 | B119: XAUUSD | C119: M15 | D119: 4790.21 | E119: 4518.5928 | F119: 4596.0559 | G119: 4755.4035 | H119: 4792.7697 | Q119: 4786.3281 | R119: 4815.6914 | S119: 4842.2801 | V119: 4751.3883 | W119: 4717.8233 | AB119: 4807.3939 | AC119: 4818.5124 | AD119: 0 | AK119: 117 | AL119: 116 | AM119: 4790.21 | AN119: 4786.3281 | AO119: 3.8819 | AP119: 15.0695 | AQ119: 0.001346 | AR119: 0.000149 | AY119: 117 | AZ119: 116 | BA119: 4790.21 | BB119: 4786.3281 | BC119: 3.8819 | BD119: 15.0695 | BE119: 13456
A120: 1776636902 | B120: XAUUSD | C120: M15 | D120: 4784.84 | E120: 4518.5928 | F120: 4596.0559 | G120: 4755.4035 | H120: 4792.7697 | Q120: 4786.0604 | R120: 4815.4237 | S120: 4842.0125 | V120: 4751.1207 | W120: 4717.5557 | AB120: 4795.0862 | AC120: 4806.7993 | AD120: 0 | AK120: 118 | AL120: 117 | AM120: 4784.84 | AN120: 4786.0604 | AO120: -1.2204 | AP120: 1.4895 | AQ120: -4.2e-05 | AR120: 1e-06 | AY120: 118 | AZ120: 117 | BA120: 4784.84 | BB120: 4786.0604 | BC120: -1.2204 | BD120: 1.4895 | BE120: 13689
A121: 1776637802 | B121: XAUUSD | C121: M15 | D121: 4780.29 | E121: 4518.5928 | F121: 4596.0559 | G121: 4755.4035 | H121: 4792.7697 | Q121: 4785.7928 | R121: 4815.1561 | S121: 4841.7449 | V121: 4750.8531 | W121: 4717.2881 | AB121: 4783.6802 | AC121: 4795.2397 | AD121: 0 | AK121: 119 | AL121: 118 | AM121: 4780.29 | AN121: 4785.7928 | AO121: -5.5028 | AP121: 30.2812 | AQ121: -0.003833 | AR121: 0.0006 | AY121: 119 | AZ121: 118 | BA121: 4780.29 | BB121: 4785.7928 | BC121: -5.5028 | BD121: 30.2812 | BE121: 13924
... A125: 1776641402 | B125: XAUUSD | C125: M15 | D125: 4752.06 | E125: 4518.5928 | F125: 4596.0559 | G125: 4755.4035 | H125: 4792.7697 | Q125: 4784.7224 | R125: 4814.0857 | S125: 4840.6745 | V125: 4749.7827 | W125: 4716.2177 | AB125: 4755.8322 | AC125: 4761.4909 | AD125: 0 | AK125: 123 | AL125: 122 | AM125: 4752.06 | AN125: 4784.7224 | AO125: -32.6624 | AP125: 1066.8343 | AQ125: -0.801606 | AR125: 0.744643 | AY125: 123 | AZ125: 122 | BA125: 4752.06 | BB125: 4784.7224 | BC125: -32.6624 | BD125: 1066.8343 | BE125: 14884
A126: 1776642302 | B126: XAUUSD | C126: M15 | D126: 4755.07 | E126: 4518.5928 | F126: 4596.0559 | G126: 4755.4035 | H126: 4792.7697 | Q126: 4784.4548 | R126: 4813.8181 | S126: 4840.4069 | V126: 4749.515 | W126: 4715.9501 | AA126: 4736.96 | AB126: 4755.5054 | AC126: 4758.4982 | AD126: 0 | AK126: 124 | AL126: 123 | AM126: 4755.07 | AN126: 4784.4548 | AO126: -29.3848 | AP126: 863.4676 | AQ126: -0.583693 | AR126: 0.487805 | AY126: 124 | AZ126: 123 | BA126: 4755.07 | BB126: 4784.4548 | BC126: -29.3848 | BD126: 863.4676 | BE126: 15129
A127: 1776643202 | B127: XAUUSD | C127: M15 | D127: 4752.17 | E127: 4518.5928 | F127: 4596.0559 | G127: 4755.4035 | H127: 4792.7697 | Q127: 4784.1872 | R127: 4813.5505 | S127: 4840.1393 | V127: 4749.2474 | W127: 4715.6825 | AB127: 4758.2689 | AC127: 4758.3835 | AD127: 0 | AK127: 125 | AL127: 124 | AM127: 4752.17 | AN127: 4784.1872 | AO127: -32.0172 | AP127: 1025.1024 | AQ127: -0.755034 | AR127: 0.687525 | AY127: 125 | AZ127: 124 | BA127: 4752.17 | BB127: 4784.1872 | BC127: -32.0172 | BD127: 1025.1024 | BE127: 15376
A128: 1776644102 | B128: XAUUSD | C128: M15 | D128: 4765.66 | E128: 4518.5928 | F128: 4596.0559 | G128: 4755.4035 | H128: 4792.7697 | Q128: 4783.9196 | R128: 4813.2829 | S128: 4839.8717 | V128: 4748.9798 | W128: 4715.4149 | AB128: 4763.9122 | AC128: 4761.1479 | AD128: 1 | AK128: 126 | AL128: 125 | AM128: 4765.66 | AN128: 4783.9196 | AO128: -18.2596 | AP128: 333.4137 | AQ128: -0.140052 | AR128: 0.072731 | AY128: 126 | AZ128: 125 | BA128: 4765.66 | BB128: 4783.9196 | BC128: -18.2596 | BD128: 333.4137 | BE128: 15625
A129: 1776645002 | B129: XAUUSD | C129: M15 | D129: 4764.3 | E129: 4518.5928 | F129: 4596.0559 | G129: 4755.4035 | H129: 4792.7697 | Q129: 4783.652 | R129: 4813.0153 | S129: 4839.6041 | V129: 4748.7122 | W129: 4715.1472 | AB129: 4771.4811 | AC129: 4766.3145 | AD129: 0 | AK129: 127 | AL129: 126 | AM129: 4764.3 | AN129: 4783.652 | AO129: -19.352 | AP129: 374.5003 | AQ129: -0.166722 | AR129: 0.091761 | AY129: 127 | AZ129: 126 | BA129: 4764.3 | BB129: 4783.652 | BC129: -19.352 | BD129: 374.5003 | BE129: 15876
A130: 1776645902 | B130: XAUUSD | C130: M15 | D130: 4772.93 | E130: 4518.5928 | F130: 4596.0559 | G130: 4755.4035 | H130: 4792.7697 | Q130: 4783.3844 | R130: 4812.7477 | S130: 4839.3365 | V130: 4748.4446 | W130: 4714.8796 | AB130: 4780.205 | AC130: 4773.2598 | AD130: 0 | AK130: 128 | AL130: 127 | AM130: 4772.93 | AN130: 4783.3844 | AO130: -10.4544 | AP130: 109.2947 | AQ130: -0.026285 | AR130: 0.007815 | AY130: 128 | AZ130: 127 | BA130: 4772.93 | BB130: 4783.3844 | BC130: -10.4544 | BD130: 109.2947 | BE130: 16129
A131: 1776646802 | B131: XAUUSD | C131: M15 | D131: 4793.92 | E131: 4518.5928 | F131: 4596.0559 | G131: 4755.4035 | H131: 4792.7697 | Q131: 4783.1168 | R131: 4812.4801 | S131: 4839.0689 | V131: 4748.177 | W131: 4714.612 | AB131: 4788.9433 | AC131: 4781.1015 | AD131: 0 | AK131: 129 | AL131: 128 | AM131: 4793.92 | AN131: 4783.1168 | AO131: 10.8032 | AP131: 116.7091 | AQ131: 0.029005 | AR131: 0.008912 | AY131: 129 | AZ131: 128 | BA131: 4793.92 | BB131: 4783.1168 | BC131: 10.8032 | BD131: 116.7091 | BE131: 16384
A132: 1776647702 | B132: XAUUSD | C132: M15 | D132: 4802.69 | E132: 4518.5928 | F132: 4596.0559 | G132: 4755.4035 | H132: 4792.7697 | Q132: 4782.8492 | R132: 4812.2125 | S132: 4838.8013 | V132: 4747.9094 | W132: 4714.3444 | AB132: 4796.2726 | AC132: 4788.6871 | AD132: 0 | AK132: 130 | AL132: 129 | AM132: 4802.69 | AN132: 4782.8492 | AO132: 19.8408 | AP132: 393.6573 | AQ132: 0.179677 | AR132: 0.101389 | AY132: 130 | AZ132: 129 | BA132: 4802.69 | BB132: 4782.8492 | BC132: 19.8408 | BD132: 393.6573 | BE132: 16641
A133: 1776648602 | B133: XAUUSD | C133: M15 | D133: 4807.2 | E133: 4518.5928 | F133: 4596.0559 | G133: 4755.4035 | H133: 4792.7697 | Q133: 4782.5816 | R133: 4811.9449 | S133: 4838.5337 | V133: 4747.6418 | W133: 4714.0768 | AB133: 4801.3629 | AC133: 4795.025 | AD133: 0 | AK133: 131 | AL133: 130 | AM133: 4807.2 | AN133: 4782.5816 | AO133: 24.6184 | AP133: 606.0656 | AQ133: 0.343238 | AR133: 0.240322 | AY133: 131 | AZ133: 130 | BA133: 4807.2 | BB133: 4782.5816 | BC133: 24.6184 | BD133: 606.0656 | BE133: 16900
A134: 1776649502 | B134: XAUUSD | C134: M15 | D134: 4807.6 | E134: 4518.5928 | F134: 4596.0559 | G134: 4755.4035 | H134: 4792.7697 | Q134: 4782.314 | R134: 4811.6773 | S134: 4838.2661 | V134: 4747.3742 | W134: 4713.8092 | AB134: 4803.9086 | AC134: 4799.4668 | AD134: 0 | AK134: 132 | AL134: 131 | AM134: 4807.6 | AN134: 4782.314 | AO134: 25.286 | AP134: 639.3823 | AQ134: 0.371926 | AR134: 0.26747 | AY134: 132 | AZ134: 131 | BA134: 4807.6 | BB134: 4782.314 | BC134: 25.286 | BD134: 639.3823 | BE134: 17161
A135: 1776650402 | B135: XAUUSD | C135: M15 | D135: 4800.99 | E135: 4518.5928 | F135: 4596.0559 | G135: 4755.4035 | H135: 4792.7697 | Q135: 4782.0464 | R135: 4811.4097 | S135: 4837.9985 | V135: 4747.1066 | W135: 4713.5416 | AB135: 4804.1205 | AC135: 4801.7936 | AD135: 0 | AK135: 133 | AL135: 132 | AM135: 4800.99 | AN135: 4782.0464 | AO135: 18.9436 | AP135: 358.8604 | AQ135: 0.156388 | AR135: 0.084257 | AY135: 133 | AZ135: 132 | BA135: 4800.99 | BB135: 4782.0464 | BC135: 18.9436 | BD135: 358.8604 | BE135: 17424
A136: 1776651302 | B136: XAUUSD | C136: M15 | D136: 4800.46 | E136: 4518.5928 | F136: 4596.0559 | G136: 4755.4035 | H136: 4792.7697 | Q136: 4781.7788 | R136: 4811.1421 | S136: 4837.7308 | V136: 4746.839 | W136: 4713.274 | AB136: 4802.6939 | AC136: 4802.2437 | AD136: 0 | AK136: 134 | AL136: 133 | AM136: 4800.46 | AN136: 4781.7788 | AO136: 18.6812 | AP136: 348.988 | AQ136: 0.149979 | AR136: 0.079685 | AY136: 134 | AZ136: 133 | BA136: 4800.46 | BB136: 4781.7788 | BC136: 18.6812 | BD136: 348.988 | BE136: 17689
A137: 1776652202 | B137: XAUUSD | C137: M15 | D137: 4796.33 | E137: 4518.5928 | F137: 4596.0559 | G137: 4755.4035 | H137: 4792.7697 | Q137: 4781.5112 | R137: 4810.8745 | S137: 4837.4632 | V137: 4746.5714 | W137: 4713.0064 | AB137: 4800.2768 | AC137: 4801.2603 | AD137: 1 | AK137: 135 | AL137: 134 | AM137: 4796.33 | AN137: 4781.5112 | AO137: 14.8188 | AP137: 219.5974 | AQ137: 0.074861 | AR137: 0.031551 | AY137: 135 | AZ137: 134 | BA137: 4796.33 | BB137: 4781.5112 | BC137: 14.8188 | BD137: 219.5974 | BE137: 17956
A138: 1776653102 | B138: XAUUSD | C138: M15 | D138: 4797.41 | E138: 4518.5928 | F138: 4596.0559 | G138: 4755.4035 | H138: 4792.7697 | Q138: 4781.2436 | R138: 4810.6069 | S138: 4837.1956 | V138: 4746.3038 | W138: 4712.7388 | AB138: 4797.6085 | AC138: 4799.4344 | AD138: 0 | AK138: 136 | AL138: 135 | AM138: 4797.41 | AN138: 4781.2436 | AO138: 16.1664 | AP138: 261.3535 | AQ138: 0.097198 | AR138: 0.04469 | AY138: 136 | AZ138: 135 | BA138: 4797.41 | BB138: 4781.2436 | BC138: 16.1664 | BD138: 261.3535 | BE138: 18225
... A148: 1776662102 | B148: XAUUSD | C148: M15 | D148: 4788.05 | E148: 4518.5928 | F148: 4596.0559 | G148: 4755.4035 | H148: 4792.7697 | Q148: 4778.5675 | R148: 4807.9308 | S148: 4834.5196 | V148: 4743.6278 | W148: 4710.0628 | AB148: 4787.2074 | AC148: 4787.9927 | AD148: 0 | AK148: 146 | AL148: 145 | AM148: 4788.05 | AN148: 4778.5675 | AO148: 9.4825 | AP148: 89.9172 | AQ148: 0.019615 | AR148: 0.00529 | AY148: 146 | AZ148: 145 | BA148: 4788.05 | BB148: 4778.5675 | BC148: 9.4825 | BD148: 89.9172 | BE148: 21025
A149: 1776663002 | B149: XAUUSD | C149: M15 | D149: 4780.97 | E149: 4518.5928 | F149: 4596.0559 | G149: 4755.4035 | H149: 4792.7697 | Q149: 4778.2999 | R149: 4807.6632 | S149: 4834.252 | V149: 4743.3602 | W149: 4709.7952 | AA149: 4779.8 | AB149: 4786.9206 | AC149: 4787.4567 | AD149: 0 | AK149: 147 | AL149: 146 | AM149: 4780.97 | AN149: 4778.2999 | AO149: 2.6701 | AP149: 7.1293 | AQ149: 0.000438 | AR149: 3.3e-05 | AY149: 147 | AZ149: 146 | BA149: 4780.97 | BB149: 4778.2999 | BC149: 2.6701 | BD149: 7.1293 | BE149: 21316
A150: 1776663902 | B150: XAUUSD | C150: M15 | D150: 4790.87 | E150: 4518.5928 | F150: 4596.0559 | G150: 4755.4035 | H150: 4792.7697 | Q150: 4778.0323 | R150: 4807.3956 | S150: 4833.9844 | V150: 4743.0926 | W150: 4709.5276 | AB150: 4787.4344 | AC150: 4787.4456 | AD150: 0 | AK150: 148 | AL150: 147 | AM150: 4790.87 | AN150: 4778.0323 | AO150: 12.8377 | AP150: 164.8058 | AQ150: 0.048671 | AR150: 0.01777 | AY150: 148 | AZ150: 147 | BA150: 4790.87 | BB150: 4778.0323 | BC150: 12.8377 | BD150: 164.8058 | BE150: 21609
A151: 1776664802 | B151: XAUUSD | C151: M15 | D151: 4790.56 | E151: 4518.5928 | F151: 4596.0559 | G151: 4755.4035 | H151: 4792.7697 | Q151: 4777.7647 | R151: 4807.128 | S151: 4833.7168 | V151: 4742.825 | W151: 4709.26 | AB151: 4788.4819 | AC151: 4787.9637 | AD151: 1 | AK151: 149 | AL151: 148 | AM151: 4790.56 | AN151: 4777.7647 | AO151: 12.7953 | AP151: 163.7192 | AQ151: 0.048191 | AR151: 0.017537 | AY151: 149 | AZ151: 148 | BA151: 4790.56 | BB151: 4777.7647 | BC151: 12.7953 | BD151: 163.7192 | BE151: 21904
A152: 1776665702 | B152: XAUUSD | C152: M15 | D152: 4786.12 | E152: 4518.5928 | F152: 4596.0559 | G152: 4755.4035 | H152: 4792.7697 | Q152: 4777.4971 | R152: 4806.8604 | S152: 4833.4492 | V152: 4742.5574 | W152: 4708.9924 | AB152: 4789.9534 | AC152: 4788.9586 | AD152: 0 | AK152: 150 | AL152: 149 | AM152: 4786.12 | AN152: 4777.4971 | AO152: 8.6229 | AP152: 74.3541 | AQ152: 0.014749 | AR152: 0.003617 | AY152: 150 | AZ152: 149 | BA152: 4786.12 | BB152: 4777.4971 | BC152: 8.6229 | BD152: 74.3541 | BE152: 22201
A153: 1776666602 | B153: XAUUSD | C153: M15 | D153: 4790.24 | E153: 4518.5928 | F153: 4596.0559 | G153: 4755.4035 | H153: 4792.7697 | Q153: 4777.2295 | R153: 4806.5928 | S153: 4833.1816 | V153: 4742.2897 | W153: 4708.7248 | AB153: 4791.7389 | AC153: 4790.3487 | AD153: 0 | AK153: 151 | AL153: 150 | AM153: 4790.24 | AN153: 4777.2295 | AO153: 13.0105 | AP153: 169.2729 | AQ153: 0.050664 | AR153: 0.018747 | AY153: 151 | AZ153: 150 | BA153: 4790.24 | BB153: 4777.2295 | BC153: 13.0105 | BD153: 169.2729 | BE153: 22500
...

Sheet Data Export2 Refine
A1: MQL DATA EXPORT | AE1: Jarque-Bera Test and White's Test
A2: timestamp | B2: symbol | C2: timeframe | D2: close | E2: CEN_0 | F2: CEN_1 | G2: CEN_2 | H2: CEN_3 | I2: CEN_4 | J2: CEN_5 | K2: CEN_6 | L2: CEN_7 | M2: CEN_8 | N2: CEN_9 | O2: CEN_10 | P2: CEN_11 | Q2: Base_FL | R2: EDT_1 | S2: EDT_2 | T2: EDT_3 | U2: EDT_4 | V2: EDT_5 | W2: EDT_6 | X2: EDT_7 | Y2: EDT_8 | Z2: horiz_high_map | AA2: horiz_low_map | AB2: ssa | AC2: ema_ssa | AD2: crossing | AE2: i | AF2: Bar Index | AG2: eᵢ | AH2: eᵢ² | AI2: (eᵢ/σ)³ | AJ2: (eᵢ/σ)⁴ | AK2: X² | AL2: SSA Last Cross | AM2: SSA Cross Dist
A3: 1776351602 | B3: XAUUSD | C3: M15 | D3: 4806.71 | E3: 4518.5928 | F3: 4596.0559 | G3: 4755.4035 | H3: 4792.7697 | Q3: 4817.3701 | R3: 4846.7334 | S3: 4873.3222 | V3: 4782.4304 | W3: 4748.8654 | AB3: 4798.9749 | AC3: 4798.2946 | AD3: 1 | AE3: 1 | AF3: 0 | AG3: =D3-Q3 -> -10.66013 | AH3: =AG3^2 -> 113.63837 | AI3: =(AG3/STDEV($AG$3:$AG$1137))^3 -> -0.027867826 | AJ3: =(AG3/STDEV($AG$3:$AG$1137))^4 -> 0.0084489768 | AK3: =AF3^2 -> 0 | AL3: =IF(AD3=1,AB3,"") -> 4798.9749 | AM3: ""
A4: 1776352502 | B4: XAUUSD | C4: M15 | D4: 4802.1 | E4: 4518.5928 | F4: 4596.0559 | G4: 4755.4035 | H4: 4792.7697 | Q4: 4817.1025 | R4: 4846.4658 | S4: 4873.0546 | V4: 4782.1628 | W4: 4748.5978 | AB4: 4800.8624 | AC4: 4799.5785 | AD4: 0 | AE4: =AE3+1 -> 2 | AF4: =AF3+1 -> 1 | AG4: =D4-Q4 -> -15.00252 | AH4: =AG4^2 -> 225.07561 | AI4: =(AG4/STDEV($AG$3:$AG$1137))^3 -> -0.077679823 | AJ4: =(AG4/STDEV($AG$3:$AG$1137))^4 -> 0.033144462 | AK4: =AF4^2 -> 1 | AL4: =IF(AD4=1,AB4,IF(AL3<>"",AL3,"")) -> 4798.9749 | AM4: =IF(AND(AD4=1,AL3<>""),ABS(AB4-AL3),"")
A5: 1776353402 | B5: XAUUSD | C5: M15 | D5: 4802.98 | E5: 4518.5928 | F5: 4596.0559 | G5: 4755.4035 | H5: 4792.7697 | Q5: 4816.8349 | R5: 4846.1982 | S5: 4872.787 | V5: 4781.8952 | W5: 4748.3301 | AB5: 4802.265 | AC5: 4800.9218 | AD5: 0 | AE5: =AE4+1 -> 3 | AF5: =AF4+1 -> 2 | AG5: =D5-Q5 -> -13.85492 | AH5: =AG5^2 -> 191.95881 | AI5: =(AG5/STDEV($AG$3:$AG$1137))^3 -> -0.061182561 | AJ5: =(AG5/STDEV($AG$3:$AG$1137))^4 -> 0.024108501 | AK5: =AF5^2 -> 4 | AL5: =IF(AD5=1,AB5,IF(AL4<>"",AL4,"")) -> 4798.9749 | AM5: =IF(AND(AD5=1,AL4<>""),ABS(AB5-AL4),"")
A6: 1776354302 | B6: XAUUSD | C6: M15 | D6: 4807.09 | E6: 4518.5928 | F6: 4596.0559 | G6: 4755.4035 | H6: 4792.7697 | Q6: 4816.5673 | R6: 4845.9306 | S6: 4872.5194 | V6: 4781.6275 | W6: 4748.0625 | AB6: 4802.689 | AC6: 4801.8054 | AD6: 0 | AE6: =AE5+1 -> 4 | AF6: =AF5+1 -> 3 | AG6: =D6-Q6 -> -9.47731 | AH6: =AG6^2 -> 89.819405 | AI6: =(AG6/STDEV($AG$3:$AG$1137))^3 -> -0.019582622 | AJ6: =(AG6/STDEV($AG$3:$AG$1137))^4 -> 0.0052783047 | AK6: =AF6^2 -> 9 | AL6: =IF(AD6=1,AB6,IF(AL5<>"",AL5,"")) -> 4798.9749 | AM6: =IF(AND(AD6=1,AL5<>""),ABS(AB6-AL5),"")
A7: 1776355202 | B7: XAUUSD | C7: M15 | D7: 4805.02 | E7: 4518.5928 | F7: 4596.0559 | G7: 4755.4035 | H7: 4792.7697 | Q7: 4816.2997 | R7: 4845.663 | S7: 4872.2518 | V7: 4781.3599 | W7: 4747.7949 | AB7: 4801.7586 | AC7: 4801.782 | AD7: 1 | AE7: =AE6+1 -> 5 | AF7: =AF6+1 -> 4 | AG7: =D7-Q7 -> -11.27971 | AH7: =AG7^2 -> 127.23186 | AI7: =(AG7/STDEV($AG$3:$AG$1137))^3 -> -0.033014854 | AJ7: =(AG7/STDEV($AG$3:$AG$1137))^4 -> 0.010591217 | AK7: =AF7^2 -> 16 | AL7: =IF(AD7=1,AB7,IF(AL6<>"",AL6,"")) -> 4801.7586 | AM7: =IF(AND(AD7=1,AL6<>""),ABS(AB7-AL6),"") -> 2.78366
A8: 1776356102 | B8: XAUUSD | C8: M15 | D8: 4799.31 | E8: 4518.5928 | F8: 4596.0559 | G8: 4755.4035 | H8: 4792.7697 | Q8: 4816.0321 | R8: 4845.3954 | S8: 4871.9842 | V8: 4781.0923 | W8: 4747.5273 | AB8: 4799.5437 | AC8: 4800.6628 | AD8: 0 | AE8: =AE7+1 -> 6 | AF8: =AF7+1 -> 5 | AG8: =D8-Q8 -> -16.72211 | AH8: =AG8^2 -> 279.62896 | AI8: =(AG8/STDEV($AG$3:$AG$1137))^3 -> -0.10756942 | AJ8: =(AG8/STDEV($AG$3:$AG$1137))^4 -> 0.051158572 | AK8: =AF8^2 -> 25 | AL8: =IF(AD8=1,AB8,IF(AL7<>"",AL7,"")) -> 4801.7586 | AM8: =IF(AND(AD8=1,AL7<>""),ABS(AB8-AL7),"")
A9: 1776357002 | B9: XAUUSD | C9: M15 | D9: 4790.11 | E9: 4518.5928 | F9: 4596.0559 | G9: 4755.4035 | H9: 4792.7697 | Q9: 4815.7645 | R9: 4845.1278 | S9: 4871.7166 | V9: 4780.8247 | W9: 4747.2597 | AB9: 4796.4861 | AC9: 4798.5745 | AD9: 0 | AE9: =AE8+1 -> 7 | AF9: =AF8+1 -> 6 | AG9: =D9-Q9 -> -25.6545 | AH9: =AG9^2 -> 658.15337 | AI9: =(AG9/STDEV($AG$3:$AG$1137))^3 -> -0.38842417 | AJ9: =(AG9/STDEV($AG$3:$AG$1137))^4 -> 0.28340554 | AK9: =AF9^2 -> 36 | AL9: =IF(AD9=1,AB9,IF(AL8<>"",AL8,"")) -> 4801.7586 | AM9: =IF(AND(AD9=1,AL8<>""),ABS(AB9-AL8),"")
A10: 1776357902 | B10: XAUUSD | C10: M15 | D10: 4791.99 | E10: 4518.5928 | F10: 4596.0559 | G10: 4755.4035 | H10: 4792.7697 | Q10: 4815.4969 | R10: 4844.8602 | S10: 4871.449 | V10: 4780.5571 | W10: 4746.9921 | AB10: 4793.2914 | AC10: 4795.9329 | AD10: 0 | AE10: =AE9+1 -> 8 | AF10: =AF9+1 -> 7 | AG10: =D10-Q10 -> -23.5069 | AH10: =AG10^2 -> 552.57435 | AI10: =(AG10/STDEV($AG$3:$AG$1137))^3 -> -0.2988145 | AJ10: =(AG10/STDEV($AG$3:$AG$1137))^4 -> 0.19977243 | AK10: =AF10^2 -> 49 | AL10: =IF(AD10=1,AB10,IF(AL9<>"",AL9,"")) -> 4801.7586 | AM10: =IF(AND(AD10=1,AL9<>""),ABS(AB10-AL9),"")
A11: 1776358802 | B11: XAUUSD | C11: M15 | D11: 4791.41 | E11: 4518.5928 | F11: 4596.0559 | G11: 4755.4035 | H11: 4792.7697 | Q11: 4815.2293 | R11: 4844.5926 | S11: 4871.1814 | V11: 4780.2895 | W11: 4746.7245 | AB11: 4790.3715 | AC11: 4793.1522 | AD11: 0 | AE11: =AE10+1 -> 9 | AF11: =AF10+1 -> 8 | AG11: =D11-Q11 -> -23.81929 | AH11: =AG11^2 -> 567.35858 | AI11: =(AG11/STDEV($AG$3:$AG$1137))^3 -> -0.31088661 | AJ11: =(AG11/STDEV($AG$3:$AG$1137))^4 -> 0.21060533 | AK11: =AF11^2 -> 64 | AL11: =IF(AD11=1,AB11,IF(AL10<>"",AL10,"")) -> 4801.7586 | AM11: =IF(AND(AD11=1,AL10<>""),ABS(AB11-AL10),"")
A12: 1776359702 | B12: XAUUSD | C12: M15 | D12: 4785.04 | E12: 4518.5928 | F12: 4596.0559 | G12: 4755.4035 | H12: 4792.7697 | Q12: 4814.9617 | R12: 4844.325 | S12: 4870.9138 | V12: 4780.0219 | W12: 4746.4569 | AB12: 4788.0806 | AC12: 4790.6164 | AD12: 0 | AE12: =AE11+1 -> 10 | AF12: =AF11+1 -> 9 | AG12: =D12-Q12 -> -29.92169 | AH12: =AG12^2 -> 895.30753 | AI12: =(AG12/STDEV($AG$3:$AG$1137))^3 -> -0.61627414 | AJ12: =(AG12/STDEV($AG$3:$AG$1137))^4 -> 0.52444336 | AK12: =AF12^2 -> 81 | AL12: =IF(AD12=1,AB12,IF(AL11<>"",AL11,"")) -> 4801.7586 | AM12: =IF(AND(AD12=1,AL11<>""),ABS(AB12-AL11),"")
A13: 1776360602 | B13: XAUUSD | C13: M15 | D13: 4787.16 | E13: 4518.5928 | F13: 4596.0559 | G13: 4755.4035 | H13: 4792.7697 | Q13: 4814.6941 | R13: 4844.0574 | S13: 4870.6462 | V13: 4779.7543 | W13: 4746.1893 | AB13: 4786.7966 | AC13: 4788.7065 | AD13: 0 | AE13: =AE12+1 -> 11 | AF13: =AF12+1 -> 10 | AG13: =D13-Q13 -> -27.53409 | AH13: =AG13^2 -> 758.12611 | AI13: =(AG13/STDEV($AG$3:$AG$1137))^3 -> -0.4802062 | AJ13: =(AG13/STDEV($AG$3:$AG$1137))^4 -> 0.37604258 | AK13: =AF13^2 -> 100 | AL13: =IF(AD13=1,AB13,IF(AL12<>"",AL12,"")) -> 4801.7586 | AM13: =IF(AND(AD13=1,AL12<>""),ABS(AB13-AL12),"")
A14: 1776361502 | B14: XAUUSD | C14: M15 | D14: 4789.22 | E14: 4518.5928 | F14: 4596.0559 | G14: 4755.4035 | H14: 4792.7697 | Q14: 4814.4265 | R14: 4843.7898 | S14: 4870.3786 | V14: 4779.4867 | W14: 4745.9217 | AB14: 4786.5161 | AC14: 4787.6113 | AD14: 0 | AE14: =AE13+1 -> 12 | AF14: =AF13+1 -> 11 | AG14: =D14-Q14 -> -25.20648 | AH14: =AG14^2 -> 635.36663 | AI14: =(AG14/STDEV($AG$3:$AG$1137))^3 -> -0.36842763 | AJ14: =(AG14/STDEV($AG$3:$AG$1137))^4 -> 0.26412099 | AK14: =AF14^2 -> 121 | AL14: =IF(AD14=1,AB14,IF(AL13<>"",AL13,"")) -> 4801.7586 | AM14: =IF(AND(AD14=1,AL13<>""),ABS(AB14-AL13),"")
A15: 1776362402 | B15: XAUUSD | C15: M15 | D15: 4790.1 | E15: 4518.5928 | F15: 4596.0559 | G15: 4755.4035 | H15: 4792.7697 | Q15: 4814.1589 | R15: 4843.5222 | S15: 4870.111 | V15: 4779.2191 | W15: 4745.6541 | AB15: 4787.0676 | AC15: 4787.3395 | AD15: 0 | AE15: =AE14+1 -> 13 | AF15: =AF14+1 -> 12 | AG15: =D15-Q15 -> -24.05888 | AH15: =AG15^2 -> 578.82971 | AI15: =(AG15/STDEV($AG$3:$AG$1137))^3 -> -0.32036259 | AJ15: =(AG15/STDEV($AG$3:$AG$1137))^4 -> 0.21920767 | AK15: =AF15^2 -> 144 | AL15: =IF(AD15=1,AB15,IF(AL14<>"",AL14,"")) -> 4801.7586 | AM15: =IF(AND(AD15=1,AL14<>""),ABS(AB15-AL14),"")
... A40: 1776388502 | B40: XAUUSD | C40: M15 | D40: 4769.01 | E40: 4518.5928 | F40: 4596.0559 | G40: 4755.4035 | H40: 4792.7697 | Q40: 4807.4688 | R40: 4836.8321 | S40: 4863.4209 | V40: 4772.529 | W40: 4738.964 | AB40: 4783.176 | AC40: 4784.8672 | AD40: 0 | AE40: =AE39+1 -> 38 | AF40: =AF39+1 -> 37 | AG40: =D40-Q40 -> -38.45878 | AH40: =AG40^2 -> 1479.0778 | AI40: =(AG40/STDEV($AG$3:$AG$1137))^3 -> -1.3085855 | AJ40: =(AG40/STDEV($AG$3:$AG$1137))^4 -> 1.431318 | AK40: =AF40^2 -> 1369 | AL40: =IF(AD40=1,AB40,IF(AL39<>"",AL39,"")) -> 4794.635 | AM40: =IF(AND(AD40=1,AL39<>""),ABS(AB40-AL39),"")
A41: 1776389402 | B41: XAUUSD | C41: M15 | D41: 4777.87 | E41: 4518.5928 | F41: 4596.0559 | G41: 4755.4035 | H41: 4792.7697 | Q41: 4807.2012 | R41: 4836.5645 | S41: 4863.1532 | V41: 4772.2614 | W41: 4738.6964 | AA41: 4768.07 | AB41: 4783.2232 | AC41: 4784.0452 | AD41: 0 | AE41: =AE40+1 -> 39 | AF41: =AF40+1 -> 38 | AG41: =D41-Q41 -> -29.33117 | AH41: =AG41^2 -> 860.31753 | AI41: =(AG41/STDEV($AG$3:$AG$1137))^3 -> -0.58050203 | AJ41: =(AG41/STDEV($AG$3:$AG$1137))^4 -> 0.48425227 | AK41: =AF41^2 -> 1444 | AL41: =IF(AD41=1,AB41,IF(AL40<>"",AL40,"")) -> 4794.635 | AM41: =IF(AND(AD41=1,AL40<>""),ABS(AB41-AL40),"")
A42: 1776390302 | B42: XAUUSD | C42: M15 | D42: 4789.48 | E42: 4518.5928 | F42: 4596.0559 | G42: 4755.4035 | H42: 4792.7697 | Q42: 4806.9336 | R42: 4836.2969 | S42: 4862.8856 | V42: 4771.9938 | W42: 4738.4288 | AB42: 4784.2445 | AC42: 4784.1449 | AD42: 1 | AE42: =AE41+1 -> 40 | AF42: =AF41+1 -> 39 | AG42: =D42-Q42 -> -17.45357 | AH42: =AG42^2 -> 304.62711 | AI42: =(AG42/STDEV($AG$3:$AG$1137))^3 -> -0.12231181 | AJ42: =(AG42/STDEV($AG$3:$AG$1137))^4 -> 0.060714329 | AK42: =AF42^2 -> 1521 | AL42: =IF(AD42=1,AB42,IF(AL41<>"",AL41,"")) -> 4784.2445 | AM42: =IF(AND(AD42=1,AL41<>""),ABS(AB42-AL41),"") -> 10.39047
A43: 1776391202 | B43: XAUUSD | C43: M15 | D43: 4791.35 | E43: 4518.5928 | F43: 4596.0559 | G43: 4755.4035 | H43: 4792.7697 | Q43: 4806.666 | R43: 4836.0293 | S43: 4862.618 | V43: 4771.7262 | W43: 4738.1612 | AB43: 4785.6992 | AC43: 4784.9221 | AD43: 0 | AE43: =AE42+1 -> 41 | AF43: =AF42+1 -> 40 | AG43: =D43-Q43 -> -15.31596 | AH43: =AG43^2 -> 234.57863 | AI43: =(AG43/STDEV($AG$3:$AG$1137))^3 -> -0.082651027 | AJ43: =(AG43/STDEV($AG$3:$AG$1137))^4 -> 0.036002363 | AK43: =AF43^2 -> 1600 | AL43: =IF(AD43=1,AB43,IF(AL42<>"",AL42,"")) -> 4784.2445 | AM43: =IF(AND(AD43=1,AL42<>""),ABS(AB43-AL42),"")
A44: 1776392102 | B44: XAUUSD | C44: M15 | D44: 4788.86 | E44: 4518.5928 | F44: 4596.0559 | G44: 4755.4035 | H44: 4792.7697 | Q44: 4806.3984 | R44: 4835.7617 | S44: 4862.3504 | V44: 4771.4586 | W44: 4737.8936 | AB44: 4787.2894 | AC44: 4786.1057 | AD44: 0 | AE44: =AE43+1 -> 42 | AF44: =AF43+1 -> 41 | AG44: =D44-Q44 -> -17.53836 | AH44: =AG44^2 -> 307.59407 | AI44: =(AG44/STDEV($AG$3:$AG$1137))^3 -> -0.12410307 | AJ44: =(AG44/STDEV($AG$3:$AG$1137))^4 -> 0.061902763 | AK44: =AF44^2 -> 1681 | AL44: =IF(AD44=1,AB44,IF(AL43<>"",AL43,"")) -> 4784.2445 | AM44: =IF(AND(AD44=1,AL43<>""),ABS(AB44-AL43),"")
A45: 1776393002 | B45: XAUUSD | C45: M15 | D45: 4791.57 | E45: 4518.5928 | F45: 4596.0559 | G45: 4755.4035 | H45: 4792.7697 | Q45: 4806.1308 | R45: 4835.4941 | S45: 4862.0828 | V45: 4771.191 | W45: 4737.626 | AB45: 4788.9024 | AC45: 4787.5041 | AD45: 0 | AE45: =AE44+1 -> 43 | AF45: =AF44+1 -> 42 | AG45: =D45-Q45 -> -14.56075 | AH45: =AG45^2 -> 212.01544 | AI45: =(AG45/STDEV($AG$3:$AG$1137))^3 -> -0.071017736 | AJ45: =(AG45/STDEV($AG$3:$AG$1137))^4 -> 0.029409598 | AK45: =AF45^2 -> 1764 | AL45: =IF(AD45=1,AB45,IF(AL44<>"",AL44,"")) -> 4784.2445 | AM45: =IF(AND(AD45=1,AL44<>""),ABS(AB45-AL44),"")
A46: 1776393902 | B46: XAUUSD | C46: M15 | D46: 4784.81 | E46: 4518.5928 | F46: 4596.0559 | G46: 4755.4035 | H46: 4792.7697 | Q46: 4805.8632 | R46: 4835.2265 | S46: 4861.8152 | V46: 4770.9234 | W46: 4737.3584 | AB46: 4790.3727 | AC46: 4788.9384 | AD46: 0 | AE46: =AE45+1 -> 44 | AF46: =AF45+1 -> 43 | AG46: =D46-Q46 -> -21.05315 | AH46: =AG46^2 -> 443.23512 | AI46: =(AG46/STDEV($AG$3:$AG$1137))^3 -> -0.21466777 | AJ46: =(AG46/STDEV($AG$3:$AG$1137))^4 -> 0.12853531 | AK46: =AF46^2 -> 1849 | AL46: =IF(AD46=1,AB46,IF(AL45<>"",AL45,"")) -> 4784.2445 | AM46: =IF(AND(AD46=1,AL45<>""),ABS(AB46-AL45),"")
A47: 1776394802 | B47: XAUUSD | C47: M15 | D47: 4795.86 | E47: 4518.5928 | F47: 4596.0559 | G47: 4755.4035 | H47: 4792.7697 | Q47: 4805.5956 | R47: 4834.9588 | S47: 4861.5476 | V47: 4770.6558 | W47: 4737.0908 | AB47: 4791.8981 | AC47: 4790.4182 | AD47: 0 | AE47: =AE46+1 -> 45 | AF47: =AF46+1 -> 44 | AG47: =D47-Q47 -> -9.73555 | AH47: =AG47^2 -> 94.780934 | AI47: =(AG47/STDEV($AG$3:$AG$1137))^3 -> -0.021227412 | AJ47: =(AG47/STDEV($AG$3:$AG$1137))^4 -> 0.0058775466 | AK47: =AF47^2 -> 1936 | AL47: =IF(AD47=1,AB47,IF(AL46<>"",AL46,"")) -> 4784.2445 | AM47: =IF(AND(AD47=1,AL46<>""),ABS(AB47-AL46),"")
A48: 1776395702 | B48: XAUUSD | C48: M15 | D48: 4793.93 | E48: 4518.5928 | F48: 4596.0559 | G48: 4755.4035 | H48: 4792.7697 | Q48: 4805.3279 | R48: 4834.6912 | S48: 4861.28 | V48: 4770.3882 | W48: 4736.8232 | AB48: 4793.245 | AC48: 4791.8316 | AD48: 0 | AE48: =AE47+1 -> 46 | AF48: =AF47+1 -> 45 | AG48: =D48-Q48 -> -11.39794 | AH48: =AG48^2 -> 129.91304 | AI48: =(AG48/STDEV($AG$3:$AG$1137))^3 -> -0.034063925 | AJ48: =(AG48/STDEV($AG$3:$AG$1137))^4 -> 0.011042301 | AK48: =AF48^2 -> 2025 | AL48: =IF(AD48=1,AB48,IF(AL47<>"",AL47,"")) -> 4784.2445 | AM48: =IF(AND(AD48=1,AL47<>""),ABS(AB48-AL47),"")
A49: 1776396602 | B49: XAUUSD | C49: M15 | D49: 4794.26 | E49: 4518.5928 | F49: 4596.0559 | G49: 4755.4035 | H49: 4792.7697 | Q49: 4805.0603 | R49: 4834.4236 | S49: 4861.0124 | V49: 4770.1206 | W49: 4736.5556 | AB49: 4794.5677 | AC49: 4793.1997 | AD49: 0 | AE49: =AE48+1 -> 47 | AF49: =AF48+1 -> 46 | AG49: =D49-Q49 -> -10.80034 | AH49: =AG49^2 -> 116.64734 | AI49: =(AG49/STDEV($AG$3:$AG$1137))^3 -> -0.028981968 | AJ49: =(AG49/STDEV($AG$3:$AG$1137))^4 -> 0.0089023327 | AK49: =AF49^2 -> 2116 | AL49: =IF(AD49=1,AB49,IF(AL48<>"",AL48,"")) -> 4784.2445 | AM49: =IF(AND(AD49=1,AL48<>""),ABS(AB49-AL48),"")
A50: 1776397502 | B50: XAUUSD | C50: M15 | D50: 4793.09 | E50: 4518.5928 | F50: 4596.0559 | G50: 4755.4035 | H50: 4792.7697 | Q50: 4804.7927 | R50: 4834.156 | S50: 4860.7448 | V50: 4769.853 | W50: 4736.288 | AB50: 4795.955 | AC50: 4794.5773 | AD50: 0 | AE50: =AE49+1 -> 48 | AF50: =AF49+1 -> 47 | AG50: =D50-Q50 -> -11.70273 | AH50: =AG50^2 -> 136.95389 | AI50: =(AG50/STDEV($AG$3:$AG$1137))^3 -> -0.03687034 | AJ50: =(AG50/STDEV($AG$3:$AG$1137))^4 -> 0.012271647 | AK50: =AF50^2 -> 2209 | AL50: =IF(AD50=1,AB50,IF(AL49<>"",AL49,"")) -> 4784.2445 | AM50: =IF(AND(AD50=1,AL49<>""),ABS(AB50-AL49),"")
A51: 1776398402 | B51: XAUUSD | C51: M15 | D51: 4795.16 | E51: 4518.5928 | F51: 4596.0559 | G51: 4755.4035 | H51: 4792.7697 | Q51: 4804.5251 | R51: 4833.8884 | S51: 4860.4772 | V51: 4769.5854 | W51: 4736.0204 | AB51: 4797.4545 | AC51: 4796.0159 | AD51: 0 | AE51: =AE50+1 -> 49 | AF51: =AF50+1 -> 48 | AG51: =D51-Q51 -> -9.36513 | AH51: =AG51^2 -> 87.70566 | AI51: =(AG51/STDEV($AG$3:$AG$1137))^3 -> -0.01889544 | AJ51: =(AG51/STDEV($AG$3:$AG$1137))^4 -> 0.0050327963 | AK51: =AF51^2 -> 2304 | AL51: =IF(AD51=1,AB51,IF(AL50<>"",AL50,"")) -> 4784.2445 | AM51: =IF(AND(AD51=1,AL50<>""),ABS(AB51-AL50),"")
A52: 1776399302 | B52: XAUUSD | C52: M15 | D52: 4795.87 | E52: 4518.5928 | F52: 4596.0559 | G52: 4755.4035 | H52: 4792.7697 | Q52: 4804.2575 | R52: 4833.6208 | S52: 4860.2096 | V52: 4769.3178 | W52: 4735.7528 | AB52: 4798.9172 | AC52: 4797.4665 | AD52: 0 | AE52: =AE51+1 -> 50 | AF52: =AF51+1 -> 49 | AG52: =D52-Q52 -> -8.38753 | AH52: =AG52^2 -> 70.35066 | AI52: =(AG52/STDEV($AG$3:$AG$1137))^3 -> -0.013574313 | AJ52: =(AG52/STDEV($AG$3:$AG$1137))^4 -> 0.0032381015 | AK52: =AF52^2 -> 2401 | AL52: =IF(AD52=1,AB52,IF(AL51<>"",AL51,"")) -> 4784.2445 | AM52: =IF(AND(AD52=1,AL51<>""),ABS(AB52-AL51),"")
A53: 1776400202 | B53: XAUUSD | C53: M15 | D53: 4801.05 | E53: 4518.5928 | F53: 4596.0559 | G53: 4755.4035 | H53: 4792.7697 | Q53: 4803.9899 | R53: 4833.3532 | S53: 4859.942 | V53: 4769.0502 | W53: 4735.4852 | AB53: 4800.1665 | AC53: 4798.8165 | AD53: 0 | AE53: =AE52+1 -> 51 | AF53: =AF52+1 -> 50 | AG53: =D53-Q53 -> -2.93992 | AH53: =AG53^2 -> 8.6431296 | AI53: =(AG53/STDEV($AG$3:$AG$1137))^3 -> -0.00058455062 | AJ53: =(AG53/STDEV($AG$3:$AG$1137))^4 -> 4.8876057e-05 | AK53: =AF53^2 -> 2500 | AL53: =IF(AD53=1,AB53,IF(AL52<>"",AL52,"")) -> 4784.2445 | AM53: =IF(AND(AD53=1,AL52<>""),ABS(AB53-AL52),"")
A54: 1776401102 | B54: XAUUSD | C54: M15 | D54: 4803.04 | E54: 4518.5928 | F54: 4596.0559 | G54: 4755.4035 | H54: 4792.7697 | Q54: 4803.7223 | R54: 4833.0856 | S54: 4859.6744 | V54: 4768.7825 | W54: 4735.2176 | AB54: 4800.8418 | AC54: 4799.8292 | AD54: 0 | AE54: =AE53+1 -> 52 | AF54: =AF53+1 -> 51 | AG54: =D54-Q54 -> -0.68232 | AH54: =AG54^2 -> 0.46556058 | AI54: =(AG54/STDEV($AG$3:$AG$1137))^3 -> -7.3076862e-06 | AJ54: =(AG54/STDEV($AG$3:$AG$1137))^4 -> 1.4180989e-07 | AK54: =AF54^2 -> 2601 | AL54: =IF(AD54=1,AB54,IF(AL53<>"",AL53,"")) -> 4784.2445 | AM54: =IF(AND(AD54=1,AL53<>""),ABS(AB54-AL53),"")
A55: 1776402002 | B55: XAUUSD | C55: M15 | D55: 4804.78 | E55: 4518.5928 | F55: 4596.0559 | G55: 4755.4035 | H55: 4792.7697 | Q55: 4803.4547 | R55: 4832.818 | S55: 4859.4068 | V55: 4768.5149 | W55: 4734.95 | Z55: 4805.97 | AB55: 4800.6718 | AC55: 4800.2505 | AD55: 0 | AE55: =AE54+1 -> 53 | AF55: =AF54+1 -> 52 | AG55: =D55-Q55 -> 1.32529 | AH55: =AG55^2 -> 1.7563936 | AI55: =(AG55/STDEV($AG$3:$AG$1137))^3 -> 5.3548628e-05 | AJ55: =(AG55/STDEV($AG$3:$AG$1137))^4 -> 2.0183561e-06 | AK55: =AF55^2 -> 2704 | AL55: =IF(AD55=1,AB55,IF(AL54<>"",AL54,"")) -> 4784.2445 | AM55: =IF(AND(AD55=1,AL54<>""),ABS(AB55-AL54),"")
A56: 1776402902 | B56: XAUUSD | C56: M15 | D56: 4803.25 | E56: 4518.5928 | F56: 4596.0559 | G56: 4755.4035 | H56: 4792.7697 | Q56: 4803.1871 | R56: 4832.5504 | S56: 4859.1392 | V56: 4768.2473 | W56: 4734.6823 | AB56: 4799.4912 | AC56: 4799.8708 | AD56: 1 | AE56: =AE55+1 -> 54 | AF56: =AF55+1 -> 53 | AG56: =D56-Q56 -> 0.06289 | AH56: =AG56^2 -> 0.0039551521 | AI56: =(AG56/STDEV($AG$3:$AG$1137))^3 -> 5.7221649e-09 | AJ56: =(AG56/STDEV($AG$3:$AG$1137))^4 -> 1.0234827e-11 | AK56: =AF56^2 -> 2809 | AL56: =IF(AD56=1,AB56,IF(AL55<>"",AL55,"")) -> 4799.4912 | AM56: =IF(AND(AD56=1,AL55<>""),ABS(AB56-AL55),"") -> 15.24663
A57: 1776403802 | B57: XAUUSD | C57: M15 | D57: 4796.48 | E57: 4518.5928 | F57: 4596.0559 | G57: 4755.4035 | H57: 4792.7697 | Q57: 4802.9195 | R57: 4832.2828 | S57: 4858.8716 | V57: 4767.9797 | W57: 4734.4147 | AB57: 4797.3362 | AC57: 4798.6035 | AD57: 0 | AE57: =AE56+1 -> 55 | AF57: =AF56+1 -> 54 | AG57: =D57-Q57 -> -6.43951 | AH57: =AG57^2 -> 41.467289 | AI57: =(AG57/STDEV($AG$3:$AG$1137))^3 -> -0.0061429086 | AJ57: =(AG57/STDEV($AG$3:$AG$1137))^4 -> 0.0011250334 | AK57: =AF57^2 -> 2916 | AL57: =IF(AD57=1,AB57,IF(AL56<>"",AL56,"")) -> 4799.4912 | AM57: =IF(AND(AD57=1,AL56<>""),ABS(AB57-AL56),"")
A58: 1776404702 | B58: XAUUSD | C58: M15 | D58: 4794.41 | E58: 4518.5928 | F58: 4596.0559 | G58: 4755.4035 | H58: 4792.7697 | Q58: 4802.6519 | R58: 4832.0152 | S58: 4858.604 | V58: 4767.7121 | W58: 4734.1471 | AB58: 4794.5247 | AC58: 4796.5641 | AD58: 0 | AE58: =AE57+1 -> 56 | AF58: =AF57+1 -> 55 | AG58: =D58-Q58 -> -8.2419 | AH58: =AG58^2 -> 67.928916 | AI58: =(AG58/STDEV($AG$3:$AG$1137))^3 -> -0.012879459 | AJ58: =(AG58/STDEV($AG$3:$AG$1137))^4 -> 0.0030190025 | AK58: =AF58^2 -> 3025 | AL58: =IF(AD58=1,AB58,IF(AL57<>"",AL57,"")) -> 4799.4912 | AM58: =IF(AND(AD58=1,AL57<>""),ABS(AB58-AL57),"")
A59: 1776405602 | B59: XAUUSD | C59: M15 | D59: 4787.73 | E59: 4518.5928 | F59: 4596.0559 | G59: 4755.4035 | H59: 4792.7697 | Q59: 4802.3843 | R59: 4831.7476 | S59: 4858.3364 | V59: 4767.4445 | W59: 4733.8795 | AB59: 4791.4825 | AC59: 4794.0233 | AD59: 0 | AE59: =AE58+1 -> 57 | AF59: =AF58+1 -> 56 | AG59: =D59-Q59 -> -14.6543 | AH59: =AG59^2 -> 214.74851 | AI59: =(AG59/STDEV($AG$3:$AG$1137))^3 -> -0.072395374 | AJ59: =(AG59/STDEV($AG$3:$AG$1137))^4 -> 0.030172717 | AK59: =AF59^2 -> 3136 | AL59: =IF(AD59=1,AB59,IF(AL58<>"",AL58,"")) -> 4799.4912 | AM59: =IF(AND(AD59=1,AL58<>""),ABS(AB59-AL58),"")
A60: 1776406502 | B60: XAUUSD | C60: M15 | D60: 4783.78 | E60: 4518.5928 | F60: 4596.0559 | G60: 4755.4035 | H60: 4792.7697 | Q60: 4802.1167 | R60: 4831.48 | S60: 4858.0688 | V60: 4767.1769 | W60: 4733.6119 | AB60: 4788.6996 | AC60: 4791.3615 | AD60: 0 | AE60: =AE59+1 -> 58 | AF60: =AF59+1 -> 57 | AG60: =D60-Q60 -> -18.33669 | AH60: =AG60^2 -> 336.2342 | AI60: =(AG60/STDEV($AG$3:$AG$1137))^3 -> -0.14183337 | AJ60: =(AG60/STDEV($AG$3:$AG$1137))^4 -> 0.073966979 | AK60: =AF60^2 -> 3249 | AL60: =IF(AD60=1,AB60,IF(AL59<>"",AL59,"")) -> 4799.4912 | AM60: =IF(AND(AD60=1,AL59<>""),ABS(AB60-AL59),"")
A61: 1776407402 | B61: XAUUSD | C61: M15 | D61: 4785.67 | E61: 4518.5928 | F61: 4596.0559 | G61: 4755.4035 | H61: 4792.7697 | Q61: 4801.8491 | R61: 4831.2124 | S61: 4857.8012 | V61: 4766.9093 | W61: 4733.3443 | AB61: 4786.5307 | AC61: 4788.9461 | AD61: 0 | AE61: =AE60+1 -> 59 | AF61: =AF60+1 -> 58 | AG61: =D61-Q61 -> -16.17909 | AH61: =AG61^2 -> 261.76295 | AI61: =(AG61/STDEV($AG$3:$AG$1137))^3 -> -0.09742667 | AJ61: =(AG61/STDEV($AG$3:$AG$1137))^4 -> 0.044830179 | AK61: =AF61^2 -> 3364 | AL61: =IF(AD61=1,AB61,IF(AL60<>"",AL60,"")) -> 4799.4912 | AM61: =IF(AND(AD61=1,AL60<>""),ABS(AB61-AL60),"")
A62: 1776408302 | B62: XAUUSD | C62: M15 | D62: 4785.07 | E62: 4518.5928 | F62: 4596.0559 | G62: 4755.4035 | H62: 4792.7697 | Q62: 4801.5815 | R62: 4830.9448 | S62: 4857.5336 | V62: 4766.6417 | W62: 4733.0767 | AB62: 4785.1178 | AC62: 4787.032 | AD62: 0 | AE62: =AE61+1 -> 60 | AF62: =AF61+1 -> 59 | AG62: =D62-Q62 -> -16.51149 | AH62: =AG62^2 -> 272.6293 | AI62: =(AG62/STDEV($AG$3:$AG$1137))^3 -> -0.10355579 | AJ62: =(AG62/STDEV($AG$3:$AG$1137))^4 -> 0.04862943 | AK62: =AF62^2 -> 3481 | AL62: =IF(AD62=1,AB62,IF(AL61<>"",AL61,"")) -> 4799.4912 | AM62: =IF(AND(AD62=1,AL61<>""),ABS(AB62-AL61),"")
A63: 1776409202 | B63: XAUUSD | C63: M15 | D63: 4787.12 | E63: 4518.5928 | F63: 4596.0559 | G63: 4755.4035 | H63: 4792.7697 | Q63: 4801.3139 | R63: 4830.6772 | S63: 4857.2659 | V63: 4766.3741 | W63: 4732.8091 | AB63: 4784.5163 | AC63: 4785.7741 | AD63: 0 | AE63: =AE62+1 -> 61 | AF63: =AF62+1 -> 60 | AG63: =D63-Q63 -> -14.19388 | AH63: =AG63^2 -> 201.46623 | AI63: =(AG63/STDEV($AG$3:$AG$1137))^3 -> -0.065783802 | AJ63: =(AG63/STDEV($AG$3:$AG$1137))^4 -> 0.026555754 | AK63: =AF63^2 -> 3600 | AL63: =IF(AD63=1,AB63,IF(AL62<>"",AL62,"")) -> 4799.4912 | AM63: =IF(AND(AD63=1,AL62<>""),ABS(AB63-AL62),"")
A64: 1776410102 | B64: XAUUSD | C64: M15 | D64: 4791.72 | E64: 4518.5928 | F64: 4596.0559 | G64: 4755.4035 | H64: 4792.7697 | Q64: 4801.0463 | R64: 4830.4096 | S64: 4856.9983 | V64: 4766.1065 | W64: 4732.5415 | AB64: 4784.6154 | AC64: 4785.1948 | AD64: 0 | AE64: =AE63+1 -> 62 | AF64: =AF63+1 -> 61 | AG64: =D64-Q64 -> -9.32628 | AH64: =AG64^2 -> 86.979499 | AI64: =(AG64/STDEV($AG$3:$AG$1137))^3 -> -0.018661259 | AJ64: =(AG64/STDEV($AG$3:$AG$1137))^4 -> 0.004949803 | AK64: =AF64^2 -> 3721 | AL64: =IF(AD64=1,AB64,IF(AL63<>"",AL63,"")) -> 4799.4912 | AM64: =IF(AND(AD64=1,AL63<>""),ABS(AB64-AL63),"")
A65: 1776411002 | B65: XAUUSD | C65: M15 | D65: 4785.87 | E65: 4518.5928 | F65: 4596.0559 | G65: 4755.4035 | H65: 4792.7697 | Q65: 4800.7787 | R65: 4830.142 | S65: 4856.7307 | V65: 4765.8389 | W65: 4732.2739 | AB65: 4785.2155 | AC65: 4785.2052 | AD65: 1 | AE65: =AE64+1 -> 63 | AF65: =AF64+1 -> 62 | AG65: =D65-Q65 -> -14.90867 | AH65: =AG65^2 -> 222.26844 | AI65: =(AG65/STDEV($AG$3:$AG$1137))^3 -> -0.076231118 | AJ65: =(AG65/STDEV($AG$3:$AG$1137))^4 -> 0.032322855 | AK65: =AF65^2 -> 3844 | AL65: =IF(AD65=1,AB65,IF(AL64<>"",AL64,"")) -> 4785.2155 | AM65: =IF(AND(AD65=1,AL64<>""),ABS(AB65-AL64),"") -> 14.27562
A66: 1776411902 | B66: XAUUSD | C66: M15 | D66: 4784.38 | E66: 4518.5928 | F66: 4596.0559 | G66: 4755.4035 | H66: 4792.7697 | Q66: 4800.5111 | R66: 4829.8744 | S66: 4856.4631 | V66: 4765.5713 | W66: 4732.0063 | AA66: 4778.83 | AB66: 4786.3804 | AC66: 4785.7928 | AD66: 0 | AE66: =AE65+1 -> 64 | AF66: =AF65+1 -> 63 | AG66: =D66-Q66 -> -16.13107 | AH66: =AG66^2 -> 260.21142 | AI66: =(AG66/STDEV($AG$3:$AG$1137))^3 -> -0.096561746 | AJ66: =(AG66/STDEV($AG$3:$AG$1137))^4 -> 0.044300315 | AK66: =AF66^2 -> 3969 | AL66: =IF(AD66=1,AB66,IF(AL65<>"",AL65,"")) -> 4785.2155 | AM66: =IF(AND(AD66=1,AL65<>""),ABS(AB66-AL65),"")
A67: 1776412802 | B67: XAUUSD | C67: M15 | D67: 4783.7 | E67: 4518.5928 | F67: 4596.0559 | G67: 4755.4035 | H67: 4792.7697 | Q67: 4800.2435 | R67: 4829.6068 | S67: 4856.1955 | V67: 4765.3037 | W67: 4731.7387 | AB67: 4788.0104 | AC67: 4786.9016 | AD67: 0 | AE67: =AE66+1 -> 65 | AF67: =AF66+1 -> 64 | AG67: =D67-Q67 -> -16.54347 | AH67: =AG67^2 -> 273.6864 | AI67: =(AG67/STDEV($AG$3:$AG$1137))^3 -> -0.10415867 | AJ67: =(AG67/STDEV($AG$3:$AG$1137))^4 -> 0.049007274 | AK67: =AF67^2 -> 4096 | AL67: =IF(AD67=1,AB67,IF(AL66<>"",AL66,"")) -> 4785.2155 | AM67: =IF(AND(AD67=1,AL66<>""),ABS(AB67-AL66),"")
A68: 1776413702 | B68: XAUUSD | C68: M15 | D68: 4784.58 | E68: 4518.5928 | F68: 4596.0559 | G68: 4755.4035 | H68: 4792.7697 | Q68: 4799.9759 | R68: 4829.3392 | S68: 4855.9279 | V68: 4765.0361 | W68: 4731.4711 | AB68: 4789.9465 | AC68: 4788.424 | AD68: 0 | AE68: =AE67+1 -> 66 | AF68: =AF67+1 -> 65 | AG68: =D68-Q68 -> -15.39586 | AH68: =AG68^2 -> 237.03251 | AI68: =(AG68/STDEV($AG$3:$AG$1137))^3 -> -0.083951304 | AJ68: =(AG68/STDEV($AG$3:$AG$1137))^4 -> 0.036759528 | AK68: =AF68^2 -> 4225 | AL68: =IF(AD68=1,AB68,IF(AL67<>"",AL67,"")) -> 4785.2155 | AM68: =IF(AND(AD68=1,AL67<>""),ABS(AB68-AL67),"")
A69: 1776414602 | B69: XAUUSD | C69: M15 | D69: 4797.03 | E69: 4518.5928 | F69: 4596.0559 | G69: 4755.4035 | H69: 4792.7697 | Q69: 4799.7083 | R69: 4829.0716 | S69: 4855.6603 | V69: 4764.7685 | W69: 4731.2035 | AB69: 4791.941 | AC69: 4790.1825 | AD69: 0 | AE69: =AE68+1 -> 67 | AF69: =AF68+1 -> 66 | AG69: =D69-Q69 -> -2.67826 | AH69: =AG69^2 -> 7.1730766 | AI69: =(AG69/STDEV($AG$3:$AG$1137))^3 -> -0.00044195066 | AJ69: =(AG69/STDEV($AG$3:$AG$1137))^4 -> 3.3663948e-05 | AK69: =AF69^2 -> 4356 | AL69: =IF(AD69=1,AB69,IF(AL68<>"",AL68,"")) -> 4785.2155 | AM69: =IF(AND(AD69=1,AL68<>""),ABS(AB69-AL68),"")
A70: 1776415502 | B70: XAUUSD | C70: M15 | D70: 4796.09 | E70: 4518.5928 | F70: 4596.0559 | G70: 4755.4035 | H70: 4792.7697 | Q70: 4799.4406 | R70: 4828.804 | S70: 4855.3927 | V70: 4764.5009 | W70: 4730.9359 | AB70: 4793.4619 | AC70: 4791.8222 | AD70: 0 | AE70: =AE69+1 -> 68 | AF70: =AF69+1 -> 67 | AG70: =D70-Q70 -> -3.35065 | AH70: =AG70^2 -> 11.226855 | AI70: =(AG70/STDEV($AG$3:$AG$1137))^3 -> -0.00086537188 | AJ70: =(AG70/STDEV($AG$3:$AG$1137))^4 -> 8.2465135e-05 | AK70: =AF70^2 -> 4489 | AL70: =IF(AD70=1,AB70,IF(AL69<>"",AL69,"")) -> 4785.2155 | AM70: =IF(AND(AD70=1,AL69<>""),ABS(AB70-AL69),"")
A71: 1776416402 | B71: XAUUSD | C71: M15 | D71: 4793.1 | E71: 4518.5928 | F71: 4596.0559 | G71: 4755.4035 | H71: 4792.7697 | Q71: 4799.1731 | R71: 4828.5364 | S71: 4855.1251 | V71: 4764.2333 | W71: 4730.6683 | AB71: 4794.3959 | AC71: 4793.1091 | AD71: 0 | AE71: =AE70+1 -> 69 | AF71: =AF70+1 -> 68 | AG71: =D71-Q71 -> -6.07305 | AH71: =AG71^2 -> 36.881936 | AI71: =(AG71/STDEV($AG$3:$AG$1137))^3 -> -0.0051527154 | AJ71: =(AG71/STDEV($AG$3:$AG$1137))^4 -> 0.00088998265 | AK71: =AF71^2 -> 4624 | AL71: =IF(AD71=1,AB71,IF(AL70<>"",AL70,"")) -> 4785.2155 | AM71: =IF(AND(AD71=1,AL70<>""),ABS(AB71-AL70),"")
A72: 1776417302 | B72: XAUUSD | C72: M15 | D72: 4795.93 | E72: 4518.5928 | F72: 4596.0559 | G72: 4755.4035 | H72: 4792.7697 | Q72: 4798.9054 | R72: 4828.2687 | S72: 4854.8575 | V72: 4763.9657 | W72: 4730.4007 | AB72: 4794.6896 | AC72: 4793.8993 | AD72: 0 | AE72: =AE71+1 -> 70 | AF72: =AF71+1 -> 69 | AG72: =D72-Q72 -> -2.97544 | AH72: =AG72^2 -> 8.8532432 | AI72: =(AG72/STDEV($AG$3:$AG$1137))^3 -> -0.00060599519 | AJ72: =(AG72/STDEV($AG$3:$AG$1137))^4 -> 5.1281285e-05 | AK72: =AF72^2 -> 4761 | AL72: =IF(AD72=1,AB72,IF(AL71<>"",AL71,"")) -> 4785.2155 | AM72: =IF(AND(AD72=1,AL71<>""),ABS(AB72-AL71),"")
A73: 1776418202 | B73: XAUUSD | C73: M15 | D73: 4794.67 | E73: 4518.5928 | F73: 4596.0559 | G73: 4755.4035 | H73: 4792.7697 | Q73: 4798.6378 | R73: 4828.0011 | S73: 4854.5899 | V73: 4763.6981 | W73: 4730.1331 | AB73: 4794.1798 | AC73: 4794.0396 | AD73: 0 | AE73: =AE72+1 -> 71 | AF73: =AF72+1 -> 70 | AG73: =D73-Q73 -> -3.96784 | AH73: =AG73^2 -> 15.743754 | AI73: =(AG73/STDEV($AG$3:$AG$1137))^3 -> -0.0014370704 | AJ73: =(AG73/STDEV($AG$3:$AG$1137))^4 -> 0.00016217008 | AK73: =AF73^2 -> 4900 | AL73: =IF(AD73=1,AB73,IF(AL72<>"",AL72,"")) -> 4785.2155 | AM73: =IF(AND(AD73=1,AL72<>""),ABS(AB73-AL72),"")
A74: 1776419102 | B74: XAUUSD | C74: M15 | D74: 4790.39 | E74: 4518.5928 | F74: 4596.0559 | G74: 4755.4035 | H74: 4792.7697 | Q74: 4798.3702 | R74: 4827.7335 | S74: 4854.3223 | V74: 4763.4305 | W74: 4729.8655 | AB74: 4792.9258 | AC74: 4793.4827 | AD74: 1 | AE74: =AE73+1 -> 72 | AF74: =AF73+1 -> 71 | AG74: =D74-Q74 -> -7.98024 | AH74: =AG74^2 -> 63.68423 | AI74: =(AG74/STDEV($AG$3:$AG$1137))^3 -> -0.011691317 | AJ74: =(AG74/STDEV($AG$3:$AG$1137))^4 -> 0.0026534929 | AK74: =AF74^2 -> 5041 | AL74: =IF(AD74=1,AB74,IF(AL73<>"",AL73,"")) -> 4792.9258 | AM74: =IF(AND(AD74=1,AL73<>""),ABS(AB74-AL73),"") -> 7.71027
A75: 1776420002 | B75: XAUUSD | C75: M15 | D75: 4791.33 | E75: 4518.5928 | F75: 4596.0559 | G75: 4755.4035 | H75: 4792.7697 | Q75: 4798.1026 | R75: 4827.4659 | S75: 4854.0547 | V75: 4763.1629 | W75: 4729.5979 | AB75: 4791.1914 | AC75: 4792.3371 | AD75: 0 | AE75: =AE74+1 -> 73 | AF75: =AF74+1 -> 72 | AG75: =D75-Q75 -> -6.77263 | AH75: =AG75^2 -> 45.868517 | AI75: =(AG75/STDEV($AG$3:$AG$1137))^3 -> -0.0071464052 | AJ75: =(AG75/STDEV($AG$3:$AG$1137))^4 -> 0.0013765231 | AK75: =AF75^2 -> 5184 | AL75: =IF(AD75=1,AB75,IF(AL74<>"",AL74,"")) -> 4792.9258 | AM75: =IF(AND(AD75=1,AL74<>""),ABS(AB75-AL74),"")
A76: 1776420902 | B76: XAUUSD | C76: M15 | D76: 4789.59 | E76: 4518.5928 | F76: 4596.0559 | G76: 4755.4035 | H76: 4792.7697 | Q76: 4797.835 | R76: 4827.1983 | S76: 4853.7871 | V76: 4762.8953 | W76: 4729.3303 | AB76: 4789.2111 | AC76: 4790.7741 | AD76: 0 | AE76: =AE75+1 -> 74 | AF76: =AF75+1 -> 73 | AG76: =D76-Q76 -> -8.24503 | AH76: =AG76^2 -> 67.98052 | AI76: =(AG76/STDEV($AG$3:$AG$1137))^3 -> -0.012894138 | AJ76: =(AG76/STDEV($AG$3:$AG$1137))^4 -> 0.0030235912 | AK76: =AF76^2 -> 5329 | AL76: =IF(AD76=1,AB76,IF(AL75<>"",AL75,"")) -> 4792.9258 | AM76: =IF(AND(AD76=1,AL75<>""),ABS(AB76-AL75),"")
A77: 1776421802 | B77: XAUUSD | C77: M15 | D77: 4784.95 | E77: 4518.5928 | F77: 4596.0559 | G77: 4755.4035 | H77: 4792.7697 | Q77: 4797.5674 | R77: 4826.9307 | S77: 4853.5195 | V77: 4762.6277 | W77: 4729.0627 | AB77: 4787.4277 | AC77: 4789.1009 | AD77: 0 | AE77: =AE76+1 -> 75 | AF77: =AF76+1 -> 74 | AG77: =D77-Q77 -> -12.61742 | AH77: =AG77^2 -> 159.19929 | AI77: =(AG77/STDEV($AG$3:$AG$1137))^3 -> -0.046209074 | AJ77: =(AG77/STDEV($AG$3:$AG$1137))^4 -> 0.016581979 | AK77: =AF77^2 -> 5476 | AL77: =IF(AD77=1,AB77,IF(AL76<>"",AL76,"")) -> 4792.9258 | AM77: =IF(AND(AD77=1,AL76<>""),ABS(AB77-AL76),"")
A78: 1776422702 | B78: XAUUSD | C78: M15 | D78: 4787.41 | E78: 4518.5928 | F78: 4596.0559 | G78: 4755.4035 | H78: 4792.7697 | Q78: 4797.2998 | R78: 4826.6631 | S78: 4853.2519 | V78: 4762.3601 | W78: 4728.795 | AB78: 4786.4673 | AC78: 4787.7841 | AD78: 0 | AE78: =AE77+1 -> 76 | AF78: =AF77+1 -> 75 | AG78: =D78-Q78 -> -9.88982 | AH78: =AG78^2 -> 97.80854 | AI78: =(AG78/STDEV($AG$3:$AG$1137))^3 -> -0.022252599 | AJ78: =(AG78/STDEV($AG$3:$AG$1137))^4 -> 0.0062590391 | AK78: =AF78^2 -> 5625 | AL78: =IF(AD78=1,AB78,IF(AL77<>"",AL77,"")) -> 4792.9258 | AM78: =IF(AND(AD78=1,AL77<>""),ABS(AB78-AL77),"")
... A86: 1776429902 | B86: XAUUSD | C86: M15 | D86: 4846.75 | E86: 4518.5928 | F86: 4596.0559 | G86: 4755.4035 | H86: 4792.7697 | Q86: 4795.159 | R86: 4824.5223 | S86: 4851.1111 | V86: 4760.2192 | W86: 4726.6542 | AB86: 4845.1534 | AC86: 4833.7514 | AD86: 0 | AE86: =AE85+1 -> 84 | AF86: =AF85+1 -> 83 | AG86: =D86-Q86 -> 51.59101 | AH86: =AG86^2 -> 2661.6323 | AI86: =(AG86/STDEV($AG$3:$AG$1137))^3 -> 3.1589131 | AJ86: =(AG86/STDEV($AG$3:$AG$1137))^4 -> 4.6350053 | AK86: =AF86^2 -> 6889 | AL86: =IF(AD86=1,AB86,IF(AL85<>"",AL85,"")) -> 4789.136 | AM86: =IF(AND(AD86=1,AL85<>""),ABS(AB86-AL85),"")
A87: 1776430802 | B87: XAUUSD | C87: M15 | D87: 4883.6 | E87: 4518.5928 | F87: 4596.0559 | G87: 4755.4035 | H87: 4792.7697 | Q87: 4794.8914 | R87: 4824.2547 | S87: 4850.8435 | V87: 4759.9516 | W87: 4726.3866 | Z87: 4889.21 | AB87: 4856.031 | AC87: 4844.8912 | AD87: 0 | AE87: =AE86+1 -> 85 | AF87: =AF86+1 -> 84 | AG87: =D87-Q87 -> 88.70862 | AH87: =AG87^2 -> 7869.2193 | AI87: =(AG87/STDEV($AG$3:$AG$1137))^3 -> 16.058799 | AJ87: =(AG87/STDEV($AG$3:$AG$1137))^4 -> 40.515146 | AK87: =AF87^2 -> 7056 | AL87: =IF(AD87=1,AB87,IF(AL86<>"",AL86,"")) -> 4789.136 | AM87: =IF(AND(AD87=1,AL86<>""),ABS(AB87-AL86),"")
A88: 1776431702 | B88: XAUUSD | C88: M15 | D88: 4851.59 | E88: 4518.5928 | F88: 4596.0559 | G88: 4755.4035 | H88: 4792.7697 | Q88: 4794.6238 | R88: 4823.9871 | S88: 4850.5759 | V88: 4759.684 | W88: 4726.119 | AB88: 4864.0206 | AC88: 4854.4559 | AD88: 0 | AE88: =AE87+1 -> 86 | AF88: =AF87+1 -> 85 | AG88: =D88-Q88 -> 56.96622 | AH88: =AG88^2 -> 3245.1502 | AI88: =(AG88/STDEV($AG$3:$AG$1137))^3 -> 4.2527298 | AJ88: =(AG88/STDEV($AG$3:$AG$1137))^4 -> 6.8900714 | AK88: =AF88^2 -> 7225 | AL88: =IF(AD88=1,AB88,IF(AL87<>"",AL87,"")) -> 4789.136 | AM88: =IF(AND(AD88=1,AL87<>""),ABS(AB88-AL87),"")
A89: 1776432602 | B89: XAUUSD | C89: M15 | D89: 4864.42 | E89: 4518.5928 | F89: 4596.0559 | G89: 4755.4035 | H89: 4792.7697 | Q89: 4794.3562 | R89: 4823.7195 | S89: 4850.3082 | V89: 4759.4164 | W89: 4725.8514 | AB89: 4869.8075 | AC89: 4862.1317 | AD89: 0 | AE89: =AE88+1 -> 87 | AF89: =AF88+1 -> 86 | AG89: =D89-Q89 -> 70.06382 | AH89: =AG89^2 -> 4908.9389 | AI89: =(AG89/STDEV($AG$3:$AG$1137))^3 -> 7.9121957 | AJ89: =(AG89/STDEV($AG$3:$AG$1137))^4 -> 15.766285 | AK89: =AF89^2 -> 7396 | AL89: =IF(AD89=1,AB89,IF(AL88<>"",AL88,"")) -> 4789.136 | AM89: =IF(AND(AD89=1,AL88<>""),ABS(AB89-AL88),"")
A90: 1776433502 | B90: XAUUSD | C90: M15 | D90: 4880.26 | E90: 4518.5928 | F90: 4596.0559 | G90: 4755.4035 | H90: 4792.7697 | Q90: 4794.0886 | R90: 4823.4519 | S90: 4850.0406 | V90: 4759.1488 | W90: 4725.5838 | AB90: 4873.2327 | AC90: 4867.6822 | AD90: 0 | AE90: =AE89+1 -> 88 | AF90: =AF89+1 -> 87 | AG90: =D90-Q90 -> 86.17143 | AH90: =AG90^2 -> 7425.5153 | AI90: =(AG90/STDEV($AG$3:$AG$1137))^3 -> 14.719921 | AJ90: =(AG90/STDEV($AG$3:$AG$1137))^4 -> 36.075081 | AK90: =AF90^2 -> 7569 | AL90: =IF(AD90=1,AB90,IF(AL89<>"",AL89,"")) -> 4789.136 | AM90: =IF(AND(AD90=1,AL89<>""),ABS(AB90-AL89),"")
A91: 1776434402 | B91: XAUUSD | C91: M15 | D91: 4867.03 | E91: 4518.5928 | F91: 4596.0559 | G91: 4755.4035 | H91: 4792.7697 | Q91: 4793.821 | R91: 4823.1843 | S91: 4849.773 | V91: 4758.8812 | W91: 4725.3162 | AB91: 4874.2234 | AC91: 4870.9528 | AD91: 0 | AE91: =AE90+1 -> 89 | AF91: =AF90+1 -> 88 | AG91: =D91-Q91 -> 73.20903 | AH91: =AG91^2 -> 5359.5621 | AI91: =(AG91/STDEV($AG$3:$AG$1137))^3 -> 9.0262954 | AJ91: =(AG91/STDEV($AG$3:$AG$1137))^4 -> 18.793719 | AK91: =AF91^2 -> 7744 | AL91: =IF(AD91=1,AB91,IF(AL90<>"",AL90,"")) -> 4789.136 | AM91: =IF(AND(AD91=1,AL90<>""),ABS(AB91-AL90),"")
A92: 1776435302 | B92: XAUUSD | C92: M15 | D92: 4871.43 | E92: 4518.5928 | F92: 4596.0559 | G92: 4755.4035 | H92: 4792.7697 | Q92: 4793.5534 | R92: 4822.9167 | S92: 4849.5054 | V92: 4758.6136 | W92: 4725.0486 | AB92: 4873.6899 | AC92: 4872.3214 | AD92: 0 | AE92: =AE91+1 -> 90 | AF92: =AF91+1 -> 89 | AG92: =D92-Q92 -> 77.87664 | AH92: =AG92^2 -> 6064.7711 | AI92: =(AG92/STDEV($AG$3:$AG$1137))^3 -> 10.865187 | AJ92: =(AG92/STDEV($AG$3:$AG$1137))^4 -> 24.064838 | AK92: =AF92^2 -> 7921 | AL92: =IF(AD92=1,AB92,IF(AL91<>"",AL91,"")) -> 4789.136 | AM92: =IF(AND(AD92=1,AL91<>""),ABS(AB92-AL91),"")
A93: 1776436202 | B93: XAUUSD | C93: M15 | D93: 4877.31 | E93: 4518.5928 | F93: 4596.0559 | G93: 4755.4035 | H93: 4792.7697 | Q93: 4793.2858 | R93: 4822.6491 | S93: 4849.2378 | V93: 4758.346 | W93: 4724.781 | AB93: 4872.1414 | AC93: 4872.2314 | AD93: 1 | AE93: =AE92+1 -> 91 | AF93: =AF92+1 -> 90 | AG93: =D93-Q93 -> 84.02424 | AH93: =AG93^2 -> 7060.0729 | AI93: =(AG93/STDEV($AG$3:$AG$1137))^3 -> 13.646754 | AJ93: =(AG93/STDEV($AG$3:$AG$1137))^4 -> 32.611628 | AK93: =AF93^2 -> 8100 | AL93: =IF(AD93=1,AB93,IF(AL92<>"",AL92,"")) -> 4872.1414 | AM93: =IF(AND(AD93=1,AL92<>""),ABS(AB93-AL92),"") -> 83.00546
A94: 1776437102 | B94: XAUUSD | C94: M15 | D94: 4873.15 | E94: 4518.5928 | F94: 4596.0559 | G94: 4755.4035 | H94: 4792.7697 | Q94: 4793.0181 | R94: 4822.3814 | S94: 4848.9702 | V94: 4758.0784 | W94: 4724.5134 | AB94: 4870.0355 | AC94: 4871.1334 | AD94: 0 | AE94: =AE93+1 -> 92 | AF94: =AF93+1 -> 91 | AG94: =D94-Q94 -> 80.13185 | AH94: =AG94^2 -> 6421.1134 | AI94: =(AG94/STDEV($AG$3:$AG$1137))^3 -> 11.836712 | AJ94: =(AG94/STDEV($AG$3:$AG$1137))^4 -> 26.975828 | AK94: =AF94^2 -> 8281 | AL94: =IF(AD94=1,AB94,IF(AL93<>"",AL93,"")) -> 4872.1414 | AM94: =IF(AND(AD94=1,AL93<>""),ABS(AB94-AL93),"")
A95: 1776438002 | B95: XAUUSD | C95: M15 | D95: 4867.01 | E95: 4518.5928 | F95: 4596.0559 | G95: 4755.4035 | H95: 4792.7697 | Q95: 4792.7505 | R95: 4822.1138 | S95: 4848.7026 | V95: 4757.8108 | W95: 4724.2458 | AB95: 4868.0127 | AC95: 4869.5731 | AD95: 0 | AE95: =AE94+1 -> 93 | AF95: =AF94+1 -> 92 | AG95: =D95-Q95 -> 74.25945 | AH95: =AG95^2 -> 5514.4659 | AI95: =(AG95/STDEV($AG$3:$AG$1137))^3 -> 9.4204309 | AJ95: =(AG95/STDEV($AG$3:$AG$1137))^4 -> 19.895783 | AK95: =AF95^2 -> 8464 | AL95: =IF(AD95=1,AB95,IF(AL94<>"",AL94,"")) -> 4872.1414 | AM95: =IF(AND(AD95=1,AL94<>""),ABS(AB95-AL94),"")
A96: 1776438902 | B96: XAUUSD | C96: M15 | D96: 4865.86 | E96: 4518.5928 | F96: 4596.0559 | G96: 4755.4035 | H96: 4792.7697 | Q96: 4792.4829 | R96: 4821.8462 | S96: 4848.435 | V96: 4757.5432 | W96: 4723.9782 | AB96: 4866.6349 | AC96: 4868.104 | AD96: 0 | AE96: =AE95+1 -> 94 | AF96: =AF95+1 -> 93 | AG96: =D96-Q96 -> 73.37705 | AH96: =AG96^2 -> 5384.1915 | AI96: =(AG96/STDEV($AG$3:$AG$1137))^3 -> 9.0885861 | AJ96: =(AG96/STDEV($AG$3:$AG$1137))^4 -> 18.966845 | AK96: =AF96^2 -> 8649 | AL96: =IF(AD96=1,AB96,IF(AL95<>"",AL95,"")) -> 4872.1414 | AM96: =IF(AND(AD96=1,AL95<>""),ABS(AB96-AL95),"")
A97: 1776439802 | B97: XAUUSD | C97: M15 | D97: 4858.58 | E97: 4518.5928 | F97: 4596.0559 | G97: 4755.4035 | H97: 4792.7697 | Q97: 4792.2153 | R97: 4821.5786 | S97: 4848.1674 | V97: 4757.2756 | W97: 4723.7106 | AB97: 4866.0424 | AC97: 4867.0732 | AD97: 0 | AE97: =AE96+1 -> 95 | AF97: =AF96+1 -> 94 | AG97: =D97-Q97 -> 66.36466 | AH97: =AG97^2 -> 4404.2681 | AI97: =(AG97/STDEV($AG$3:$AG$1137))^3 -> 6.7239768 | AJ97: =(AG97/STDEV($AG$3:$AG$1137))^4 -> 12.691168 | AK97: =AF97^2 -> 8836 | AL97: =IF(AD97=1,AB97,IF(AL96<>"",AL96,"")) -> 4872.1414 | AM97: =IF(AND(AD97=1,AL96<>""),ABS(AB97-AL96),"")
A98: 1776440702 | B98: XAUUSD | C98: M15 | D98: 4867.57 | E98: 4518.5928 | F98: 4596.0559 | G98: 4755.4035 | H98: 4792.7697 | Q98: 4791.9477 | R98: 4821.311 | S98: 4847.8998 | V98: 4757.008 | W98: 4723.443 | AB98: 4866.2983 | AC98: 4866.6858 | AD98: 0 | AE98: =AE97+1 -> 96 | AF98: =AF97+1 -> 95 | AG98: =D98-Q98 -> 75.62226 | AH98: =AG98^2 -> 5718.7262 | AI98: =(AG98/STDEV($AG$3:$AG$1137))^3 -> 9.9486589 | AJ98: =(AG98/STDEV($AG$3:$AG$1137))^4 -> 21.396992 | AK98: =AF98^2 -> 9025 | AL98: =IF(AD98=1,AB98,IF(AL97<>"",AL97,"")) -> 4872.1414 | AM98: =IF(AND(AD98=1,AL97<>""),ABS(AB98-AL97),"")
A99: 1776441602 | B99: XAUUSD | C99: M15 | D99: 4871.66 | E99: 4518.5928 | F99: 4596.0559 | G99: 4755.4035 | H99: 4792.7697 | Q99: 4791.6801 | R99: 4821.0434 | S99: 4847.6322 | V99: 4756.7404 | W99: 4723.1754 | AB99: 4866.7911 | AC99: 4866.7384 | AD99: 1 | AE99: =AE98+1 -> 97 | AF99: =AF98+1 -> 96 | AG99: =D99-Q99 -> 79.97987 | AH99: =AG99^2 -> 6396.7796 | AI99: =(AG99/STDEV($AG$3:$AG$1137))^3 -> 11.769491 | AJ99: =(AG99/STDEV($AG$3:$AG$1137))^4 -> 26.771758 | AK99: =AF99^2 -> 9216 | AL99: =IF(AD99=1,AB99,IF(AL98<>"",AL98,"")) -> 4866.7911 | AM99: =IF(AND(AD99=1,AL98<>""),ABS(AB99-AL98),"") -> 5.35035
... A125: 1776641402 | B125: XAUUSD | C125: M15 | D125: 4752.06 | E125: 4518.5928 | F125: 4596.0559 | G125: 4755.4035 | H125: 4792.7697 | Q125: 4784.7224 | R125: 4814.0857 | S125: 4840.6745 | V125: 4749.7827 | W125: 4716.2177 | AB125: 4755.8322 | AC125: 4761.4909 | AD125: 0 | AE125: =AE124+1 -> 123 | AF125: =AF124+1 -> 122 | AG125: =D125-Q125 -> -32.66243 | AH125: =AG125^2 -> 1066.8343 | AI125: =(AG125/STDEV($AG$3:$AG$1137))^3 -> -0.80160619 | AJ125: =(AG125/STDEV($AG$3:$AG$1137))^4 -> 0.74464295 | AK125: =AF125^2 -> 14884 | AL125: =IF(AD125=1,AB125,IF(AL124<>"",AL124,"")) -> 4859.671 | AM125: =IF(AND(AD125=1,AL124<>""),ABS(AB125-AL124),"")
A126: 1776642302 | B126: XAUUSD | C126: M15 | D126: 4755.07 | E126: 4518.5928 | F126: 4596.0559 | G126: 4755.4035 | H126: 4792.7697 | Q126: 4784.4548 | R126: 4813.8181 | S126: 4840.4069 | V126: 4749.515 | W126: 4715.9501 | AA126: 4736.96 | AB126: 4755.5054 | AC126: 4758.4982 | AD126: 0 | AE126: =AE125+1 -> 124 | AF126: =AF125+1 -> 123 | AG126: =D126-Q126 -> -29.38482 | AH126: =AG126^2 -> 863.46765 | AI126: =(AG126/STDEV($AG$3:$AG$1137))^3 -> -0.58369327 | AJ126: =(AG126/STDEV($AG$3:$AG$1137))^4 -> 0.487805 | AK126: =AF126^2 -> 15129 | AL126: =IF(AD126=1,AB126,IF(AL125<>"",AL125,"")) -> 4859.671 | AM126: =IF(AND(AD126=1,AL125<>""),ABS(AB126-AL125),"")
A127: 1776643202 | B127: XAUUSD | C127: M15 | D127: 4752.17 | E127: 4518.5928 | F127: 4596.0559 | G127: 4755.4035 | H127: 4792.7697 | Q127: 4784.1872 | R127: 4813.5505 | S127: 4840.1393 | V127: 4749.2474 | W127: 4715.6825 | AB127: 4758.2689 | AC127: 4758.3835 | AD127: 0 | AE127: =AE126+1 -> 125 | AF127: =AF126+1 -> 124 | AG127: =D127-Q127 -> -32.01722 | AH127: =AG127^2 -> 1025.1024 | AI127: =(AG127/STDEV($AG$3:$AG$1137))^3 -> -0.75503389 | AJ127: =(AG127/STDEV($AG$3:$AG$1137))^4 -> 0.68752516 | AK127: =AF127^2 -> 15376 | AL127: =IF(AD127=1,AB127,IF(AL126<>"",AL126,"")) -> 4859.671 | AM127: =IF(AND(AD127=1,AL126<>""),ABS(AB127-AL126),"")
A128: 1776644102 | B128: XAUUSD | C128: M15 | D128: 4765.66 | E128: 4518.5928 | F128: 4596.0559 | G128: 4755.4035 | H128: 4792.7697 | Q128: 4783.9196 | R128: 4813.2829 | S128: 4839.8717 | V128: 4748.9798 | W128: 4715.4149 | AB128: 4763.9122 | AC128: 4761.1479 | AD128: 1 | AE128: =AE127+1 -> 126 | AF128: =AF127+1 -> 125 | AG128: =D128-Q128 -> -18.25962 | AH128: =AG128^2 -> 333.41372 | AI128: =(AG128/STDEV($AG$3:$AG$1137))^3 -> -0.14005248 | AJ128: =(AG128/STDEV($AG$3:$AG$1137))^4 -> 0.07273125 | AK128: =AF128^2 -> 15625 | AL128: =IF(AD128=1,AB128,IF(AL127<>"",AL127,"")) -> 4763.9122 | AM128: =IF(AND(AD128=1,AL127<>""),ABS(AB128-AL127),"") -> 95.75885
A129: 1776645002 | B129: XAUUSD | C129: M15 | D129: 4764.3 | E129: 4518.5928 | F129: 4596.0559 | G129: 4755.4035 | H129: 4792.7697 | Q129: 4783.652 | R129: 4813.0153 | S129: 4839.6041 | V129: 4748.7122 | W129: 4715.1472 | AB129: 4771.4811 | AC129: 4766.3145 | AD129: 0 | AE129: =AE128+1 -> 127 | AF129: =AF128+1 -> 126 | AG129: =D129-Q129 -> -19.35201 | AH129: =AG129^2 -> 374.50029 | AI129: =(AG129/STDEV($AG$3:$AG$1137))^3 -> -0.16672235 | AJ129: =(AG129/STDEV($AG$3:$AG$1137))^4 -> 0.091761062 | AK129: =AF129^2 -> 15876 | AL129: =IF(AD129=1,AB129,IF(AL128<>"",AL128,"")) -> 4763.9122 | AM129: =IF(AND(AD129=1,AL128<>""),ABS(AB129-AL128),"")
A130: 1776645902 | B130: XAUUSD | C130: M15 | D130: 4772.93 | E130: 4518.5928 | F130: 4596.0559 | G130: 4755.4035 | H130: 4792.7697 | Q130: 4783.3844 | R130: 4812.7477 | S130: 4839.3365 | V130: 4748.4446 | W130: 4714.8796 | AB130: 4780.205 | AC130: 4773.2598 | AD130: 0 | AE130: =AE129+1 -> 128 | AF130: =AF129+1 -> 127 | AG130: =D130-Q130 -> -10.45441 | AH130: =AG130^2 -> 109.29469 | AI130: =(AG130/STDEV($AG$3:$AG$1137))^3 -> -0.026285375 | AJ130: =(AG130/STDEV($AG$3:$AG$1137))^4 -> 0.0078154183 | AK130: =AF130^2 -> 16129 | AL130: =IF(AD130=1,AB130,IF(AL129<>"",AL129,"")) -> 4763.9122 | AM130: =IF(AND(AD130=1,AL129<>""),ABS(AB130-AL129),"")
A131: 1776646802 | B131: XAUUSD | C131: M15 | D131: 4793.92 | E131: 4518.5928 | F131: 4596.0559 | G131: 4755.4035 | H131: 4792.7697 | Q131: 4783.1168 | R131: 4812.4801 | S131: 4839.0689 | V131: 4748.177 | W131: 4714.612 | AB131: 4788.9433 | AC131: 4781.1015 | AD131: 0 | AE131: =AE130+1 -> 129 | AF131: =AF130+1 -> 128 | AG131: =D131-Q131 -> 10.8032 | AH131: =AG131^2 -> 116.70913 | AI131: =(AG131/STDEV($AG$3:$AG$1137))^3 -> 0.029004998 | AJ131: =(AG131/STDEV($AG$3:$AG$1137))^4 -> 0.0089117661 | AK131: =AF131^2 -> 16384 | AL131: =IF(AD131=1,AB131,IF(AL130<>"",AL130,"")) -> 4763.9122 | AM131: =IF(AND(AD131=1,AL130<>""),ABS(AB131-AL130),"")
A132: 1776647702 | B132: XAUUSD | C132: M15 | D132: 4802.69 | E132: 4518.5928 | F132: 4596.0559 | G132: 4755.4035 | H132: 4792.7697 | Q132: 4782.8492 | R132: 4812.2125 | S132: 4838.8013 | V132: 4747.9094 | W132: 4714.3444 | AB132: 4796.2726 | AC132: 4788.6871 | AD132: 0 | AE132: =AE131+1 -> 130 | AF132: =AF131+1 -> 129 | AG132: =D132-Q132 -> 19.8408 | AH132: =AG132^2 -> 393.65734 | AI132: =(AG132/STDEV($AG$3:$AG$1137))^3 -> 0.17967726 | AJ132: =(AG132/STDEV($AG$3:$AG$1137))^4 -> 0.101389 | AK132: =AF132^2 -> 16641 | AL132: =IF(AD132=1,AB132,IF(AL131<>"",AL131,"")) -> 4763.9122 | AM132: =IF(AND(AD132=1,AL131<>""),ABS(AB132-AL131),"")
A133: 1776648602 | B133: XAUUSD | C133: M15 | D133: 4807.2 | E133: 4518.5928 | F133: 4596.0559 | G133: 4755.4035 | H133: 4792.7697 | Q133: 4782.5816 | R133: 4811.9449 | S133: 4838.5337 | V133: 4747.6418 | W133: 4714.0768 | AB133: 4801.3629 | AC133: 4795.025 | AD133: 0 | AE133: =AE132+1 -> 131 | AF133: =AF132+1 -> 130 | AG133: =D133-Q133 -> 24.6184 | AH133: =AG133^2 -> 606.06562 | AI133: =(AG133/STDEV($AG$3:$AG$1137))^3 -> 0.34323776 | AJ133: =(AG133/STDEV($AG$3:$AG$1137))^4 -> 0.24032193 | AK133: =AF133^2 -> 16900 | AL133: =IF(AD133=1,AB133,IF(AL132<>"",AL132,"")) -> 4763.9122 | AM133: =IF(AND(AD133=1,AL132<>""),ABS(AB133-AL132),"")
A134: 1776649502 | B134: XAUUSD | C134: M15 | D134: 4807.6 | E134: 4518.5928 | F134: 4596.0559 | G134: 4755.4035 | H134: 4792.7697 | Q134: 4782.314 | R134: 4811.6773 | S134: 4838.2661 | V134: 4747.3742 | W134: 4713.8092 | AB134: 4803.9086 | AC134: 4799.4668 | AD134: 0 | AE134: =AE133+1 -> 132 | AF134: =AF133+1 -> 131 | AG134: =D134-Q134 -> 25.28601 | AH134: =AG134^2 -> 639.3823 | AI134: =(AG134/STDEV($AG$3:$AG$1137))^3 -> 0.37192597 | AJ134: =(AG134/STDEV($AG$3:$AG$1137))^4 -> 0.26747016 | AK134: =AF134^2 -> 17161 | AL134: =IF(AD134=1,AB134,IF(AL133<>"",AL133,"")) -> 4763.9122 | AM134: =IF(AND(AD134=1,AL133<>""),ABS(AB134-AL133),"")
A135: 1776650402 | B135: XAUUSD | C135: M15 | D135: 4800.99 | E135: 4518.5928 | F135: 4596.0559 | G135: 4755.4035 | H135: 4792.7697 | Q135: 4782.0464 | R135: 4811.4097 | S135: 4837.9985 | V135: 4747.1066 | W135: 4713.5416 | AB135: 4804.1205 | AC135: 4801.7936 | AD135: 0 | AE135: =AE134+1 -> 133 | AF135: =AF134+1 -> 132 | AG135: =D135-Q135 -> 18.94361 | AH135: =AG135^2 -> 358.86036 | AI135: =(AG135/STDEV($AG$3:$AG$1137))^3 -> 0.15638814 | AJ135: =(AG135/STDEV($AG$3:$AG$1137))^4 -> 0.084256825 | AK135: =AF135^2 -> 17424 | AL135: =IF(AD135=1,AB135,IF(AL134<>"",AL134,"")) -> 4763.9122 | AM135: =IF(AND(AD135=1,AL134<>""),ABS(AB135-AL134),"")
A136: 1776651302 | B136: XAUUSD | C136: M15 | D136: 4800.46 | E136: 4518.5928 | F136: 4596.0559 | G136: 4755.4035 | H136: 4792.7697 | Q136: 4781.7788 | R136: 4811.1421 | S136: 4837.7308 | V136: 4746.839 | W136: 4713.274 | AB136: 4802.6939 | AC136: 4802.2437 | AD136: 0 | AE136: =AE135+1 -> 134 | AF136: =AF135+1 -> 133 | AG136: =D136-Q136 -> 18.68122 | AH136: =AG136^2 -> 348.98798 | AI136: =(AG136/STDEV($AG$3:$AG$1137))^3 -> 0.14997929 | AJ136: =(AG136/STDEV($AG$3:$AG$1137))^4 -> 0.07968472 | AK136: =AF136^2 -> 17689 | AL136: =IF(AD136=1,AB136,IF(AL135<>"",AL135,"")) -> 4763.9122 | AM136: =IF(AND(AD136=1,AL135<>""),ABS(AB136-AL135),"")
A137: 1776652202 | B137: XAUUSD | C137: M15 | D137: 4796.33 | E137: 4518.5928 | F137: 4596.0559 | G137: 4755.4035 | H137: 4792.7697 | Q137: 4781.5112 | R137: 4810.8745 | S137: 4837.4632 | V137: 4746.5714 | W137: 4713.0064 | AB137: 4800.2768 | AC137: 4801.2603 | AD137: 1 | AE137: =AE136+1 -> 135 | AF137: =AF136+1 -> 134 | AG137: =D137-Q137 -> 14.81882 | AH137: =AG137^2 -> 219.59743 | AI137: =(AG137/STDEV($AG$3:$AG$1137))^3 -> 0.074861143 | AJ137: =(AG137/STDEV($AG$3:$AG$1137))^4 -> 0.031550671 | AK137: =AF137^2 -> 17956 | AL137: =IF(AD137=1,AB137,IF(AL136<>"",AL136,"")) -> 4800.2768 | AM137: =IF(AND(AD137=1,AL136<>""),ABS(AB137-AL136),"") -> 36.36458
A138: 1776653102 | B138: XAUUSD | C138: M15 | D138: 4797.41 | E138: 4518.5928 | F138: 4596.0559 | G138: 4755.4035 | H138: 4792.7697 | Q138: 4781.2436 | R138: 4810.6069 | S138: 4837.1956 | V138: 4746.3038 | W138: 4712.7388 | AB138: 4797.6085 | AC138: 4799.4344 | AD138: 0 | AE138: =AE137+1 -> 136 | AF138: =AF137+1 -> 135 | AG138: =D138-Q138 -> 16.16643 | AH138: =AG138^2 -> 261.35346 | AI138: =(AG138/STDEV($AG$3:$AG$1137))^3 -> 0.097198142 | AJ138: =(AG138/STDEV($AG$3:$AG$1137))^4 -> 0.044690027 | AK138: =AF138^2 -> 18225 | AL138: =IF(AD138=1,AB138,IF(AL137<>"",AL137,"")) -> 4800.2768 | AM138: =IF(AND(AD138=1,AL137<>""),ABS(AB138-AL137),"")
... A148: 1776662102 | B148: XAUUSD | C148: M15 | D148: 4788.05 | E148: 4518.5928 | F148: 4596.0559 | G148: 4755.4035 | H148: 4792.7697 | Q148: 4778.5675 | R148: 4807.9308 | S148: 4834.5196 | V148: 4743.6278 | W148: 4710.0628 | AB148: 4787.2074 | AC148: 4787.9927 | AD148: 0 | AE148: =AE147+1 -> 146 | AF148: =AF147+1 -> 145 | AG148: =D148-Q148 -> 9.48247 | AH148: =AG148^2 -> 89.917237 | AI148: =(AG148/STDEV($AG$3:$AG$1137))^3 -> 0.019614625 | AJ148: =(AG148/STDEV($AG$3:$AG$1137))^4 -> 0.0052898094 | AK148: =AF148^2 -> 21025 | AL148: =IF(AD148=1,AB148,IF(AL147<>"",AL147,"")) -> 4800.2768 | AM148: =IF(AND(AD148=1,AL147<>""),ABS(AB148-AL147),"")
A149: 1776663002 | B149: XAUUSD | C149: M15 | D149: 4780.97 | E149: 4518.5928 | F149: 4596.0559 | G149: 4755.4035 | H149: 4792.7697 | Q149: 4778.2999 | R149: 4807.6632 | S149: 4834.252 | V149: 4743.3602 | W149: 4709.7952 | AA149: 4779.8 | AB149: 4786.9206 | AC149: 4787.4567 | AD149: 0 | AE149: =AE148+1 -> 147 | AF149: =AF148+1 -> 146 | AG149: =D149-Q149 -> 2.67007 | AH149: =AG149^2 -> 7.1292738 | AI149: =(AG149/STDEV($AG$3:$AG$1137))^3 -> 0.00043790865 | AJ149: =(AG149/STDEV($AG$3:$AG$1137))^4 -> 3.3254062e-05 | AK149: =AF149^2 -> 21316 | AL149: =IF(AD149=1,AB149,IF(AL148<>"",AL148,"")) -> 4800.2768 | AM149: =IF(AND(AD149=1,AL148<>""),ABS(AB149-AL148),"")
A150: 1776663902 | B150: XAUUSD | C150: M15 | D150: 4790.87 | E150: 4518.5928 | F150: 4596.0559 | G150: 4755.4035 | H150: 4792.7697 | Q150: 4778.0323 | R150: 4807.3956 | S150: 4833.9844 | V150: 4743.0926 | W150: 4709.5276 | AB150: 4787.4344 | AC150: 4787.4456 | AD150: 0 | AE150: =AE149+1 -> 148 | AF150: =AF149+1 -> 147 | AG150: =D150-Q150 -> 12.83767 | AH150: =AG150^2 -> 164.80577 | AI150: =(AG150/STDEV($AG$3:$AG$1137))^3 -> 0.048671441 | AJ150: =(AG150/STDEV($AG$3:$AG$1137))^4 -> 0.017770471 | AK150: =AF150^2 -> 21609 | AL150: =IF(AD150=1,AB150,IF(AL149<>"",AL149,"")) -> 4800.2768 | AM150: =IF(AND(AD150=1,AL149<>""),ABS(AB150-AL149),"")
A151: 1776664802 | B151: XAUUSD | C151: M15 | D151: 4790.56 | E151: 4518.5928 | F151: 4596.0559 | G151: 4755.4035 | H151: 4792.7697 | Q151: 4777.7647 | R151: 4807.128 | S151: 4833.7168 | V151: 4742.825 | W151: 4709.26 | AB151: 4788.4819 | AC151: 4787.9637 | AD151: 1 | AE151: =AE150+1 -> 149 | AF151: =AF150+1 -> 148 | AG151: =D151-Q151 -> 12.79528 | AH151: =AG151^2 -> 163.71919 | AI151: =(AG151/STDEV($AG$3:$AG$1137))^3 -> 0.048190892 | AJ151: =(AG151/STDEV($AG$3:$AG$1137))^4 -> 0.017536919 | AK151: =AF151^2 -> 21904 | AL151: =IF(AD151=1,AB151,IF(AL150<>"",AL150,"")) -> 4788.4819 | AM151: =IF(AND(AD151=1,AL150<>""),ABS(AB151-AL150),"") -> 11.79489
A152: 1776665702 | B152: XAUUSD | C152: M15 | D152: 4786.12 | E152: 4518.5928 | F152: 4596.0559 | G152: 4755.4035 | H152: 4792.7697 | Q152: 4777.4971 | R152: 4806.8604 | S152: 4833.4492 | V152: 4742.5574 | W152: 4708.9924 | AB152: 4789.9534 | AC152: 4788.9586 | AD152: 0 | AE152: =AE151+1 -> 150 | AF152: =AF151+1 -> 149 | AG152: =D152-Q152 -> 8.62288 | AH152: =AG152^2 -> 74.354059 | AI152: =(AG152/STDEV($AG$3:$AG$1137))^3 -> 0.014749341 | AJ152: =(AG152/STDEV($AG$3:$AG$1137))^4 -> 0.0036171247 | AK152: =AF152^2 -> 22201 | AL152: =IF(AD152=1,AB152,IF(AL151<>"",AL151,"")) -> 4788.4819 | AM152: =IF(AND(AD152=1,AL151<>""),ABS(AB152-AL151),"")
A153: 1776666602 | B153: XAUUSD | C153: M15 | D153: 4790.24 | E153: 4518.5928 | F153: 4596.0559 | G153: 4755.4035 | H153: 4792.7697 | Q153: 4777.2295 | R153: 4806.5928 | S153: 4833.1816 | V153: 4742.2897 | W153: 4708.7248 | AB153: 4791.7389 | AC153: 4790.3487 | AD153: 0 | AE153: =AE152+1 -> 151 | AF153: =AF152+1 -> 150 | AG153: =D153-Q153 -> 13.01049 | AH153: =AG153^2 -> 169.27285 | AI153: =(AG153/STDEV($AG$3:$AG$1137))^3 -> 0.050663658 | AJ153: =(AG153/STDEV($AG$3:$AG$1137))^4 -> 0.018746868 | AK153: =AF153^2 -> 22500 | AL153: =IF(AD153=1,AB153,IF(AL152<>"",AL152,"")) -> 4788.4819 | AM153: =IF(AND(AD153=1,AL152<>""),ABS(AB153-AL152),"")
A154: 1776667502 | B154: XAUUSD | C154: M15 | D154: 4795.46 | E154: 4518.5928 | F154: 4596.0559 | G154: 4755.4035 | H154: 4792.7697 | Q154: 4776.9619 | R154: 4806.3252 | S154: 4832.914 | V154: 4742.0221 | W154: 4708.4571 | AB154: 4793.4334 | AC154: 4791.8911 | AD154: 0 | AE154: =AE153+1 -> 152 | AF154: =AF153+1 -> 151 | AG154: =D154-Q154 -> 18.49809 | AH154: =AG154^2 -> 342.17933 | AI154: =(AG154/STDEV($AG$3:$AG$1137))^3 -> 0.14561169 | AJ154: =(AG154/STDEV($AG$3:$AG$1137))^4 -> 0.076605802 | AK154: =AF154^2 -> 22801 | AL154: =IF(AD154=1,AB154,IF(AL153<>"",AL153,"")) -> 4788.4819 | AM154: =IF(AND(AD154=1,AL153<>""),ABS(AB154-AL153),"")
A155: 1776668402 | B155: XAUUSD | C155: M15 | D155: 4797.47 | E155: 4518.5928 | F155: 4596.0559 | G155: 4755.4035 | H155: 4792.7697 | Q155: 4776.6943 | R155: 4806.0576 | S155: 4832.6464 | V155: 4741.7545 | W155: 4708.1895 | AB155: 4794.6108 | AC155: 4793.2509 | AD155: 0 | AE155: =AE154+1 -> 153 | AF155: =AF154+1 -> 152 | AG155: =D155-Q155 -> 20.77569 | AH155: =AG155^2 -> 431.62929 | AI155: =(AG155/STDEV($AG$3:$AG$1137))^3 -> 0.20629179 | AJ155: =(AG155/STDEV($AG$3:$AG$1137))^4 -> 0.12189221 | AK155: =AF155^2 -> 23104 | AL155: =IF(AD155=1,AB155,IF(AL154<>"",AL154,"")) -> 4788.4819 | AM155: =IF(AND(AD155=1,AL154<>""),ABS(AB155-AL154),"")
A156: 1776669302 | B156: XAUUSD | C156: M15 | D156: 4797.92 | E156: 4518.5928 | F156: 4596.0559 | G156: 4755.4035 | H156: 4792.7697 | Q156: 4776.4267 | R156: 4805.79 | S156: 4832.3788 | V156: 4741.4869 | W156: 4707.9219 | Z156: 4805.79 | AB156: 4795.1086 | AC156: 4794.1798 | AD156: 0 | AE156: =AE155+1 -> 154 | AF156: =AF155+1 -> 153 | AG156: =D156-Q156 -> 21.4933 | AH156: =AG156^2 -> 461.96194 | AI156: =(AG156/STDEV($AG$3:$AG$1137))^3 -> 0.22841514 | AJ156: =(AG156/STDEV($AG$3:$AG$1137))^4 -> 0.13962607 | AK156: =AF156^2 -> 23409 | AL156: =IF(AD156=1,AB156,IF(AL155<>"",AL155,"")) -> 4788.4819 | AM156: =IF(AND(AD156=1,AL155<>""),ABS(AB156-AL155),"")
A157: 1776670202 | B157: XAUUSD | C157: M15 | D157: 4797.69 | E157: 4518.5928 | F157: 4596.0559 | G157: 4755.4035 | H157: 4792.7697 | Q157: 4776.1591 | R157: 4805.5224 | S157: 4832.1112 | V157: 4741.2193 | W157: 4707.6543 | AB157: 4794.9353 | AC157: 4794.5576 | AD157: 0 | AE157: =AE156+1 -> 155 | AF157: =AF156+1 -> 154 | AG157: =D157-Q157 -> 21.5309 | AH157: =AG157^2 -> 463.57965 | AI157: =(AG157/STDEV($AG$3:$AG$1137))^3 -> 0.22961599 | AJ157: =(AG157/STDEV($AG$3:$AG$1137))^4 -> 0.14060567 | AK157: =AF157^2 -> 23716 | AL157: =IF(AD157=1,AB157,IF(AL156<>"",AL156,"")) -> 4788.4819 | AM157: =IF(AND(AD157=1,AL156<>""),ABS(AB157-AL156),"")
A158: 1776671102 | B158: XAUUSD | C158: M15 | D158: 4789.7 | E158: 4518.5928 | F158: 4596.0559 | G158: 4755.4035 | H158: 4792.7697 | Q158: 4775.8915 | R158: 4805.2548 | S158: 4831.8436 | V158: 4740.9517 | W158: 4707.3867 | AB158: 4794.2746 | AC158: 4794.4161 | AD158: 1 | AE158: =AE157+1 -> 156 | AF158: =AF157+1 -> 155 | AG158: =D158-Q158 -> 13.80851 | AH158: =AG158^2 -> 190.67495 | AI158: =(AG158/STDEV($AG$3:$AG$1137))^3 -> 0.060569786 | AJ158: =(AG158/STDEV($AG$3:$AG$1137))^4 -> 0.023787094 | AK158: =AF158^2 -> 24025 | AL158: =IF(AD158=1,AB158,IF(AL157<>"",AL157,"")) -> 4794.2746 | AM158: =IF(AND(AD158=1,AL157<>""),ABS(AB158-AL157),"") -> 5.79273
A159: 1776672002 | B159: XAUUSD | C159: M15 | D159: 4789.48 | E159: 4518.5928 | F159: 4596.0559 | G159: 4755.4035 | H159: 4792.7697 | Q159: 4775.6239 | R159: 4804.9872 | S159: 4831.576 | V159: 4740.6841 | W159: 4707.1191 | AB159: 4793.554 | AC159: 4793.985 | AD159: 0 | AE159: =AE158+1 -> 157 | AF159: =AF158+1 -> 156 | AG159: =D159-Q159 -> 13.85611 | AH159: =AG159^2 -> 191.99178 | AI159: =(AG159/STDEV($AG$3:$AG$1137))^3 -> 0.061198327 | AJ159: =(AG159/STDEV($AG$3:$AG$1137))^4 -> 0.024116784 | AK159: =AF159^2 -> 24336 | AL159: =IF(AD159=1,AB159,IF(AL158<>"",AL158,"")) -> 4794.2746 | AM159: =IF(AND(AD159=1,AL158<>""),ABS(AB159-AL158),"")
A160: 1776672902 | B160: XAUUSD | C160: M15 | D160: 4792.11 | E160: 4518.5928 | F160: 4596.0559 | G160: 4755.4035 | H160: 4792.7697 | Q160: 4775.3563 | R160: 4804.7196 | S160: 4831.3084 | V160: 4740.4165 | W160: 4706.8515 | AB160: 4793.0429 | AC160: 4793.5139 | AD160: 0 | AE160: =AE159+1 -> 158 | AF160: =AF159+1 -> 157 | AG160: =D160-Q160 -> 16.75372 | AH160: =AG160^2 -> 280.68713 | AI160: =(AG160/STDEV($AG$3:$AG$1137))^3 -> 0.10818059 | AJ160: =(AG160/STDEV($AG$3:$AG$1137))^4 -> 0.051546493 | AK160: =AF160^2 -> 24649 | AL160: =IF(AD160=1,AB160,IF(AL159<>"",AL159,"")) -> 4794.2746 | AM160: =IF(AND(AD160=1,AL159<>""),ABS(AB160-AL159),"")
A161: 1776673802 | B161: XAUUSD | C161: M15 | D161: 4792.48 | E161: 4518.5928 | F161: 4596.0559 | G161: 4755.4035 | H161: 4792.7697 | Q161: 4775.0887 | R161: 4804.452 | S161: 4831.0408 | V161: 4740.1489 | W161: 4706.5839 | AB161: 4792.8257 | AC161: 4793.1698 | AD161: 0 | AE161: =AE160+1 -> 159 | AF161: =AF160+1 -> 158 | AG161: =D161-Q161 -> 17.39132 | AH161: =AG161^2 -> 302.45801 | AI161: =(AG161/STDEV($AG$3:$AG$1137))^3 -> 0.12100776 | AJ161: =(AG161/STDEV($AG$3:$AG$1137))^4 -> 0.059852776 | AK161: =AF161^2 -> 24964 | AL161: =IF(AD161=1,AB161,IF(AL160<>"",AL160,"")) -> 4794.2746 | AM161: =IF(AND(AD161=1,AL160<>""),ABS(AB161-AL160),"")
A162: 1776674702 | B162: XAUUSD | C162: M15 | D162: 4796.19 | E162: 4518.5928 | F162: 4596.0559 | G162: 4755.4035 | H162: 4792.7697 | Q162: 4774.8211 | R162: 4804.1844 | S162: 4830.7731 | V162: 4739.8813 | W162: 4706.3163 | AB162: 4792.918 | AC162: 4793.0439 | AD162: 0 | AE162: =AE161+1 -> 160 | AF162: =AF161+1 -> 159 | AG162: =D162-Q162 -> 21.36892 | AH162: =AG162^2 -> 456.63074 | AI162: =(AG162/STDEV($AG$3:$AG$1137))^3 -> 0.22447258 | AJ162: =(AG162/STDEV($AG$3:$AG$1137))^4 -> 0.136422 | AK162: =AF162^2 -> 25281 | AL162: =IF(AD162=1,AB162,IF(AL161<>"",AL161,"")) -> 4794.2746 | AM162: =IF(AND(AD162=1,AL161<>""),ABS(AB162-AL161),"")
A163: 1776675602 | B163: XAUUSD | C163: M15 | D163: 4796.07 | E163: 4518.5928 | F163: 4596.0559 | G163: 4755.4035 | H163: 4792.7697 | Q163: 4774.5535 | R163: 4803.9168 | S163: 4830.5055 | V163: 4739.6137 | W163: 4706.0487 | AB163: 4793.1611 | AC163: 4793.1025 | AD163: 1 | AE163: =AE162+1 -> 161 | AF163: =AF162+1 -> 160 | AG163: =D163-Q163 -> 21.51653 | AH163: =AG163^2 -> 462.96106 | AI163: =(AG163/STDEV($AG$3:$AG$1137))^3 -> 0.22915655 | AJ163: =(AG163/STDEV($AG$3:$AG$1137))^4 -> 0.14023068 | AK163: =AF163^2 -> 25600 | AL163: =IF(AD163=1,AB163,IF(AL162<>"",AL162,"")) -> 4793.1611 | AM163: =IF(AND(AD163=1,AL162<>""),ABS(AB163-AL162),"") -> 1.1135
A164: 1776676502 | B164: XAUUSD | C164: M15 | D164: 4792.33 | E164: 4518.5928 | F164: 4596.0559 | G164: 4755.4035 | H164: 4792.7697 | Q164: 4774.2859 | R164: 4803.6492 | S164: 4830.2379 | V164: 4739.3461 | W164: 4705.7811 | AB164: 4793.4599 | AC164: 4793.2812 | AD164: 0 | AE164: =AE163+1 -> 162 | AF164: =AF163+1 -> 161 | AG164: =D164-Q164 -> 18.04413 | AH164: =AG164^2 -> 325.59063 | AI164: =(AG164/STDEV($AG$3:$AG$1137))^3 -> 0.1351523 | AJ164: =(AG164/STDEV($AG$3:$AG$1137))^4 -> 0.069358214 | AK164: =AF164^2 -> 25921 | AL164: =IF(AD164=1,AB164,IF(AL163<>"",AL163,"")) -> 4793.1611 | AM164: =IF(AND(AD164=1,AL163<>""),ABS(AB164-AL163),"")
A165: 1776677402 | B165: XAUUSD | C165: M15 | D165: 4791.96 | E165: 4518.5928 | F165: 4596.0559 | G165: 4755.4035 | H165: 4792.7697 | Q165: 4774.0183 | R165: 4803.3816 | S165: 4829.9703 | V165: 4739.0785 | W165: 4705.5135 | AB165: 4793.8042 | AC165: 4793.5427 | AD165: 0 | AE165: =AE164+1 -> 163 | AF165: =AF164+1 -> 162 | AG165: =D165-Q165 -> 17.94174 | AH165: =AG165^2 -> 321.90603 | AI165: =(AG165/STDEV($AG$3:$AG$1137))^3 -> 0.13286459 | AJ165: =(AG165/STDEV($AG$3:$AG$1137))^4 -> 0.067797292 | AK165: =AF165^2 -> 26244 | AL165: =IF(AD165=1,AB165,IF(AL164<>"",AL164,"")) -> 4793.1611 | AM165: =IF(AND(AD165=1,AL164<>""),ABS(AB165-AL164),"")
...

Sheet Statistical Testing Results
A1: Helper Values (used by formulas below)
A2: σ = SQRT(AVERAGE(eᵢ²)) [population std dev of residuals] | B2: =SQRT(AVERAGE('Data Export2 Refine'!AH3:AH1137)) -> 40.755973
A3: n = COUNT(eᵢ) [number of observations] | B3: =COUNT('Data Export2 Refine'!AG3:AG1137) -> 1135
A5: Jarque-Bera Test (residual eᵢ = close − Base_FL)
A6: α (significance level) | B6: =0.05 -> 0.05
A7: n (sample size) | B7: =B3 -> 1135
A8: Skewness S = SKEW(eᵢ) [Excel SKEW = bias-corrected Fisher skewness; matches scipy.stats.skew] | B8: =SKEW('Data Export2 Refine'!AG3:AG1137) -> -0.22013741
A9: Excess Kurtosis K−3 = KURT(eᵢ) [Excel KURT returns K−3 directly; matches scipy.stats.kurtosis] | B9: =KURT('Data Export2 Refine'!AG3:AG1137) -> -0.66774707
A10: JB statistic = (n/6) × [ S² + (K−3)²/4 ] | B10: =B7/6*(B8^2+B9^2/4) -> 30.253807
A11: p-value = CHIDIST(JB, 2) [right-tail chi-squared, df=2] | B11: =CHIDIST(B10,2) -> 2.6944454e-07
A12: Critical χ²(df=2, α) = CHIINV(α, 2) | B12: =CHIINV(B6,2) -> 5.9914645
A13: ="DECISION: JB = "&TEXT(B10,"0.0000")&", p = "&TEXT(B11,"0.00E+00")&" "&IF(B11<B6,"<","≥")&" α = "&TEXT(B6,"0.00")&" ⟹ "&IF(B11<B6,"REJECT H₀ → Base_FL residuals are NOT normally distributed","FAIL TO REJECT H₀ → Base_FL residuals are normally distributed") -> DECISION: JB = 30.2538, p = 2.69E-07 < α = 0.05 ⟹ REJECT H₀ → Base_FL residuals are NOT normally distributed
A15: White's Test (residual eᵢ = close − Base_FL)
A16: α (significance level) | B16: =0.05 -> 0.05
A17: n (sample size) | B17: =B3 -> 1135
A18: Auxiliary regression: eᵢ² ~ β₀ + β₁·(Bar Index) + β₂·(Bar Index²) [Data Export2 Refine cols AH, AF, AK]
A19: R²_aux = INDEX(LINEST(eᵢ²,{Bar Index, Bar Index²},TRUE,TRUE), 3, 1) [Row 3, col 1 of LINEST stats matrix = R² of auxiliary regression] | B19: =INDEX(LINEST('Data Export2 Refine'!AH3:AH1137,CHOOSE({1,2},'Data Export2 Refine'!AF3:AF1137,'Data Export2 Refine'!AK3:AK1137),TRUE,TRUE),3,1) -> 0.11986924
A20: White LM = n × R²_aux | B20: =B17*B19 -> 136.05158
A21: p-value = CHIDIST(LM, 2) [right-tail chi-squared, df=2] | B21: =CHIDIST(B20,2) -> 2.8626874e-30
A22: Critical χ²(df=2, α) = CHIINV(α, 2) | B22: =CHIINV(B16,2) -> 5.9914645
A23: ="DECISION: LM = "&TEXT(B20,"0.0000")&", p = "&TEXT(B21,"0.00E+00")&" "&IF(B21<B16,"<","≥")&" α = "&TEXT(B16,"0.00")&" ⟹ "&IF(B21<B16,"REJECT H₀ → Base_FL residuals are HETEROSCEDASTIC","FAIL TO REJECT H₀ → Base_FL residuals are HOMOSCEDASTIC") -> DECISION: LM = 136.0516, p = 2.86E-30 < α = 0.05 ⟹ REJECT H₀ → Base_FL residuals are HETEROSCEDASTIC

Sheet MACD_H2_Int1
A1: MACD Hybrid v2 (8-Dim) — MACD_H2_Int1
A2: SLOW Window: Bars 136–1135 (n=1000, anchored from bar 136)
A3: FAST Window: Bars 386–635 (n=250, sliding)
A4: 8-Dim model. REI two-sided (below + above) with symmetric anchor = (|EDT_outermost_below| + EDT_outermost_above) / 2 — robust to Base_FL asymmetry. SCD = SSA crossing-to-crossing distance (position-agnostic). Col E = editable threshold. Col F = ALERT when threshold crossed.
A6: Metric | B6: SLOW | C6: FAST | D6: Score | E6: Threshold | F6: Alert
A7: ── Structural & Mean-Reversion Metrics ──
A8: n (observations) | B8: =COUNT('Data Export2 Refine'!AF138:AF1137) -> 1000 | C8: =COUNT('Data Export2 Refine'!AF388:AF637) -> 250
A9: Variance E[eᵢ²] | B9: =AVERAGE('Data Export2 Refine'!AH138:AH1137) -> 1688.3897 | C9: =AVERAGE('Data Export2 Refine'!AH388:AH637) -> 1227.5519
A10: σ_rms (RMS of residuals) | B10: =SQRT(AVERAGE('Data Export2 Refine'!AH138:AH1137)) -> 41.090019 | C10: =SQRT(AVERAGE('Data Export2 Refine'!AH388:AH637)) -> 35.036437
A11: HL Alpha (AR1 no-const) | B11: =SUMPRODUCT(('Data Export2 Refine'!AG139:AG1137-'Data Export2 Refine'!AG138:AG1136),'Data Export2 Refine'!AG138:AG1136)/SUMPRODUCT('Data Export2 Refine'!AG138:AG1136,'Data Export2 Refine'!AG138:AG1136) -> -0.013121629 | C11: =SUMPRODUCT(('Data Export2 Refine'!AG389:AG637-'Data Export2 Refine'!AG388:AG636),'Data Export2 Refine'!AG388:AG636)/SUMPRODUCT('Data Export2 Refine'!AG388:AG636,'Data Export2 Refine'!AG388:AG636) -> -0.018525656
A12: Half-Life (bars) | B12: =IF(B11>=0,9999,-LN(2)/LN(1+B11)) -> 52.477445 | C12: =IF(C11>=0,9999,-LN(2)/LN(1+C11)) -> 37.067872
A13: R²(close ~ BarIdx) — linear trend quality | B13: =RSQ('Data Export2 Refine'!D138:D1137,'Data Export2 Refine'!AF138:AF1137) -> 0.82574393 | C13: =RSQ('Data Export2 Refine'!D388:D637,'Data Export2 Refine'!AF388:AF637) -> 0.050655973
A15: ── Jarque-Bera Normality Test (on eᵢ) ──
A16: Significance level α | B16: =0.05 -> 0.05 | C16: =0.05 -> 0.05
A17: Skewness S (SKEW) | B17: =SKEW('Data Export2 Refine'!AG138:AG1137) -> -0.39770375 | C17: =SKEW('Data Export2 Refine'!AG388:AG637) -> 0.18250965
A18: Excess Kurtosis K-3 (KURT) | B18: =KURT('Data Export2 Refine'!AG138:AG1137) -> -0.41011567 | C18: =KURT('Data Export2 Refine'!AG388:AG637) -> -1.1970249
A19: JB Statistic = n/6·(S²+(K-3)²/4) | B19: =B8/6*(B17^2+B18^2/4) -> 33.369498 | C19: =C8/6*(C17^2+C18^2/4) -> 16.313622
A20: p-value (CHIDIST, df=2) | B20: =CHIDIST(B19,2) -> 5.6742117e-08 | C20: =CHIDIST(C19,2) -> 0.00028677543
A21: Critical value χ²(α,2) (CHIINV) | B21: =CHIINV(B16,2) -> 5.9914645 | C21: =CHIINV(C16,2) -> 5.9914645
A22: JB Decision (Slow) | B22: =IF(B19>B21,"REJECT H₀","FAIL TO REJECT") -> REJECT H₀
A23: JB Decision (Fast) | C23: =IF(C19>C21,"REJECT H₀","FAIL TO REJECT") -> REJECT H₀
A25: ── White's Heteroscedasticity Test (on eᵢ) ──
A26: Significance level α | B26: =0.05 -> 0.05 | C26: =0.05 -> 0.05
A27: R²_aux (eᵢ² ~ BarIdx + BarIdx²) | B27: =INDEX(LINEST('Data Export2 Refine'!AH138:AH1137,CHOOSE({1,2},'Data Export2 Refine'!AF138:AF1137,'Data Export2 Refine'!AK138:AK1137),TRUE,TRUE),3,1) -> 0.14846489 | C27: =INDEX(LINEST('Data Export2 Refine'!AH388:AH637,CHOOSE({1,2},'Data Export2 Refine'!AF388:AF637,'Data Export2 Refine'!AK388:AK637),TRUE,TRUE),3,1) -> 0.60987181
A28: LM = n × R²_aux | B28: =B8*B27 -> 148.46489 | C28: =C8*C27 -> 152.46795
A29: p-value (CHIDIST, df=2) | B29: =CHIDIST(B28,2) -> 5.7711134e-33 | C29: =CHIDIST(C28,2) -> 7.798389e-34
A30: Critical value χ²(α,2) (CHIINV) | B30: =CHIINV(B26,2) -> 5.9914645 | C30: =CHIINV(C26,2) -> 5.9914645
A31: log₁₀(p_White) | B31: =IF(B29=0,-300,LOG10(B29)) -> -32.23874 | C31: =IF(C29=0,-300,LOG10(C29)) -> -33.107995
A32: White's Decision (Slow) | B32: =IF(B28>B30,"REJECT H₀","FAIL TO REJECT") -> REJECT H₀
A33: White's Decision (Fast) | C33: =IF(C28>C30,"REJECT H₀","FAIL TO REJECT") -> REJECT H₀
A35: ── EDT Extremity (REI — two-sided, Symmetric Anchor) ──
A36: Outermost Below EDT offset (EDT_8→EDT_7→EDT_6 fallback) [negative] | B36: =IF(SUMPRODUCT(('Data Export2 Refine'!Y138:Y1137<>"")*1)>0,SUMPRODUCT(('Data Export2 Refine'!Y138:Y1137<>"")*('Data Export2 Refine'!Y138:Y1137-'Data Export2 Refine'!Q138:Q1137))/SUMPRODUCT(('Data Export2 Refine'!Y138:Y1137<>"")*1),IF(SUMPRODUCT(('Data Export2 Refine'!X138:X1137<>"")*1)>0,SUMPRODUCT(('Data Export2 Refine'!X138:X1137<>"")*('Data Export2 Refine'!X138:X1137-'Data Export2 Refine'!Q138:Q1137))/SUMPRODUCT(('Data Export2 Refine'!X138:X1137<>"")*1),SUMPRODUCT(('Data Export2 Refine'!W138:W1137<>"")*('Data Export2 Refine'!W138:W1137-'Data Export2 Refine'!Q138:Q1137))/SUMPRODUCT(('Data Export2 Refine'!W138:W1137<>"")*1))) -> -68.504766 | C36: =IF(SUMPRODUCT(('Data Export2 Refine'!Y388:Y637<>"")*1)>0,SUMPRODUCT(('Data Export2 Refine'!Y388:Y637<>"")*('Data Export2 Refine'!Y388:Y637-'Data Export2 Refine'!Q388:Q637))/SUMPRODUCT(('Data Export2 Refine'!Y388:Y637<>"")*1),IF(SUMPRODUCT(('Data Export2 Refine'!X388:X637<>"")*1)>0,SUMPRODUCT(('Data Export2 Refine'!X388:X637<>"")*('Data Export2 Refine'!X388:X637-'Data Export2 Refine'!Q388:Q637))/SUMPRODUCT(('Data Export2 Refine'!X388:X637<>"")*1),SUMPRODUCT(('Data Export2 Refine'!W388:W637<>"")*('Data Export2 Refine'!W388:W637-'Data Export2 Refine'!Q388:Q637))/SUMPRODUCT(('Data Export2 Refine'!W388:W637<>"")*1))) -> -68.504766
A37: Outermost Above EDT offset (EDT_4→EDT_3→EDT_2→EDT_1 fallback) [positive] | B37: =IF(SUMPRODUCT(('Data Export2 Refine'!U138:U1137<>"")*1)>0,SUMPRODUCT(('Data Export2 Refine'!U138:U1137<>"")*('Data Export2 Refine'!U138:U1137-'Data Export2 Refine'!Q138:Q1137))/SUMPRODUCT(('Data Export2 Refine'!U138:U1137<>"")*1),IF(SUMPRODUCT(('Data Export2 Refine'!T138:T1137<>"")*1)>0,SUMPRODUCT(('Data Export2 Refine'!T138:T1137<>"")*('Data Export2 Refine'!T138:T1137-'Data Export2 Refine'!Q138:Q1137))/SUMPRODUCT(('Data Export2 Refine'!T138:T1137<>"")*1),IF(SUMPRODUCT(('Data Export2 Refine'!S138:S1137<>"")*1)>0,SUMPRODUCT(('Data Export2 Refine'!S138:S1137<>"")*('Data Export2 Refine'!S138:S1137-'Data Export2 Refine'!Q138:Q1137))/SUMPRODUCT(('Data Export2 Refine'!S138:S1137<>"")*1),SUMPRODUCT(('Data Export2 Refine'!R138:R1137<>"")*('Data Export2 Refine'!R138:R1137-'Data Export2 Refine'!Q138:Q1137))/SUMPRODUCT(('Data Export2 Refine'!R138:R1137<>"")*1)))) -> 55.95207 | C37: =IF(SUMPRODUCT(('Data Export2 Refine'!U388:U637<>"")*1)>0,SUMPRODUCT(('Data Export2 Refine'!U388:U637<>"")*('Data Export2 Refine'!U388:U637-'Data Export2 Refine'!Q388:Q637))/SUMPRODUCT(('Data Export2 Refine'!U388:U637<>"")*1),IF(SUMPRODUCT(('Data Export2 Refine'!T388:T637<>"")*1)>0,SUMPRODUCT(('Data Export2 Refine'!T388:T637<>"")*('Data Export2 Refine'!T388:T637-'Data Export2 Refine'!Q388:Q637))/SUMPRODUCT(('Data Export2 Refine'!T388:T637<>"")*1),IF(SUMPRODUCT(('Data Export2 Refine'!S388:S637<>"")*1)>0,SUMPRODUCT(('Data Export2 Refine'!S388:S637<>"")*('Data Export2 Refine'!S388:S637-'Data Export2 Refine'!Q388:Q637))/SUMPRODUCT(('Data Export2 Refine'!S388:S637<>"")*1),SUMPRODUCT(('Data Export2 Refine'!R388:R637<>"")*('Data Export2 Refine'!R388:R637-'Data Export2 Refine'!Q388:Q637))/SUMPRODUCT(('Data Export2 Refine'!R388:R637<>"")*1)))) -> 55.95207
A38: Symmetric Anchor = (|EDT_below| + EDT_above) / 2 — scale reference | B38: =IF(AND(B36<0,B37>0),(ABS(B36)+B37)/2,IF(B36<0,ABS(B36),B37)) -> 62.228418 | C38: =IF(AND(C36<0,C37>0),(ABS(C36)+C37)/2,IF(C36<0,ABS(C36),C37)) -> 62.228418
A39: REI_below = min(eᵢ) / Sym_anchor [negative → below extreme] | B39: =IF(B38>0,MIN('Data Export2 Refine'!AG138:AG1137)/B38,"N/A") -> -1.3272002 | C39: =IF(C38>0,MIN('Data Export2 Refine'!AG388:AG637)/C38,"N/A") -> -0.34565638
A40: REI_above = max(eᵢ) / Sym_anchor [positive → above extreme] | B40: =IF(B38>0,MAX('Data Export2 Refine'!AG138:AG1137)/B38,"N/A") -> 1.7425285 | C40: =IF(C38>0,MAX('Data Export2 Refine'!AG388:AG637)/C38,"N/A") -> 1.1418757
A41: max(eᵢ) — informational | B41: =MAX('Data Export2 Refine'!AG138:AG1137) -> 108.43479 | C41: =MAX('Data Export2 Refine'!AG388:AG637) -> 71.05712
A42: min(eᵢ) — informational | B42: =MIN('Data Export2 Refine'!AG138:AG1137) -> -82.58957 | C42: =MIN('Data Export2 Refine'!AG388:AG637) -> -21.50965
A43: ── SSA Crossing Distance (SCD — position-agnostic swing amplitude) ──
A44: n crossings (SSA ↔ EMA-SSA in window) | B44: =SUMPRODUCT(('Data Export2 Refine'!AD138:AD1137=1)*1) -> 89 | C44: =SUMPRODUCT(('Data Export2 Refine'!AD388:AD637=1)*1) -> 27
A45: SCD mean = avg |SSA_cross_i − SSA_cross_{i-1}| | B45: =IFERROR(AVERAGEIF('Data Export2 Refine'!AM138:AM1137,"<>"),0) -> 17.395168 | C45: =IFERROR(AVERAGEIF('Data Export2 Refine'!AM388:AM637,"<>"),0) -> 14.525732 | D45: ← scored. Detects large swings anywhere in EDT channel, independent of Base_FL.
A46: SCD max = largest single crossing swing (informational) | B46: =MAX('Data Export2 Refine'!AM138:AM1137) -> 89.91575 | C46: =MAX('Data Export2 Refine'!AM388:AM637) -> 44.36112
A48: ── Individual Scores & Threshold Flags — 8 Dimensions ──
A49: Metric [weight] | B49: Ratio / Signal | D49: Score (−100 to +100) | E49: Threshold ← edit | F49: Alert
A50: Half-Life ratio (fast/slow) — mean reversion speed [weight=25%] | B50: =IF(AND(B12>0,B12<9999),C12/B12,9999) -> 0.70635817 | D50: =MAX(-100,MIN(100,(1-B50)*100)) -> 29.364183 | E50: 50 | F50: =IF(D50>=E50,"ALERT","—") -> —
A51: Variance Ratio (fast/slow) — variance divergence [weight=10%] | B51: =IF(B9>0,C9/B9,1) -> 0.72705483 | D51: =MAX(-100,MIN(0,-ABS(B51-1)*100)) -> -27.294517 | E51: -50 | F51: =IF(D51<=E51,"ALERT","—") -> —
A52: REI_below ratio (fast/slow) — oversold extreme retreat [bullish] [weight=10%] | B52: =IF(AND(ISNUMBER(B39),ISNUMBER(C39),B39<0,C39<0),C39/B39,1) -> 0.26044027 | D52: =MAX(-100,MIN(100,(1-B52)*100)) -> 73.955973 | E52: 60 | F52: =IF(D52>=E52,"ALERT","—") -> ALERT
A53: REI_above ratio (fast/slow) — overbought extreme retreat [bearish] [weight=10%] | B53: =IF(AND(ISNUMBER(B40),ISNUMBER(C40),B40>0,C40>0),C40/B40,1) -> 0.65529818 | D53: =MAX(-100,MIN(100,(1-B53)*100)) -> 34.470182 | E53: 60 | F53: =IF(D53>=E53,"ALERT","—") -> —
A54: SCD ratio (fast mean / slow mean) — swing intensity [weight=20%] | B54: =IF(B45>0,C45/B45,1) -> 0.83504411 | D54: =MAX(-100,MIN(100,(B54-1)*200)) -> -32.991178 | E54: 50 | F54: =IF(D54>=E54,"ALERT","—") -> —
A55: R²_close ratio (fast/slow) — trend coherence [weight=10%] | B55: =IF(B13>0.001,C13/B13,0) -> 0.061345862 | D55: =MAX(-100,MIN(100,(B55-1)*100)) -> -93.865414 | E55: -50 | F55: =IF(D55<=E55,"ALERT","—") -> ALERT
A56: White's Δlog₁₀p (fast−slow) — heteroscedasticity [weight=10%] | B56: =C31-B31 -> -0.86925471 | D56: =MAX(-100,MIN(100,B56*5)) -> -4.3462736 | E56: 50 | F56: =IF(D56>=E56,"ALERT","—") -> —
A57: JB ratio (fast/slow) — residual normality [weight=5%] | B57: =IF(B19>0,C19/B19,1) -> 0.48887826 | D57: =MAX(-100,MIN(100,(1-B57)*100)) -> 51.112174 | E57: -30 | F57: =IF(D57<=E57,"ALERT","—") -> —
A59: ── Composite Score (secondary context) ──
A60: Composite Score (8D) [HL=25 VR=10 REI_b=10 REI_a=10 SCD=20 R²=10 W=10 JB=5] | D60: =0.25*D50+0.1*D51+0.1*D52+0.1*D53+0.2*D54+0.1*D55+0.1*D56+0.05*D57 -> 1.590414
A61: Composite Interpretation (secondary — individual flags are primary) | D61: =IF(D60>50,"STRONG BREAKOUT SETUP",IF(D60>20,"MODERATE SETUP — watch for trigger",IF(D60>0,"MILD POSITIVE — early signs",IF(D60>-20,"MIXED — signals conflicting",IF(D60>-50,"STRUCTURAL WEAKNESS","HIGH CAUTION / TREND INTACT"))))) -> MILD POSITIVE — early signs

Sheet MACD_H2_Int2
A1: MACD Hybrid v2 (8-Dim) — MACD_H2_Int2
A2: SLOW Window: Bars 136–1135 (n=1000, anchored from bar 136)
A3: FAST Window: Bars 636–885 (n=250, sliding)
A4: 8-Dim model. REI two-sided (below + above) with symmetric anchor = (|EDT_outermost_below| + EDT_outermost_above) / 2 — robust to Base_FL asymmetry. SCD = SSA crossing-to-crossing distance (position-agnostic). Col E = editable threshold. Col F = ALERT when threshold crossed.
A6: Metric | B6: SLOW | C6: FAST | D6: Score | E6: Threshold | F6: Alert
A7: ── Structural & Mean-Reversion Metrics ──
A8: n (observations) | B8: =COUNT('Data Export2 Refine'!AF138:AF1137) -> 1000 | C8: =COUNT('Data Export2 Refine'!AF638:AF887) -> 250
A9: Variance E[eᵢ²] | B9: =AVERAGE('Data Export2 Refine'!AH138:AH1137) -> 1688.3897 | C9: =AVERAGE('Data Export2 Refine'!AH638:AH887) -> 1300.1642
A10: σ_rms (RMS of residuals) | B10: =SQRT(AVERAGE('Data Export2 Refine'!AH138:AH1137)) -> 41.090019 | C10: =SQRT(AVERAGE('Data Export2 Refine'!AH638:AH887)) -> 36.057789
A11: HL Alpha (AR1 no-const) | B11: =SUMPRODUCT(('Data Export2 Refine'!AG139:AG1137-'Data Export2 Refine'!AG138:AG1136),'Data Export2 Refine'!AG138:AG1136)/SUMPRODUCT('Data Export2 Refine'!AG138:AG1136,'Data Export2 Refine'!AG138:AG1136) -> -0.013121629 | C11: =SUMPRODUCT(('Data Export2 Refine'!AG639:AG887-'Data Export2 Refine'!AG638:AG886),'Data Export2 Refine'!AG638:AG886)/SUMPRODUCT('Data Export2 Refine'!AG638:AG886,'Data Export2 Refine'!AG638:AG886) -> -0.020346283
A12: Half-Life (bars) | B12: =IF(B11>=0,9999,-LN(2)/LN(1+B11)) -> 52.477445 | C12: =IF(C11>=0,9999,-LN(2)/LN(1+C11)) -> 33.719748
A13: R²(close ~ BarIdx) — linear trend quality | B13: =RSQ('Data Export2 Refine'!D138:D1137,'Data Export2 Refine'!AF138:AF1137) -> 0.82574393 | C13: =RSQ('Data Export2 Refine'!D638:D887,'Data Export2 Refine'!AF638:AF887) -> 0.81043124
A15: ── Jarque-Bera Normality Test (on eᵢ) ──
A16: Significance level α | B16: =0.05 -> 0.05 | C16: =0.05 -> 0.05
A17: Skewness S (SKEW) | B17: =SKEW('Data Export2 Refine'!AG138:AG1137) -> -0.39770375 | C17: =SKEW('Data Export2 Refine'!AG638:AG887) -> 0.5285206
A18: Excess Kurtosis K-3 (KURT) | B18: =KURT('Data Export2 Refine'!AG138:AG1137) -> -0.41011567 | C18: =KURT('Data Export2 Refine'!AG638:AG887) -> -0.81454216
A19: JB Statistic = n/6·(S²+(K-3)²/4) | B19: =B8/6*(B17^2+B18^2/4) -> 33.369498 | C19: =C8/6*(C17^2+C18^2/4) -> 18.550156
A20: p-value (CHIDIST, df=2) | B20: =CHIDIST(B19,2) -> 5.6742117e-08 | C20: =CHIDIST(C19,2) -> 9.3731312e-05
A21: Critical value χ²(α,2) (CHIINV) | B21: =CHIINV(B16,2) -> 5.9914645 | C21: =CHIINV(C16,2) -> 5.9914645
A22: JB Decision (Slow) | B22: =IF(B19>B21,"REJECT H₀","FAIL TO REJECT") -> REJECT H₀
A23: JB Decision (Fast) | C23: =IF(C19>C21,"REJECT H₀","FAIL TO REJECT") -> REJECT H₀
A25: ── White's Heteroscedasticity Test (on eᵢ) ──
A26: Significance level α | B26: =0.05 -> 0.05 | C26: =0.05 -> 0.05
A27: R²_aux (eᵢ² ~ BarIdx + BarIdx²) | B27: =INDEX(LINEST('Data Export2 Refine'!AH138:AH1137,CHOOSE({1,2},'Data Export2 Refine'!AF138:AF1137,'Data Export2 Refine'!AK138:AK1137),TRUE,TRUE),3,1) -> 0.14846489 | C27: =INDEX(LINEST('Data Export2 Refine'!AH638:AH887,CHOOSE({1,2},'Data Export2 Refine'!AF638:AF887,'Data Export2 Refine'!AK638:AK887),TRUE,TRUE),3,1) -> 0.047368898
A28: LM = n × R²_aux | B28: =B8*B27 -> 148.46489 | C28: =C8*C27 -> 11.842224
A29: p-value (CHIDIST, df=2) | B29: =CHIDIST(B28,2) -> 5.7711134e-33 | C29: =CHIDIST(C28,2) -> 0.0026822154
A30: Critical value χ²(α,2) (CHIINV) | B30: =CHIINV(B26,2) -> 5.9914645 | C30: =CHIINV(C26,2) -> 5.9914645
A31: log₁₀(p_White) | B31: =IF(B29=0,-300,LOG10(B29)) -> -32.23874 | C31: =IF(C29=0,-300,LOG10(C29)) -> -2.5715064
A32: White's Decision (Slow) | B32: =IF(B28>B30,"REJECT H₀","FAIL TO REJECT") -> REJECT H₀
A33: White's Decision (Fast) | C33: =IF(C28>C30,"REJECT H₀","FAIL TO REJECT") -> REJECT H₀
A35: ── EDT Extremity (REI — two-sided, Symmetric Anchor) ──
A36: Outermost Below EDT offset (EDT_8→EDT_7→EDT_6 fallback) [negative] | B36: =IF(SUMPRODUCT(('Data Export2 Refine'!Y138:Y1137<>"")*1)>0,SUMPRODUCT(('Data Export2 Refine'!Y138:Y1137<>"")*('Data Export2 Refine'!Y138:Y1137-'Data Export2 Refine'!Q138:Q1137))/SUMPRODUCT(('Data Export2 Refine'!Y138:Y1137<>"")*1),IF(SUMPRODUCT(('Data Export2 Refine'!X138:X1137<>"")*1)>0,SUMPRODUCT(('Data Export2 Refine'!X138:X1137<>"")*('Data Export2 Refine'!X138:X1137-'Data Export2 Refine'!Q138:Q1137))/SUMPRODUCT(('Data Export2 Refine'!X138:X1137<>"")*1),SUMPRODUCT(('Data Export2 Refine'!W138:W1137<>"")*('Data Export2 Refine'!W138:W1137-'Data Export2 Refine'!Q138:Q1137))/SUMPRODUCT(('Data Export2 Refine'!W138:W1137<>"")*1))) -> -68.504766 | C36: =IF(SUMPRODUCT(('Data Export2 Refine'!Y638:Y887<>"")*1)>0,SUMPRODUCT(('Data Export2 Refine'!Y638:Y887<>"")*('Data Export2 Refine'!Y638:Y887-'Data Export2 Refine'!Q638:Q887))/SUMPRODUCT(('Data Export2 Refine'!Y638:Y887<>"")*1),IF(SUMPRODUCT(('Data Export2 Refine'!X638:X887<>"")*1)>0,SUMPRODUCT(('Data Export2 Refine'!X638:X887<>"")*('Data Export2 Refine'!X638:X887-'Data Export2 Refine'!Q638:Q887))/SUMPRODUCT(('Data Export2 Refine'!X638:X887<>"")*1),SUMPRODUCT(('Data Export2 Refine'!W638:W887<>"")*('Data Export2 Refine'!W638:W887-'Data Export2 Refine'!Q638:Q887))/SUMPRODUCT(('Data Export2 Refine'!W638:W887<>"")*1))) -> -68.504767
A37: Outermost Above EDT offset (EDT_4→EDT_3→EDT_2→EDT_1 fallback) [positive] | B37: =IF(SUMPRODUCT(('Data Export2 Refine'!U138:U1137<>"")*1)>0,SUMPRODUCT(('Data Export2 Refine'!U138:U1137<>"")*('Data Export2 Refine'!U138:U1137-'Data Export2 Refine'!Q138:Q1137))/SUMPRODUCT(('Data Export2 Refine'!U138:U1137<>"")*1),IF(SUMPRODUCT(('Data Export2 Refine'!T138:T1137<>"")*1)>0,SUMPRODUCT(('Data Export2 Refine'!T138:T1137<>"")*('Data Export2 Refine'!T138:T1137-'Data Export2 Refine'!Q138:Q1137))/SUMPRODUCT(('Data Export2 Refine'!T138:T1137<>"")*1),IF(SUMPRODUCT(('Data Export2 Refine'!S138:S1137<>"")*1)>0,SUMPRODUCT(('Data Export2 Refine'!S138:S1137<>"")*('Data Export2 Refine'!S138:S1137-'Data Export2 Refine'!Q138:Q1137))/SUMPRODUCT(('Data Export2 Refine'!S138:S1137<>"")*1),SUMPRODUCT(('Data Export2 Refine'!R138:R1137<>"")*('Data Export2 Refine'!R138:R1137-'Data Export2 Refine'!Q138:Q1137))/SUMPRODUCT(('Data Export2 Refine'!R138:R1137<>"")*1)))) -> 55.95207 | C37: =IF(SUMPRODUCT(('Data Export2 Refine'!U638:U887<>"")*1)>0,SUMPRODUCT(('Data Export2 Refine'!U638:U887<>"")*('Data Export2 Refine'!U638:U887-'Data Export2 Refine'!Q638:Q887))/SUMPRODUCT(('Data Export2 Refine'!U638:U887<>"")*1),IF(SUMPRODUCT(('Data Export2 Refine'!T638:T887<>"")*1)>0,SUMPRODUCT(('Data Export2 Refine'!T638:T887<>"")*('Data Export2 Refine'!T638:T887-'Data Export2 Refine'!Q638:Q887))/SUMPRODUCT(('Data Export2 Refine'!T638:T887<>"")*1),IF(SUMPRODUCT(('Data Export2 Refine'!S638:S887<>"")*1)>0,SUMPRODUCT(('Data Export2 Refine'!S638:S887<>"")*('Data Export2 Refine'!S638:S887-'Data Export2 Refine'!Q638:Q887))/SUMPRODUCT(('Data Export2 Refine'!S638:S887<>"")*1),SUMPRODUCT(('Data Export2 Refine'!R638:R887<>"")*('Data Export2 Refine'!R638:R887-'Data Export2 Refine'!Q638:Q887))/SUMPRODUCT(('Data Export2 Refine'!R638:R887<>"")*1)))) -> 55.95207
A38: Symmetric Anchor = (|EDT_below| + EDT_above) / 2 — scale reference | B38: =IF(AND(B36<0,B37>0),(ABS(B36)+B37)/2,IF(B36<0,ABS(B36),B37)) -> 62.228418 | C38: =IF(AND(C36<0,C37>0),(ABS(C36)+C37)/2,IF(C36<0,ABS(C36),C37)) -> 62.228418
A39: REI_below = min(eᵢ) / Sym_anchor [negative → below extreme] | B39: =IF(B38>0,MIN('Data Export2 Refine'!AG138:AG1137)/B38,"N/A") -> -1.3272002 | C39: =IF(C38>0,MIN('Data Export2 Refine'!AG638:AG887)/C38,"N/A") -> -1.3272002
A40: REI_above = max(eᵢ) / Sym_anchor [positive → above extreme] | B40: =IF(B38>0,MAX('Data Export2 Refine'!AG138:AG1137)/B38,"N/A") -> 1.7425285 | C40: =IF(C38>0,MAX('Data Export2 Refine'!AG638:AG887)/C38,"N/A") -> 0.98733411
A41: max(eᵢ) — informational | B41: =MAX('Data Export2 Refine'!AG138:AG1137) -> 108.43479 | C41: =MAX('Data Export2 Refine'!AG638:AG887) -> 61.44024
A42: min(eᵢ) — informational | B42: =MIN('Data Export2 Refine'!AG138:AG1137) -> -82.58957 | C42: =MIN('Data Export2 Refine'!AG638:AG887) -> -82.58957
A43: ── SSA Crossing Distance (SCD — position-agnostic swing amplitude) ──
A44: n crossings (SSA ↔ EMA-SSA in window) | B44: =SUMPRODUCT(('Data Export2 Refine'!AD138:AD1137=1)*1) -> 89 | C44: =SUMPRODUCT(('Data Export2 Refine'!AD638:AD887=1)*1) -> 21
A45: SCD mean = avg |SSA_cross_i − SSA_cross_{i-1}| | B45: =IFERROR(AVERAGEIF('Data Export2 Refine'!AM138:AM1137,"<>"),0) -> 17.395168 | C45: =IFERROR(AVERAGEIF('Data Export2 Refine'!AM638:AM887,"<>"),0) -> 18.168297 | D45: ← scored. Detects large swings anywhere in EDT channel, independent of Base_FL.
A46: SCD max = largest single crossing swing (informational) | B46: =MAX('Data Export2 Refine'!AM138:AM1137) -> 89.91575 | C46: =MAX('Data Export2 Refine'!AM638:AM887) -> 89.91575
A48: ── Individual Scores & Threshold Flags — 8 Dimensions ──
A49: Metric [weight] | B49: Ratio / Signal | D49: Score (−100 to +100) | E49: Threshold ← edit | F49: Alert
A50: Half-Life ratio (fast/slow) — mean reversion speed [weight=25%] | B50: =IF(AND(B12>0,B12<9999),C12/B12,9999) -> 0.64255697 | D50: =MAX(-100,MIN(100,(1-B50)*100)) -> 35.744303 | E50: 50 | F50: =IF(D50>=E50,"ALERT","—") -> —
A51: Variance Ratio (fast/slow) — variance divergence [weight=10%] | B51: =IF(B9>0,C9/B9,1) -> 0.77006166 | D51: =MAX(-100,MIN(0,-ABS(B51-1)*100)) -> -22.993834 | E51: -50 | F51: =IF(D51<=E51,"ALERT","—") -> —
A52: REI_below ratio (fast/slow) — oversold extreme retreat [bullish] [weight=10%] | B52: =IF(AND(ISNUMBER(B39),ISNUMBER(C39),B39<0,C39<0),C39/B39,1) -> 1 | D52: =MAX(-100,MIN(100,(1-B52)*100)) -> 8.0355278e-09 | E52: 60 | F52: =IF(D52>=E52,"ALERT","—") -> —
A53: REI_above ratio (fast/slow) — overbought extreme retreat [bearish] [weight=10%] | B53: =IF(AND(ISNUMBER(B40),ISNUMBER(C40),B40>0,C40>0),C40/B40,1) -> 0.56661003 | D53: =MAX(-100,MIN(100,(1-B53)*100)) -> 43.338997 | E53: 60 | F53: =IF(D53>=E53,"ALERT","—") -> —
A54: SCD ratio (fast mean / slow mean) — swing intensity [weight=20%] | B54: =IF(B45>0,C45/B45,1) -> 1.0444451 | D54: =MAX(-100,MIN(100,(B54-1)*200)) -> 8.8890106 | E54: 50 | F54: =IF(D54>=E54,"ALERT","—") -> —
A55: R²_close ratio (fast/slow) — trend coherence [weight=10%] | B55: =IF(B13>0.001,C13/B13,0) -> 0.98145587 | D55: =MAX(-100,MIN(100,(B55-1)*100)) -> -1.8544125 | E55: -50 | F55: =IF(D55<=E55,"ALERT","—") -> —
A56: White's Δlog₁₀p (fast−slow) — heteroscedasticity [weight=10%] | B56: =C31-B31 -> 29.667234 | D56: =MAX(-100,MIN(100,B56*5)) -> 100 | E56: 50 | F56: =IF(D56>=E56,"ALERT","—") -> ALERT
A57: JB ratio (fast/slow) — residual normality [weight=5%] | B57: =IF(B19>0,C19/B19,1) -> 0.55590157 | D57: =MAX(-100,MIN(100,(1-B57)*100)) -> 44.409843 | E57: -30 | F57: =IF(D57<=E57,"ALERT","—") -> —
A59: ── Composite Score (secondary context) ──
A60: Composite Score (8D) [HL=25 VR=10 REI_b=10 REI_a=10 SCD=20 R²=10 W=10 JB=5] | D60: =0.25*D50+0.1*D51+0.1*D52+0.1*D53+0.2*D54+0.1*D55+0.1*D56+0.05*D57 -> 24.783445
A61: Composite Interpretation (secondary — individual flags are primary) | D61: =IF(D60>50,"STRONG BREAKOUT SETUP",IF(D60>20,"MODERATE SETUP — watch for trigger",IF(D60>0,"MILD POSITIVE — early signs",IF(D60>-20,"MIXED — signals conflicting",IF(D60>-50,"STRUCTURAL WEAKNESS","HIGH CAUTION / TREND INTACT"))))) -> MODERATE SETUP — watch for trigger

Sheet MACD_H2_Int3
A1: MACD Hybrid v2 (8-Dim) — MACD_H2_Int3
A2: SLOW Window: Bars 136–1135 (n=1000, anchored from bar 136)
A3: FAST Window: Bars 886–1135 (n=250, sliding)
A4: 8-Dim model. REI two-sided (below + above) with symmetric anchor = (|EDT_outermost_below| + EDT_outermost_above) / 2 — robust to Base_FL asymmetry. SCD = SSA crossing-to-crossing distance (position-agnostic). Col E = editable threshold. Col F = ALERT when threshold crossed.
A6: Metric | B6: SLOW | C6: FAST | D6: Score | E6: Threshold | F6: Alert
A7: ── Structural & Mean-Reversion Metrics ──
A8: n (observations) | B8: =COUNT('Data Export2 Refine'!AF138:AF1137) -> 1000 | C8: =COUNT('Data Export2 Refine'!AF888:AF1137) -> 250
A9: Variance E[eᵢ²] | B9: =AVERAGE('Data Export2 Refine'!AH138:AH1137) -> 1688.3897 | C9: =AVERAGE('Data Export2 Refine'!AH888:AH1137) -> 3028.405
A10: σ_rms (RMS of residuals) | B10: =SQRT(AVERAGE('Data Export2 Refine'!AH138:AH1137)) -> 41.090019 | C10: =SQRT(AVERAGE('Data Export2 Refine'!AH888:AH1137)) -> 55.030946
A11: HL Alpha (AR1 no-const) | B11: =SUMPRODUCT(('Data Export2 Refine'!AG139:AG1137-'Data Export2 Refine'!AG138:AG1136),'Data Export2 Refine'!AG138:AG1136)/SUMPRODUCT('Data Export2 Refine'!AG138:AG1136,'Data Export2 Refine'!AG138:AG1136) -> -0.013121629 | C11: =SUMPRODUCT(('Data Export2 Refine'!AG889:AG1137-'Data Export2 Refine'!AG888:AG1136),'Data Export2 Refine'!AG888:AG1136)/SUMPRODUCT('Data Export2 Refine'!AG888:AG1136,'Data Export2 Refine'!AG888:AG1136) -> -0.0071762628
A12: Half-Life (bars) | B12: =IF(B11>=0,9999,-LN(2)/LN(1+B11)) -> 52.477445 | C12: =IF(C11>=0,9999,-LN(2)/LN(1+C11)) -> 96.24189
A13: R²(close ~ BarIdx) — linear trend quality | B13: =RSQ('Data Export2 Refine'!D138:D1137,'Data Export2 Refine'!AF138:AF1137) -> 0.82574393 | C13: =RSQ('Data Export2 Refine'!D888:D1137,'Data Export2 Refine'!AF888:AF1137) -> 0.49647232
A15: ── Jarque-Bera Normality Test (on eᵢ) ──
A16: Significance level α | B16: =0.05 -> 0.05 | C16: =0.05 -> 0.05
A17: Skewness S (SKEW) | B17: =SKEW('Data Export2 Refine'!AG138:AG1137) -> -0.39770375 | C17: =SKEW('Data Export2 Refine'!AG888:AG1137) -> -0.39598783
A18: Excess Kurtosis K-3 (KURT) | B18: =KURT('Data Export2 Refine'!AG138:AG1137) -> -0.41011567 | C18: =KURT('Data Export2 Refine'!AG888:AG1137) -> -0.51757904
A19: JB Statistic = n/6·(S²+(K-3)²/4) | B19: =B8/6*(B17^2+B18^2/4) -> 33.369498 | C19: =C8/6*(C17^2+C18^2/4) -> 9.324099
A20: p-value (CHIDIST, df=2) | B20: =CHIDIST(B19,2) -> 5.6742117e-08 | C20: =CHIDIST(C19,2) -> 0.0094470809
A21: Critical value χ²(α,2) (CHIINV) | B21: =CHIINV(B16,2) -> 5.9914645 | C21: =CHIINV(C16,2) -> 5.9914645
A22: JB Decision (Slow) | B22: =IF(B19>B21,"REJECT H₀","FAIL TO REJECT") -> REJECT H₀
A23: JB Decision (Fast) | C23: =IF(C19>C21,"REJECT H₀","FAIL TO REJECT") -> REJECT H₀
A25: ── White's Heteroscedasticity Test (on eᵢ) ──
A26: Significance level α | B26: =0.05 -> 0.05 | C26: =0.05 -> 0.05
A27: R²_aux (eᵢ² ~ BarIdx + BarIdx²) | B27: =INDEX(LINEST('Data Export2 Refine'!AH138:AH1137,CHOOSE({1,2},'Data Export2 Refine'!AF138:AF1137,'Data Export2 Refine'!AK138:AK1137),TRUE,TRUE),3,1) -> 0.14846489 | C27: =INDEX(LINEST('Data Export2 Refine'!AH888:AH1137,CHOOSE({1,2},'Data Export2 Refine'!AF888:AF1137,'Data Export2 Refine'!AK888:AK1137),TRUE,TRUE),3,1) -> 0.33772399
A28: LM = n × R²_aux | B28: =B8*B27 -> 148.46489 | C28: =C8*C27 -> 84.430997
A29: p-value (CHIDIST, df=2) | B29: =CHIDIST(B28,2) -> 5.7711134e-33 | C29: =CHIDIST(C28,2) -> 4.6349172e-19
A30: Critical value χ²(α,2) (CHIINV) | B30: =CHIINV(B26,2) -> 5.9914645 | C30: =CHIINV(C26,2) -> 5.9914645
A31: log₁₀(p_White) | B31: =IF(B29=0,-300,LOG10(B29)) -> -32.23874 | C31: =IF(C29=0,-300,LOG10(C29)) -> -18.333958
A32: White's Decision (Slow) | B32: =IF(B28>B30,"REJECT H₀","FAIL TO REJECT") -> REJECT H₀
A33: White's Decision (Fast) | C33: =IF(C28>C30,"REJECT H₀","FAIL TO REJECT") -> REJECT H₀
A35: ── EDT Extremity (REI — two-sided, Symmetric Anchor) ──
A36: Outermost Below EDT offset (EDT_8→EDT_7→EDT_6 fallback) [negative] | B36: =IF(SUMPRODUCT(('Data Export2 Refine'!Y138:Y1137<>"")*1)>0,SUMPRODUCT(('Data Export2 Refine'!Y138:Y1137<>"")*('Data Export2 Refine'!Y138:Y1137-'Data Export2 Refine'!Q138:Q1137))/SUMPRODUCT(('Data Export2 Refine'!Y138:Y1137<>"")*1),IF(SUMPRODUCT(('Data Export2 Refine'!X138:X1137<>"")*1)>0,SUMPRODUCT(('Data Export2 Refine'!X138:X1137<>"")*('Data Export2 Refine'!X138:X1137-'Data Export2 Refine'!Q138:Q1137))/SUMPRODUCT(('Data Export2 Refine'!X138:X1137<>"")*1),SUMPRODUCT(('Data Export2 Refine'!W138:W1137<>"")*('Data Export2 Refine'!W138:W1137-'Data Export2 Refine'!Q138:Q1137))/SUMPRODUCT(('Data Export2 Refine'!W138:W1137<>"")*1))) -> -68.504766 | C36: =IF(SUMPRODUCT(('Data Export2 Refine'!Y888:Y1137<>"")*1)>0,SUMPRODUCT(('Data Export2 Refine'!Y888:Y1137<>"")*('Data Export2 Refine'!Y888:Y1137-'Data Export2 Refine'!Q888:Q1137))/SUMPRODUCT(('Data Export2 Refine'!Y888:Y1137<>"")*1),IF(SUMPRODUCT(('Data Export2 Refine'!X888:X1137<>"")*1)>0,SUMPRODUCT(('Data Export2 Refine'!X888:X1137<>"")*('Data Export2 Refine'!X888:X1137-'Data Export2 Refine'!Q888:Q1137))/SUMPRODUCT(('Data Export2 Refine'!X888:X1137<>"")*1),SUMPRODUCT(('Data Export2 Refine'!W888:W1137<>"")*('Data Export2 Refine'!W888:W1137-'Data Export2 Refine'!Q888:Q1137))/SUMPRODUCT(('Data Export2 Refine'!W888:W1137<>"")*1))) -> -68.504767
A37: Outermost Above EDT offset (EDT_4→EDT_3→EDT_2→EDT_1 fallback) [positive] | B37: =IF(SUMPRODUCT(('Data Export2 Refine'!U138:U1137<>"")*1)>0,SUMPRODUCT(('Data Export2 Refine'!U138:U1137<>"")*('Data Export2 Refine'!U138:U1137-'Data Export2 Refine'!Q138:Q1137))/SUMPRODUCT(('Data Export2 Refine'!U138:U1137<>"")*1),IF(SUMPRODUCT(('Data Export2 Refine'!T138:T1137<>"")*1)>0,SUMPRODUCT(('Data Export2 Refine'!T138:T1137<>"")*('Data Export2 Refine'!T138:T1137-'Data Export2 Refine'!Q138:Q1137))/SUMPRODUCT(('Data Export2 Refine'!T138:T1137<>"")*1),IF(SUMPRODUCT(('Data Export2 Refine'!S138:S1137<>"")*1)>0,SUMPRODUCT(('Data Export2 Refine'!S138:S1137<>"")*('Data Export2 Refine'!S138:S1137-'Data Export2 Refine'!Q138:Q1137))/SUMPRODUCT(('Data Export2 Refine'!S138:S1137<>"")*1),SUMPRODUCT(('Data Export2 Refine'!R138:R1137<>"")*('Data Export2 Refine'!R138:R1137-'Data Export2 Refine'!Q138:Q1137))/SUMPRODUCT(('Data Export2 Refine'!R138:R1137<>"")*1)))) -> 55.95207 | C37: =IF(SUMPRODUCT(('Data Export2 Refine'!U888:U1137<>"")*1)>0,SUMPRODUCT(('Data Export2 Refine'!U888:U1137<>"")*('Data Export2 Refine'!U888:U1137-'Data Export2 Refine'!Q888:Q1137))/SUMPRODUCT(('Data Export2 Refine'!U888:U1137<>"")*1),IF(SUMPRODUCT(('Data Export2 Refine'!T888:T1137<>"")*1)>0,SUMPRODUCT(('Data Export2 Refine'!T888:T1137<>"")*('Data Export2 Refine'!T888:T1137-'Data Export2 Refine'!Q888:Q1137))/SUMPRODUCT(('Data Export2 Refine'!T888:T1137<>"")*1),IF(SUMPRODUCT(('Data Export2 Refine'!S888:S1137<>"")*1)>0,SUMPRODUCT(('Data Export2 Refine'!S888:S1137<>"")*('Data Export2 Refine'!S888:S1137-'Data Export2 Refine'!Q888:Q1137))/SUMPRODUCT(('Data Export2 Refine'!S888:S1137<>"")*1),SUMPRODUCT(('Data Export2 Refine'!R888:R1137<>"")*('Data Export2 Refine'!R888:R1137-'Data Export2 Refine'!Q888:Q1137))/SUMPRODUCT(('Data Export2 Refine'!R888:R1137<>"")*1)))) -> 55.95207
A38: Symmetric Anchor = (|EDT_below| + EDT_above) / 2 — scale reference | B38: =IF(AND(B36<0,B37>0),(ABS(B36)+B37)/2,IF(B36<0,ABS(B36),B37)) -> 62.228418 | C38: =IF(AND(C36<0,C37>0),(ABS(C36)+C37)/2,IF(C36<0,ABS(C36),C37)) -> 62.228418
A39: REI_below = min(eᵢ) / Sym_anchor [negative → below extreme] | B39: =IF(B38>0,MIN('Data Export2 Refine'!AG138:AG1137)/B38,"N/A") -> -1.3272002 | C39: =IF(C38>0,MIN('Data Export2 Refine'!AG888:AG1137)/C38,"N/A") -> -0.17652385
A40: REI_above = max(eᵢ) / Sym_anchor [positive → above extreme] | B40: =IF(B38>0,MAX('Data Export2 Refine'!AG138:AG1137)/B38,"N/A") -> 1.7425285 | C40: =IF(C38>0,MAX('Data Export2 Refine'!AG888:AG1137)/C38,"N/A") -> 1.7425285
A41: max(eᵢ) — informational | B41: =MAX('Data Export2 Refine'!AG138:AG1137) -> 108.43479 | C41: =MAX('Data Export2 Refine'!AG888:AG1137) -> 108.43479
A42: min(eᵢ) — informational | B42: =MIN('Data Export2 Refine'!AG138:AG1137) -> -82.58957 | C42: =MIN('Data Export2 Refine'!AG888:AG1137) -> -10.9848
A43: ── SSA Crossing Distance (SCD — position-agnostic swing amplitude) ──
A44: n crossings (SSA ↔ EMA-SSA in window) | B44: =SUMPRODUCT(('Data Export2 Refine'!AD138:AD1137=1)*1) -> 89 | C44: =SUMPRODUCT(('Data Export2 Refine'!AD888:AD1137=1)*1) -> 20
A45: SCD mean = avg |SSA_cross_i − SSA_cross_{i-1}| | B45: =IFERROR(AVERAGEIF('Data Export2 Refine'!AM138:AM1137,"<>"),0) -> 17.395168 | C45: =IFERROR(AVERAGEIF('Data Export2 Refine'!AM888:AM1137,"<>"),0) -> 22.143788 | D45: ← scored. Detects large swings anywhere in EDT channel, independent of Base_FL.
A46: SCD max = largest single crossing swing (informational) | B46: =MAX('Data Export2 Refine'!AM138:AM1137) -> 89.91575 | C46: =MAX('Data Export2 Refine'!AM888:AM1137) -> 83.99628
A48: ── Individual Scores & Threshold Flags — 8 Dimensions ──
A49: Metric [weight] | B49: Ratio / Signal | D49: Score (−100 to +100) | E49: Threshold ← edit | F49: Alert
A50: Half-Life ratio (fast/slow) — mean reversion speed [weight=25%] | B50: =IF(AND(B12>0,B12<9999),C12/B12,9999) -> 1.8339667 | D50: =MAX(-100,MIN(100,(1-B50)*100)) -> -83.396675 | E50: 50 | F50: =IF(D50>=E50,"ALERT","—") -> —
A51: Variance Ratio (fast/slow) — variance divergence [weight=10%] | B51: =IF(B9>0,C9/B9,1) -> 1.7936647 | D51: =MAX(-100,MIN(0,-ABS(B51-1)*100)) -> -79.366469 | E51: -50 | F51: =IF(D51<=E51,"ALERT","—") -> ALERT
A52: REI_below ratio (fast/slow) — oversold extreme retreat [bullish] [weight=10%] | B52: =IF(AND(ISNUMBER(B39),ISNUMBER(C39),B39<0,C39<0),C39/B39,1) -> 0.13300469 | D52: =MAX(-100,MIN(100,(1-B52)*100)) -> 86.699531 | E52: 60 | F52: =IF(D52>=E52,"ALERT","—") -> ALERT
A53: REI_above ratio (fast/slow) — overbought extreme retreat [bearish] [weight=10%] | B53: =IF(AND(ISNUMBER(B40),ISNUMBER(C40),B40>0,C40>0),C40/B40,1) -> 1 | D53: =MAX(-100,MIN(100,(1-B53)*100)) -> 8.0355278e-09 | E53: 60 | F53: =IF(D53>=E53,"ALERT","—") -> —
A54: SCD ratio (fast mean / slow mean) — swing intensity [weight=20%] | B54: =IF(B45>0,C45/B45,1) -> 1.2729851 | D54: =MAX(-100,MIN(100,(B54-1)*200)) -> 54.597013 | E54: 50 | F54: =IF(D54>=E54,"ALERT","—") -> ALERT
A55: R²_close ratio (fast/slow) — trend coherence [weight=10%] | B55: =IF(B13>0.001,C13/B13,0) -> 0.60124247 | D55: =MAX(-100,MIN(100,(B55-1)*100)) -> -39.875753 | E55: -50 | F55: =IF(D55<=E55,"ALERT","—") -> —
A56: White's Δlog₁₀p (fast−slow) — heteroscedasticity [weight=10%] | B56: =C31-B31 -> 13.904782 | D56: =MAX(-100,MIN(100,B56*5)) -> 69.523912 | E56: 50 | F56: =IF(D56>=E56,"ALERT","—") -> ALERT
A57: JB ratio (fast/slow) — residual normality [weight=5%] | B57: =IF(B19>0,C19/B19,1) -> 0.27941981 | D57: =MAX(-100,MIN(100,(1-B57)*100)) -> 72.058019 | E57: -30 | F57: =IF(D57<=E57,"ALERT","—") -> —
A59: ── Composite Score (secondary context) ──
A60: Composite Score (8D) [HL=25 VR=10 REI_b=10 REI_a=10 SCD=20 R²=10 W=10 JB=5] | D60: =0.25*D50+0.1*D51+0.1*D52+0.1*D53+0.2*D54+0.1*D55+0.1*D56+0.05*D57 -> -2.6287431
A61: Composite Interpretation (secondary — individual flags are primary) | D61: =IF(D60>50,"STRONG BREAKOUT SETUP",IF(D60>20,"MODERATE SETUP — watch for trigger",IF(D60>0,"MILD POSITIVE — early signs",IF(D60>-20,"MIXED — signals conflicting",IF(D60>-50,"STRUCTURAL WEAKNESS","HIGH CAUTION / TREND INTACT"))))) -> MIXED — signals conflicting

Sheet MACD_H2_Comp
A1: MACD Hybrid v2 — 8-Dim Comparison | Int1 / Int2 / Int3
A2: Weights: HL=25% VR=10% REI_below=10% REI_above=10% SCD=20% R²=10% White=10% JB=5% | REI two-sided with symmetric anchor. SCD = SSA crossing amplitude (position-agnostic). Individual threshold flags in each interval sheet (col E=threshold, col F=alert).
A3: Metric | B3: Int1 SLOW | C3: Int1 FAST | D3: Int2 SLOW | E3: Int2 FAST | F3: Int3 SLOW | G3: Int3 FAST
A4: ── METRIC VALUES ──
A5: n (obs) | B5: =MACD_H2_Int1!B8 -> 1000 | C5: =MACD_H2_Int1!C8 -> 250 | D5: =MACD_H2_Int2!B8 -> 1000 | E5: =MACD_H2_Int2!C8 -> 250 | F5: =MACD_H2_Int3!B8 -> 1000 | G5: =MACD_H2_Int3!C8 -> 250
A6: σ_rms | B6: =MACD_H2_Int1!B10 -> 41.090019 | C6: =MACD_H2_Int1!C10 -> 35.036437 | D6: =MACD_H2_Int2!B10 -> 41.090019 | E6: =MACD_H2_Int2!C10 -> 36.057789 | F6: =MACD_H2_Int3!B10 -> 41.090019 | G6: =MACD_H2_Int3!C10 -> 55.030946
A7: Half-Life (bars) | B7: =MACD_H2_Int1!B12 -> 52.477445 | C7: =MACD_H2_Int1!C12 -> 37.067872 | D7: =MACD_H2_Int2!B12 -> 52.477445 | E7: =MACD_H2_Int2!C12 -> 33.719748 | F7: =MACD_H2_Int3!B12 -> 52.477445 | G7: =MACD_H2_Int3!C12 -> 96.24189
A8: R²(close~BarIdx) | B8: =MACD_H2_Int1!B13 -> 0.82574393 | C8: =MACD_H2_Int1!C13 -> 0.050655973 | D8: =MACD_H2_Int2!B13 -> 0.82574393 | E8: =MACD_H2_Int2!C13 -> 0.81043124 | F8: =MACD_H2_Int3!B13 -> 0.82574393 | G8: =MACD_H2_Int3!C13 -> 0.49647232
A9: JB Statistic | B9: =MACD_H2_Int1!B19 -> 33.369498 | C9: =MACD_H2_Int1!C19 -> 16.313622 | D9: =MACD_H2_Int2!B19 -> 33.369498 | E9: =MACD_H2_Int2!C19 -> 18.550156 | F9: =MACD_H2_Int3!B19 -> 33.369498 | G9: =MACD_H2_Int3!C19 -> 9.324099
A10: p-value JB | B10: =MACD_H2_Int1!B20 -> 5.6742117e-08 | C10: =MACD_H2_Int1!C20 -> 0.00028677543 | D10: =MACD_H2_Int2!B20 -> 5.6742117e-08 | E10: =MACD_H2_Int2!C20 -> 9.3731312e-05 | F10: =MACD_H2_Int3!B20 -> 5.6742117e-08 | G10: =MACD_H2_Int3!C20 -> 0.0094470809
A11: log₁₀(p_White) | B11: =MACD_H2_Int1!B31 -> -32.23874 | C11: =MACD_H2_Int1!C31 -> -33.107995 | D11: =MACD_H2_Int2!B31 -> -32.23874 | E11: =MACD_H2_Int2!C31 -> -2.5715064 | F11: =MACD_H2_Int3!B31 -> -32.23874 | G11: =MACD_H2_Int3!C31 -> -18.333958
A12: EDT Offset (below) | B12: =MACD_H2_Int1!B36 -> -68.504766 | C12: =MACD_H2_Int1!C36 -> -68.504766 | D12: =MACD_H2_Int2!B36 -> -68.504766 | E12: =MACD_H2_Int2!C36 -> -68.504767 | F12: =MACD_H2_Int3!B36 -> -68.504766 | G12: =MACD_H2_Int3!C36 -> -68.504767
A13: EDT Offset (above) | B13: =MACD_H2_Int1!B37 -> 55.95207 | C13: =MACD_H2_Int1!C37 -> 55.95207 | D13: =MACD_H2_Int2!B37 -> 55.95207 | E13: =MACD_H2_Int2!C37 -> 55.95207 | F13: =MACD_H2_Int3!B37 -> 55.95207 | G13: =MACD_H2_Int3!C37 -> 55.95207
A14: Symmetric Anchor | B14: =MACD_H2_Int1!B38 -> 62.228418 | C14: =MACD_H2_Int1!C38 -> 62.228418 | D14: =MACD_H2_Int2!B38 -> 62.228418 | E14: =MACD_H2_Int2!C38 -> 62.228418 | F14: =MACD_H2_Int3!B38 -> 62.228418 | G14: =MACD_H2_Int3!C38 -> 62.228418
A15: REI_below | B15: =MACD_H2_Int1!B39 -> -1.3272002 | C15: =MACD_H2_Int1!C39 -> -0.34565638 | D15: =MACD_H2_Int2!B39 -> -1.3272002 | E15: =MACD_H2_Int2!C39 -> -1.3272002 | F15: =MACD_H2_Int3!B39 -> -1.3272002 | G15: =MACD_H2_Int3!C39 -> -0.17652385
A16: REI_above | B16: =MACD_H2_Int1!B40 -> 1.7425285 | C16: =MACD_H2_Int1!C40 -> 1.1418757 | D16: =MACD_H2_Int2!B40 -> 1.7425285 | E16: =MACD_H2_Int2!C40 -> 0.98733411 | F16: =MACD_H2_Int3!B40 -> 1.7425285 | G16: =MACD_H2_Int3!C40 -> 1.7425285
A17: SCD n_crossings | B17: =MACD_H2_Int1!B44 -> 89 | C17: =MACD_H2_Int1!C44 -> 27 | D17: =MACD_H2_Int2!B44 -> 89 | E17: =MACD_H2_Int2!C44 -> 21 | F17: =MACD_H2_Int3!B44 -> 89 | G17: =MACD_H2_Int3!C44 -> 20
A18: SCD mean (swing Δ) | B18: =MACD_H2_Int1!B45 -> 17.395168 | C18: =MACD_H2_Int1!C45 -> 14.525732 | D18: =MACD_H2_Int2!B45 -> 17.395168 | E18: =MACD_H2_Int2!C45 -> 18.168297 | F18: =MACD_H2_Int3!B45 -> 17.395168 | G18: =MACD_H2_Int3!C45 -> 22.143788
A19: SCD max | B19: =MACD_H2_Int1!B46 -> 89.91575 | C19: =MACD_H2_Int1!C46 -> 44.36112 | D19: =MACD_H2_Int2!B46 -> 89.91575 | E19: =MACD_H2_Int2!C46 -> 89.91575 | F19: =MACD_H2_Int3!B46 -> 89.91575 | G19: =MACD_H2_Int3!C46 -> 83.99628
A21: ── SCORES (individual threshold flags → see each interval sheet col E/F) ──
A22: Score: HL [25%] | B22: =MACD_H2_Int1!D50 -> 29.364183 | D22: =MACD_H2_Int2!D50 -> 35.744303 | F22: =MACD_H2_Int3!D50 -> -83.396675
A23: Score: VR [10%] | B23: =MACD_H2_Int1!D51 -> -27.294517 | D23: =MACD_H2_Int2!D51 -> -22.993834 | F23: =MACD_H2_Int3!D51 -> -79.366469
A24: Score: REI_below [10%] | B24: =MACD_H2_Int1!D52 -> 73.955973 | D24: =MACD_H2_Int2!D52 -> 8.0355278e-09 | F24: =MACD_H2_Int3!D52 -> 86.699531
A25: Score: REI_above [10%] | B25: =MACD_H2_Int1!D53 -> 34.470182 | D25: =MACD_H2_Int2!D53 -> 43.338997 | F25: =MACD_H2_Int3!D53 -> 8.0355278e-09
A26: Score: SCD [20%] | B26: =MACD_H2_Int1!D54 -> -32.991178 | D26: =MACD_H2_Int2!D54 -> 8.8890106 | F26: =MACD_H2_Int3!D54 -> 54.597013
A27: Score: R² [10%] | B27: =MACD_H2_Int1!D55 -> -93.865414 | D27: =MACD_H2_Int2!D55 -> -1.8544125 | F27: =MACD_H2_Int3!D55 -> -39.875753
A28: Score: White [10%] | B28: =MACD_H2_Int1!D56 -> -4.3462736 | D28: =MACD_H2_Int2!D56 -> 100 | F28: =MACD_H2_Int3!D56 -> 69.523912
A29: Score: JB [ 5%] | B29: =MACD_H2_Int1!D57 -> 51.112174 | D29: =MACD_H2_Int2!D57 -> 44.409843 | F29: =MACD_H2_Int3!D57 -> 72.058019
A30: COMPOSITE SCORE (8D) | B30: =MACD_H2_Int1!D60 -> 1.590414 | D30: =MACD_H2_Int2!D60 -> 24.783445 | F30: =MACD_H2_Int3!D60 -> -2.6287431
A31: Interpretation | B31: =MACD_H2_Int1!D61 -> MILD POSITIVE — early signs | D31: =MACD_H2_Int2!D61 -> MODERATE SETUP — watch for trigger | F31: =MACD_H2_Int3!D61 -> MIXED — signals conflicting
A33: ── Trader Narrative (from 8-Dim model) ──
A34: Int1 (Bars 386–635): Trend quality collapses (R²_fast≪R²_slow → sc_R2 very negative → R² flag). SCD_fast < SCD_slow — swing amplitude still below average. REI_below mild — price not yet at outer lower fence. First structural warning: downtrend losing linear coherence.
A35: Int2 (Bars 636–885): Price touches outermost below EDT band (REI_below_fast ≈ −1.0 vs sym_anchor). One extraordinary large SCD swing (89.9 pts, the double-bottom low). SCD correctly captures this because swing occurred between lower EDT bands, not crossing Base_FL (ABR was blind to this; SCD is not). Sellers exhausted at the symmetric-anchor extreme.
A36: Int3 (Bars 886–1135): REI_below score high positive → price retreated from lower extreme. SCD_fast highest of all intervals (mean 22.1 vs slow 17.4, ratio≈1.27, score≈+55). 5 of top-10 largest crossing swings occur here — "extraordinary large swings" confirmed. HL extends to ~96 bars. REI_below and SCD flags both triggered. R² and HL flags confirm structural break. All signals converge: breakout imminent.
A38: Design Notes: (1) REI now two-sided: REI_below detects oversold extremes, REI_above detects overbought extremes — both reported independently. (2) Symmetric anchor = (|EDT_outermost_below| + EDT_outermost_above) / 2 — robust to Base_FL positional asymmetry within the EDT channel. (3) Individual threshold flags (col E=threshold editable, col F=ALERT) in each interval sheet: one factor crossing its threshold is a standalone breakout signal, not dependent on composite. Composite is retained as secondary context only.

Sheet H2_Signal_Guide
A1: MACD Hybrid v2 — 8-Dimension Signal Guide | LLM Knowledge Base for Trader Guidance
A2: PURPOSE: This sheet is a knowledge base for LLMs to translate statistical signals into plain-language guidance for non-statistician traders. Each of the 8 model dimensions is mapped to concrete price behaviors, channel context, and actionable guidance. Individual ALERT flags (col E/F in interval sheets) are the PRIMARY signals. Composite score is secondary context. One factor crossing its threshold alone can indicate a high-probability setup.
A3: Dimension / Score Range | B3: Score Condition | C3: What Statistics Show | D3: Price Behavior (Trader View) | E3: Signal Type | F3: LLM Guidance Text
A4: 1. HALF-LIFE (HL)
A5: DEFINITION: How quickly price residuals (deviations from the Base_FL regression line) decay back toward zero. Short HL = price snaps back to Base_FL fast (channel is strong). Long HL = price takes a long time to return (channel pull is weakening). Ratio = HL_fast / HL_slow. Score = (1 − ratio) × 100. Alert fires when Score ≥ 50 (HL_fast much shorter than baseline = channel holding tightly).
A6: HALF-LIFE | B6: Score > +50 ⚑ ALERT Ratio < 0.5 HL_fast << HL_slow | C6: Mean reversion is dramatically FASTER than the long-term baseline. Price deviations from Base_FL are corrected very quickly. The AR(1) coefficient is unusually strong — residuals do not persist. | D6: Price touches an EDT band and immediately bounces back to Base_FL. Oscillations are short and sharp. Each swing is quickly erased. Candles look like they are "magnetically" pulled back to the regression center. Price rarely lingers near the outer EDT lines. | E6: CHANNEL HOLD / Coiling | F6: Price is being aggressively pulled back to its regression center — the channel walls are acting as very strong magnets. This can mean two things: (a) The channel is in full control — range-bound trades from EDT bands back toward Base_FL are favored; (b) A spring is being compressed — when combined with VR compression or SCD alerts, an explosive breakout may follow this tight coiling phase. Do not interpret HL alert alone as a breakout signal; look for companion signals.
A7: HALF-LIFE | B7: Score near 0 Ratio ≈ 1.0 HL_fast ≈ HL_slow | C7: Mean reversion speed in the recent window matches the long-term average. No significant change in residual persistence. | D7: Price oscillates around Base_FL at a historically normal pace. Swings toward EDT bands are followed by typical-speed returns. Nothing unusual — the channel is functioning as expected. | E7: NEUTRAL Normal Channel | F7: Price is behaving as expected within its regression channel. Mean reversion is working at its historical pace — no structural change in channel dynamics. No action required from this signal alone.
A8: HALF-LIFE | B8: Score < −50 Ratio > 1.5 HL_fast >> HL_slow | C8: Mean reversion is much SLOWER than the long-term baseline. Price residuals are more persistent — once price moves away from Base_FL, it takes significantly longer to return than historically expected. | D8: Price moves toward an outer EDT band and STAYS there longer than normal. It drifts along the outer channel lines rather than bouncing back promptly. The "rubber band" pull toward Base_FL appears to be weakening. Price is beginning to behave more like a trending instrument than a mean-reverting one. | E8: PRE-BREAKOUT Trend Building | F8: The channel's grip on price is loosening. Price is no longer snapping back to its regression center at the usual speed — residuals are becoming persistent. This is an early statistical warning that price may be building toward a directional breakout. The longer price lingers near an outer EDT band without returning, the more likely a breakout becomes. Combine with REI and SCD signals to assess which direction and how close the breakout is.
A9: HALF-LIFE | B9: Score < −80 Ratio > 1.8 Extremely slow reversion | C9: Mean reversion has nearly stalled. Residuals are highly persistent. The AR(1) coefficient is near zero or positive — price is trending, not oscillating. | D9: Price is moving strongly in one direction and not correcting back to Base_FL. It may have already left the current channel structure entirely. EDT bands on one side are being breached repeatedly without a return. | E9: BREAKOUT In Progress | F9: The channel's mean-reversion mechanism has effectively failed in the recent window. Price is in trending mode. If already in a position in the direction of the move, consider holding. If looking to enter, be aware that the channel boundaries may no longer act as reliable support/resistance — price may continue beyond the outer EDT bands.
A11: 2. VARIANCE RATIO (VR)
A12: DEFINITION: Measures how different the recent price swing size (variance of residuals) is from the long-term baseline. VR Score is ALWAYS ≤ 0 — it is a symmetric divergence penalty in either direction. Ratio = Var_fast / Var_slow. Ratio > 1 = swings EXPANDING (bigger moves). Ratio < 1 = swings CONTRACTING (smaller moves). Score = −|ratio − 1| × 100. Alert fires when Score ≤ −50 (fast variance is more than 50% different from long-term baseline, in either direction). IMPORTANT: Always check the Ratio value alongside the score to determine expansion vs. contraction.
A13: VARIANCE RATIO | B13: Score ≤ −50 ⚑ ALERT Ratio > 1.5 Fast variance >> Slow (Expanding) | C13: Recent price swings are significantly LARGER than the long-term baseline. The variance of residuals (eᵢ = Close − Base_FL) has expanded dramatically. Price is deviating further from Base_FL than historically expected. | D13: Bars are making noticeably bigger moves away from Base_FL. Price is reaching or piercing the outer EDT bands more frequently. ATR has expanded. Candles look bigger. Each oscillation cycle is covering more price distance than the historical norm. The channel is being tested with greater force on both sides. | E13: VOLATILITY EXPANSION | F13: Price is moving more aggressively than its historical norm — volatility is building. This is the fuel that drives breakouts. Expanding variance alone does not give direction, but combined with REI_below recovery (price bouncing from lower extreme) it confirms a real directional move is beginning. Widen expected price targets to outer EDT bands or beyond. Tighten stops if already in a position, as larger swings mean larger reversals are also possible.
A14: VARIANCE RATIO | B14: Score ≤ −50 ⚑ ALERT Ratio < 0.5 Fast variance << Slow (Contracting) | C14: Recent price swings are significantly SMALLER than the long-term baseline. The variance of residuals has compressed. Price is staying unusually close to Base_FL — deviations are smaller than normal. | D14: Tight, narrow oscillations around Base_FL. Price is not reaching the outer EDT bands. Candles look small and quiet. ATR has compressed. Price looks "coiled" or consolidating within a very narrow channel around the regression center. Volume may also be declining. | E14: VOLATILITY COMPRESSION (Coiling) | F14: Price is compressing into a tight range — like a coiled spring storing energy. Historically, volatility compression is followed by volatility expansion (breakout). The direction is not yet determined by this signal alone. Watch for REI_below or REI_above to signal which side breaks first. A breakout from a VR compression alert can be particularly sharp and fast — price "releases" the stored energy quickly once direction is established.
A15: VARIANCE RATIO | B15: Score near 0 Ratio ≈ 1.0 Fast ≈ Slow variance | C15: Recent price variance matches the long-term baseline. Swing sizes are historically normal — no unusual compression or expansion. | D15: Price is making typical-sized moves — not unusually large or small. EDT band touches occur at the normal expected frequency. Consistent, predictable oscillation amplitude. | E15: NEUTRAL Normal Swings | F15: Volatility is at historical norms. No unusual change in price swing intensity. No action from this signal alone.
A16: VARIANCE RATIO | B16: Score −20 to −50 Ratio 0.5 to 1.5 Moderate divergence | C16: Variance has diverged moderately from the baseline — a mild expansion or contraction. Not yet at alert threshold but moving in a direction. | D16: Swings are slightly larger or smaller than usual. Not dramatic enough to classify as volatility expansion or compression. | E16: WATCHING Early Shift | F16: Variance is starting to diverge from baseline but has not reached alert threshold yet. Monitor for progression toward ALERT level. If paired with other early signals, note the direction of change (ratio above or below 1.0).
A18: 3. REI_BELOW (Oversold Extreme)
A19: DEFINITION: Measures whether price reached the outer LOWER EDT band AND has since retreated. REI_below = min(eᵢ) / Symmetric_anchor, where Symmetric_anchor = (|EDT_outermost_below| + EDT_outermost_above) / 2. Value is negative (price below Base_FL). Ratio = REI_below_fast / REI_below_slow (both negative → positive ratio). Score = (1 − ratio) × 100. Positive score = fast window shows LESS extreme lower deviation than slow baseline = price has retreated from the lower fence. Alert fires when Score ≥ 60.
A20: REI_BELOW | B20: Score > +60 ⚑ ALERT Ratio < 0.4 Fast min(eᵢ) much less negative | C20: The deepest price drop (relative to the symmetric anchor scale) in the fast window is much shallower than in the slow baseline. Price previously reached the outer lower EDT fence — the statistical extreme oversold boundary — and has now significantly retreated toward Base_FL or above it. The oversold extreme event has occurred AND reversed. | D20: Price dropped to or near the outermost lower EDT band (the "floor" of the channel) and has since bounced back convincingly toward the center or upper zones. On the chart this looks like: a sharp drop to the lowest visible purple line, a wick or hammer candle at that level, followed by recovery. The low is in — sellers appear exhausted at the outer boundary. This is the statistical confirmation of a chart pattern traders call "touching major support." | E20: BULLISH Oversold Exhaustion | F20: STRONG BUY SETUP SIGNAL. Price visited the statistical extreme of its channel (the outer lower fence) and is now recovering — sellers have been exhausted at the boundary. This is the most direct confirmation of what chart traders see as a strong bounce from a key support zone. Consider long entries near Base_FL or at the lower EDT bands with targets at upper EDT bands. Risk is below the outer lower EDT band. When this fires alongside SCD ALERT and White ALERT, this is the highest-conviction long setup in the model.
A21: REI_BELOW | B21: Score +20 to +60 Ratio 0.4 to 0.8 Moderate recovery | C21: Price has begun retreating from the lower extreme but the recovery is not yet dramatic. REI_below_fast is less negative than baseline but not dramatically so. An early-stage recovery from the lower EDT zone. | D21: Price has bounced from the lower EDT area but has not yet made a convincing return to Base_FL. The bounce may be shallow. Candles are recovering but are still in the lower half of the channel. The oversold condition is easing but not fully resolved. | E21: MILD BULLISH Early Recovery | F21: Early signs of oversold recovery are present but the signal is not yet at full strength. Watch for this to develop into a full ALERT (score > 60). Do not enter aggressively on this alone — wait for either the threshold to be crossed or for a companion signal (SCD or HL) to confirm the recovery is genuine.
A22: REI_BELOW | B22: Score near 0 Ratio ≈ 1.0 | C22: No significant difference in lower extreme behavior between the fast and slow windows. Price is not making unusual visits to the outer lower EDT bands. | D22: Price is oscillating normally, not reaching the outer lower lines in any meaningful way. The lower EDT bands are not being tested. Price is likely in the middle or upper portion of the channel. | E22: NEUTRAL | F22: No oversold extreme has been detected. Price has not tested the outer lower fence. This is the normal state when price is in an uptrend or mid-channel oscillation.
A23: REI_BELOW | B23: Score < 0 Ratio > 1.0 Fast min(eᵢ) MORE negative | C23: The recent fast window is showing a DEEPER excursion into the lower EDT zone than the slow baseline. Price is currently pressing further into oversold territory. The decline is active — no recovery has occurred yet. | D23: Price is currently falling toward or through the outer lower EDT bands. Selling pressure is fresh and active. Price may be making new lows within the channel. The "floor" has not yet acted as support — price is still testing or breaching it. | E23: BEARISH Oversold Forming | F23: Do NOT treat this as a buy signal. Price is moving into extreme oversold territory but no reversal is confirmed. A very negative REI_below fast value means price is currently at or below the outer lower fence — this is dangerous territory for longs. WAIT for the ratio to reverse below 1.0 (score turns positive) before considering long entries. If SCD is also high and this is extreme, the "extraordinary large swing" event may be occurring NOW — it will become a buy setup AFTER the reversal is confirmed.
A25: 4. REI_ABOVE (Overbought Extreme)
A26: DEFINITION: Measures whether price reached the outer UPPER EDT band AND has since retreated. REI_above = max(eᵢ) / Symmetric_anchor. Value is positive (price above Base_FL). Ratio = REI_above_fast / REI_above_slow (both positive → positive ratio). Score = (1 − ratio) × 100. Positive score = fast window shows LESS extreme upper deviation = price retreated from upper fence. Alert fires when Score ≥ 60. Reported INDEPENDENTLY from REI_below — both can fire simultaneously.
A27: REI_ABOVE | B27: Score > +60 ⚑ ALERT Ratio < 0.4 Fast max(eᵢ) much smaller | C27: Price previously reached the outer upper EDT fence (the statistical extreme overbought boundary) and has now significantly retreated toward Base_FL or below it in the fast window. The overbought extreme event has occurred AND reversed. | D27: Price pushed up to or near the outermost upper EDT band (the "ceiling" of the channel) and has since pulled back convincingly toward the center or lower zones. On the chart: a rally to the highest visible purple line, a potential shooting star or rejection wick at that level, followed by decline. Buyers appear exhausted at the upper boundary. This is the statistical confirmation of "price touched major resistance and rejected." | E27: BEARISH Overbought Exhaustion | F27: STRONG SELL SETUP SIGNAL. Price visited the statistical extreme of its channel (outer upper fence) and is now declining — buyers have been exhausted at the boundary. This is the mirror image of the REI_below bullish signal. Consider short entries near Base_FL or upper EDT bands with targets at lower EDT bands. Risk is above the outer upper EDT band.
A28: REI_ABOVE | B28: Score near 0 Ratio ≈ 1.0 | C28: No significant visit to the outer upper EDT zone, or behavior unchanged between windows. Price has not meaningfully tested the upper channel extreme. | D28: Price is not reaching the outer upper EDT bands. Typical during downtrends or when price is in the lower half of the channel. | E28: NEUTRAL | F28: No overbought extreme detected. Price has not tested the outer upper fence. This is the normal state during bearish or neutral market phases.
A29: REI_ABOVE | B29: Score < 0 Ratio > 1.0 Fast max(eᵢ) LARGER | C29: Price is currently pushing further into upper EDT extreme territory in the fast window. Overbought condition is forming but has NOT reversed yet. | D29: Price is rallying toward or through the outer upper EDT bands. Momentum is upward and testing the upper channel ceiling. New highs within the channel are being made. | E29: OVERBOUGHT Forming | F29: An overbought extreme is building — price is at or near the upper outer fence. Do NOT short yet. Wait for the ratio to reverse below 1.0 (score turns positive) before considering short entries. The overbought condition must REVERSE before it becomes a sell signal.
A30: REI_ABOVE | B30: REI_below ALERT + REI_above ALERT both firing | C30: Within the combined measurement windows, price visited BOTH the outer lower AND outer upper EDT fences. Both extremes have been reached and partially recovered. The full channel range has been swept. | D30: Extremely large bidirectional swings. Price traveled from the lowest to the highest EDT bands (or close to it) and recovered from both extremes. Visually: large volatile swings covering the full channel width, with wicks touching both outer bands. The channel is under maximum stress. | E30: EXTREME BIDIRECTIONAL VOLATILITY | F30: Price has tested both extremes of its statistical channel — both buyers and sellers have reached exhaustion. This represents maximum channel stress and almost always precedes a major directional resolution. The NEXT significant move will reveal the winning direction. Watch which REI score is HIGHER after both fire — the side with higher recovery score gives the directional bias. Combined with SCD ALERT, this confirms the "extraordinary large swing" scenario described in the model.
A32: 5. SCD (SSA Crossing Distance — Swing Amplitude)
A33: DEFINITION: Measures the amplitude of SSA oscillation cycles. At each crossing of SSA and EMA-SSA lines on the chart, SCD records the distance |SSA_now − SSA_prev_crossing|. SCD_mean is the average of all crossing distances in the window. Ratio = SCD_mean_fast / SCD_mean_slow. Score = (ratio − 1) × 200. KEY ADVANTAGE: SCD is position-agnostic — it detects large swings occurring entirely within the upper or lower EDT bands, even when price never crosses Base_FL. This is the correction to the old ABR flaw. Alert fires when Score ≥ 50.
A34: SCD | B34: Score > +50 ⚑ ALERT Ratio > 1.25 Fast SCD mean >> Slow | C34: The average amplitude of SSA oscillation cycles in the recent window is significantly larger than the long-term baseline. Each "wave" of the SSA trend line is covering more distance between peaks and troughs. The crossing events between SSA and EMA-SSA are occurring with more force. | D34: Price is making bigger directional swings than usual. Even if price has not crossed Base_FL, the internal momentum cycles are growing — this is detectable deep in the lower or upper EDT zone. On the chart: the SSA line (blue oscillating line) is making taller waves. Individual impulse moves are covering more price distance before reversing. This is the direct statistical confirmation of the "extraordinary large swings" that chart traders observe before breakouts. | E34: SWING INTENSITY BUILDING | F34: The underlying momentum engine of price is amplifying — bigger oscillation cycles mean more energy is being stored. This is the fuel that drives breakouts, and it is captured here even when the large swings are occurring entirely within a lower or upper EDT zone (which the old ABR metric missed entirely). When REI_below ALERT also fires, this combination is the strongest pre-breakout signature in the model. The "extraordinary large swing" at the double bottom that preceded the chart breakout was detected by SCD, not ABR.
A35: SCD | B35: Score > +100 (capped) Ratio > 1.5 Extreme amplitude | C35: SSA crossing amplitude is extreme — recent cycles are more than 50% larger than historical average. A rare, high-magnitude swing event is occurring. | D35: Extraordinary large price swings are happening right now or just occurred. Price may be sweeping across multiple EDT bands in a single directional impulse. Visually: a very large candle or rapid series of candles covering an unusually large price range. The "once in many bars" event. | E35: EXTREME SWING Rare Event | F35: This is the statistical marker of an extraordinary swing — the kind of event that chart traders circle and label. In a pre-breakout context, this is the large swing that either marks the final extreme before reversal, or is the breakout move itself beginning. If REI_below has just fired, the large swing was the final washout low — a bullish entry setup. If REI_below has not yet fired, the large swing may still be in progress — wait for confirmation.
A36: SCD | B36: Score near 0 Ratio ≈ 1.0 | C36: SSA crossing amplitude is consistent with the long-term baseline. Normal oscillation cycles with typical amplitude. | D36: Price waves are of average size. SSA line crossings with EMA-SSA are happening with normal force. No unusual momentum detected. | E36: NEUTRAL Normal Momentum | F36: Swing intensity is at historical norm. No unusual build-up or collapse of momentum detected. No action from this signal alone.
A37: SCD | B37: Score < −30 Ratio < 0.85 Fast SCD << Slow | C37: SSA oscillation cycles are SMALLER than the long-term baseline. Crossings are happening with less amplitude — price waves are subdued. | D37: Price is making small, low-energy directional swings. The SSA line is making short, shallow crossings with EMA-SSA. Price lacks directional energy — it appears "sleepy" or range-bound in a tight zone. | E37: LOW MOMENTUM Quiet Phase | F37: Price is in a low-energy phase — no directional momentum is building yet. This is not a breakout setup. Wait for SCD to begin expanding (ratio turning above 1.0 with increasing score) before expecting any meaningful directional move.
A39: 6. R² (Trend Coherence / Linearity)
A40: DEFINITION: R² from regressing Close price on BarIndex within the window. Measures how well price fits a straight line. R² ≈ 1.0 = very clean, directional trend. R² ≈ 0.0 = random, choppy, no trend. Ratio = R²_fast / R²_slow. Score = (ratio − 1) × 100. Negative score = recent price action is LESS linear than historical baseline (trend has deteriorated). Alert fires when Score ≤ −50 (R²_fast less than half of R²_slow).
A41: R² | B41: Score < −50 ⚑ ALERT Ratio < 0.5 R²_fast << R²_slow | C41: The linear trend quality in the recent window has collapsed compared to the long-term baseline. The regression line no longer fits price well — price has deviated significantly from its previous directional slope. The old trend structure has broken down statistically. | D41: The clean directional slope previously visible in the channel is breaking down. Price is becoming "choppy" — overlapping candles, lack of clear direction, or erratic oscillations. The Base_FL slope (regression line gradient) may be flattening, reversing, or transitioning. What looked like a clean downtrend or uptrend is now acting more like a sideways consolidation or reversal. This is a structural transition moment — the old channel is dying. | E41: TREND COLLAPSE Pre-Breakout | F41: The current trend structure is statistically failing. Price no longer follows its previous linear path — the regression line is losing its descriptive power over recent price action. This is a critical signal: the old channel is ending. A new directional move (breakout from the collapsing structure) is forming. When R² ALERT fires alongside REI_below ALERT and SCD ALERT, the probability of a genuine breakout is at its highest in this model. This combination matches the chart observation: "trend quality collapses just before price breaks out."
A42: R² | B42: Score −20 to −50 Ratio 0.5 to 0.8 | C42: Moderate decline in trend coherence. The linear fit is deteriorating but not yet at alert level. | D42: Price is becoming less directional than the historical baseline. More sideways or erratic movement within the channel, but not fully collapsed yet. | E42: DETERIORATING Trend | F42: Trend quality is fading — early signs of the structural change that often precedes breakouts. Not yet at alert threshold, but monitor for progression. When combined with other early signals, this direction of change is meaningful.
A43: R² | B43: Score near 0 Ratio ≈ 1.0 | C43: Linear trend quality in the fast window matches the long-term baseline. Trend coherence is unchanged. | D43: Price is following the channel slope (Base_FL gradient) with the same consistency as the historical norm. Normal mix of trend and oscillation. | E43: NEUTRAL Trend Stable | F43: Trend coherence is unchanged from historical norms. The channel direction and slope are holding steady.
A44: R² | B44: Score > +50 Ratio > 1.5 R²_fast >> R²_slow | C44: Price is fitting a linear trend BETTER than the historical baseline in the recent window. The regression line is very tight — price is closely following a straight-line trajectory. | D44: Price is making unusually clean, directional moves with very little oscillation. Low noise — each bar moves in the same direction with minimal retracement. Looks like a sustained impulsive move on the chart. | E44: STRONG TREND In Progress | F44: Price is in a very clean, committed directional run — trending with unusually high linear conviction. This is not a "setup" signal; it is a "trend is already fully in motion" signal. Momentum-following trades are favored. Do not counter-trade this condition — wait for trend coherence to deteriorate before fading the move.
A46: 7. WHITE'S TEST (Heteroscedasticity)
A47: DEFINITION: Tests whether the variance of price residuals is constant over time (homoscedastic) or changing (heteroscedastic). Homoscedastic = price deviates from Base_FL by similar amounts throughout the window. Heteroscedastic = price deviations follow a pattern — some periods large, some small. Score = Δlog₁₀(p_White) × 5, where Δ = fast − slow. Positive score = heteroscedasticity is STRONGER in the fast window = variance structure is changing. Alert fires when Score ≥ 50.
A48: WHITE'S TEST | B48: Score > +50 ⚑ ALERT Δlog₁₀p > +10 Strong heteroscedasticity in fast window | C48: The variance of residuals is no longer constant in the fast window — it changes systematically over time. Price deviations from Base_FL follow a pattern (not random). Some recent periods show small deviations, others show large ones, in a structured sequence. | D48: Price is NOT making random-sized moves around Base_FL. Instead, it is making small moves for a while, then suddenly large moves — or vice versa. This looks like expanding or contracting volatility clusters on the chart. The "texture" of how price interacts with the channel has changed. A common pattern: price consolidates quietly near Base_FL for many bars, then suddenly makes a large move to an outer EDT band — the "quiet then explosive" signature. | E48: STRUCTURAL CHANGE In Progress | F48: The statistical structure of how price behaves relative to its trend line is actively changing. This is a high-confidence indicator that the current market regime is transitioning. In a pre-breakout scenario, this often accompanies the pattern of: quiet consolidation → increasingly large deviations → final explosive breakout. Price is "waking up." When combined with SCD and REI_below alerts, the White's test alert confirms that the structural change is well underway, not just a temporary fluctuation.
A49: WHITE'S TEST | B49: Score +20 to +50 Moderate heteroscedasticity increase | C49: Variance structure is beginning to change in the fast window but not yet at alert level. Some time-dependence in residual variance is emerging. | D49: Subtle change in the regularity of price oscillations. Some bars are larger than others in a non-random way, but not dramatically so. | E49: EARLY REGIME SHIFT | F49: Early signs of a structural change in price behavior — the variance is becoming less constant. Not yet a full signal. Monitor for progression toward ALERT level.
A50: WHITE'S TEST | B50: Score near 0 Δlog₁₀p ≈ 0 | C50: Variance of residuals is stationary and consistent in the fast window. Price deviations from Base_FL are homoscedastic — equally sized throughout the window. | D50: Price makes similar-sized moves away from Base_FL across all bars in the window. Consistent, predictable oscillation amplitude throughout — no clustering of large or small moves. | E50: NEUTRAL Stable Regime | F50: The variance structure is stable. No regime change is occurring. The channel is operating in a steady, consistent manner.
A51: WHITE'S TEST | B51: Score < −30 Δlog₁₀p < −6 Fast more homoscedastic | C51: The fast window is actually MORE homoscedastic than the slow baseline — residual variance has become very consistent over time. | D51: Price is making very regular, equal-sized oscillations around Base_FL. Each bar moves a similar distance from the regression line. Price looks "rhythmic" and almost mechanical in its behavior. | E51: REGULAR Oscillation Pattern | F51: Price is moving in a very consistent, predictable rhythm around its baseline. This often indicates a consolidation phase where price is digesting a previous move in a controlled, regular pattern. While this is a stable condition, remember that regular oscillations can end abruptly — the regularity may itself be the "coiling" before a breakout.
A53: 8. JB TEST (Residual Normality)
A54: DEFINITION: Jarque-Bera test on residuals eᵢ. Tests both Skewness (S) and Excess Kurtosis (K). Normal distribution: S=0, K=0. High kurtosis (K>0): fat tails — occasional extreme price bars far from Base_FL. High skewness (S≠0): directional lean — price going further in one direction than the other. Ratio = JB_fast / JB_slow. Score = (1 − ratio) × 100. NEGATIVE score = MORE non-normal in fast window (higher JB = worse normality). POSITIVE score = more normal in fast window. Alert fires when Score ≤ −30 (residuals becoming significantly more non-normal). Check Skewness (S) and Kurtosis (K) rows in the sheet to identify the driver.
A55: JB TEST | B55: Score < −30 ⚑ ALERT Ratio > 1.3 JB_fast >> JB_slow Driver: High Kurtosis (K > 3) | C55: Residuals in the fast window have fat tails — excess kurtosis is the primary driver of non-normality. Price is making occasional extreme bars: large deviations from Base_FL that are much bigger than typical. The distribution has more probability in the extreme tails than a normal curve would suggest. | D55: Most bars look normal-sized, but occasionally price makes a dramatic spike or jump far from Base_FL — potentially a large wick, gap, or sudden impulse bar reaching the outer EDT bands. These outlier bars appear "out of character" relative to the surrounding bars. They represent the rare but large events — including the "extraordinary large swing" type events that are also captured by SCD. | E55: FAT TAIL Extreme Events Occurring | F55: Unusual large-magnitude price events are occurring in the recent window. While most price action looks normal, there are occasional "outlier" bars making extreme moves. In a breakout context, one of these extreme bars may be the actual breakout candle or its precursor. Risk management is critical here — stops should be positioned beyond the outer EDT bands to account for the larger-than-expected moves that fat-tail conditions produce.
A56: JB TEST | B56: Score < −30 ⚑ ALERT Ratio > 1.3 JB_fast >> JB_slow Driver: High Skewness (|S| > 1) | C56: Residuals are skewed in one direction — the distribution is lopsided. Price is not oscillating symmetrically around Base_FL. It is going further or spending more time in one direction than the other. | D56: Negative skew (S < 0): Price drops further below Base_FL than it rises above it. The lower EDT bands are being tested more aggressively than the upper ones. Bearish directional bias in the residuals. Positive skew (S > 0): Price rises further above Base_FL than it falls below. The upper EDT bands are being tested more aggressively. Bullish directional bias. The channel is being used asymmetrically. | E56: DIRECTIONAL BIAS Detected | F56: Price has a statistical lean in one direction within the channel. Negative skewness combined with REI_below firing = strong confirmation that the oversold extreme is statistically significant (price really did go unusually far below Base_FL). Positive skewness combined with REI_above firing = overbought extreme statistically confirmed. Use the skewness direction to align with (or against) REI signals for highest-conviction trades.
A57: JB TEST | B57: Score > +50 Ratio < 0.5 JB_fast << JB_slow Residuals more normal | C57: Residuals in the fast window are becoming MORE normally distributed than the slow baseline — lower skewness and kurtosis. The unusual distributional events from earlier periods are no longer present in the recent window. | D57: Price is oscillating symmetrically and with typical-sized moves around Base_FL. Fewer extreme bars. No directional lean. Price behavior looks "well-balanced" statistically — each side of Base_FL gets equal attention. | E57: NORMAL Distribution Restored | F57: The unusual distributional events from earlier windows have calmed down. Price has "normalized" statistically after a period of extremes. This can indicate: (a) post-spike consolidation after a large JB event; or (b) a return to balanced channel oscillation after a directional bias has been resolved. Normal distribution with other signals neutral = channel is fully restored and functioning.
A58: JB TEST | B58: Score near 0 Ratio ≈ 1.0 | C58: Residual normality is consistent with the long-term baseline. No unusual fat tails or directional skew. | D58: Normal, symmetric distribution of price moves. No unusual extreme bars. No directional lean. Price oscillates equally above and below Base_FL with typical amplitudes. | E58: NEUTRAL Normal Distribution | F58: Residual distribution is at historical norm. No unusual events detected. No action from this signal alone.
A61: ══ MULTI-SIGNAL COMBINATION PATTERNS ══ When multiple flags fire simultaneously — what it means and how to respond
A62: Pattern Name | B62: Flags Triggered | C62: Statistical Combination | D62: Price Behavior on Chart | E62: Signal Type | F62: LLM Guidance Text
